<?xml version="1.0" encoding="UTF-8"?>
<kml xmlns="http://www.opengis.net/kml/2.2">
  <Document id="tambon_doc">
    <name>สินปุน, พระแสง, Surat Thani</name>
    <description>ข้อมูลขอบเขตตำบลสินปุน อำเภอพระแสง จังหวัดSurat Thani</description>
    
    <!-- Schema สำหรับข้อมูลตำบล -->
    <Schema id="tambon.schema">
      <SimpleField name="ADM3_EN" type="string">
        <displayName>Subdistrict Name (English)</displayName>
      </SimpleField>
      <SimpleField name="ADM3_TH" type="string">
        <displayName>ชื่อตำบล</displayName>
      </SimpleField>
      <SimpleField name="ADM2_EN" type="string">
        <displayName>District Name (English)</displayName>
      </SimpleField>
      <SimpleField name="ADM2_TH" type="string">
        <displayName>ชื่ออำเภอ</displayName>
      </SimpleField>
      <SimpleField name="ADM1_EN" type="string">
        <displayName>Province Name (English)</displayName>
      </SimpleField>
      <SimpleField name="ADM1_TH" type="string">
        <displayName>ชื่อจังหวัด</displayName>
      </SimpleField>
      <SimpleField name="ADM0_EN" type="string">
        <displayName>Country Name (English)</displayName>
      </SimpleField>
      <SimpleField name="ADM0_TH" type="string">
        <displayName>ชื่อประเทศ</displayName>
      </SimpleField>
    </Schema>

    <!-- Style สำหรับตำบล -->
    <Style id="tambonStyle">
      <LineStyle>
        <color>ffff0000</color>
        <width>1.5</width>
      </LineStyle>
      <PolyStyle>
        <color>33ff0000</color>
        <fill>1</fill>
        <outline>1</outline>
      </PolyStyle>
    </Style>

    <Placemark id="Surat_Thani.104">
        
        <ExtendedData>
            
          <SchemaData schemaUrl="#tambon.schema">
                
            <SimpleData name="Shape_Leng">
                0.438866826154</SimpleData>
                
            <SimpleData name="Shape_Area">
                0.00415453924895</SimpleData>
                
            <SimpleData name="ADM3_EN">
                Sin Pun</SimpleData>
                
            <SimpleData name="ADM3_TH">
                สินปุน</SimpleData>
                
            <SimpleData name="ADM3_PCODE">
                TH841602</SimpleData>
                
            <SimpleData name="ADM2_EN">
                Phrasaeng</SimpleData>
                
            <SimpleData name="ADM2_TH">
                พระแสง</SimpleData>
                
            <SimpleData name="ADM2_PCODE">
                TH8416</SimpleData>
                
            <SimpleData name="ADM1_EN">
                Surat Thani</SimpleData>
                
            <SimpleData name="ADM1_TH">
                สุราษฎร์ธานี</SimpleData>
                
            <SimpleData name="ADM1_PCODE">
                TH84</SimpleData>
                
            <SimpleData name="ADM0_EN">
                Thailand</SimpleData>
                
            <SimpleData name="ADM0_TH">
                ประเทศไทย</SimpleData>
                
            <SimpleData name="ADM0_PCODE">
                TH</SimpleData>
            
          </SchemaData>
        
        </ExtendedData>
        
        <Polygon>
            
          <outerBoundaryIs>
                
            <LinearRing>
                    
              <coordinates>
                    
                99.2648887700001,8.56021915500003,0
                99.2649220640001,8.55969143000004,0
                99.264997517,8.55928094400002,0
                99.2651404100001,8.55904630700007,0
                99.2655188360001,8.55867749200007,0
                99.2660824110001,8.55833368100002,0
                99.2668058770001,8.55799813000004,0
                99.2674789200001,8.55775475500008,0
                99.2679416820001,8.55766229500006,0
                99.268227773,8.55762859500004,0
                99.268471827,8.55764517300003,0
                99.2686822950001,8.55777904900003,0
                99.2689855780001,8.55826466100007,0
                99.269449083,8.55921923300002,0
                99.26988693,8.55958748300003,0
                99.2704425200001,8.55985513200005,0
                99.271216839,8.56003049000003,0
                99.271999426,8.56000481500007,0
                99.2727987710001,8.55987023200004,0
                99.273295079,8.55961021600007,0
                99.2738416650001,8.55905700200003,0
                99.2741696190001,8.55872171600004,0
                99.274379674,8.55826924900003,0
                99.2745392680001,8.55786707600004,0
                99.2746649150001,8.55705448800006,0
                99.2748410140001,8.55619160800006,0
                99.2749752550001,8.55563868500008,0
                99.275218839,8.55500191500005,0
                99.2755046300001,8.55455777200007,0
                99.2758326520001,8.55433137600005,0
                99.2766403470001,8.55412977000003,0
                99.2775742730001,8.55392807200008,0
                99.2786343240001,8.55360063800003,0
                99.279147434,8.55331547700007,0
                99.2795090210001,8.55296341100006,0
                99.2796612880001,8.55252788700005,0
                99.2796344860001,8.55192466700004,0
                99.2797350160001,8.55130475300007,0
                99.279919755,8.55076853900005,0
                99.2802812580001,8.55030758100003,0
                99.2809709140001,8.54980450800002,0
                99.2821906840001,8.54926754200005,0
                99.2827373820001,8.54889858700005,0
                99.2829559560001,8.54860526200002,0
                99.2830648880001,8.54798533400003,0
                99.283089708,8.54740735600006,0
                99.2830555360001,8.54671215500002,0
                99.2830464680001,8.54582427800005,0
                99.2832646410001,8.54499487000004,0
                99.2833820910001,8.54451733500002,0
                99.283390152,8.54403150800005,0
                99.2833477460001,8.54358760100007,0
                99.28325498,8.54331125200002,0
                99.2830359860001,8.54301823900005,0
                99.2827328340001,8.54272529300005,0
                99.2823371730001,8.54249942000007,0
                99.281941605,8.54239919400004,0
                99.281621821,8.54236592200004,0
                99.2812011570001,8.54246674700005,0
                99.2804273120001,8.54289449200007,0
                99.279426533,8.54369096200003,0
                99.2787115550001,8.54407678400003,0
                99.278215172,8.54419440900006,0
                99.2778112560001,8.54419469900006,0
                99.2773819770001,8.54401910500007,0
                99.2768347040001,8.54359231000007,0
                99.2765314600001,8.54315696100002,0
                99.276261736,8.54252893500006,0
                99.275857182,8.54162458300004,0
                99.275494925,8.54103850500007,0
                99.275116041,8.54072885300008,0
                99.2747034860001,8.54040246800002,0
                99.2743246630001,8.54017657900005,0
                99.2738954450001,8.54008474300002,0
                99.2729362370001,8.54018593300003,0
                99.2720695080001,8.54016979300008,0
                99.2712278290001,8.53987721300007,0
                99.2702344480001,8.53924131200006,0
                99.2696282160001,8.53870565600005,0
                99.2688200430001,8.53818688400003,0
                99.2684243340001,8.53787723600004,0
                99.268247467,8.53764282700007,0
                99.2682052900001,8.53750045700002,0
                99.2682893670001,8.53739988500007,0
                99.2690129380001,8.53727374000005,0
                99.2697028010001,8.53707222900005,0
                99.2702242860001,8.53675356600007,0
                99.270610999,8.53624234600005,0
                99.270896694,8.53567255900003,0
                99.2709131160001,8.53509458800005,0
                99.2708538790001,8.53461717800008,0
                99.2707022020001,8.53431574100006,0
                99.2703569800001,8.53399768500003,0
                99.2697761480001,8.53367142000008,0
                99.2685979660001,8.53347120200004,0
                99.2679920410001,8.53337110300004,0
                99.2676890390001,8.53325404900005,0
                99.267562717,8.53310336300007,0
                99.2675036150001,8.53281860900006,0
                99.2675537440001,8.53229924500005,0
                99.267536604,8.53185531700007,0
                99.2674184940001,8.53141983100005,0
                99.2671236510001,8.53093420900007,0
                99.266786719,8.53043186500003,0
                99.266357295,8.53002172300006,0
                99.265700634,8.52954472900007,0
                99.2652039010001,8.52914300800006,0
                99.2649428540001,8.52885001300007,0
                99.264774259,8.52840618600004,0
                99.264613733,8.52745978000007,0
                99.2645537490001,8.52588508500003,0
                99.264561422,8.52480453800007,0
                99.2645020410001,8.52410934800002,0
                99.2645942300001,8.52357320700003,0
                99.264711859,8.52332183400006,0
                99.2648969510001,8.52328820100007,0
                99.265040045,8.52336348900008,0
                99.265149545,8.52352256800003,0
                99.2654785280001,8.52472014900007,0
                99.265823938,8.52532300700005,0
                99.2665310930001,8.52582509700005,0
                99.267406378,8.52609253300005,0
                99.2682056500001,8.52595796300005,0
                99.268819723,8.52569787500005,0
                99.2692654430001,8.52535414000005,0
                99.2693915020001,8.52511951400004,0
                99.269374568,8.52497712700006,0
                99.269340807,8.52482638200007,0
                99.2689197880001,8.52439948300002,0
                99.2686755390001,8.52407297900004,0
                99.2685490570001,8.52367938200007,0
                99.2684646960001,8.52336951600006,0
                99.268481351,8.52312659300003,0
                99.268657837,8.52281654800004,0
                99.2689941660001,8.52247288900003,0
                99.270045714,8.52212035400004,0
                99.2706934000001,8.52180998200004,0
                99.27124001,8.52134890600007,0
                99.271525776,8.52089639000008,0
                99.2716516520001,8.52041885700004,0
                99.271701755,8.51988273600006,0
                99.2716594920001,8.51960634800002,0
                99.2715415440001,8.51939702800007,0
                99.2712889860001,8.51921292500003,0
                99.2702876480001,8.51915498800003,0
                99.2694123540001,8.51885404800004,0
                99.2690502980001,8.51850249800003,0
                99.2688481490001,8.51820947100003,0
                99.2687805950001,8.51786608400005,0
                99.2688055360001,8.51743050600004,0
                99.2689398160001,8.51693621400005,0
                99.2696713180001,8.51616508500007,0
                99.270100025,8.51557844900003,0
                99.2704528890001,8.51481596600007,0
                99.2706456910001,8.51378555200006,0
                99.2709475840001,8.51234462200006,0
                99.2711571990001,8.51129744000002,0
                99.2713420440001,8.51092037800004,0
                99.2717708580001,8.51049288900003,0
                99.2722418610001,8.51022452100005,0
                99.2725278030001,8.51003166200007,0
                99.2726369910001,8.50976354800002,0
                99.2726704400001,8.50946197700006,0
                99.2725945030001,8.50916886300007,0
                99.2724933710001,8.50893439500004,0
                99.2718283550001,8.50849929500004,0
                99.2711380470001,8.50798882500004,0
                99.270851796,8.50774611100007,0
                99.270716984,8.50747816300003,0
                99.270683176,8.50726040300003,0
                99.2707334560001,8.50697557600006,0
                99.27095209,8.50678276900004,0
                99.2712801930001,8.50672390500006,0
                99.271642108,8.50688280300005,0
                99.272828932,8.50752694800008,0
                99.2735610650001,8.50768558100003,0
                99.2744697000001,8.50757605200005,0
                99.274991179,8.50730764000002,0
                99.2755209380001,8.50686332500004,0
                99.2759750930001,8.50657821100003,0
                99.276429324,8.50640198300005,0
                99.2773126160001,8.50615844300006,0
                99.2779433700001,8.50575593800005,0
                99.2783890030001,8.50532842700005,0
                99.2784896540001,8.50489278900005,0
                99.278430417,8.50442376000007,0
                99.2783040880001,8.50425632400004,0
                99.2778579070001,8.50392158900007,0
                99.276982602,8.50356203600006,0
                99.2762251770001,8.50331966100003,0
                99.2759726180001,8.50311881000005,0
                99.2757871810001,8.50265824700006,0
                99.2757615990001,8.50218081800006,0
                99.275879075,8.50173679500006,0
                99.2762320680001,8.50119208200005,0
                99.2767112880001,8.50068079400006,0
                99.277013986,8.50039578600007,0
                99.277367273,8.50026989100007,0
                99.2777375190001,8.50031988000006,0
                99.278486576,8.50062926800007,0
                99.2793534460001,8.50096369900007,0
                99.2799172050001,8.50100517300007,0
                99.280497713,8.50093774400005,0
                99.280968719,8.50070286700003,0
                99.2813386480001,8.50032567000005,0
                99.2816495450001,8.49975586000005,0
                99.2817921280001,8.49913591400002,0
                99.2818842470001,8.49854112900005,0
                99.2818419530001,8.49823961300007,0
                99.2817407810001,8.49795489300004,0
                99.2815723990001,8.49780424700003,0
                99.2808234010001,8.49757025000002,0
                99.2801499810001,8.49713516900005,0
                99.2794511170001,8.49641531100002,0
                99.2787520530001,8.49541066000006,0
                99.277842386,8.49404597600005,0
                99.277252634,8.49294072400005,0
                99.2768482550001,8.49221227900006,0
                99.2767723000001,8.49188566100003,0
                99.2766016640001,8.49183527800005,0
                99.2765777320001,8.49183274200004,0
                99.2764862930001,8.49184046500005,0
                99.2764623610001,8.49183622800007,0
                99.276131525,8.49170543400004,0
                99.2761161330001,8.49169438300004,0
                99.2761058630001,8.49167227000004,0
                99.2760254080001,8.49150556300003,0
                99.276023685,8.49148684600004,0
                99.2760586250001,8.49134643400004,0
                99.2760628720001,8.49130899400006,0
                99.276062433,8.49130251800005,0
                99.276061144,8.49128347000004,0
                99.2760311740001,8.49120266200003,0
                99.2760037910001,8.49115418400004,0
                99.275934507,8.49107085100007,0
                99.2759079910001,8.49104024000007,0
                99.2757147170001,8.49086085200003,0
                99.27551134,8.49067994900003,0
                99.275438497,8.49061515600005,0
                99.2754171130001,8.49058879500006,0
                99.2753654680001,8.49049829600006,0
                99.275171529,8.49015844700006,0
                99.2751595500001,8.49013973800004,0
                99.2751467180001,8.49012187900007,0
                99.275021005,8.49000455200007,0
                99.2749885910001,8.48997590900007,0
                99.27494404,8.48993654000003,0
                99.274667853,8.48973678900006,0
                99.274630228,8.48970533500005,0
                99.2742668590001,8.48948947900004,0
                99.274250613,8.48947757900004,0
                99.2742437670001,8.48946482100007,0
                99.274241191,8.48944865700003,0
                99.2742437110001,8.48938569400002,0
                99.274257139,8.48904024600006,0
                99.2742629910001,8.48885646200006,0
                99.2742602760001,8.48864290500006,0
                99.2742568310001,8.48860547000004,0
                99.2742508360001,8.48858845700005,0
                99.2740797480001,8.48835800200004,0
                99.2737752240001,8.48796513100007,0
                99.2735006440001,8.48761648200002,0
                99.2734980720001,8.48760542400004,0
                99.273493773,8.48756884000005,0
                99.2734859640001,8.48752142800004,0
                99.2734457080001,8.48727703900005,0
                99.2734208290001,8.48714262400006,0
                99.2734114090001,8.48711540300008,0
                99.2733788790001,8.48703885200007,0
                99.2732932710001,8.48683301000005,0
                99.27325046,8.48671902800004,0
                99.2732059250001,8.48658462700007,0
                99.273197355,8.48655145100003,0
                99.2731922080001,8.48652337700003,0
                99.273174994,8.48635067100003,0
                99.273174979,8.48633025000004,0
                99.2731979920001,8.48624344900003,0
                99.273221,8.48614899000006,0
                99.2732243980001,8.48612006000008,0
                99.2732169550001,8.48602128200002,0
                99.2732119760001,8.48599578600005,0
                99.2732075340001,8.48598970100005,0
                99.2731802800001,8.48596493900004,0
                99.2730823590001,8.48587597000005,0
                99.273061839,8.48586322200003,0
                99.273043031,8.48585387600002,0
                99.2730165390001,8.48585474500004,0
                99.2729857780001,8.48586157300002,0
                99.272971253,8.48586668900003,0
                99.2728943960001,8.48595097500004,0
                99.2728525520001,8.48599694900003,0
                99.2728252190001,8.48601738900004,0
                99.2727615840001,8.48604966800002,0
                99.272744989,8.48605808500002,0
                99.2727368390001,8.48605840300007,0
                99.272726962,8.48605149100007,0
                99.2727090020001,8.48603278400003,0
                99.27266008,8.48595865100003,0
                99.272638849,8.48592648000005,0
                99.2725712530001,8.48581166400004,0
                99.272554137,8.48577849400004,0
                99.2725395720001,8.48572745400003,0
                99.2725404120001,8.48570533200007,0
                99.2725455290001,8.48569086400005,0
                99.2725549210001,8.48567809400004,0
                99.2726033660001,8.48564995400005,0
                99.2726429100001,8.48562698300003,0
                99.2726693910001,8.48560909700007,0
                99.272683907,8.48559207100004,0
                99.272759046,8.48549672500008,0
                99.272771849,8.48547374300006,0
                99.272774401,8.48545672400007,0
                99.2727666740001,8.48540653100002,0
                99.272759136,8.48535611700004,0
                99.2727288930001,8.48515386000003,0
                99.272725462,8.48513684600005,0
                99.272715195,8.48511983600002,0
                99.2726767110001,8.48508157500004,0
                99.272658752,8.48506627300003,0
                99.272638235,8.48505607800007,0
                99.2725040460001,8.48503575100005,0
                99.272489191,8.48503125000008,0
                99.2724796370001,8.48502835600004,0
                99.272453613,8.48502047200003,0
                99.272438283,8.48500967800004,0
                99.2724330920001,8.48500602200005,0
                99.27236895,8.48494140300005,0
                99.2723364510001,8.48490739200003,0
                99.2722708360001,8.48479276700004,0
                99.2722517390001,8.48475940600002,0
                99.272169594,8.48461312000006,0
                99.2721558980001,8.48458250000004,0
                99.2720856540001,8.48440834100006,0
                99.272062582,8.48435113800002,0
                99.2720540280001,8.48433838100004,0
                99.2720437680001,8.48433328300007,0
                99.2720053090001,8.48433075900004,0
                99.2719813800001,8.48433077500005,0
                99.2719711280001,8.48433673800002,0
                99.271906851,8.48446164000006,0
                99.271888344,8.48449760300002,0
                99.271878095,8.48450697000004,0
                99.2718652780001,8.48450953000003,0
                99.271839636,8.48450444400004,0
                99.2717866260001,8.48446959600005,0
                99.27174467,8.48442842500003,0
                99.27170793,8.48436755100005,0
                99.271698514,8.48434713800003,0
                99.2716967800001,8.48431225400003,0
                99.271707867,8.48427821400003,0
                99.271756505,8.48417267600007,0
                99.2717744320001,8.48414373600002,0
                99.271787239,8.48412671000006,0
                99.271931549,8.48395644300007,0
                99.2719451990001,8.48392240000004,0
                99.2719601470001,8.48387978500006,0
                99.2719631100001,8.48387133800003,0
                99.271966509,8.48384410800003,0
                99.2719613560001,8.48380922800004,0
                99.2719442170001,8.48374117300006,0
                99.2719356580001,8.48372331200005,0
                99.271857471,8.48366713300004,0
                99.2718492980001,8.48366126100007,0
                99.2718048410001,8.48363576600002,0
                99.2717740690001,8.48362728000006,0
                99.27172792,8.48362816300005,0
                99.271708275,8.48364349100007,0
                99.2716561980001,8.48372095400003,0
                99.2716348500001,8.48374564200003,0
                99.271598973,8.48376949100003,0
                99.271524099,8.48381926200005,0
                99.2713555220001,8.48393131800003,0
                99.271328183,8.48394324900005,0
                99.2712999880001,8.48395347900004,0
                99.271224239,8.48398111000006,0
                99.2712205290001,8.48398246300007,0
                99.2711795180001,8.48399780700004,0
                99.2711504760001,8.48401824600006,0
                99.2711043610001,8.48406592500004,0
                99.2710573950001,8.48412041100005,0
                99.2709309890001,8.48423110800007,0
                99.27091476,8.48424303100006,0
                99.2708985260001,8.48424729600004,0
                99.270876306,8.48424816200003,0
                99.2708567180001,8.48424476500003,0
                99.2708301470001,8.48423287900005,0
                99.270806205,8.48421502800005,0
                99.2707719970001,8.48418101900006,0
                99.2707510230001,8.48414938400003,0
                99.2707471860001,8.48414359900005,0
                99.2707457530001,8.48413891100006,0
                99.270697505,8.48398112500007,0
                99.27069149,8.48393433200005,0
                99.2706931550001,8.48387137000003,0
                99.2706922730001,8.48383223200005,0
                99.2706743100001,8.48380842100005,0
                99.2706170290001,8.48377698100006,0
                99.2706007880001,8.48377358800008,0
                99.2705785700001,8.48377445500006,0
                99.2704392970001,8.48381624200005,0
                99.2703265150001,8.48385545900004,0
                99.2702257060001,8.48390572800002,0
                99.270174452,8.48393724300007,0
                99.2701599310001,8.48394916500007,0
                99.2701513960001,8.48396448600005,0
                99.270140751,8.48399502100006,0
                99.270133049,8.48401711900004,0
                99.270130926,8.48402320800005,0
                99.2701301850001,8.48402783900002,0
                99.2701275220001,8.48404448100007,0
                99.2701267150001,8.48411169800005,0
                99.270129291,8.48412871300008,0
                99.270135285,8.48414657600006,0
                99.270160951,8.48418654800003,0
                99.2701900320001,8.48422056000004,0
                99.2702559240001,8.48434388600003,0
                99.2702627730001,8.48436174900007,0
                99.2702689230001,8.48460167900004,0
                99.2702646600001,8.48461614600006,0
                99.2702578340001,8.48463146700004,0
                99.2701895370001,8.48473361400005,0
                99.2701733040001,8.48474213300005,0
                99.27015536,8.48474554900002,0
                99.2701109230001,8.48475068500005,0
                99.2700613580001,8.48475412200003,0
                99.2700246100001,8.48475329700005,0
                99.269987003,8.48474821800005,0
                99.2699647740001,8.48473547100002,0
                99.2698185080001,8.48455349400007,0
                99.2697983950001,8.48452652300006,0
                99.2697817250001,8.48450417000004,0
                99.269769753,8.48449396900003,0
                99.2697398390001,8.48448888500008,0
                99.2697099200001,8.48448465200005,0
                99.2693731460001,8.48448806900007,0
                99.2693685980001,8.48448811600002,0
                99.269350134,8.48448830300003,0
                99.2693193650001,8.48448492200004,0
                99.269302526,8.48447655300004,0
                99.2692937180001,8.48447217600005,0
                99.2691450130001,8.48434385100006,0
                99.2690799360001,8.48428769200007,0
                99.2690653980001,8.48427323900006,0
                99.2690585500001,8.48425792900002,0
                99.2690165180001,8.48403333700003,0
                99.2689985110001,8.48394741500005,0
                99.2689908,8.48391849300003,0
                99.2689298750001,8.48377788500005,0
                99.2689111930001,8.48373476700004,0
                99.2688889350001,8.48368118000008,0
                99.2688795130001,8.48365055600004,0
                99.26883315,8.48334343700003,0
                99.2687748740001,8.48310779600007,0
                99.2687663120001,8.48308653200007,0
                99.268749207,8.48306782500003,0
                99.2686748290001,8.48302788700005,0
                99.268621823,8.48299984700003,0
                99.2685013060001,8.48297610600002,0
                99.268482507,8.48297867100007,0
                99.2684714050001,8.48298974000005,0
                99.268395523,8.48324844500007,0
                99.268387842,8.48326206400003,0
                99.2682247720001,8.48349445400004,0
                99.2682051290001,8.48351318600004,0
                99.2681914610001,8.48352170300006,0
                99.2681436110001,8.48353279700007,0
                99.26802996,8.48355244500004,0
                99.268006885,8.48355161000006,0
                99.2679957730001,8.48354736300007,0
                99.267632453,8.48338935700002,0
                99.2675939860001,8.48337577000007,0
                99.2675205260001,8.48335097400007,0
                99.26750594,8.48334605100007,0
                99.2674871340001,8.48333925700007,0
                99.267483709,8.48332905000007,0
                99.2674819900001,8.48331543800003,0
                99.2674887540001,8.48320993000004,0
                99.267487885,8.48318951000005,0
                99.2674818930001,8.48317505000006,0
                99.2674459550001,8.48311211400005,0
                99.2674254390001,8.48310361900008,0
                99.267399799,8.48310023300007,0
                99.2673784360001,8.48310365100002,0
                99.267329755,8.48314963000007,0
                99.2673024250001,8.48317687500003,0
                99.2672861920001,8.48318284200008,0
                99.2671597220001,8.48319994500002,0
                99.2671426260001,8.48319485200005,0
                99.267040868,8.48310898700004,0
                99.267025479,8.48310134000008,0
                99.267008387,8.48310135200006,0
                99.2669494190001,8.48310139200004,0
                99.266932323,8.48309629900007,0
                99.2669212070001,8.48308609700007,0
                99.266791331,8.48291598100008,0
                99.2667822290001,8.48273093100005,0
                99.266773228,8.48269073600005,0
                99.2667680860001,8.48266968100006,0
                99.266762305,8.48265245600004,0
                99.2667501190001,8.48263970100004,0
                99.266656836,8.48258277600007,0
                99.2664602790001,8.48245548100004,0
                99.266433986,8.48243635500006,0
                99.266423086,8.48243061900007,0
                99.266410265,8.48242871300005,0
                99.266396166,8.48243063800004,0
                99.266339137,8.48245364900004,0
                99.266337326,8.48245521400003,0
                99.2663295280001,8.48246195200005,0
                99.2663276090001,8.48246833400003,0
                99.26631811,8.48263553000004,0
                99.2663174770001,8.48264701600004,0
                99.2663136350001,8.48265148600007,0
                99.2662950540001,8.48266107000006,0
                99.2662764680001,8.48266427300007,0
                99.2662630070001,8.48266364500006,0
                99.2662489020001,8.48265791000006,0
                99.266223252,8.48264069900006,0
                99.2662008040001,8.48261965700004,0
                99.266122507,8.48247485500002,0
                99.2661135230001,8.48245890800007,0
                99.266103903,8.48244998100006,0
                99.266084618,8.48243956500005,0
                99.265995563,8.48242389200004,0
                99.2659679960001,8.48241625300005,0
                99.2659494070001,8.48241371300003,0
                99.2659378710001,8.48241627400006,0
                99.2658857740001,8.48244261000002,0
                99.2657520590001,8.48251020500004,0
                99.2657386000001,8.48251340400003,0
                99.2657065550001,8.48251725500006,0
                99.2656258000001,8.48252432900006,0
                99.2655924700001,8.48252435200004,0
                99.2655649020001,8.48251479900006,0
                99.265538097,8.48250243700005,0
                99.2654668040001,8.48246955900004,0
                99.2651891820001,8.48234212200003,0
                99.2651693070001,8.48233447900003,0
                99.2651302040001,8.48232684800007,0
                99.2649955900001,8.48230843300007,0
                99.2649795660001,8.48230716800003,0
                99.264959058,8.48231228700007,0
                99.264912929,8.48234039600004,0
                99.2648860210001,8.48235892000002,0
                99.2648648850001,8.48238190600006,0
                99.2646856040001,8.48265450800005,0
                99.2646753600001,8.48267110600005,0
                99.2646651100001,8.48267940900007,0
                99.2646529350001,8.48268388300005,0
                99.2644722080001,8.48271846500006,0
                99.2644542610001,8.48271656300005,0
                99.264386303,8.48269427500003,0
                99.2642807550001,8.48264924200004,0
                99.2642683330001,8.48264394300003,0
                99.2642042190001,8.48261654600003,0
                99.2641901120001,8.48260826100005,0
                99.2641299410001,8.48255508400007,0
                99.2640227210001,8.48246032800006,0
                99.2640066870001,8.48244693900006,0
                99.2639977100001,8.48244184000004,0
                99.2639848910001,8.48244121100004,0
                99.26397273,8.48244266300003,0
                99.263872092,8.48245468800008,0
                99.2638515800001,8.48245406300003,0
                99.2638297870001,8.48245216400005,0
                99.2636554210001,8.48241527000005,0
                99.263645803,8.48240953400006,0
                99.2636387430001,8.48239677600003,0
                99.2635879760001,8.48220345800007,0
                99.263604543,8.48205859200004,0
                99.263600689,8.48204774600003,0
                99.2635865820001,8.48203882300004,0
                99.2635243920001,8.48201333900005,0
                99.263501954,8.48200569700003,0
                99.2634910570001,8.48200570400007,0
                99.2634186510001,8.48203766000006,0
                99.2632450070001,8.48211881900005,0
                99.2632091230001,8.48213224400007,0
                99.263195663,8.48213416700003,0
                99.2631104000001,8.48211125200004,0
                99.263053342,8.48209278500002,0
                99.2630392360001,8.48208449900005,0
                99.263025767,8.48207110700002,0
                99.2629750770001,8.48199073800004,0
                99.2629744270001,8.48197797500006,0
                99.2630127910001,8.48184139100005,0
                99.263012142,8.48182799000006,0
                99.262995398,8.48171186300004,0
                99.2629902630001,8.48170165700003,0
                99.2629825670001,8.48169591800007,0
                99.262847945,8.48166346500005,0
                99.262829997,8.48166092400004,0
                99.2628210240001,8.48166284400003,0
                99.2627582580001,8.48173244300006,0
                99.2626980530001,8.48180012500006,0
                99.262595575,8.48190995100003,0
                99.262562911,8.48194507000005,0
                99.2624930910001,8.48201212000004,0
                99.2624783540001,8.48201914900005,0
                99.26246746,8.48202234800004,0
                99.2624456680001,8.48202236300006,0
                99.2624020790001,8.48201728700008,0
                99.2623911780001,8.48200963600004,0
                99.262255134,8.48177298300004,0
                99.2622352400001,8.48173662400006,0
                99.262156921,8.48155544800005,0
                99.2621485820001,8.48154652000005,0
                99.262133195,8.48153951100005,0
                99.2620953700001,8.48152868800003,0
                99.2620716540001,8.48152615200007,0
                99.262059477,8.48152871200006,0
                99.262036418,8.48155170000007,0
                99.262024254,8.48157149100007,0
                99.262019777,8.48158680800003,0
                99.2620070620001,8.48173932900005,0
                99.2620013010001,8.48175145800008,0
                99.2619238190001,8.48185999100002,0
                99.2619116490001,8.48187212300007,0
                99.2619020380001,8.48187723500007,0
                99.2618860160001,8.48187979800002,0
                99.26175334,8.48188371500004,0
                99.2617443660001,8.48188244500005,0
                99.261733468,8.48187926200006,0
                99.2616532980001,8.48180465600007,0
                99.2616135320001,8.48176511800006,0
                99.2615981380001,8.48174981300002,0
                99.2614942050001,8.48160502900004,0
                99.261480733,8.48158717000007,0
                99.2614640560001,8.48156803800003,0
                99.2612107570001,8.48138889300003,0
                99.2611600980001,8.48135510700007,0
                99.2611466340001,8.48134809700002,0
                99.2611318880001,8.48134300200007,0
                99.2609184460001,8.48133740100008,0
                99.2609017830001,8.48134060300004,0
                99.260845391,8.48135787000007,0
                99.260779385,8.48137578100005,0
                99.2607479810001,8.48138154600002,0
                99.260717216,8.48138284300006,0
                99.2606576060001,8.48138033000004,0
                99.2606261970001,8.48137716000002,0
                99.2604781040001,8.48133003800007,0
                99.260420406,8.48131220900007,0
                99.260397971,8.48130967100008,0
                99.260363999,8.48130714100006,0
                99.2603390020001,8.48130715800005,0
                99.2603281080001,8.48130971800003,0
                99.2602999220001,8.48133526100003,0
                99.2602762260001,8.48136335500004,0
                99.260273032,8.48137994800004,0
                99.2602743410001,8.48142015000008,0
                99.2602788510001,8.48145588200003,0
                99.2602929980001,8.48152223700004,0
                99.260300703,8.48154201400007,0
                99.2603103320001,8.48156434200007,0
                99.260332147,8.48159814800005,0
                99.260375771,8.48165618800004,0
                99.260486728,8.48181895400006,0
                99.260520129,8.48186795000004,0
                99.260589414,8.48195915600007,0
                99.2606163630001,8.48200189200003,0
                99.2606253480001,8.48201911500007,0
                99.2606452640001,8.48206809600003,0
                99.2606510290001,8.48208227300006,0
                99.2606536050001,8.48210013800002,0
                99.260652968,8.48210779600004,0
                99.260645299,8.48211895800006,0
                99.2606356730001,8.48212376100003,0
                99.2606330580001,8.48212450700004,0
                99.2606267020001,8.48212632000002,0
                99.2606113160001,8.48212186300003,0
                99.2605773330001,8.48210338000007,0
                99.2605176970001,8.48206321800006,0
                99.2604965370001,8.48205110700007,0
                99.2603663780001,8.48198482900006,0
                99.2603445810001,8.48197718600005,0
                99.2602862460001,8.48196637700005,0
                99.26017663,8.48194794500006,0
                99.2601606050001,8.48194731800004,0
                99.2601465070001,8.48194988000006,0
                99.2601029410001,8.48197926200004,0
                99.2600933350001,8.48199075400004,0
                99.2600901360001,8.48200096700003,0
                99.2600901470001,8.48201692000004,0
                99.2600907880001,8.48202560600004,0
                99.260095322,8.48208711000007,0
                99.2601010980001,8.48209923100006,0
                99.260168434,8.48215151200003,0
                99.2602081940001,8.48218147800003,0
                99.2602133290001,8.48219168400004,0
                99.2602152590001,8.48220316900006,0
                99.2602179030001,8.48232249700004,0
                99.2602095770001,8.48233143700003,0
                99.2601538390001,8.48236912300007,0
                99.2601256450001,8.48238126600006,0
                99.2600756560001,8.48239023300005,0
                99.2600610900001,8.48239324400004,0
                99.2600199,8.48240175700005,0
                99.2600090080001,8.48240750700006,0
                99.25987897,8.48252118000005,0
                99.2598764130001,8.48253075400004,0
                99.2598764190001,8.48254032500006,0
                99.2598931270001,8.48260412700006,0
                99.2599021240001,8.48263921800003,0
                99.2599117490001,8.48265516500004,0
                99.2599797350001,8.48272084700005,0
                99.2599906400001,8.48273424000007,0
                99.2599944940001,8.48274572400004,0
                99.260000931,8.48278719700005,0
                99.2600015830001,8.48280378800007,0
                99.2599945440001,8.48282102200005,0
                99.259968932,8.48285932700003,0
                99.259966375,8.48287017700005,0
                99.25996767,8.48288868200007,0
                99.2599740940001,8.48291101100006,0
                99.2599824360001,8.48292440700004,0
                99.2600728610001,8.48299836900003,0
                99.2600799190001,8.48301112700005,0
                99.2600863550001,8.48304941000004,0
                99.2600998980001,8.48317319800003,0
                99.2601011990001,8.48320063600005,0
                99.2600961460001,8.48331231200007,0
                99.2600789680001,8.48350184700007,0
                99.2600764160001,8.48351971500006,0
                99.2600802690001,8.48353056100007,0
                99.2600924550001,8.48354331600007,0
                99.2601918610001,8.48362748200003,0
                99.26020084,8.48363513300006,0
                99.260252172,8.48371869400006,0
                99.260265071,8.48374433400005,0
                99.2602733530001,8.48376079500002,0
                99.2602746410001,8.48377036700003,0
                99.2602733680001,8.48378376900007,0
                99.260251386,8.48384977100005,0
                99.260211364,8.48396993800003,0
                99.260203645,8.48399312000004,0
                99.2601978860001,8.48400843900004,0
                99.2601908440001,8.48402056800006,0
                99.260171626,8.48403653400004,0
                99.2601386320001,8.48406124900004,0
                99.2598186340001,8.48430095300006,0
                99.2595931330001,8.48447531200003,0
                99.2595890310001,8.48447926900008,0
                99.2594541350001,8.48460941100006,0
                99.2594406810001,8.48461835400008,0
                99.259428503,8.48462091400006,0
                99.2594214520001,8.48461964300003,0
                99.259418279,8.48461863700004,0
                99.259316954,8.48458653000006,0
                99.2592925930001,8.48458144100005,0
                99.25917401,8.48457386200005,0
                99.2591515770001,8.48457515300004,0
                99.2591406830001,8.48457707400007,0
                99.2591048200001,8.48462432000002,0
                99.2591003410001,8.48463517100004,0
                99.2591003470001,8.48464410500003,0
                99.2591080480001,8.48465813900003,0
                99.2591426910001,8.48470533700004,0
                99.2591529570001,8.48472128300006,0
                99.259157455,8.48473595700005,0
                99.2591606920001,8.48478509100005,0
                99.259158777,8.48479657800004,0
                99.259116551,8.48491274500003,0
                99.259108224,8.48492168500007,0
                99.259092847,8.48492935200005,0
                99.2590338960001,8.48495491700004,0
                99.2589397,8.48499390400002,0
                99.25893009,8.48500156800003,0
                99.2589079110001,8.48505452000006,0
                99.2588309000001,8.48523837900007,0
                99.2588187410001,8.48526710200002,0
                99.2587912920001,8.48540002000004,0
                99.2587516570001,8.48559195300004,0
                99.258743984,8.48561939700005,0
                99.2587331070001,8.48564748300004,0
                99.258572449,8.48598260500006,0
                99.258565408,8.48599601100005,0
                99.2585538750001,8.48600367600005,0
                99.258482115,8.48604520100002,0
                99.2584129580001,8.48608400900002,0
                99.258334108,8.48612825600003,0
                99.2583212920001,8.48613336900007,0
                99.258309114,8.48613401500006,0
                99.2582950090001,8.48612828200004,0
                99.2582180670001,8.48608749300007,0
                99.2582071620001,8.48607601300006,0
                99.258202026,8.48606325400004,0
                99.2581871620001,8.48588139800006,0
                99.2581820240001,8.48586481100006,0
                99.2581666240001,8.48583993400007,0
                99.2581473860001,8.48582527000002,0
                99.2581191680001,8.48580423000004,0
                99.2580960870001,8.48579339800006,0
                99.2580762630001,8.48578879200005,0
                99.258065957,8.48578639800007,0
                99.2580422390001,8.48578386100007,0
                99.258023011,8.48578515000003,0
                99.2580082710001,8.48578771200005,0
                99.2579256180001,8.48583371200004,0
                99.2579051160001,8.48584776500007,0
                99.2579006350001,8.48585606300003,0
                99.2578967960001,8.48586691400004,0
                99.2578620260001,8.48605024100004,0
                99.2578252600001,8.48624409300004,0
                99.257778639,8.48649746000007,0
                99.2577748020001,8.48651150200004,0
                99.257765836,8.48652363200006,0
                99.2575800550001,8.48667116100006,0
                99.2574410390001,8.48678164900002,0
                99.2574295050001,8.48678676100008,0
                99.2574173280001,8.48678868400003,0
                99.257404507,8.48678677800007,0
                99.257380147,8.48678041300008,0
                99.2573416800001,8.48676767600006,0
                99.2573320600001,8.48675811100003,0
                99.2573224060001,8.48669940900004,0
                99.2572902270001,8.48650225000006,0
                99.2572536740001,8.48627010600006,0
                99.25723487,8.48615067900005,0
                99.2572297360001,8.48614238700003,0
                99.257222041,8.48613537200004,0
                99.2571329290001,8.48610862900006,0
                99.2571220340001,8.48611246500008,0
                99.2571149890001,8.48612012800004,0
                99.2571111500001,8.48613097800006,0
                99.2570964490001,8.48619288600003,0
                99.25707192,8.48628917200006,0
                99.2570683210001,8.48630330000003,0
                99.2570312060001,8.48639521600006,0
                99.2570241650001,8.48640989700004,0
                99.256982092,8.48646265000002,0
                99.256962043,8.48648778900002,0
                99.256921328,8.48653439100002,0
                99.2568755790001,8.48658675500008,0
                99.2568653270001,8.48659250500003,0
                99.2568505870001,8.48659634300003,0
                99.256826871,8.48659572100007,0
                99.2567961010001,8.48658936000004,0
                99.2567755840001,8.48657980200005,0
                99.256649995,8.48651760800004,0
                99.2565928480001,8.48648930800005,0
                99.256573614,8.48648102500005,0
                99.256556306,8.48647784600007,0
                99.256421705,8.48647984900003,0
                99.2564094090001,8.48648124600004,0
                99.2564061360001,8.48648267300007,0
                99.2563755720001,8.48650540400007,0
                99.256374974,8.48650597800003,0
                99.2562540630001,8.48662193200005,0
                99.25624106,8.48664141300003,0
                99.256202661,8.48672950100007,0
                99.256193061,8.48675184000007,0
                99.2561840980001,8.48676780000005,0
                99.2559439340001,8.48706723900005,0
                99.2559285630001,8.48708575500007,0
                99.2559240830001,8.48709660600002,0
                99.2559119920001,8.48722743000008,0
                99.255914563,8.48723891400005,0
                99.25592098,8.48724975700003,0
                99.2559331630001,8.48725613100004,0
                99.2563370450001,8.48736817600007,0
                99.256367819,8.48737836600003,0
                99.2564883800001,8.48746890000007,0
                99.2564999260001,8.48748037900003,0
                99.2565057040001,8.48749632800008,0
                99.2565053040001,8.48756576700004,0
                99.2565051300001,8.48759587600006,0
                99.2565032130001,8.48760544900006,0
                99.2564929650001,8.48761502800005,0
                99.25647438,8.48762078400006,0
                99.2564160620001,8.48763613600005,0
                99.256368368,8.48764428300007,0
                99.256213539,8.48767072900006,0
                99.2560783120001,8.48769506700006,0
                99.2560513970001,8.48770274200007,0
                99.2558476280001,8.48779157500007,0
                99.255814307,8.48780627400004,0
                99.2557790600001,8.48781523000002,0
                99.2556758740001,8.48783061300003,0
                99.2556181910001,8.48783511800002,0
                99.2554643590001,8.48783585700005,0
                99.2553656480001,8.48783209300007,0
                99.2552816790001,8.48782831900007,0
                99.2552541160001,8.48782706100008,0
                99.2550958140001,8.48785205100006,0
                99.2550599260001,8.48786164700005,0
                99.2549717360001,8.48790436300004,0
                99.254947793,8.48791596100006,0
                99.254929852,8.48792682000004,0
                99.2549164000001,8.48793895300003,0
                99.2548882400001,8.48800342300007,0
                99.2548434390001,8.48810363800004,0
                99.2548357540001,8.48811449100003,0
                99.2548242220001,8.48812215600003,0
                99.2547742410001,8.48814452400006,0
                99.2547627050001,8.48814772100008,0
                99.25474604,8.48814709500004,0
                99.2547178290001,8.48813371200004,0
                99.2546735820001,8.48810438700002,0
                99.2546575490001,8.48809035900007,0
                99.254594023,8.48798255700007,0
                99.254567722,8.48795066800005,0
                99.254499448,8.48788022400004,0
                99.254399128,8.48781373400004,0
                99.25438961,8.48780900400004,0
                99.2543383350001,8.48778352200003,0
                99.254283629,8.48776692000007,0
                99.2542274080001,8.48775788000006,0
                99.2541286510001,8.48775794500006,0
                99.2540694020001,8.48776554600005,0
                99.254029911,8.48778221100002,0
                99.2540126270001,8.48780288700004,0
                99.2539995480001,8.48781853300005,0
                99.2539828700001,8.48787148400004,0
                99.2539556150001,8.48801217400006,0
                99.2539389510001,8.48808630100007,0
                99.253885907,8.48828751100007,0
                99.2538737610001,8.48830113200006,0
                99.25386009,8.48830567900006,0
                99.2538342590001,8.48830267000005,0
                99.253812983,8.48829360900004,0
                99.253782571,8.48825581400007,0
                99.2537475720001,8.48817264400003,0
                99.253714104,8.48810762500005,0
                99.253671528,8.48805471100007,0
                99.2535985540001,8.48798366700004,0
                99.2535423150001,8.48794891400007,0
                99.253445056,8.48791418700006,0
                99.2533523530001,8.48787794500004,0
                99.253248404,8.48783646200008,0
                99.253148695,8.48777370900007,0
                99.253095505,8.48775407900007,0
                99.2530180130001,8.48774505400007,0
                99.252957241,8.48774660600003,0
                99.2528190080001,8.48778602300007,0
                99.2527309160001,8.48782994500004,0
                99.2527199070001,8.48783680500003,0
                99.2526823170001,8.48786022900003,0
                99.252610964,8.48794498000007,0
                99.2525957930001,8.48797978000005,0
                99.2525927670001,8.48799793300003,0
                99.252598854,8.48801305500007,0
                99.2526155740001,8.48802363200002,0
                99.2526550800001,8.48802965700003,0
                99.2527067410001,8.48803567300007,0
                99.2527265000001,8.48804776100008,0
                99.25273107,8.48806591000005,0
                99.2527159030001,8.48810676000005,0
                99.2526931500001,8.48816274100005,0
                99.2526870940001,8.48819450900004,0
                99.2526871160001,8.48822778600004,0
                99.2526992780001,8.48823987900005,0
                99.2527418190001,8.48823985200005,0
                99.252952985,8.48820795000006,0
                99.25318694,8.48817452100008,0
                99.2532583550001,8.48818355000003,0
                99.25332066,8.48820317400003,0
                99.253363226,8.48824096100003,0
                99.253395158,8.48828026700005,0
                99.2534073470001,8.48833320000006,0
                99.2534165220001,8.48842395000003,0
                99.2534257140001,8.48853890100003,0
                99.2534409460001,8.48859788300007,0
                99.2535048940001,8.48880506600005,0
                99.253514033,8.48883985000003,0
                99.253518725,8.48904556000002,0
                99.2535156970001,8.48906068800005,0
                99.2534989960001,8.48907885000006,0
                99.253479251,8.48908793900006,0
                99.2534579780001,8.48908492700002,0
                99.253433655,8.48906376700006,0
                99.2533667550001,8.48898818000004,0
                99.253322655,8.48892770500004,0
                99.2532800920001,8.48889445500004,0
                99.2531919310001,8.48883400900007,0
                99.2531600180001,8.48882495500004,0
                99.2531174750001,8.48882195700003,0
                99.2530065620001,8.48881900400005,0
                99.252957941,8.48881601000005,0
                99.2529229850001,8.48879788100004,0
                99.2527664140001,8.48867546300005,0
                99.2527177760001,8.48864675500005,0
                99.252667628,8.48863166100006,0
                99.2526402780001,8.48862865400002,0
                99.2525795170001,8.48864684500006,0
                99.2524944630001,8.48869227700004,0
                99.2524413140001,8.48873315200007,0
                99.252404858,8.48874678900006,0
                99.2523729580001,8.48875437300006,0
                99.2523425750001,8.48876044300005,0
                99.2523106660001,8.48875592600007,0
                99.2522392380001,8.48872572000005,0
                99.2521434870001,8.48867586700004,0
                99.2520933380001,8.48865926000008,0
                99.252067507,8.48865473900003,0
                99.2520325660001,8.48866081200003,0
                99.25193841,8.48872591400004,0
                99.251870076,8.48878192400002,0
                99.2518457960001,8.48882580600002,0
                99.2518306480001,8.48889539400005,0
                99.251823067,8.48891960100002,0
                99.2518063620001,8.48893020000003,0
                99.251777496,8.48893324400007,0
                99.2517364750001,8.48893478300005,0
                99.2516134030001,8.48892578600004,0
                99.2514204340001,8.48890473500006,0
                99.2513353470001,8.48889874000002,0
                99.2512715380001,8.48890331900003,0
                99.2510254410001,8.48895793100007,0
                99.2509904950001,8.48895492700007,0
                99.250893245,8.48893532700004,0
                99.2508567780001,8.48893081200004,0
                99.2508020820001,8.48893084700006,0
                99.250726123,8.48894299700004,0
                99.2506425610001,8.48894456400006,0
                99.25059242,8.48894005800003,0
                99.2505544310001,8.48893100600003,0
                99.250510352,8.48890380900002,0
                99.2504586580001,8.48884636300005,0
                99.2504084820001,8.48878891600003,0
                99.2503811080001,8.48874809400007,0
                99.250365882,8.48869818800006,0
                99.2503552210001,8.48865886800007,0
                99.25035217,8.48863920500003,0
                99.250359749,8.48861197400004,0
                99.2503794730001,8.48856960900002,0
                99.2505206160001,8.48833052800006,0
                99.250560072,8.48825789800003,0
                99.2505873760001,8.48819132600005,0
                99.2505858360001,8.48815956300007,0
                99.2505751730001,8.48811570500004,0
                99.2505554050001,8.48809000300002,0
                99.250529564,8.48807035600004,0
                99.2504748540001,8.48805072800008,0
                99.2503760850001,8.48802961400003,0
                99.250350251,8.48802206800002,0
                99.2503320110001,8.48800846700004,0
                99.2503228840001,8.48799334600005,0
                99.250316786,8.48796007300007,0
                99.2503106460001,8.48786327100004,0
                99.2503015170001,8.48784361300005,0
                99.2502802320001,8.48782093800003,0
                99.2502665520001,8.48781187100008,0
                99.2502422480001,8.48781945000007,0
                99.2502164350001,8.48784518000002,0
                99.2500873910001,8.48799652300005,0
                99.250069168,8.48801014800006,0
                99.250049419,8.48801621100006,0
                99.250023582,8.48800261400004,0
                99.2500098950001,8.48798144600005,0
                99.2500022790001,8.48795119900007,0
                99.2500007020001,8.48786347000004,0
                99.2499915650001,8.48783019900003,0
                99.2499733100001,8.48779390800007,0
                99.2499505120001,8.48778182200004,0
                99.24992316,8.48777578900007,0
                99.2498730290001,8.48778640900002,0
                99.2497909880001,8.48779100000007,0
                99.249719579,8.48779104500005,0
                99.2496360100001,8.48778202400007,0
                99.2495828230001,8.48776390600005,0
                99.2495113840001,8.48771706200006,0
                99.249467295,8.48767322400005,0
                99.249441446,8.48764147700007,0
                99.2494094950001,8.48757191700003,0
                99.249412519,8.48754922600006,0
                99.2494277040001,8.48753560300003,0
                99.2494398520001,8.48752500700004,0
                99.2494702340001,8.48751893700006,0
                99.2495097380001,8.48752193800004,0
                99.2495370920001,8.48753099500004,0
                99.2496328430001,8.48758236300006,0
                99.2496814690001,8.48759443200004,0
                99.2497148990001,8.48760046100006,0
                99.2497452810001,8.48759439100007,0
                99.249758947,8.48758228200006,0
                99.249763488,8.48755505200006,0
                99.2497604180001,8.48750665100005,0
                99.249707169,8.48739475400004,0
                99.2497025820001,8.48734937800003,0
                99.2497056000001,8.48731761200003,0
                99.2497313600001,8.48721171400007,0
                99.249731339,8.48717995000004,0
                99.2497215290001,8.48699101600005,0
                99.2497190290001,8.48693945400004,0
                99.249708378,8.48691374700007,0
                99.249681014,8.48688956300003,0
                99.2495048860001,8.48682102900005,0
                99.2493558180001,8.48677804400006,0
                99.2493269300001,8.48676424400003,0
                99.249302603,8.48673552000002,0
                99.2492857780001,8.48670840500006,0
                99.2492828060001,8.48666444100007,0
                99.2492915030001,8.48657102100003,0
                99.249297056,8.48654117800004,0
                99.2493115680001,8.48650257500003,0
                99.249341932,8.48646625300006,0
                99.249663867,8.48621798100004,0
                99.2497048610001,8.48617409000008,0
                99.2497473610001,8.48611053400003,0
                99.2497685970001,8.48605606700005,0
                99.2497943280001,8.48590630300004,0
                99.2497943110001,8.48588059000002,0
                99.2497791000001,8.48585186000003,0
                99.249742616,8.48582163100002,0
                99.2496924650001,8.48580048700006,0
                99.2496104140001,8.48578843800004,0
                99.2495222850001,8.48577488200004,0
                99.2494265610001,8.48576435500007,0
                99.249034571,8.48575704200005,0
                99.2489662040001,8.48576011200004,0
                99.2488066860001,8.48577836500004,0
                99.2487702270001,8.48578595100003,0
                99.24875504,8.48579352300004,0
                99.248750494,8.48581318900005,0
                99.248744442,8.48585252100003,0
                99.2487338590001,8.48593420800006,0
                99.2487050600001,8.48604010800005,0
                99.2486883770001,8.48608549700003,0
                99.248670157,8.48610517200007,0
                99.248636741,8.48611880700003,0
                99.2486033180001,8.48612185300004,0
                99.248568371,8.48611885100007,0
                99.2485425390001,8.48611281700005,0
                99.2485197390001,8.48609619200005,0
                99.2484999600001,8.48605233900003,0
                99.248498413,8.48600998800003,0
                99.248501402,8.48593284300006,0
                99.248521092,8.48583753700007,0
                99.2485377710001,8.48578609900005,0
                99.2485984740001,8.48567564000007,0
                99.2486151400001,8.48560453700003,0
                99.248618143,8.48554857000005,0
                99.2486090020001,8.48551076100006,0
                99.248593795,8.48548808200007,0
                99.248580115,8.48547901400002,0
                99.2485588470001,8.48548205400004,0
                99.2485223890001,8.48549115200007,0
                99.2483872170001,8.48556686800003,0
                99.2483553170001,8.48557445100005,0
                99.2482504850001,8.48557603100005,0
                99.2479405380001,8.48556715200004,0
                99.2479131860001,8.48556111900007,0
                99.2478964590001,8.48553995400005,0
                99.247890366,8.48551424300007,0
                99.2478933800001,8.48547491400006,0
                99.247910075,8.48544767700002,0
                99.2480953290001,8.48528722400005,0
                99.2481272220001,8.48526754000005,0
                99.248295822,8.48519936500003,0
                99.2483398670001,8.48517513600007,0
                99.2484727030001,8.48501263600002,0
                99.2485011640001,8.48497291300004,0
                99.2485091250001,8.48494681500006,0
                99.2485079670001,8.48491845500007,0
                99.2484942740001,8.48488896800006,0
                99.2484566400001,8.48484021000007,0
                99.2484358900001,8.48481582900007,0
                99.2483939210001,8.48476651200002,0
                99.2483711150001,8.48474270300005,0
                99.24833578,8.48472570900003,0
                99.2482936070001,8.48470645000003,0
                99.2482286480001,8.48469401200003,0
                99.248191046,8.48469517100006,0
                99.2481625650001,8.48470539900006,0
                99.2481306760001,8.48473151100006,0
                99.248110178,8.48475194400004,0
                99.2480919860001,8.48481435100007,0
                99.2480795050001,8.48489603900003,0
                99.2480613000001,8.48493915900002,0
                99.2480032440001,8.48502881800005,0
                99.2479223870001,8.48510147300004,0
                99.2478756890001,8.48513440300007,0
                99.247780005,8.48518551300003,0
                99.2477549370001,8.48518779700004,0
                99.2477082190001,8.48518896200005,0
                99.247629594,8.48518901200003,0
                99.2475954050001,8.48518222700005,0
                99.247570329,8.48517089900002,0
                99.24754411,8.48515276400008,0
                99.247507619,8.48511081300006,0
                99.2474540040001,8.48501895600003,0
                99.247443731,8.48499060100005,0
                99.2474391520001,8.48495884000005,0
                99.2474424980001,8.48484425900006,0
                99.247456131,8.48478185500005,0
                99.2474618050001,8.48474554900002,0
                99.2474697600001,8.48471151200005,0
                99.2475823790001,8.48441421500007,0
                99.247582363,8.48438925700003,0
                99.2475812110001,8.48436883700003,0
                99.247569802,8.48434729100006,0
                99.2475458590001,8.48432575100003,0
                99.247487048,8.48429620800005,0
                99.2474398520001,8.48427249900004,0
                99.247418193,8.48425776600004,0
                99.2473919660001,8.48422942100007,0
                99.2473087150001,8.48412170100005,0
                99.2472938920001,8.48410696200006,0
                99.2472311980001,8.48407070000007,0
                99.247186743,8.48404917400006,0
                99.247157111,8.48404011700006,0
                99.2470101160001,8.48403680600006,0
                99.2469713740001,8.48403910000007,0
                99.246937196,8.48404933200004,0
                99.2469121340001,8.48405955700002,0
                99.2468984750001,8.48408225500003,0
                99.2468836890001,8.48412423900004,0
                99.2468154330001,8.48430352500003,0
                99.2467881100001,8.48434097900002,0
                99.246753948,8.48437616800004,0
                99.2467175040001,8.48440795600004,0
                99.24668561,8.48442612800005,0
                99.2466434570001,8.48443976700003,0
                99.2465967410001,8.48444320100003,0
                99.246530653,8.48444664500005,0
                99.246488486,8.48443646200008,0
                99.2462844510001,8.48433222200003,0
                99.2461898290001,8.48426194600006,0
                99.2461487940001,8.48424155200007,0
                99.2461009260001,8.48422569900004,0
                99.2460633100001,8.48420643800006,0
                99.2460382240001,8.48418036100003,0
                99.2460268120001,8.48415200700003,0
                99.2460199530001,8.48411797800003,0
                99.2460244910001,8.48408621100003,0
                99.2460347320001,8.48406351500006,0
                99.246071166,8.48401698000004,0
                99.2460984940001,8.48398519800003,0
                99.2461919190001,8.48396585300003,0
                99.2462466100001,8.48395901200007,0
                99.2466158030001,8.48395764500003,0
                99.2466511250001,8.48395535400005,0
                99.2467206200001,8.48393488900007,0
                99.2467559340001,8.48391785000007,0
                99.2467832680001,8.48389627900002,0
                99.2468106570001,8.48386470800006,0
                99.246956271,8.48358533100003,0
                99.2469790220001,8.48352405600002,0
                99.247014263,8.48339470700006,0
                99.2470165220001,8.48336294100005,0
                99.2470267620001,8.48333911100002,0
                99.2471155540001,8.48320292100004,0
                99.2471337630001,8.48316660800003,0
                99.2471462560001,8.48310193600003,0
                99.247146221,8.48304748300006,0
                99.2471438480001,8.48290000600002,0
                99.247140389,8.48283534500007,0
                99.2471335100001,8.48277068500005,0
                99.2471220890001,8.48273098700002,0
                99.2469761080001,8.48253028200003,0
                99.2469567260001,8.48251327800006,0
                99.246921393,8.48249968700003,0
                99.246886063,8.48249063300005,0
                99.2468005960001,8.48248047800007,0
                99.2466718360001,8.48248396200006,0
                99.246644496,8.48249419000007,0
                99.2465681840001,8.48254642300003,0
                99.2465454040001,8.48256231900007,0
                99.246528315,8.48256800200005,0
                99.246494129,8.48256462100005,0
                99.246399538,8.48254312600005,0
                99.246135135,8.48247409100003,0
                99.2460804340001,8.48246505100008,0
                99.2460166180001,8.48245828400007,0
                99.245944825,8.48244925300003,0
                99.2458308600001,8.48242209900008,0
                99.2456758690001,8.48238929700005,0
                99.245652072,8.48238389000005,0
                99.2455812790001,8.48236780300005,0
                99.2455072050001,8.48235650500004,0
                99.245391419,8.48235008900002,0
                99.2453134990001,8.48236456800004,0
                99.245224637,8.48239298500005,0
                99.2451494530001,8.48242706500002,0
                99.2451016080001,8.48244865000004,0
                99.2450571950001,8.48248951800002,0
                99.2450071000001,8.48255534700007,0
                99.2449848090001,8.48258232900002,0
                99.244975218,8.48259393800004,0
                99.244934211,8.48261778700004,0
                99.2448795290001,8.48263824200006,0
                99.2448088850001,8.48264395900003,0
                99.244740516,8.48264400200003,0
                99.2446767010001,8.48263723500003,0
                99.2446197190001,8.48262365700003,0
                99.244558172,8.48260100700003,0
                99.2444926210001,8.48257732200005,0
                99.2444829490001,8.48257382700007,0
                99.2444487590001,8.48256590800003,0
                99.244436234,8.48256613000007,0
                99.24438267,8.48256708400004,0
                99.2443245540001,8.48256144800007,0
                99.2442698500001,8.48254786900003,0
                99.2442322350001,8.48252974100006,0
                99.2441432890001,8.48242429300007,0
                99.244105657,8.48237780400007,0
                99.244080561,8.48233471100002,0
                99.2440694750001,8.48231160600005,0
                99.2440451900001,8.48226099300007,0
                99.244030358,8.48223037300005,0
                99.2439972910001,8.48219522500005,0
                99.24395853,8.48216575400005,0
                99.2439106560001,8.48213969200003,0
                99.2438821630001,8.48213063500003,0
                99.2438580400001,8.48212912200006,0
                99.243685025,8.48211827800003,0
                99.243655393,8.48211035600002,0
                99.2436337330001,8.48209448800003,0
                99.2436177690001,8.48207634600004,0
                99.2436097770001,8.48205252700006,0
                99.2436244420001,8.48181655300004,0
                99.2436256300001,8.48164280100002,0
                99.243626528,8.48151138600002,0
                99.2436207980001,8.48145920500002,0
                99.2436127930001,8.48141269700005,0
                99.2435899720001,8.48136279600004,0
                99.2435397790001,8.48127434000003,0
                99.2434451140001,8.48113486300002,0
                99.2433830730001,8.48106251200005,0
                99.24335618,8.48104756500004,0
                99.2433242610001,8.48102603000007,0
                99.2432832330001,8.48101471100006,0
                99.243229678,8.48101588000003,0
                99.243178404,8.48101931500003,0
                99.2431408050001,8.48102614500004,0
                99.2430849890001,8.48105454100005,0
                99.243063347,8.48106816800004,0
                99.2430428380001,8.48106931600006,0
                99.243015487,8.48106479500007,0
                99.242982435,8.48105347100005,0
                99.24294482,8.48103307400004,0
                99.242712269,8.48087779900004,0
                99.242674654,8.48085853700007,0
                99.2426336280001,8.48085062200005,0
                99.242568674,8.48084385500005,0
                99.2424934650001,8.48083936400008,0
                99.242242376,8.48080139000007,0
                99.2421106900001,8.48077928700008,0
                99.2420316750001,8.48076118500006,0
                99.2418574220001,8.48069877200004,0
                99.2418371560001,8.48068466700005,0
                99.2418249870001,8.48066047300006,0
                99.241822938,8.48062417200003,0
                99.2418289660001,8.48054551300004,0
                99.2418410960001,8.48050718700006,0
                99.241883591,8.48043455600003,0
                99.2419564520001,8.48032762000003,0
                99.242035392,8.48022673200006,0
                99.242047524,8.48019042200002,0
                99.242053545,8.48010167900003,0
                99.2420519610001,8.48007129100006,0
                99.2420494450001,8.48002302600003,0
                99.2420352390001,8.47998270000005,0
                99.2420129430001,8.47996254500003,0
                99.2419683670001,8.47994643900006,0
                99.2419123320001,8.47994534700007,0
                99.241767817,8.47994252900003,0
                99.2416422320001,8.47995874200006,0
                99.2415267850001,8.47999108100004,0
                99.2414700790001,8.48001330200003,0
                99.241354657,8.48008597800003,0
                99.2413040370001,8.48012432800004,0
                99.2412008100001,8.48025951700004,0
                99.2411481720001,8.48030996900007,0
                99.2410611050001,8.48037254400003,0
                99.2410003540001,8.48040686700006,0
                99.2409416240001,8.48043312100003,0
                99.2408768110001,8.48044929600007,0
                99.2408180690001,8.48045739900004,0
                99.2407093340001,8.48045787700005,0
                99.2401817570001,8.48045820200002,0
                99.2400985730001,8.48045598400006,0
                99.24005413,8.48045147400006,0
                99.2400142440001,8.48044355700006,0
                99.2399732100001,8.48042316200002,0
                99.2398865800001,8.48037556900005,0
                99.239846679,8.48034269400006,0
                99.239815902,8.48032456200002,0
                99.2397874110001,8.48031890700003,0
                99.239746386,8.48031326000006,0
                99.239716764,8.48031895000003,0
                99.239679176,8.48034279700005,0
                99.239645012,8.48037685100007,0
                99.239640465,8.48039387100005,0
                99.2396427570001,8.48041428900007,0
                99.2396598600001,8.48043356500006,0
                99.239730545,8.48049251200007,0
                99.23977159,8.48053105900004,0
                99.2397921310001,8.48057982700004,0
                99.2398012630001,8.48060704900007,0
                99.2398024180001,8.48063200600006,0
                99.2397990090001,8.48064675500007,0
                99.2397796420001,8.48065357400003,0
                99.2397522970001,8.48065699400007,0
                99.2397203900001,8.48065474500004,0
                99.2396542870001,8.48063209700007,0
                99.2396155310001,8.48061170000005,0
                99.2395072340001,8.48053575900008,0
                99.2394559430001,8.48051310100004,0
                99.2393670430001,8.48047798800008,0
                99.2392086250001,8.48042930400004,0
                99.2391493550001,8.48040097900002,0
                99.2390957760001,8.48036244100007,0
                99.2390490330001,8.48032276300006,0
                99.2390125410001,8.48027740800006,0
                99.2389885950001,8.48024906200004,0
                99.238958934,8.48019122300008,0
                99.238941815,8.48014925900003,0
                99.2389406560001,8.48011862900006,0
                99.2389474700001,8.48008005400004,0
                99.2389656770001,8.48004033700005,0
                99.2390305700001,8.47994840700005,0
                99.2390453660001,8.47992003600007,0
                99.2390715280001,8.47984741600004,0
                99.2390840020001,8.47974871200006,0
                99.2390839770001,8.47970900600006,0
                99.2390748240001,8.47964775100007,0
                99.2390565690001,8.47961032600006,0
                99.2390303450001,8.47958538300003,0
                99.238991592,8.47956725600005,0
                99.2389528480001,8.47956274300003,0
                99.2389323410001,8.47956956200005,0
                99.238772936,8.47976478400005,0
                99.238735363,8.47981358900006,0
                99.238681844,8.47987261200007,0
                99.238644262,8.47990666900006,0
                99.238605535,8.47993051600002,0
                99.238562244,8.47994529000005,0
                99.2385212280001,8.47995439100004,0
                99.238465395,8.47995555900008,0
                99.238411838,8.47995332300007,0
                99.2383776490001,8.47994426800005,0
                99.238358265,8.47992499500003,0
                99.2383525540001,8.47990230900007,0
                99.238352536,8.47987394800003,0
                99.238367328,8.47983763700006,0
                99.238451555,8.47968556900003,0
                99.2385153060001,8.47958796800003,0
                99.2386473030001,8.47929406500003,0
                99.238662085,8.47924414000005,0
                99.2386734250001,8.47915564600004,0
                99.238677754,8.47878354500006,0
                99.2386754550001,8.47875291600008,0
                99.238664052,8.47873817500005,0
                99.2386515110001,8.47872797300005,0
                99.2386310000001,8.47872571600004,0
                99.2385991020001,8.47873708000003,0
                99.2385717650001,8.47875524800003,0
                99.238481828,8.47888576500003,0
                99.2384271830001,8.47896747900006,0
                99.2383816380001,8.47902309400007,0
                99.2383611380001,8.47903898900006,0
                99.2383429110001,8.47904694100004,0
                99.2382745520001,8.47906286600005,0
                99.2382198620001,8.47906970600008,0
                99.2381868150001,8.47906518800005,0
                99.2381617400001,8.47905385800004,0
                99.2381355160001,8.47902891700005,0
                99.2381218260001,8.47900169800005,0
                99.238112689,8.47896880500002,0
                99.2381126510001,8.47890641000004,0
                99.2381251400001,8.47883379800004,0
                99.2382012790001,8.47849795500002,0
                99.2381989550001,8.47842421800004,0
                99.2381955050001,8.47837430300007,0
                99.238181802,8.47832666500005,0
                99.2381578500001,8.47828924300006,0
                99.238137329,8.47827110400004,0
                99.2381065470001,8.47824616600008,0
                99.2380484190001,8.47822010800007,0
                99.2380051120001,8.47820879000005,0
                99.2379333170001,8.47819408600003,0
                99.2378900160001,8.47819411300003,0
                99.2378376080001,8.47820435500006,0
                99.2377886240001,8.47822707400007,0
                99.2376565220001,8.47835194300006,0
                99.2376360210001,8.47836783800005,0
                99.2375551470001,8.47841440000008,0
                99.2375130010001,8.47843711400003,0
                99.2374947690001,8.47843712600007,0
                99.237473116,8.47843033200007,0
                99.237452594,8.47841332800004,0
                99.237436626,8.47838724500002,0
                99.2374229280001,8.47834754800004,0
                99.2374217510001,8.47828742300004,0
                99.2374200510001,8.47827394300003,0
                99.2374160260001,8.47824204800003,0
                99.2374012070001,8.47823071300007,0
                99.2373727070001,8.47821031000007,0
                99.2373031830001,8.47818426000003,0
                99.2372521670001,8.47817913300003,0
                99.2370933220001,8.47816316900003,0
                99.2370114620001,8.47815494100007,0
                99.2368154540001,8.47812556400004,0
                99.2367504960001,8.47811085600006,0
                99.2367163100001,8.47810860900006,0
                99.2366798510001,8.47811543700004,0
                99.2366490940001,8.47812906900003,0
                99.23662404,8.47815290800003,0
                99.2366103860001,8.47818354600003,0
                99.236606985,8.47821304400003,0
                99.236609291,8.47825615100004,0
                99.2366218550001,8.47830606000002,0
                99.236673205,8.47842628000006,0
                99.2366777700001,8.47843875600006,0
                99.236675501,8.47845350500006,0
                99.2366698100001,8.47846371900005,0
                99.2366561460001,8.47848074400002,0
                99.2366367810001,8.47849096600004,0
                99.2366117170001,8.47849778800003,0
                99.2365855090001,8.47849666900004,0
                99.2365513220001,8.47849215200006,0
                99.2365216860001,8.47847742200003,0
                99.236488626,8.47845248400006,0
                99.2364464440001,8.47841620700007,0
                99.2363346980001,8.47828808300005,0
                99.236283686,8.47823574400007,0
                99.2362189610001,8.47819358200007,0
                99.2361261060001,8.47817589800007,0
                99.2360645680001,8.47816459100005,0
                99.23601025,8.47816203400004,0
                99.2359967550001,8.47816475500002,0
                99.2359825300001,8.47817144700002,0
                99.2359807120001,8.47817293500003,0
                99.2359062240001,8.47823388700004,0
                99.2358811650001,8.47824978500006,0
                99.2358424320001,8.47826342200005,0
                99.235802558,8.47827706000004,0
                99.2357740740001,8.47828161400003,0
                99.2357410270001,8.47827709700005,0
                99.2357091120001,8.47826123400006,0
                99.2356994200001,8.47825377300006,0
                99.235673772,8.47823402800003,0
                99.2356201810001,8.47817507000008,0
                99.235538084,8.47808436300005,0
                99.2355175630001,8.47806735900002,0
                99.2352861940001,8.47797447400006,0
                99.2352599740001,8.47795520400007,0
                99.235220074,8.47792232900002,0
                99.2351824520001,8.47789172100005,0
                99.2350798630001,8.47783052300002,0
                99.235065041,8.47781578400003,0
                99.2350536280001,8.47778516100004,0
                99.2350501830001,8.47774205400003,0
                99.235071749,8.47760363800006,0
                99.2350785670001,8.47757413800002,0
                99.2351127040001,8.47749584100006,0
                99.2351514010001,8.47742207800007,0
                99.2351775850001,8.47738235700007,0
                99.2352060570001,8.47735965100003,0
                99.2352288380001,8.47734602400004,0
                99.2353655750001,8.47734594200006,0
                99.235387222,8.47734139100004,0
                99.2353986090001,8.47732890500004,0
                99.235408852,8.47730961300005,0
                99.2354156690001,8.47727671000007,0
                99.235411092,8.47724381300003,0
                99.235396257,8.47720978900003,0
                99.23518764,8.47705449600005,0
                99.2351465950001,8.47701368000003,0
                99.2351203700001,8.47698533400006,0
                99.2351043930001,8.47694336900003,0
                99.2350735520001,8.47682086800006,0
                99.2350632690001,8.47677436200007,0
                99.2350427310001,8.47673013000002,0
                99.235005098,8.47667910300004,0
                99.2349720330001,8.47664622300005,0
                99.234928719,8.47662129200006,0
                99.2348466670001,8.47660432400005,0
                99.2346529550001,8.47659990300002,0
                99.2346199130001,8.47660332600003,0
                99.234600549,8.47661354800005,0
                99.234593719,8.47662716600007,0
                99.2345914650001,8.47666800700006,0
                99.2345949130001,8.47671565200005,0
                99.234608612,8.47675761800002,0
                99.2346245910001,8.47680298600005,0
                99.2346473960001,8.47682793100006,0
                99.234695312,8.47692433000003,0
                99.234706728,8.47695949100006,0
                99.234711313,8.47700373200007,0
                99.2347090690001,8.47706045600006,0
                99.234705664,8.47708428100003,0
                99.234685174,8.47711605800004,0
                99.2346487330001,8.47715351600004,0
                99.2346031690001,8.47717736700002,0
                99.2345319660001,8.47719995700004,0
                99.2344883860001,8.47720849200005,0
                99.234427714,8.47721533500004,0
                99.234384134,8.47722216800003,0
                99.2343320130001,8.47723921600004,0
                99.2342892920001,8.47725540700003,0
                99.2342123990001,8.47728778500004,0
                99.234161987,8.47730313100004,0
                99.2341144430001,8.47730767500008,0
                99.2340585860001,8.47731340300004,0
                99.2340021780001,8.47730492800002,0
                99.233971404,8.47729388600004,0
                99.2339380670001,8.47728029300004,0
                99.2338705330001,8.47724544800008,0
                99.233731177,8.47715364200008,0
                99.233708096,8.47714174400005,0
                99.2336875820001,8.47713580000004,0
                99.2336551080001,8.47713667000005,0
                99.233616655,8.47714350000007,0
                99.2335833330001,8.47715628300006,0
                99.2335653920001,8.47716565300004,0
                99.2335073340001,8.47725757700005,0
                99.233493674,8.47727970700004,0
                99.2333954600001,8.47738782300007,0
                99.2333775210001,8.47739889400003,0
                99.2333578670001,8.47740316000005,0
                99.233333084,8.47740402600004,0
                99.233298044,8.47740064300007,0
                99.2332664180001,8.47739130300005,0
                99.23322282,8.47736920800003,0
                99.2331740910001,8.47734115800006,0
                99.2331569950001,8.47733436200002,0
                99.233124516,8.47732672400002,0
                99.2330424690001,8.47731911600005,0
                99.232926584,8.47731839500005,0
                99.232886933,8.47732176100004,0
                99.2328689880001,8.47732517500003,0
                99.232805838,8.47735993000003,0
                99.232762199,8.47738394600003,0
                99.23274682,8.47738991100005,0
                99.2327246,8.47738992500007,0
                99.2326998140001,8.47738568500006,0
                99.2326767370001,8.47737974300003,0
                99.23266391,8.47736698900007,0
                99.232654498,8.47734827500005,0
                99.23265208,8.47731853800008,0
                99.2326467490001,8.47725298600005,0
                99.232636428,8.47714238400005,0
                99.2326010400001,8.47697671100008,0
                99.2325730090001,8.47684548000007,0
                99.2325618720001,8.47680039200003,0
                99.2325558750001,8.47677572100002,0
                99.2325497940001,8.47661066200004,0
                99.2325360400001,8.47647879100003,0
                99.2325146190001,8.47638436100004,0
                99.232497499,8.47633757500006,0
                99.2324735400001,8.47628739000004,0
                99.2323623230001,8.47608836100005,0
                99.2323435050001,8.47606114500007,0
                99.2323187090001,8.47603988900005,0
                99.232289645,8.47602714300007,0
                99.2322631490001,8.47602205500004,0
                99.2322332410001,8.47602547500003,0
                99.2322058990001,8.47603570200005,0
                99.232096567,8.47612935900003,0
                99.2319829690001,8.47623408000004,0
                99.2319667370001,8.47624429900003,0
                99.2319556290001,8.47624770900006,0
                99.2319368280001,8.47624686900002,0
                99.2319214410001,8.47624092300003,0
                99.2319017740001,8.47622051400003,0
                99.2318662770001,8.47617483500005,0
                99.231814537,8.47610825600003,0
                99.2317940190001,8.47609465400006,0
                99.2317572590001,8.47607510600005,0
                99.2317307590001,8.47606236000007,0
                99.231706827,8.47605726900002,0
                99.2316170920001,8.47605221700007,0
                99.2315658150001,8.47605054600007,0
                99.2315401750001,8.47604715800003,0
                99.2314931640001,8.47603527400003,0
                99.2313051190001,8.47597752900003,0
                99.231272641,8.47597244300005,0
                99.2311871790001,8.47596994100007,0
                99.2311572690001,8.47597080900005,0
                99.2311282160001,8.47597593200004,0
                99.230978044,8.47602586800002,0
                99.230923153,8.47604412000004,0
                99.230821473,8.47607395900008,0
                99.2307719130001,8.47608334800003,0
                99.2307437110001,8.47608251400004,0
                99.2307103780001,8.47607657800006,0
                99.230667639,8.47606213900002,0
                99.230616346,8.47603324000005,0
                99.230532565,8.47598309000006,0
                99.2304180080001,8.47591424000007,0
                99.2304009110001,8.47590574200007,0
                99.2303769790001,8.47589980000004,0
                99.2302983480001,8.47588623300004,0
                99.2302598860001,8.47587774800007,0
                99.2301932140001,8.47585566500004,0
                99.2301598760001,8.47584037000007,0
                99.2300179550001,8.47574430900005,0
                99.2299829020001,8.47571795400006,0
                99.2298486640001,8.47560657400004,0
                99.22981788,8.47557681200004,0
                99.22980334,8.47555640100006,0
                99.22979136,8.47552918100007,0
                99.22978707,8.47550110600002,0
                99.2297844880001,8.47547047700004,0
                99.2297870290001,8.47543133700003,0
                99.229801535,8.47539389200006,0
                99.229810925,8.47537601900007,0
                99.2298331310001,8.47535558500005,0
                99.2299194190001,8.47531044000004,0
                99.2299271050001,8.47530192800002,0
                99.2299339340001,8.47528831000005,0
                99.229933917,8.47525938200005,0
                99.2299321980001,8.47524321700007,0
                99.229927064,8.47523215900003,0
                99.2299091100001,8.47521940700005,0
                99.229872357,8.47521006900007,0
                99.2298108210001,8.47520159700002,0
                99.229791161,8.47519395100005,0
                99.229756959,8.47516504300006,0
                99.2297107860001,8.47512082700007,0
                99.2296774310001,8.47507745400003,0
                99.2296474880001,8.47502471900003,0
                99.2296389270001,8.47499919900002,0
                99.2296286430001,8.47495070700006,0
                99.2296269080001,8.47490646500006,0
                99.229626893,8.47488179100003,0
                99.2296422580001,8.47485200300002,0
                99.2296593340001,8.47482476600004,0
                99.2296977620001,8.47477624600003,0
                99.229725095,8.47475155500007,0
                99.229766956,8.47472940900008,0
                99.2298045510001,8.47471747500003,0
                99.2299720460001,8.47470801700007,0
                99.229997681,8.47470119500002,0
                99.2300198900001,8.47468501700007,0
                99.230076216,8.47460732100006,0
                99.230095298,8.47454926300003,0
                99.2300941440001,8.47452430600003,0
                99.2300895720001,8.47450162000007,0
                99.2300724680001,8.47447894100003,0
                99.2300131850001,8.47442679200003,0
                99.229891185,8.47429640200005,0
                99.229761194,8.47413992400004,0
                99.2297497870001,8.47411951100003,0
                99.229744076,8.47409569000007,0
                99.2297486020001,8.47404123400003,0
                99.2297656480001,8.47396521600007,0
                99.2297975050001,8.47388351800004,0
                99.2298179890001,8.47384153100006,0
                99.229909079,8.47372916700004,0
                99.2299204620001,8.47370873900007,0
                99.2299261460001,8.47368718200005,0
                99.2299261270001,8.47365428300003,0
                99.229921549,8.47362138700004,0
                99.2299067180001,8.47358963000005,0
                99.2298850560001,8.47356922300003,0
                99.229851366,8.47355480600004,0
                99.2298041440001,8.47355112000002,0
                99.2297756600001,8.47355567500006,0
                99.229741484,8.47356930800004,0
                99.2296834000001,8.47361585500005,0
                99.2294009700001,8.47387807800004,0
                99.2293884370001,8.47388035400007,0
                99.2293656510001,8.47388490600002,0
                99.2292665250001,8.47389744300006,0
                99.2292471550001,8.47389745400005,0
                99.229233476,8.47388838600006,0
                99.229226629,8.47387250900005,0
                99.2292300380001,8.47385549000006,0
                99.2292402840001,8.47383960100007,0
                99.2293029100001,8.47376582500004,0
                99.2293780750001,8.47369884900007,0
                99.2294065360001,8.47365799200003,0
                99.22942133,8.47362508400005,0
                99.2294281480001,8.47359331600006,0
                99.2294292600001,8.47354680200004,0
                99.2294223540001,8.47342995900004,0
                99.229418906,8.47338004400007,0
                99.2294131850001,8.47334034300007,0
                99.2294006260001,8.47329724000002,0
                99.2293857820001,8.47324506500007,0
                99.22936524,8.47319175800004,0
                99.2293070530001,8.47306473300006,0
                99.2292933630001,8.47303751500004,0
                99.2292864230001,8.47302743000006,0
                99.2292785370001,8.47301596900007,0
                99.2292602970001,8.47300123200006,0
                99.2292386430001,8.47299216900007,0
                99.229219271,8.47299218000006,0
                99.2291942080001,8.47300013600005,0
                99.229168013,8.47302057200005,0
                99.229104615,8.47308310800003,0
                99.2290586880001,8.47312840800004,0
                99.229041603,8.47313862900006,0
                99.2290040110001,8.47315680200006,0
                99.2289436360001,8.47318292900007,0
                99.228906038,8.47318975800005,0
                99.2288707120001,8.47318524000002,0
                99.2288331070001,8.47317959100008,0
                99.2288103100001,8.47316712500003,0
                99.228793205,8.47314444600005,0
                99.2287852100001,8.47311268600004,0
                99.2287806310001,8.47306195900006,0
                99.2287794760001,8.47304916100006,0
                99.2287669190001,8.47301059600005,0
                99.22875208,8.47296749600002,0
                99.22873953,8.47294027600003,0
                99.2287144460001,8.47291306500006,0
                99.2286699800001,8.47286657800004,0
                99.2286506010001,8.47285411100006,0
                99.2285958900001,8.47282464700004,0
                99.2285433440001,8.47278807200007,0
                99.228538895,8.47278497400004,0
                99.228495573,8.47274642900004,0
                99.228445402,8.47268860100007,0
                99.228420171,8.47265582200004,0
                99.2283747020001,8.47259675200007,0
                99.228322254,8.47254006000003,0
                99.2282732050001,8.47248554800007,0
                99.228225336,8.47243234400003,0
                99.2282093700001,8.47240739600005,0
                99.228202518,8.47238244200003,0
                99.228201353,8.47234046800003,0
                99.2282036160001,8.47231097100007,0
                99.2282127130001,8.47228033600004,0
                99.2282478380001,8.47220059400007,0
                99.2282661950001,8.47215891800005,0
                99.228273013,8.47212601500007,0
                99.2282707150001,8.47209311700004,0
                99.2282593090001,8.47207383800003,0
                99.2282296710001,8.47205343600007,0
                99.2282080140001,8.47203983500003,0
                99.2281498950001,8.47202852500004,0
                99.2281179940001,8.47203535000006,0
                99.2280769880001,8.47205919700002,0
                99.227971632,8.47214999400006,0
                99.227967655,8.47215342000004,0
                99.2279619920001,8.47215617100005,0
                99.22792323,8.47217500100004,0
                99.2278913320001,8.47218636400004,0
                99.227850317,8.47219546300005,0
                99.2277910670001,8.47219776700007,0
                99.2277340940001,8.47219780000006,0
                99.227672151,8.47218151400006,0
                99.227617852,8.47216723800005,0
                99.2275540260001,8.47214004800003,0
                99.2275175520001,8.47211964900004,0
                99.2274867730001,8.47209584400002,0
                99.2274730880001,8.47207543100006,0
                99.2274616760001,8.47204707700007,0
                99.2274513980001,8.47200851200006,0
                99.2274250500001,8.47176802400003,0
                99.2274193310001,8.47173172500004,0
                99.2274079090001,8.47168408500005,0
                99.227377086,8.47158540500004,0
                99.227305179,8.47137897800008,0
                99.2272869210001,8.47133361000004,0
                99.2272724730001,8.47131385400007,0
                99.2272686760001,8.47130866300006,0
                99.227240173,8.47128145200003,0
                99.227219656,8.47126898600004,0
                99.2271957250001,8.47126446100003,0
                99.2271902670001,8.47126409800006,0
                99.2269928950001,8.47125096600007,0
                99.2269438970001,8.47124872600006,0
                99.226896034,8.47123740900003,0
                99.226858421,8.47122041400007,0
                99.2267391570001,8.47116937200008,0
                99.2267193750001,8.47116377200007,0
                99.2266931670001,8.47116151900008,0
                99.2266646850001,8.47116834200006,0
                99.2266441840001,8.47118423600006,0
                99.226621412,8.47121374500006,0
                99.2266088980001,8.47124778500006,0
                99.2266066750001,8.47134308000005,0
                99.2266010100001,8.47139867200002,0
                99.2265907810001,8.47144292100006,0
                99.2265725760001,8.47148717600004,0
                99.226544113,8.47152803200004,0
                99.2265019760001,8.47156549400006,0
                99.226448448,8.47161090200007,0
                99.226404028,8.47164269300004,0
                99.2263709950001,8.47166199800006,0
                99.2263311230001,8.47167676800007,0
                99.226245669,8.47168589400007,0
                99.2261904980001,8.47168483600007,0
                99.2261533640001,8.47166779600008,0
                99.22613512,8.47164625200003,0
                99.226125988,8.47161903100005,0
                99.2261259640001,8.47157819100005,0
                99.2261282280001,8.47155096200004,0
                99.2261475710001,8.47150443800007,0
                99.2261976460001,8.47140117500004,0
                99.226215854,8.47136145900004,0
                99.2262226650001,8.47131834500004,0
                99.2262328290001,8.47116178600004,0
                99.2262305180001,8.47110619900008,0
                99.2262243110001,8.47104662500004,0
                99.226204163,8.47085323200002,0
                99.226198443,8.47081579800005,0
                99.2261824700001,8.47077837100005,0
                99.2261493980001,8.47073074300005,0
                99.2260958140001,8.47067972400004,0
                99.226057052,8.47064457800008,0
                99.2259578890001,8.47059131600003,0
                99.2259145790001,8.47057205600004,0
                99.2257801120001,8.47055058000007,0
                99.2257413670001,8.47054606400008,0
                99.225463339,8.47054055200005,0
                99.2254211800001,8.47054171100007,0
                99.2253927,8.47055193800003,0
                99.2253015740001,8.47060417400007,0
                99.2252901890001,8.47061892900007,0
                99.225265166,8.47069722000003,0
                99.225253793,8.47073352900003,0
                99.225249261,8.47077777600003,0
                99.2252481620001,8.47084697800005,0
                99.225244757,8.47087193700003,0
                99.2252322400001,8.47090030600003,0
                99.22520719,8.47093095000002,0
                99.22517644,8.47095706100004,0
                99.2251445430001,8.47097069300003,0
                99.2251046710001,8.47098432900003,0
                99.2250602350001,8.47099002700003,0
                99.22500668,8.47098892300005,0
                99.2249576830001,8.47098668300004,0
                99.2249238830001,8.47099218500006,0
                99.224890465,8.47100279200004,0
                99.2248160560001,8.47106333900007,0
                99.2247796020001,8.47107697400003,0
                99.2247446600001,8.47107850600003,0
                99.2247036370001,8.47107550400005,0
                99.2246595720001,8.47106494200005,0
                99.224623093,8.47103622400004,0
                99.224539452,8.47089560000006,0
                99.224516652,8.47087594900006,0
                99.22448625,8.47084722700004,0
                99.2244467420001,8.47083514900004,0
                99.2244224340001,8.47083516300006,0
                99.2243905340001,8.47084274400004,0
                99.224344977,8.47087907200006,0
                99.2243146070001,8.47090631700007,0
                99.2243024690001,8.47093355100003,0
                99.2243024850001,8.47096077800006,0
                99.224313286,8.47124816500008,0
                99.2243133110001,8.47129051800005,0
                99.224310292,8.47132530900006,0
                99.2242870640001,8.47139280300007,0
                99.2245103960001,8.47160982800006,0
                99.2246817590001,8.47177216600005,0
                99.2248910640001,8.47207359100003,0
                99.225028249,8.47236070200006,0
                99.2250355960001,8.47259762800007,0
                99.2249419550001,8.47277717700007,0
                99.2247185840001,8.47309321200004,0
                99.2246105780001,8.47338046200002,0
                99.2245170240001,8.47371078100002,0
                99.224416331,8.47417033700003,0
                99.2242294220001,8.47518278400003,0
                99.2241213610001,8.47537669900004,0
                99.2238402630001,8.47562814800006,0
                99.223573538,8.47580061300005,0
                99.223429405,8.47596583000006,0
                99.2233501600001,8.47610946900005,0
                99.223292605,8.47634643400005,0
                99.2232712300001,8.47679158800003,0
                99.2233075830001,8.47730850400006,0
                99.2232572630001,8.47758136000004,0
                99.223127644,8.47790452400005,0
                99.2231323650001,8.47827057800004,0
                99.223212103,8.47898132300003,0
                99.2233349860001,8.47948383000005,0
                99.2234866790001,8.47991452500003,0
                99.223486811,8.48014427900006,0
                99.2234076280001,8.48038843400008,0
                99.2234149240001,8.48053920000007,0
                99.2234727410001,8.48075456200007,0
                99.2235521320001,8.48086221100004,0
                99.223609895,8.48098423000005,0
                99.2236388360001,8.48114934800003,0
                99.2236389820001,8.48140063900007,0
                99.2236823490001,8.48157292700006,0
                99.223754527,8.48168057800007,0
                99.2237762180001,8.48178108100007,0
                99.223769066,8.48188160200004,0
                99.223711677,8.48240575300002,0
                99.2236758370001,8.48278629800006,0
                99.2237408890001,8.48303755000006,0
                99.2238563450001,8.48315954000003,0
                99.2239357380001,8.48327436900007,0
                99.2239357880001,8.48336052500002,0
                99.2239430810001,8.48349693700004,0
                99.2238494440001,8.48369802200006,0
                99.2238495190001,8.48382725500005,0
                99.2239361790001,8.48403541600004,0
                99.2240805630001,8.48430098200004,0
                99.2241455820001,8.48449479400006,0
                99.2241890010001,8.48475324200007,0
                99.2241892800001,8.48523428000004,0
                99.224197227,8.48650508000003,0
                99.2243059370001,8.48742402200003,0
                99.2241910500001,8.48828564800004,0
                99.2240700030001,8.48957646900004,0
                99.2240847350001,8.49010775600004,0
                99.2241718370001,8.49107696600004,0
                99.224168412,8.49139198000006,0
                99.2241469040001,8.49160738200004,0
                99.224098342,8.49181203200004,0
                99.2239632280001,8.49199519000007,0
                99.2236389510001,8.49242615800006,0
                99.223314611,8.49275481700005,0
                99.2231902990001,8.49291642800006,0
                99.223130897,8.49307262400004,0
                99.223103973,8.49328802900004,0
                99.223168974,8.49344953200006,0
                99.2233529440001,8.49357327900003,0
                99.22350449,8.49374011800006,0
                99.2235748730001,8.49385854200005,0
                99.2235857520001,8.49396623300004,0
                99.2235588440001,8.49420317700003,0
                99.2235589030001,8.49430548900006,0
                99.2236022330001,8.49440777300003,0
                99.2239810470001,8.49474141300004,0
                99.2241541970001,8.49485977900002,0
                99.2242137680001,8.49498359200004,0
                99.224257132,8.49514511000007,0
                99.2242247660001,8.49529590500003,0
                99.2241599130001,8.49538210000003,0
                99.2234352340001,8.49557098200006,0
                99.2226185700001,8.49569798900006,0
                99.221974469,8.49596520500006,0
                99.22085945,8.49668061400007,0
                99.2195136490001,8.49739615300007,0
                99.218847092,8.49763904200006,0
                99.2185395760001,8.49797107600006,0
                99.218039908,8.49859679100007,0
                99.2177455790001,8.49957977300005,0
                99.2175416190001,8.50167316600005,0
                99.2166465280001,8.50587038700007,0
                99.2164505920001,8.50678912900003,0
                99.2163932060001,8.50734199900006,0
                99.2163573660001,8.50772972100003,0
                99.2164517290001,8.50881380200008,0
                99.2166616900001,8.51025680600003,0
                99.2167196010001,8.51063729600003,0
                99.2167341460001,8.51085267800005,0
                99.216712596,8.51101064300008,0
                99.216417086,8.51133389400007,0
                99.2162585610001,8.51158527000007,0
                99.2161794470001,8.51198019800006,0
                99.2161221570001,8.51270538000006,0
                99.2161151650001,8.51309308600003,0
                99.2160653540001,8.51429930400008,0
                99.2162515670001,8.51482770500007,0
                99.216482656,8.51536365800007,0
                99.2165726140001,8.51573376300007,0
                99.216508607,8.51591249200004,0
                99.216277926,8.51610408000005,0
                99.2154319380001,8.51653851900005,0
                99.2148807820001,8.51685792400002,0
                99.2141887450001,8.51745820400004,0
                99.2133788680001,8.51799513400005,0
                99.212744344,8.51826830900006,0
                99.21230452,8.51848394400002,0
                99.2121314980001,8.51862045200005,0
                99.2120089790001,8.51877847100008,0
                99.2119658670001,8.51908004100005,0
                99.211872256,8.51934574200004,0
                99.2114614180001,8.51981264800003,0
                99.2105817790001,8.52028698400005,0
                99.2104303880001,8.52041630000002,0
                99.2104937170001,8.52073730400002,0
                99.2105505480001,8.52092819700005,0
                99.210618153,8.52105992400004,0
                99.2107127730001,8.52119970300004,0
                99.210823593,8.52132334000004,0
                99.2110965570001,8.52157058600005,0
                99.2117289390001,8.52208654100002,0
                99.2118667560001,8.52218058300002,0
                99.211937027,8.52225046000007,0
                99.2121370560001,8.52249236700004,0
                99.212583081,8.52306220400004,0
                99.2129290500001,8.52343041500006,0
                99.2132263810001,8.52377445200005,0
                99.213334516,8.52392498000006,0
                99.2134102380001,8.52407821500003,0
                99.2134535230001,8.52419382100004,0
                99.2135049410001,8.52436320300006,0
                99.213523917,8.52448420000007,0
                99.2135236490001,8.52449082000004,0
                99.2135185880001,8.52461596700005,0
                99.2134836020001,8.52485262400006,0
                99.2134215830001,8.52505164800004,0
                99.213410819,8.52512694800004,0
                99.213413561,8.52519955100007,0
                99.2134352640001,8.52536626100004,0
                99.2134245070001,8.52545332500006,0
                99.2134164460001,8.52552996800006,0
                99.213405745,8.52555877800006,0
                99.213396216,8.52558443200007,0
                99.2133647420001,8.52561796200007,0
                99.213337498,8.52564698500004,0
                99.213240301,8.52573779400007,0
                99.2131066420001,8.52583870800004,0
                99.2129466410001,8.52593156700004,0
                99.2128838620001,8.52597798900007,0
                99.2128474150001,8.52601632800003,0
                99.2128089610001,8.52608693600007,0
                99.2127806340001,8.52615350600007,0
                99.2127487610001,8.52625930600004,0
                99.212730128,8.52641370100002,0
                99.2127038690001,8.52655489100005,0
                99.2126816250001,8.52663154100003,0
                99.21265936,8.52666785600007,0
                99.212633037,8.52669610500004,0
                99.212570252,8.52673244200003,0
                99.2125337990001,8.52675868000006,0
                99.21251356,8.52679499400006,0
                99.2124994050001,8.52684542100008,0
                99.2124913420001,8.52692004600004,0
                99.2124853220001,8.52702492300006,0
                99.2124772450001,8.52707131400007,0
                99.2124145750001,8.52731739800004,0
                99.2124146020001,8.52736580100003,0
                99.212426791,8.52742629800002,0
                99.2124612690001,8.52749283300005,0
                99.2125099300001,8.52756137800003,0
                99.2125748000001,8.52762991300006,0
                99.2126477620001,8.52767827600007,0
                99.2126963960001,8.52769640100007,0
                99.2127389460001,8.52770444500004,0
                99.2128888600001,8.52768822800005,0
                99.2129881270001,8.52767607200008,0
                99.2130590360001,8.52767603400002,0
                99.2131117200001,8.52769012200002,0
                99.213136041,8.52770624300007,0
                99.2131603700001,8.52773648200002,0
                99.2131664650001,8.52776874700004,0
                99.2131786840001,8.52788168100005,0
                99.2131949320001,8.52795427700005,0
                99.213225363,8.52802888200006,0
                99.2132618580001,8.52807928200002,0
                99.2133145600001,8.52812563900005,0
                99.2133956360001,8.52819013100003,0
                99.2134827980001,8.52827075500005,0
                99.2135172690001,8.52832317300005,0
                99.2135233660001,8.52835745500005,0
                99.2135233860001,8.52839375700006,0
                99.2135072,8.52843208600007,0
                99.213480884,8.52847243600007,0
                99.2134606380001,8.52849866500003,0
                99.2134201370001,8.52853095600005,0
                99.2133492500001,8.52857334800007,0
                99.2132682230001,8.52859557700003,0
                99.2130879380001,8.52864609600005,0
                99.2129826120001,8.52869254100005,0
                99.212885397,8.52875108100005,0
                99.212778068,8.52883987900003,0
                99.2126525240001,8.52896297200004,0
                99.2126079700001,8.52899324800006,0
                99.2125228990001,8.52903161300003,0
                99.21231629,8.52910836500007,0
                99.2122697120001,8.52914469300003,0
                99.2122352900001,8.52918101400007,0
                99.2121867130001,8.52926574600002,0
                99.2121725680001,8.52933230800005,0
                99.212174626,8.52939079400005,0
                99.2121949900001,8.52957834400007,0
                99.212197044,8.52963078000005,0
                99.212193019,8.52967918600007,0
                99.2121808900001,8.52972759500005,0
                99.2120898350001,8.52993537500004,0
                99.212073649,8.52997572000004,0
                99.2120554470001,8.53003421600005,0
                99.2120494370001,8.53015724400007,0
                99.212033267,8.53022582400007,0
                99.2120211380001,8.53027423400005,0
                99.2119988730001,8.53031458200007,0
                99.211960403,8.53035695600005,0
                99.2117882590001,8.53047604000005,0
                99.2117092820001,8.53054465500003,0
                99.2116728450001,8.53060114500005,0
                99.211644531,8.53069191600002,0
                99.2116384940001,8.53076654100005,0
                99.211654728,8.53081291800004,0
                99.2117074540001,8.53090364500002,0
                99.2117236930001,8.53096010600007,0
                99.211723728,8.53102464400007,0
                99.2117035190001,8.53111742800007,0
                99.211644848,8.53126670200004,0
                99.2116003190001,8.53134538200004,0
                99.2115679230001,8.53138371800003,0
                99.2112256920001,8.53168037400008,0
                99.211148741,8.53174898700007,0
                99.211110283,8.53181354500003,0
                99.210960517,8.53210404500004,0
                99.21090788,8.53217466100006,0
                99.210756884,8.53229124800004,0
                99.2106830870001,8.53234822700006,0
                99.210634498,8.53241279200006,0
                99.2106183240001,8.53247330400006,0
                99.2105981030001,8.53254592000008,0
                99.2105981500001,8.53263062500002,0
                99.2106184820001,8.53276170600003,0
                99.210661094,8.53288269000006,0
                99.2107300330001,8.53298349300007,0
                99.2107589810001,8.53301638700003,0
                99.2108009890001,8.53306412600006,0
                99.2108638120001,8.53309434400006,0
                99.211023868,8.53309627300007,0
                99.2110725040001,8.53311641500005,0
                99.2111231840001,8.53317084000003,0
                99.2111475190001,8.53321318000008,0
                99.2111657870001,8.53327367400004,0
                99.2111617680001,8.53333619700004,0
                99.211145597,8.53340275900007,0
                99.2110059410001,8.53365493500007,0
                99.2109715460001,8.53374167600003,0
                99.210821815,8.53409671300005,0
                99.2106311960001,8.53461526000007,0
                99.210629506,8.53462454000004,0
                99.2106320870001,8.53465602000006,0
                99.2106387050001,8.53468184300004,0
                99.2107073870001,8.53480913000004,0
                99.2107441800001,8.53487972900007,0
                99.2107578650001,8.53489843900007,0
                99.210771547,8.53491034400002,0
                99.2108886780001,8.53496983800005,0
                99.2109177450001,8.53498088300006,0
                99.2109374060001,8.53498427600005,0
                99.2109519360001,8.53498426800007,0
                99.2109878250001,8.53496638200005,0
                99.211024566,8.53494509000006,0
                99.211058747,8.53492975700004,0
                99.2110792590001,8.53492549200007,0
                99.2110980620001,8.53492463000003,0
                99.2111630210001,8.53492374400003,0
                99.2112168680001,8.53492286400007,0
                99.2112613150001,8.53492454100007,0
                99.211427138,8.53493466100002,0
                99.2115254350001,8.53493971300003,0
                99.2116331350001,8.53494731100005,0
                99.211663054,8.53495410200003,0
                99.21168443,8.53496685200003,0
                99.2117468550001,8.53502127200005,0
                99.2117545570001,8.53503828400005,0
                99.2117588410001,8.53505700000005,0
                99.2117554330001,8.53507657100005,0
                99.2117503170001,8.53509869600003,0
                99.2117306750001,8.53513103800003,0
                99.2116947950001,8.53516424000003,0
                99.211548726,8.53532683000003,0
                99.2115419,8.53534810400004,0
                99.2115427680001,8.53537277800007,0
                99.2115445160001,8.53544339600006,0
                99.2115496580001,8.53546721700008,0
                99.2115624890001,8.53548507800002,0
                99.211579595,8.53550548800007,0
                99.2115984050001,8.53551653900007,0
                99.2116223420001,8.53552503400005,0
                99.2116608060001,8.53552671500006,0
                99.211717214,8.53551987700007,0
                99.2117761800001,8.53550112700003,0
                99.2119163280001,8.53544915000003,0
                99.2119317120001,8.53544914100007,0
                99.211941972,8.53545424000004,0
                99.2119445430001,8.53546530000006,0
                99.211941128,8.53547381000004,0
                99.211765986,8.53561344300005,0
                99.2117471920001,8.53563302200007,0
                99.2117224280001,8.53567387500004,0
                99.2117104760001,8.53570025800008,0
                99.2117130500001,8.53571812500007,0
                99.2117181890001,8.53573769000008,0
                99.2117318840001,8.53577256800003,0
                99.2117447130001,8.53578702500005,0
                99.2117703640001,8.53580402800003,0
                99.211807128,8.53582357600004,0
                99.2119216840001,8.53586265200005,0
                99.211950748,8.53586859200004,0
                99.212165295,8.53588549100004,0
                99.2121943610001,8.53589398400004,0
                99.212220008,8.53590332900006,0
                99.2122336880001,8.53591268100007,0
                99.2122405360001,8.53592969400006,0
                99.2122405470001,8.53595096500004,0
                99.212233725,8.53597819500004,0
                99.212221771,8.53600032300005,0
                99.2122055400001,8.53601734900008,0
                99.2121927250001,8.53602841700007,0
                99.212047467,8.53611272900002,0
                99.2119731390001,8.53617317800007,0
                99.2119646,8.53618679700003,0
                99.2118928960001,8.53635700300003,0
                99.211880089,8.53638338600007,0
                99.211816872,8.53644297900007,0
                99.211806622,8.53645574700005,0
                99.2117997920001,8.53646936400003,0
                99.2117897830001,8.53657395900007,0
                99.2117812580001,8.53661480400007,0
                99.211765911,8.53668543200007,0
                99.2117607930001,8.53670330200003,0
                99.211752253,8.53671607000007,0
                99.211590755,8.53680209200007,0
                99.2115847760001,8.53680890200008,0
                99.211584783,8.53682166400006,0
                99.211589072,8.53684974000004,0
                99.211589078,8.53685994900007,0
                99.2115446710001,8.53693059300002,0
                99.211529295,8.53694761900005,0
                99.2115062270001,8.53696634900007,0
                99.2114882820001,8.53697486700003,0
                99.2114686240001,8.53697657900005,0
                99.211445547,8.53697659200003,0
                99.2114224680001,8.53697490300004,0
                99.2114045160001,8.53696980800004,0
                99.211240364,8.53689247200003,0
                99.2112001880001,8.53688568700005,0
                99.2111725520001,8.53688687200003,0
                99.2111600160001,8.53688741000008,0
                99.2111420700001,8.53689252500004,0
                99.211115582,8.53690955600007,0
                99.2110959340001,8.53692828500004,0
                99.2110779980001,8.53695296900003,0
                99.2110694660001,8.53698190200004,0
                99.2110677730001,8.53700998000005,0
                99.2110712030001,8.53703039900006,0
                99.2110806190001,8.53705506800003,0
                99.2110977310001,8.53708909200003,0
                99.211120828,8.53712311300006,0
                99.2113047160001,8.53734082600005,0
                99.2113175490001,8.53736294100003,0
                99.2113338060001,8.53739271200004,0
                99.21149381,8.53769977600007,0
                99.2114989500001,8.53772019300004,0
                99.2115066750001,8.53777889600008,0
                99.2115072870001,8.53778576400003,0
                99.2115092550001,8.53780782300004,0
                99.2115058480001,8.53783079800007,0
                99.2114998750001,8.53784951900008,0
                99.211433722,8.53796065300003,0
                99.211364098,8.53807761700006,0
                99.211355563,8.53810059400007,0
                99.2113555750001,8.53812186500005,0
                99.211362449,8.53818737600005,0
                99.2113701580001,8.53821630000004,0
                99.2113898410001,8.53826138400007,0
                99.2114232110001,8.53832432700005,0
                99.2114259160001,8.53832814700007,0
                99.2114659810001,8.53838471300003,0
                99.2114950630001,8.53842213400003,0
                99.2115121720001,8.53845020200004,0
                99.211567791,8.53855992900003,0
                99.2116157090001,8.53865689900005,0
                99.211623407,8.53866540300004,0
                99.2116439280001,8.53867900400007,0
                99.211720884,8.53873341600007,0
                99.21173457,8.53875042500005,0
                99.211743127,8.53876913900007,0
                99.211744846,8.53878615500003,0
                99.2117431450001,8.53880147100006,0
                99.211739734,8.53881678700003,0
                99.211677401,8.53892913200002,0
                99.211645816,8.53900232000007,0
                99.2116150860001,8.53907636000002,0
                99.2116099770001,8.53911124800004,0
                99.2116108580001,8.53916059500006,0
                99.2116159980001,8.53918016200004,0
                99.2116296830001,8.53919632000003,0
                99.211686129,8.53925669900002,0
                99.211693831,8.53927456200006,0
                99.2116938410001,8.53929243000005,0
                99.2116861600001,8.53931285400006,0
                99.2116784720001,8.53932221700006,0
                99.2115724280001,8.53939801600006,0
                99.2115545840001,8.53941077200005,0
                99.2115357920001,8.53943375400007,0
                99.2115024840001,8.53948141900003,0
                99.2114879690001,8.53951035500006,0
                99.2114811440001,8.53953418200007,0
                99.2114811540001,8.53955119900007,0
                99.211483726,8.53956566200003,0
                99.211509601,8.53960690000002,0
                99.2115418990001,8.53965837100003,0
                99.21154447,8.53967113300007,0
                99.2115402050001,8.53968645000003,0
                99.2115316650001,8.53969921700002,0
                99.2113676110001,8.53980310800006,0
                99.2113582150001,8.53981332400002,0
                99.2113530940001,8.53982693900002,0
                99.21132407,8.53989502300004,0
                99.211318093,8.53990523500005,0
                99.2113061320001,8.53991545200006,0
                99.211192489,8.53998273000008,0
                99.211182238,8.53999379600003,0
                99.2111745540001,8.54000996600007,0
                99.2111591870001,8.54004485900003,0
                99.2111386890001,8.54007124600002,0
                99.2111164780001,8.54009423100007,0
                99.2110788800001,8.54011382100003,0
                99.211040423,8.54012575300004,0
                99.211013929,8.54013087300007,0
                99.2109438460001,8.54014112000004,0
                99.2109345370001,8.54014190900006,0
                99.2108831620001,8.54014625900004,0
                99.2107968340001,8.54014800700003,0
                99.2107218880001,8.54018093200006,0
                99.210667206,8.54021928000003,0
                99.2106145530001,8.54026367800003,0
                99.210489452,8.54047152200008,0
                99.2101579060001,8.54090248300002,0
                99.2099056980001,8.54133340400006,0
                99.209804858,8.54158474400003,0
                99.2097833870001,8.54188630200002,0
                99.2098267650001,8.54207295500004,0
                99.2099422220001,8.54217340800005,0
                99.2101009390001,8.54224511800004,0
                99.210274057,8.54226656100008,0
                99.2106490950001,8.54223046100003,0
                99.2109230940001,8.54207953700006,0
                99.2110600290001,8.54189279200006,0
                99.2112761330001,8.54138291500004,0
                99.211377036,8.54124644800004,0
                99.2115284910001,8.54123200600003,0
                99.2117377000001,8.54130368900007,0
                99.2120624500001,8.54162659300005,0
                99.2124882530001,8.54209304100004,0
                99.2132674960001,8.54258083000008,0
                99.213635433,8.54274576200004,0
                99.213866237,8.54274563400003,0
                99.2140753470001,8.54263782700002,0
                99.214241164,8.54250850100004,0
                99.214356459,8.54230740200006,0
                99.2144572670001,8.54200580100007,0
                99.214529177,8.54161805800004,0
                99.2146300320001,8.54139543600007,0
                99.214795827,8.54123020900005,0
                99.2149472630001,8.54117268800007,0
                99.2151203750001,8.54118695100004,0
                99.2153584550001,8.54129451200004,0
                99.2155388930001,8.54151698200008,0
                99.215762715,8.54191892100005,0
                99.216174068,8.54233511100006,0
                99.2168306470001,8.54272962700003,0
                99.2172418440001,8.54285863300004,0
                99.2177034740001,8.54289427000003,0
                99.2182298960001,8.54271448200006,0
                99.2184606040001,8.54253485900006,0
                99.2187561870001,8.54229058400006,0
                99.2188787580001,8.54221871800007,0
                99.2190374350001,8.54221145100007,0
                99.2192033640001,8.54228315400007,0
                99.21959309,8.54269935300005,0
                99.2201992190001,8.54315850800003,0
                99.2207619640001,8.54343101500007,0
                99.221288572,8.54356713100003,0
                99.221721324,8.54355252400006,0
                99.2223342980001,8.54336550200003,0
                99.2227237150001,8.54325040300006,0
                99.22301945,8.54327177000005,0
                99.2232575530001,8.54341522600004,0
                99.223618435,8.54383861900004,0
                99.2243114650001,8.54488645400005,0
                99.2244918660001,8.54502994000006,0
                99.224636134,8.54504421500008,0
                99.2247659320001,8.54499388500005,0
                99.224809141,8.54488616500004,0
                99.224808792,8.54429025200005,0
                99.2249095600001,8.54392403000003,0
                99.225125705,8.54352184200008,0
                99.2254933560001,8.54319136400005,0
                99.225810633,8.54305476300004,0
                99.2261784520001,8.54300428900007,0
                99.2265607420001,8.54303279000004,0
                99.2270368480001,8.54314738500005,0
                99.2275778680001,8.54326193700007,0
                99.2280034920001,8.54338374400004,0
                99.2282921190001,8.54358460400005,0
                99.2285230700001,8.54382858000002,0
                99.228660317,8.54418030100004,0
                99.228674948,8.54451773800002,0
                99.228559879,8.54507782100006,0
                99.2285456150001,8.54535783300003,0
                99.228625073,8.54555163900005,0
                99.228690058,8.54566647500008,0
                99.2287982660001,8.54569513000007,0
                99.2289930030001,8.54568065500007,0
                99.229137226,8.54563031500004,0
                99.2293536120001,8.54563736400007,0
                99.229844137,8.54573758800007,0
                99.230514988,8.54584488600005,0
                99.231106471,8.54590914800002,0
                99.2315825360001,8.54595194600006,0
                99.2318927110001,8.54599483900006,0
                99.232188502,8.54610953300005,0
                99.2325781500001,8.54637494800005,0
                99.232895689,8.54666194300006,0
                99.2331411000001,8.54695616300006,0
                99.2332927460001,8.54725043700006,0
                99.2333723150001,8.54762373500006,0
                99.233430388,8.54823396900002,0
                99.2334883650001,8.54868625400007,0
                99.2336184050001,8.54903079800005,0
                99.2339360220001,8.54944702800003,0
                99.234130861,8.54959768400005,0
                99.234267925,8.54963350200006,0
                99.2344266060001,8.54963340600005,0
                99.2346212880001,8.54952559200007,0
                99.234931299,8.54929565300006,0
                99.2351692350001,8.54915909300007,0
                99.2355081910001,8.54907991400006,0
                99.235933786,8.54914426800002,0
                99.2363955450001,8.54937373700005,0
                99.23683571,8.54967501300007,0
                99.2372687980001,8.55018450400007,0
                99.237723563,8.55076578000006,0
                99.2379184050001,8.55091643600002,0
                99.2380482660001,8.55096661100004,0
                99.238170864,8.55093063500004,0
                99.238264584,8.55085878100004,0
                99.2383149380001,8.55063618300005,0
                99.238401174,8.55012637200002,0
                99.2385163910001,8.54982475600002,0
                99.238689326,8.54954464100007,0
                99.2391288960001,8.54888384200007,0
                99.2396045030001,8.54818712000002,0
                99.23976293,8.54777778300007,0
                99.2399788270001,8.54700224600003,0
                99.240065111,8.54657141000007,0
                99.240266825,8.54618358500005,0
                99.240475915,8.54605422100008,0
                99.2406418040001,8.54605411800003,0
                99.2408149660001,8.54614016600004,0
                99.2409737620001,8.54632673800006,0
                99.2411038530001,8.54674307700003,0
                99.2411694960001,8.54789896200003,0
                99.241270732,8.54830814200005,0
                99.241429521,8.54848035400005,0
                99.24158822,8.54850897300003,0
                99.2417468820001,8.54848015600004,0
                99.241804512,8.54836524600006,0
                99.2418477140001,8.54824316300005,0
                99.2417898200001,8.54794165200008,0
                99.241753568,8.54764013000005,0
                99.2417893900001,8.54725958500006,0
                99.2419117570001,8.54685744600005,0
                99.2422073180001,8.54660597700007,0
                99.242603934,8.54646931300005,0
                99.2430150270001,8.54641161800004,0
                99.2433035490001,8.54644015600007,0
                99.243527209,8.54654053000007,0
                99.2437004610001,8.54677017000006,0
                99.2439748730001,8.54727975600002,0
                99.2442708730001,8.54771752900007,0
                99.244379226,8.54796874500005,0
                99.2444082920001,8.54830617400006,0
                99.2444159280001,8.54897387800003,0
                99.2443946530001,8.54954108200008,0
                99.24445253,8.54981387200007,0
                99.2446185910001,8.55007223900003,0
                99.24480622,8.55022289000004,0
                99.2451597190001,8.55033754500005,0
                99.2453761670001,8.55043792000004,0
                99.245498888,8.55059579400006,0
                99.245535133,8.55088296100007,0
                99.2454920630001,8.55120606900005,0
                99.245290417,8.55169441400005,0
                99.2451391600001,8.55202477800003,0
                99.245074398,8.55226892700006,0
                99.2450457480001,8.55258485100006,0
                99.2449161420001,8.55293673200003,0
                99.2447143840001,8.55325276900004,0
                99.2444980860001,8.55338931600005,0
                99.244353828,8.55338940700005,0
                99.2440147630001,8.55329628900006,0
                99.2436612750001,8.55320317400003,0
                99.2434809470001,8.55319610500004,0
                99.2432501810001,8.55326805100003,0
                99.2429545570001,8.55343336600004,0
                99.2427455170001,8.55364170900003,0
                99.2426879100001,8.55379251700003,0
                99.2427168570001,8.55394327300007,0
                99.242825092,8.55401500200003,0
                99.2434599440001,8.55420127400004,0
                99.2443689770001,8.55452378700005,0
                99.2446648590001,8.55476770900003,0
                99.2448309000001,8.55499017000005,0
                99.244917618,8.55524858700005,0
                99.2449394480001,8.55554293600005,0
                99.244881933,8.55583733700007,0
                99.2447450920001,8.55616050900005,0
                99.244521622,8.55636886200006,0
                99.24427647,8.55650543200005,0
                99.2440312910001,8.55659892000006,0
                99.2438582520001,8.55671390300006,0
                99.2436636300001,8.55690787800006,0
                99.2434547400001,8.55736032600004,0
                99.243231515,8.55795638000006,0
                99.2429864260001,8.55819346500004,0
                99.2423662830001,8.55846668000004,0
                99.2421139090001,8.55859607100007,0
                99.2420058170001,8.55876127300007,0
                99.2419987160001,8.55893358800006,0
                99.2420853610001,8.55907712400005,0
                99.242359595,8.55929952300005,0
                99.2425834580001,8.55970862500004,0
                99.242995029,8.56039043000004,0
                99.243247609,8.56058412400006,0
                99.2434856850001,8.56065577100003,0
                99.2436804070001,8.56061257000005,0
                99.2438390290001,8.56050477800005,0
                99.244012002,8.56028928000006,0
                99.2443577830001,8.55959263300002,0
                99.2446171700001,8.55915451000004,0
                99.2448118130001,8.55898207300004,0
                99.244970488,8.55896761300005,0
                99.2451364450001,8.55906084300005,0
                99.245215919,8.55926900400004,0
                99.2451081170001,8.55987934400002,0
                99.2450219820001,8.56053992600005,0
                99.245101672,8.56107835000006,0
                99.2452749230001,8.56130080900004,0
                99.24546975,8.56141556400007,0
                99.245714992,8.56141540800007,0
                99.2460755540001,8.56127158400005,0
                99.2466740240001,8.56094811800006,0
                99.2470778000001,8.56070375200005,0
                99.2473660750001,8.56033022200006,0
                99.247582348,8.56014341400004,0
                99.2477914340001,8.56000686700003,0
                99.247986149,8.55994930500003,0
                99.248195379,8.56002814900006,0
                99.2485706740001,8.56036535000004,0
                99.2489169900001,8.56050872400004,0
                99.2492343900001,8.56055159300007,0
                99.2494940540001,8.56054424800004,0
                99.2498257290001,8.56035735900002,0
                99.250287036,8.55985449000002,0
                99.2507555210001,8.55930853000007,0
                99.2508997090001,8.55920074500006,0
                99.2510511610001,8.55916474600002,0
                99.2512170850001,8.55920771600006,0
                99.2516139470001,8.55943720600004,0
                99.2517871950001,8.55963812300007,0
                99.251816165,8.55981759700006,0
                99.2517513780001,8.56001866900004,0
                99.2516288850001,8.56021260300002,0
                99.2513549290001,8.56042098700004,0
                99.2508861810001,8.56057206600008,0
                99.2504823420001,8.56070873900006,0
                99.2502083240001,8.56082379500003,0
                99.250028091,8.56096750500006,0
                99.2499055700001,8.56112553500003,0
                99.24980478,8.56141278800004,0
                99.249783392,8.56180050100005,0
                99.2499783380001,8.56209473700005,0
                99.250101004,8.56216645900003,0
                99.250317436,8.56223093300002,0
                99.2505626640001,8.56220205600005,0
                99.2509736590001,8.56197922400003,0
                99.2513341260001,8.56169898100006,0
                99.251708841,8.56114590200002,0
                99.252004221,8.56060723500002,0
                99.252234871,8.56035579500002,0
                99.2524655970001,8.56021923500003,0
                99.252696374,8.56015446800006,0
                99.252912746,8.56012560500005,0
                99.253158006,8.56016134500004,0
                99.2533744660001,8.56026171800005,0
                99.2534610930001,8.56036935300006,0
                99.2535352500001,8.56055493100007,0
                99.2536155210001,8.56105484000005,0
                99.254382407,8.56106628800006,0
                99.2550630690001,8.56121736500006,0
                99.2561199470001,8.56155537200004,0
                99.2569619760001,8.56198264800003,0
                99.2576159270001,8.56236548600003,0
                99.25817155,8.56299795900003,0
                99.2586016810001,8.56345224700004,0
                99.259166071,8.56380840000003,0
                99.2600154630001,8.56416708300003,0
                99.2607850430001,8.56444417600005,0
                99.2607857080001,8.56444428300006,0
                99.2614968130001,8.56455857400005,0
                99.2621988210001,8.56446236800002,0
                99.26320846,8.56418406500006,0
                99.263948752,8.56381979600008,0
                99.2643908360001,8.56335999600003,0
                99.2646597080001,8.56275671800006,0
                99.2648227380001,8.56208651000003,0
                99.2648989410001,8.56102386700007,0
                99.2648887700001,8.56021915500003,0
              </coordinates>
                
            </LinearRing>
            
          </outerBoundaryIs>
        
        </Polygon>
        
      <styleUrl>
        #tambonStyle</styleUrl>
    </Placemark>

  </Document>
</kml>