<?xml version="1.0" encoding="UTF-8"?>
<kml xmlns="http://www.opengis.net/kml/2.2">
  <Document id="tambon_doc">
    <name>ดอนคา, ท่าตะโก, Nakhon Sawan</name>
    <description>ข้อมูลขอบเขตตำบลดอนคา อำเภอท่าตะโก จังหวัดNakhon Sawan</description>
    
    <!-- Schema สำหรับข้อมูลตำบล -->
    <Schema id="tambon.schema">
      <SimpleField name="ADM3_EN" type="string">
        <displayName>Subdistrict Name (English)</displayName>
      </SimpleField>
      <SimpleField name="ADM3_TH" type="string">
        <displayName>ชื่อตำบล</displayName>
      </SimpleField>
      <SimpleField name="ADM2_EN" type="string">
        <displayName>District Name (English)</displayName>
      </SimpleField>
      <SimpleField name="ADM2_TH" type="string">
        <displayName>ชื่ออำเภอ</displayName>
      </SimpleField>
      <SimpleField name="ADM1_EN" type="string">
        <displayName>Province Name (English)</displayName>
      </SimpleField>
      <SimpleField name="ADM1_TH" type="string">
        <displayName>ชื่อจังหวัด</displayName>
      </SimpleField>
      <SimpleField name="ADM0_EN" type="string">
        <displayName>Country Name (English)</displayName>
      </SimpleField>
      <SimpleField name="ADM0_TH" type="string">
        <displayName>ชื่อประเทศ</displayName>
      </SimpleField>
    </Schema>

    <!-- Style สำหรับตำบล -->
    <Style id="tambonStyle">
      <LineStyle>
        <color>ffff0000</color>
        <width>1.5</width>
      </LineStyle>
      <PolyStyle>
        <color>33ff0000</color>
        <fill>1</fill>
        <outline>1</outline>
      </PolyStyle>
    </Style>

    <Placemark id="Nakhon_Sawan.81">
        
        <ExtendedData>
            
          <SchemaData schemaUrl="#tambon.schema">
                
            <SimpleData name="Shape_Leng">
                0.601561741504</SimpleData>
                
            <SimpleData name="Shape_Area">
                0.00938595845382</SimpleData>
                
            <SimpleData name="ADM3_EN">
                Don Kha</SimpleData>
                
            <SimpleData name="ADM3_TH">
                ดอนคา</SimpleData>
                
            <SimpleData name="ADM3_PCODE">
                TH600806</SimpleData>
                
            <SimpleData name="ADM2_EN">
                Tha Tako</SimpleData>
                
            <SimpleData name="ADM2_TH">
                ท่าตะโก</SimpleData>
                
            <SimpleData name="ADM2_PCODE">
                TH6008</SimpleData>
                
            <SimpleData name="ADM1_EN">
                Nakhon Sawan</SimpleData>
                
            <SimpleData name="ADM1_TH">
                นครสวรรค์</SimpleData>
                
            <SimpleData name="ADM1_PCODE">
                TH60</SimpleData>
                
            <SimpleData name="ADM0_EN">
                Thailand</SimpleData>
                
            <SimpleData name="ADM0_TH">
                ประเทศไทย</SimpleData>
                
            <SimpleData name="ADM0_PCODE">
                TH</SimpleData>
            
          </SchemaData>
        
        </ExtendedData>
        
        <Polygon>
            
          <outerBoundaryIs>
                
            <LinearRing>
                    
              <coordinates>
                    
                100.596930746,15.7431065060001,0
                100.597079834,15.7430064170001,0
                100.597162436,15.742962549,0
                100.597245192,15.7429372290001,0
                100.597309036,15.74294294,0
                100.597360099,15.742945654,0
                100.597407811,15.7429267640001,0
                100.597436179,15.742883299,0
                100.59745769,15.7427780960001,0
                100.597489303,15.7427407870001,0
                100.597521029,15.742718923,0
                100.597565696,15.742718596,0
                100.597639472,15.742770578,0
                100.597719616,15.742819432,0
                100.597783581,15.742840588,0
                100.597847409,15.7428432080001,0
                100.597955777,15.742830057,0
                100.5980385,15.7428016420001,0
                100.598079753,15.7427735370001,0
                100.598104955,15.742733179,0
                100.598110834,15.7426682560001,0
                100.598086208,15.742374908,0
                100.5980953,15.7423130440001,0
                100.598123596,15.7422603140001,0
                100.598316957,15.7421013200001,0
                100.598354803,15.742045424,0
                100.598379819,15.7419803610001,0
                100.598393253,15.741658924,0
                100.598411939,15.7416000800001,0
                100.598449784,15.7415441900001,0
                100.598497368,15.741509853,0
                100.598567478,15.7415000710001,0
                100.598634519,15.7415057580001,0
                100.598692105,15.741526967,0
                100.59874353,15.741576024,0
                100.598772823,15.741649963,0
                100.598783091,15.7417394890001,0
                100.598800302,15.741900034,0
                100.598813277,15.741927742,0
                100.598848513,15.7419460240001,0
                100.598899648,15.7419580060001,0
                100.598976138,15.741948177,0
                100.599141608,15.7418944340001,0
                100.599615819,15.741748833,0
                100.599809711,15.7416578030001,0
                100.599885757,15.741592365,0
                100.600043694,15.7413903670001,0
                100.600071891,15.7413252800001,0
                100.600071504,15.7412758420001,0
                100.600055123,15.74122035,0
                100.600022641,15.741146434,0
                100.599999493,15.7410415520001,0
                100.599998937,15.740970491,0
                100.600014304,15.740896224,0
                100.600045818,15.740846558,0
                100.600102873,15.740799796,0
                100.600322142,15.7406900450001,0
                100.600640248,15.7405733890001,0
                100.60076125,15.740544691,0
                100.600837787,15.740541039,0
                100.600965459,15.7405493690001,0
                100.60107078,15.7405547750001,0
                100.601153647,15.7405448980001,0
                100.601210853,15.740516669,0
                100.601286978,15.740460496,0
                100.60146397,15.7402490910001,0
                100.601524343,15.740217756,0
                100.601588121,15.740214199,0
                100.601639255,15.740226179,0
                100.601847815,15.740379134,0
                100.60192452,15.740397106,0
                100.602001129,15.740402728,0
                100.602112586,15.740377188,0
                100.602214493,15.7403548080001,0
                100.602740487,15.740304598,0
                100.602979496,15.7402719410001,0
                100.603094142,15.740246379,0
                100.603157672,15.74021193,0
                100.603227442,15.7401588870001,0
                100.603315871,15.740043917,0
                100.603687274,15.739401607,0
                100.603728508,15.7393704140001,0
                100.60380799,15.73933584,0
                100.603884502,15.739329093,0
                100.603957963,15.7393409150001,0
                100.604156428,15.739425967,0
                100.604207538,15.739434858,0
                100.604271334,15.7394343880001,0
                100.604328515,15.739403076,0
                100.60444891,15.7392971370001,0
                100.604544179,15.739240818,0
                100.604636419,15.73920615,0
                100.604731921,15.7391807270001,0
                100.604951911,15.7391636630001,0
                100.605066656,15.7391504610001,0
                100.605123927,15.7391314980001,0
                100.605187366,15.7390846860001,0
                100.605301308,15.7389695260001,0
                100.605355342,15.738944415,0
                100.605406338,15.738937854,0
                100.605451086,15.738949882,0
                100.605511991,15.7389865100001,0
                100.605576302,15.739050923,0
                100.605624781,15.739130905,0
                100.605855275,15.7396390110001,0
                100.605903511,15.739688089,0
                100.605945297,15.739727949,0
                100.605993145,15.739727596,0
                100.606040903,15.739714887,0
                100.606075776,15.73968682,0
                100.606088169,15.739640385,0
                100.606078273,15.7391924460001,0
                100.606090641,15.7391429200001,0
                100.606112506,15.73908405,0
                100.606163138,15.739031154,0
                100.606242475,15.738978048,0
                100.606350694,15.738946351,0
                100.606487738,15.7389298890001,0
                100.606577057,15.738929231,0
                100.606656903,15.7389410000001,0
                100.606717736,15.738968361,0
                100.606801231,15.7390388100001,0
                100.606991385,15.739284592,0
                100.607029908,15.739315205,0
                100.607074711,15.73933341,0
                100.607122592,15.7393361470001,0
                100.607221381,15.739323062,0
                100.607301033,15.739310118,0
                100.607368001,15.739306535,0
                100.607425465,15.73931229,0
                100.607483157,15.739345853,0
                100.607547396,15.739400991,0
                100.607608245,15.739431441,0
                100.607784185,15.739491941,0
                100.607915214,15.7395218660001,0
                100.608030201,15.73953956,0
                100.608164225,15.7395447490001,0
                100.608473485,15.739520838,0
                100.608607324,15.739501315,0
                100.608699709,15.7394851870001,0
                100.608846176,15.739450112,0
                100.608970179,15.739396675,0
                100.609249559,15.7392246800001,0
                100.609397791,15.7391560250001,0
                100.609619259,15.739115725,0
                100.61002288,15.7391127450001,0
                100.610080719,15.7391337990001,0
                100.610129945,15.739189278,0
                100.610144264,15.7393180610001,0
                100.61019446,15.739455107,0
                100.610266661,15.739652246,0
                100.610339487,15.7398879900001,0
                100.610465776,15.7401534100001,0
                100.610533462,15.7402989760001,0
                100.610631612,15.7403712830001,0
                100.610863104,15.740476974,0
                100.611125609,15.740578144,0
                100.611145393,15.740625789,0
                100.611156437,15.7407610340001,0
                100.611173449,15.7408092370001,0
                100.611216975,15.74084436,0
                100.611533029,15.740845246,0
                100.611576326,15.740851369,0
                100.611593235,15.7408866870001,0
                100.611604212,15.74101226,0
                100.61161777,15.741044382,0
                100.611644513,15.741060298,0
                100.611760991,15.7410658800001,0
                100.611794386,15.7410817410001,0
                100.611821231,15.741110543,0
                100.611828239,15.7411556000001,0
                100.611792786,15.7413008520001,0
                100.611790038,15.741374981,0
                100.611793701,15.7414168340001,0
                100.611814012,15.741461799,0
                100.611890908,15.7415095600001,0
                100.611997612,15.741540994,0
                100.612054214,15.7415470190001,0
                100.612107286,15.741527289,0
                100.612140403,15.7415077150001,0
                100.6121903,15.741507346,0
                100.612373926,15.741589762,0
                100.612384554,15.7416190820001,0
                100.612384802,15.7416504920001,0
                100.612365188,15.7416941390001,0
                100.612198577,15.741765448,0
                100.612158847,15.7417899070001,0
                100.612136641,15.7418214900001,0
                100.612137003,15.7418673980001,0
                100.612235676,15.7420406590001,0
                100.612325991,15.7421028210001,0
                100.612421006,15.7421287010001,0
                100.612518352,15.74213281,0
                100.612570557,15.7421082600001,0
                100.612604798,15.7420210110001,0
                100.612666638,15.7419528940001,0
                100.612708807,15.741921163,0
                100.612781063,15.741908546,0
                100.612840948,15.7419081030001,0
                100.612925983,15.741934057,0
                100.613083868,15.7420223020001,0
                100.613154321,15.7420966930001,0
                100.613202714,15.742221988,0
                100.613248009,15.7422699910001,0
                100.613330588,15.742300791,0
                100.613919609,15.7420064450001,0
                100.615255062,15.7411314450001,0
                100.615325599,15.7410409720001,0
                100.615352721,15.7409996870001,0
                100.615367386,15.740960914,0
                100.615370231,15.740949507,0
                100.615377059,15.7409221830001,0
                100.615379059,15.74085934,0
                100.615383259,15.7408246420001,0
                100.615396395,15.74078466,0
                100.615413185,15.740757591,0
                100.615455539,15.740694024,0
                100.615475976,15.7406750810001,0
                100.615549516,15.7406430030001,0
                100.615631654,15.7406182290001,0
                100.615701528,15.740620129,0
                100.615786571,15.740646081,0
                100.615864144,15.740674508,0
                100.615944378,15.740724653,0
                100.615979504,15.740748565,0
                100.616019455,15.740753097,0
                100.616079301,15.740747825,0
                100.616151785,15.7407641990001,0
                100.616186961,15.74079535,0
                100.616216599,15.740864119,0
                100.616238816,15.740923953,0
                100.616271014,15.7409726450001,0
                100.616308609,15.74099412,0
                100.616361047,15.740999167,0
                100.616447008,15.7409840290001,0
                100.616484315,15.7409692530001,0
                100.616497203,15.740941966,0
                100.61649512,15.7409147980001,0
                100.616480059,15.740894213,0
                100.616451603,15.740855316,0
                100.61641178,15.7407885530001,0
                100.616388826,15.740725286,0
                100.616384594,15.7406636960001,0
                100.616418109,15.7406417,0
                100.616474227,15.740639474,0
                100.61651755,15.740675401,0
                100.616656706,15.740761364,0
                100.616735484,15.740784337,0
                100.616797223,15.740782068,0
                100.616914893,15.740754005,0
                100.617131666,15.7407161570001,0
                100.617245678,15.7406989950001,0
                100.6179249,15.7406022910001,0
                100.615512617,15.7381094740001,0
                100.61514645,15.7377310730001,0
                100.61501449,15.7376173370001,0
                100.611515029,15.735263715,0
                100.609566051,15.732510285,0
                100.608131103,15.7307430650001,0
                100.607768784,15.7302968390001,0
                100.607150181,15.7295349790001,0
                100.604936771,15.726944362,0
                100.603534125,15.7254815920001,0
                100.602328147,15.724223899,0
                100.600983586,15.7228216500001,0
                100.599069356,15.7202287600001,0
                100.595815147,15.716229546,0
                100.592308165,15.710818643,0
                100.590562283,15.7084819090001,0
                100.589085222,15.7065294120001,0
                100.587738838,15.704286295,0
                100.584944506,15.6995432860001,0
                100.583681485,15.6974614590001,0
                100.582791864,15.6960014960001,0
                100.582072532,15.6948118560001,0
                100.58163617,15.693964136,0
                100.580502253,15.6923248890001,0
                100.578839554,15.689965307,0
                100.577782244,15.68856084,0
                100.576892985,15.687137052,0
                100.575889674,15.6854606270001,0
                100.57441395,15.6830996480001,0
                100.571766294,15.678991008,0
                100.569684843,15.6756024150001,0
                100.568152525,15.673151268,0
                100.56780942,15.6722666320001,0
                100.566804331,15.670336708,0
                100.565119989,15.6675426470001,0
                100.564437277,15.6662259400001,0
                100.563771604,15.664691857,0
                100.561871238,15.6605052950001,0
                100.561270963,15.6593895940001,0
                100.560315486,15.6572053350001,0
                100.559482818,15.6556750560001,0
                100.556390882,15.647412468,0
                100.552172816,15.630881704,0
                100.550872684,15.6266992000001,0
                100.550506112,15.6247022200001,0
                100.550482047,15.6215030720001,0
                100.550364552,15.6196586450001,0
                100.55034341,15.6193267350001,0
                100.54992578,15.6166339590001,0
                100.549509513,15.61502735,0
                100.549073986,15.6133502650001,0
                100.548795154,15.613279838,0
                100.548752279,15.6132191340001,0
                100.548729122,15.613157497,0
                100.548666216,15.6127893890001,0
                100.548655075,15.612681821,0
                100.548639182,15.612629364,0
                100.548613073,15.612591996,0
                100.548568991,15.6125697800001,0
                100.548529918,15.6125656900001,0
                100.548472488,15.612571775,0
                100.548427037,15.6125857970001,0
                100.548316513,15.6126591780001,0
                100.548213794,15.612740009,0
                100.548140063,15.6127883980001,0
                100.548060298,15.6128267300001,0
                100.548010507,15.612844081,0
                100.547812363,15.6128991360001,0
                100.547748482,15.612912921,0
                100.54767817,15.612914158,0
                100.547583108,15.612903779,0
                100.547535498,15.6128824780001,0
                100.547516632,15.612864458,0
                100.547476174,15.6128124950001,0
                100.547413515,15.6126604630001,0
                100.547409729,15.6126455410001,0
                100.547378149,15.61256816,0
                100.547341558,15.6125108370001,0
                100.547308612,15.6124912080001,0
                100.547254838,15.6124804340001,0
                100.547230639,15.6124794620001,0
                100.547188952,15.6124843740001,0
                100.546905574,15.61258651,0
                100.546614277,15.6126661650001,0
                100.546459727,15.612682627,0
                100.546433437,15.6126789480001,0
                100.546312768,15.6126438000001,0
                100.546234536,15.6126036850001,0
                100.54619647,15.6125778470001,0
                100.545957075,15.6123855610001,0
                100.545913964,15.612361005,0
                100.545832567,15.6123341260001,0
                100.545799953,15.612330731,0
                100.545738649,15.6123293640001,0
                100.545709189,15.612338767,0
                100.545649351,15.612365051,0
                100.545584285,15.612413061,0
                100.545379108,15.6126097690001,0
                100.545102019,15.6128620600001,0
                100.544759548,15.6132334820001,0
                100.544250768,15.613786244,0
                100.544091124,15.614005632,0
                100.54392693,15.6141997010001,0
                100.543838933,15.6142848100001,0
                100.543758386,15.6143391470001,0
                100.543648325,15.6143919570001,0
                100.543513196,15.6144448110001,0
                100.543013626,15.614565973,0
                100.542688322,15.6146661710001,0
                100.542491459,15.614747661,0
                100.54234136,15.6147947590001,0
                100.542305152,15.614804029,0
                100.542120102,15.614830377,0
                100.54190464,15.614880849,0
                100.541801598,15.614923951,0
                100.54177145,15.6149405890001,0
                100.54169681,15.614993054,0
                100.541684122,15.6150049010001,0
                100.541634045,15.615066476,0
                100.541606209,15.615110993,0
                100.541581186,15.6151620480001,0
                100.541572479,15.615187984,0
                100.54155953,15.615250491,0
                100.54154995,15.615350635,0
                100.541568114,15.615486763,0
                100.541590165,15.615582257,0
                100.541705915,15.615941456,0
                100.54178704,15.616350331,0
                100.541849965,15.6167815850001,0
                100.541860881,15.6170129330001,0
                100.541866538,15.6171553080001,0
                100.541867004,15.617217603,0
                100.541843114,15.6173970830001,0
                100.541839111,15.6174086570001,0
                100.541823517,15.617435243,0
                100.541787919,15.6174776820001,0
                100.54157525,15.6176838390001,0
                100.541566015,15.61769113,0
                100.541448653,15.617772405,0
                100.541431667,15.6177851360001,0
                100.541363759,15.6178243900001,0
                100.541294462,15.6178556510001,0
                100.541287533,15.6178588130001,0
                100.541182832,15.617906636,0
                100.541111206,15.6179483020001,0
                100.541059746,15.617987811,0
                100.541037123,15.61801117,0
                100.540859193,15.618168187,0
                100.540698177,15.6183621820001,0
                100.540662541,15.618416343,0
                100.540647758,15.6184455260001,0
                100.540628993,15.6184909150001,0
                100.540605293,15.618606116,0
                100.540581092,15.6187029060001,0
                100.540566442,15.618735486,0
                100.540558411,15.618750333,0
                100.540527009,15.6187926160001,0
                100.540516929,15.6188028180001,0
                100.540502183,15.6188145130001,0
                100.540447612,15.618846537,0
                100.540420704,15.618860523,0
                100.540402387,15.618868568,0
                100.540377676,15.618874738,0
                100.540134229,15.6188675490001,0
                100.540023325,15.6188654210001,0
                100.540013218,15.618868917,0
                100.540000977,15.618872568,0
                100.539979154,15.618883865,0
                100.539962616,15.6188978050001,0
                100.539944957,15.618925345,0
                100.539906214,15.619068687,0
                100.539845288,15.61921181,0
                100.539801262,15.619283464,0
                100.539745557,15.6193476890001,0
                100.539690878,15.619391459,0
                100.539660261,15.6194091310001,0
                100.539600772,15.619434488,0
                100.539517792,15.6194619400001,0
                100.539285663,15.619510506,0
                100.53913175,15.619534442,0
                100.539107149,15.6195352560001,0
                100.539067296,15.6195343470001,0
                100.539013678,15.6195260010001,0
                100.538990578,15.619522408,0
                100.538986486,15.619521406,0
                100.538940708,15.619510222,0
                100.538787616,15.6194498510001,0
                100.538551525,15.619313817,0
                100.538388176,15.6192323510001,0
                100.538339081,15.619213367,0
                100.538306145,15.619205848,0
                100.538303284,15.619205407,0
                100.53827948,15.619205574,0
                100.538245954,15.61921332,0
                100.538197004,15.619231187,0
                100.538161081,15.619252009,0
                100.538146056,15.619270068,0
                100.538134826,15.619291119,0
                100.538128276,15.619313945,0
                100.53812724,15.619320094,0
                100.538121398,15.619484557,0
                100.538089684,15.6197351210001,0
                100.538045847,15.619885959,0
                100.538015449,15.619952235,0
                100.537944802,15.6200515640001,0
                100.537887628,15.6201077870001,0
                100.537877897,15.620116103,0
                100.537820187,15.620155487,0
                100.53770835,15.620213436,0
                100.537670277,15.620228028,0
                100.537624781,15.620246476,0
                100.537580906,15.6202752670001,0
                100.537572571,15.6202823840001,0
                100.537566717,15.620290337,0
                100.537563957,15.620294184,0
                100.537551393,15.620320157,0
                100.537542131,15.6203631700001,0
                100.537541644,15.6203748230001,0
                100.537545664,15.620416139,0
                100.537554918,15.6204482900001,0
                100.537555922,15.6204503750001,0
                100.537575807,15.620482515,0
                100.537606648,15.620516105,0
                100.537661845,15.6205592320001,0
                100.537807342,15.6206708660001,0
                100.537929627,15.620787669,0
                100.537994421,15.6208695870001,0
                100.538037398,15.620937359,0
                100.53805353,15.6209769590001,0
                100.538067879,15.621043974,0
                100.538058684,15.621119718,0
                100.538016851,15.6212490500001,0
                100.537998355,15.6212887250001,0
                100.53797483,15.6213219680001,0
                100.537949347,15.6213532960001,0
                100.537903485,15.6213983870001,0
                100.537885354,15.6214113340001,0
                100.537836087,15.621436289,0
                100.537645035,15.6214926640001,0
                100.537375305,15.621550819,0
                100.537264778,15.621581314,0
                100.537009028,15.6216676600001,0
                100.536989605,15.621675623,0
                100.536920602,15.621717228,0
                100.536877198,15.621748541,0
                100.536793083,15.6218234450001,0
                100.536703317,15.62193791,0
                100.53666986,15.621967473,0
                100.536655632,15.621976095,0
                100.536611434,15.621989189,0
                100.536587034,15.621991989,0
                100.536549087,15.6219815540001,0
                100.536535861,15.621975777,0
                100.536505373,15.621953133,0
                100.536490782,15.6219368770001,0
                100.536478982,15.621909746,0
                100.536475847,15.62189138,0
                100.536483275,15.6218481450001,0
                100.536525846,15.621581237,0
                100.536526815,15.6215266730001,0
                100.536520439,15.621493318,0
                100.53650172,15.6214631180001,0
                100.536477806,15.6214466330001,0
                100.536443759,15.6214339470001,0
                100.536408448,15.621426222,0
                100.536350297,15.6214228740001,0
                100.536294184,15.6214326530001,0
                100.536220762,15.6214594530001,0
                100.536123192,15.6215272200001,0
                100.536122292,15.6215279040001,0
                100.535995558,15.6216581690001,0
                100.535957603,15.6217179810001,0
                100.535945478,15.621739807,0
                100.535924915,15.6217976040001,0
                100.535889808,15.622026911,0
                100.535869226,15.6221246870001,0
                100.535846242,15.6221605210001,0
                100.535835464,15.622168473,0
                100.535812106,15.622177719,0
                100.535779563,15.622183519,0
                100.535749543,15.622183729,0
                100.535695173,15.6221672090001,0
                100.535642683,15.622143169,0
                100.535611508,15.622124136,0
                100.535577031,15.622093825,0
                100.535445498,15.6219417730001,0
                100.53537669,15.621877511,0
                100.53532569,15.621847008,0
                100.535319012,15.6218443430001,0
                100.535220981,15.6218159580001,0
                100.535177152,15.621810345,0
                100.535072605,15.6218204620001,0
                100.535008211,15.621837289,0
                100.534968781,15.6218612170001,0
                100.534927864,15.6218965800001,0
                100.534901188,15.6219376180001,0
                100.534865269,15.6219940940001,0
                100.534794274,15.622169754,0
                100.534726728,15.6223970830001,0
                100.534723954,15.622402187,0
                100.534688801,15.62246638,0
                100.534663016,15.6224954910001,0
                100.534646617,15.6225062520001,0
                100.534610186,15.6225266980001,0
                100.534584982,15.622536161,0
                100.534543855,15.6225432630001,0
                100.534538157,15.622543303,0
                100.534493227,15.622534601,0
                100.534463662,15.6225231720001,0
                100.534249574,15.6223932390001,0
                100.534162768,15.622350441,0
                100.534126489,15.622338638,0
                100.534069204,15.6223295350001,0
                100.534043635,15.6223324700001,0
                100.534010681,15.6223457150001,0
                100.533984569,15.6223616460001,0
                100.533956132,15.6223872730001,0
                100.533941669,15.6224107370001,0
                100.533935181,15.622425487,0
                100.533929407,15.622449175,0
                100.533927235,15.622473105,0
                100.533929078,15.6225008110001,0
                100.533931901,15.6225123740001,0
                100.533937219,15.6225295850001,0
                100.53394438,15.6225419530001,0
                100.533946312,15.622544534,0
                100.534023553,15.6226128810001,0
                100.534046718,15.62263338,0
                100.534080007,15.6226701210001,0
                100.534086703,15.6226807080001,0
                100.534095277,15.6226993340001,0
                100.534105559,15.622731301,0
                100.53411525,15.6228323280001,0
                100.534115292,15.622833525,0
                100.534075016,15.62314923,0
                100.534058395,15.6231911150001,0
                100.534048192,15.6232061800001,0
                100.53404552,15.623209258,0
                100.534026179,15.6232257390001,0
                100.53402468,15.6232268110001,0
                100.533996705,15.623239895,0
                100.533961135,15.623247469,0
                100.533882883,15.623253931,0
                100.533465321,15.6232304710001,0
                100.533421331,15.623234543,0
                100.533381826,15.6232478700001,0
                100.533371856,15.623254248,0
                100.533354157,15.6232726690001,0
                100.533341285,15.6232944180001,0
                100.533335931,15.6233237610001,0
                100.533334412,15.623343366,0
                100.533334487,15.6233534250001,0
                100.533344702,15.6234247030001,0
                100.53344187,15.6237244320001,0
                100.533481956,15.6239043960001,0
                100.533471285,15.6240321450001,0
                100.533441012,15.624129988,0
                100.533399184,15.6242372990001,0
                100.533366543,15.6243000970001,0
                100.533343736,15.6243246450001,0
                100.533292603,15.6243571000001,0
                100.533242547,15.62437328,0
                100.5331809,15.624387245,0
                100.533074185,15.624411412,0
                100.532996457,15.6244375100001,0
                100.532961816,15.6244553670001,0
                100.532929911,15.6244905660001,0
                100.532915862,15.624513214,0
                100.532906541,15.624545287,0
                100.532902868,15.6245888490001,0
                100.532902337,15.6246221390001,0
                100.532903586,15.6246490180001,0
                100.532924352,15.624738168,0
                100.532989152,15.624854124,0
                100.533137987,15.625067125,0
                100.533292368,15.6252444150001,0
                100.533378669,15.6253150580001,0
                100.533390494,15.6253268780001,0
                100.533401647,15.625349215,0
                100.533401853,15.625376955,0
                100.533394404,15.6254036780001,0
                100.533379694,15.625420939,0
                100.533351968,15.625443019,0
                100.533201427,15.6255210460001,0
                100.533089231,15.6255776940001,0
                100.533028671,15.625612339,0
                100.532996441,15.625640961,0
                100.532975393,15.625668755,0
                100.532957045,15.6257185200001,0
                100.532947616,15.62576928,0
                100.532932433,15.625911015,0
                100.532932332,15.626071172,0
                100.532933224,15.6261910860001,0
                100.532927611,15.62622631,0
                100.532916761,15.626264146,0
                100.532904768,15.6262850530001,0
                100.532887863,15.6263075040001,0
                100.532861693,15.6263312580001,0
                100.532822058,15.6263535740001,0
                100.532708014,15.6263900430001,0
                100.532623825,15.626411653,0
                100.532555743,15.6264349630001,0
                100.532503208,15.6264665790001,0
                100.532433994,15.6265384070001,0
                100.532369709,15.626595863,0
                100.532326783,15.62662771,0
                100.532298761,15.626644648,0
                100.532267199,15.6266602150001,0
                100.532211208,15.626681583,0
                100.532169715,15.62669421,0
                100.53210183,15.6267027860001,0
                100.532078819,15.626704384,0
                100.532004715,15.626704901,0
                100.531916243,15.626693566,0
                100.531797513,15.62666677,0
                100.531636652,15.6266603830001,0
                100.531552394,15.626670668,0
                100.531527522,15.6266765680001,0
                100.53149087,15.626692527,0
                100.531443341,15.626719936,0
                100.53130466,15.626829802,0
                100.531200863,15.6269413000001,0
                100.53109535,15.6270828520001,0
                100.531009105,15.627209253,0
                100.530941696,15.627353499,0
                100.530939609,15.6273600160001,0
                100.53091796,15.627459603,0
                100.530905711,15.6276361760001,0
                100.530910974,15.6277765580001,0
                100.530912958,15.6278295110001,0
                100.530888484,15.627925439,0
                100.530846324,15.627987692,0
                100.530778904,15.628040732,0
                100.530724836,15.6280655210001,0
                100.530664479,15.6280750070001,0
                100.530145297,15.628035765,0
                100.530011589,15.6280329420001,0
                100.529951417,15.628018341,0
                100.529914328,15.6279810510001,0
                100.52988892,15.6279511860001,0
                100.529865405,15.627915678,0
                100.529870909,15.627874331,0
                100.529888056,15.6278347840001,0
                100.529924322,15.627761305,0
                100.529964464,15.6276878,0
                100.529988924,15.627589997,0
                100.529994307,15.6275317550001,0
                100.529984003,15.6274492160001,0
                100.529950037,15.6273105170001,0
                100.52990659,15.627200041,0
                100.529836106,15.6271010250001,0
                100.529756225,15.6270414970001,0
                100.529686271,15.627013823,0
                100.529556285,15.626990322,0
                100.529407119,15.626993237,0
                100.529254314,15.627028099,0
                100.529177121,15.6270699450001,0
                100.529119544,15.6271435670001,0
                100.529098736,15.627211307,0
                100.529095307,15.627271411,0
                100.529107573,15.627357692,0
                100.529127821,15.62747584,0
                100.529134298,15.627615372,0
                100.529119765,15.627695568,0
                100.529083471,15.6277652910001,0
                100.529035565,15.62783697,0
                100.528954719,15.6279088790001,0
                100.528875665,15.627960124,0
                100.528825502,15.627986503,0
                100.528788814,15.6280057920001,0
                100.528668833,15.6280254050001,0
                100.528376365,15.6280387080001,0
                100.528258393,15.6280676920001,0
                100.528190861,15.6281057100001,0
                100.528133131,15.6281586860001,0
                100.528042669,15.628240052,0
                100.527822861,15.628384274,0
                100.527311423,15.6286544500001,0
                100.527203386,15.6287171610001,0
                100.52712441,15.6287796660001,0
                100.526956869,15.6289178970001,0
                100.526802402,15.628990318,0
                100.526730818,15.6290039570001,0
                100.526672706,15.6290062410001,0
                100.526626141,15.6289971750001,0
                100.526476501,15.628936256,0
                100.52641425,15.628902897,0
                100.526344421,15.6288921170001,0
                100.526280568,15.6289038260001,0
                100.5262208,15.6289436700001,0
                100.526151513,15.6290061120001,0
                100.526090138,15.629091026,0
                100.526040115,15.6291383170001,0
                100.525966879,15.6291913960001,0
                100.52591086,15.629214317,0
                100.525854716,15.629220338,0
                100.525815845,15.629203712,0
                100.525794308,15.6291738190001,0
                100.525776539,15.6291288840001,0
                100.525733251,15.6290390630001,0
                100.525696241,15.629013034,0
                100.525647764,15.6290077350001,0
                100.525581907,15.6290100730001,0
                100.525510402,15.6290349770001,0
                100.525444514,15.629060263,0
                100.525415735,15.6290713080001,0
                100.525311239,15.6290889360001,0
                100.525235595,15.629078196,0
                100.525148228,15.6290543920001,0
                100.525056917,15.6290212330001,0
                100.524998602,15.6289953520001,0
                100.524957666,15.6289618390001,0
                100.524930138,15.628907581,0
                100.52490254,15.628843938,0
                100.52490016,15.6287838740001,0
                100.524899771,15.6287313030001,0
                100.524903285,15.6286824650001,0
                100.524900845,15.628614887,0
                100.524900525,15.6285717050001,0
                100.524888525,15.6285210950001,0
                100.524819825,15.628357285,0
                100.524762495,15.6282956100001,0
                100.524737923,15.6282828390001,0
                100.524716942,15.6282821390001,0
                100.524707886,15.628282202,0
                100.524651842,15.628293469,0
                100.524609615,15.6283078660001,0
                100.524567018,15.628325208,0
                100.524454457,15.6283494030001,0
                100.524396978,15.6283615470001,0
                100.524350605,15.6283607710001,0
                100.524313617,15.628351615,0
                100.524285259,15.6283375720001,0
                100.52419085,15.6282757990001,0
                100.524058784,15.6282038790001,0
                100.524042439,15.6281925370001,0
                100.524018593,15.6281801800001,0
                100.523969954,15.6281366210001,0
                100.523936166,15.628059305,0
                100.523700937,15.62749029,0
                100.523688725,15.627465204,0
                100.523585947,15.62725405,0
                100.523413704,15.6268309170001,0
                100.523190297,15.626226698,0
                100.522993748,15.6255783990001,0
                100.522907133,15.625299532,0
                100.52170279,15.6233085270001,0
                100.520830383,15.6219333070001,0
                100.519765335,15.6202543900001,0
                100.519754365,15.6202370990001,0
                100.519470846,15.618958934,0
                100.519443022,15.6189343940001,0
                100.519424777,15.6189263860001,0
                100.519379878,15.618928039,0
                100.519360682,15.6189314980001,0
                100.519214104,15.618953322,0
                100.51906709,15.618953924,0
                100.519013889,15.618956488,0
                100.518970965,15.6189710510001,0
                100.518953246,15.618984455,0
                100.518933961,15.619007482,0
                100.518933464,15.6190084030001,0
                100.518909929,15.619091241,0
                100.51890748,15.6191152490001,0
                100.518904518,15.619174532,0
                100.518903918,15.619246966,0
                100.518902033,15.619290484,0
                100.518894053,15.6193296060001,0
                100.518880967,15.6193590610001,0
                100.518852848,15.6193855920001,0
                100.518840396,15.6193943860001,0
                100.518795607,15.6194183980001,0
                100.518756876,15.619423565,0
                100.518697503,15.6194239750001,0
                100.518655227,15.61941326,0
                100.518646932,15.6194100590001,0
                100.51860941,15.6193894680001,0
                100.518554695,15.619340467,0
                100.518441984,15.619258938,0
                100.518373811,15.619227586,0
                100.518308054,15.619217065,0
                100.51823666,15.6192098810001,0
                100.518122293,15.6192106710001,0
                100.517987605,15.6192203790001,0
                100.51790268,15.6192209660001,0
                100.51783585,15.6192181380001,0
                100.517791599,15.619206374,0
                100.517740522,15.6191902640001,0
                100.517701875,15.6191707790001,0
                100.517647201,15.619127259,0
                100.517549139,15.619035754,0
                100.517215237,15.618749447,0
                100.517073972,15.6186340950001,0
                100.51701823,15.618599363,0
                100.516806806,15.618491084,0
                100.5166376,15.6184264070001,0
                100.516572774,15.6183884480001,0
                100.516545381,15.618359006,0
                100.51651683,15.6183262820001,0
                100.516501819,15.6182868810001,0
                100.516494751,15.6182496160001,0
                100.516492113,15.618199153,0
                100.516498407,15.6181310710001,0
                100.516509128,15.6180486920001,0
                100.516507591,15.6179938330001,0
                100.516497043,15.617945621,0
                100.516472928,15.617899693,0
                100.516436443,15.617865926,0
                100.516395449,15.6178354800001,0
                100.516354541,15.6178160100001,0
                100.516294437,15.617804355,0
                100.516224201,15.617800452,0
                100.516147211,15.617802077,0
                100.516097429,15.617807912,0
                100.516049948,15.617819212,0
                100.516004803,15.617839276,0
                100.515960843,15.6178670140001,0
                100.515911383,15.6179167400001,0
                100.515869886,15.617971896,0
                100.515823112,15.6180786680001,0
                100.515779845,15.618200781,0
                100.515759859,15.6182546910001,0
                100.515735236,15.618294366,0
                100.515712746,15.618315372,0
                100.515680011,15.618329864,0
                100.515639304,15.6183378280001,0
                100.515588348,15.61833818,0
                100.515542981,15.6183286190001,0
                100.515504403,15.6183179080001,0
                100.515468047,15.6183017010001,0
                100.51543388,15.618275596,0
                100.515385944,15.618224351,0
                100.515315111,15.6181392410001,0
                100.515206716,15.618028053,0
                100.515131512,15.6179649220001,0
                100.515021767,15.6179124550001,0
                100.514973287,15.6179037650001,0
                100.514891375,15.6179069780001,0
                100.514869424,15.617911124,0
                100.514771794,15.61794307,0
                100.514673089,15.6179753650001,0
                100.51462549,15.617987068,0
                100.514563229,15.6179896940001,0
                100.514527423,15.617977825,0
                100.514506435,15.617965945,0
                100.514488496,15.6179488020001,0
                100.514479523,15.617932776,0
                100.514466119,15.6178930610001,0
                100.514443239,15.6177187530001,0
                100.514427507,15.6176496210001,0
                100.514417823,15.617618674,0
                100.514395954,15.61757054,0
                100.514366729,15.6175361890001,0
                100.514351117,15.617527882,0
                100.514326393,15.617517704,0
                100.514306259,15.6175128130001,0
                100.514257943,15.6175131470001,0
                100.514214946,15.6175241490001,0
                100.514186013,15.6175389630001,0
                100.514172121,15.6175503470001,0
                100.514161035,15.6175640930001,0
                100.514143107,15.6175978790001,0
                100.514124075,15.6176516370001,0
                100.514068806,15.6179034200001,0
                100.513972132,15.618263063,0
                100.513919193,15.6183648750001,0
                100.513879258,15.6184093730001,0
                100.513814974,15.618428028,0
                100.513737232,15.6184415700001,0
                100.513664762,15.6184420700001,0
                100.513616254,15.6184163880001,0
                100.513567732,15.618388108,0
                100.513529676,15.6183233420001,0
                100.513475215,15.6182170650001,0
                100.513398817,15.6180485080001,0
                100.513339404,15.6179994930001,0
                100.51328011,15.617966086,0
                100.513210206,15.617950964,0
                100.513132331,15.617946295,0
                100.513043831,15.617957312,0
                100.512952803,15.6179891520001,0
                100.512896858,15.6180467660001,0
                100.512862424,15.618109433,0
                100.512849615,15.618192762,0
                100.512859956,15.6182992400001,0
                100.512861227,15.618312341,0
                100.512875582,15.6184397050001,0
                100.512873378,15.6185047490001,0
                100.512857692,15.6185620850001,0
                100.512839154,15.6185960290001,0
                100.512793713,15.618622358,0
                100.512740144,15.6186383310001,0
                100.512689146,15.618638683,0
                100.512554696,15.618605793,0
                100.512471762,15.61859758,0
                100.512382781,15.61858877,0
                100.512245817,15.6185793070001,0
                100.512129182,15.61859702,0
                100.512007886,15.618649883,0
                100.511904506,15.6187060880001,0
                100.511797931,15.618814338,0
                100.511732989,15.6189347160001,0
                100.511709659,15.6189779600001,0
                100.511660548,15.6191135620001,0
                100.511598008,15.619182419,0
                100.511485301,15.619269165,0
                100.511385164,15.6193034030001,0
                100.511084011,15.619305476,0
                100.510883338,15.6193202740001,0
                100.510700028,15.619341664,0
                100.510442806,15.6194118600001,0
                100.510005712,15.619544369,0
                100.50995127,15.6195889750001,0
                100.50994377,15.619595114,0
                100.509906134,15.6196557600001,0
                100.509893003,15.619753136,0
                100.509897716,15.619924193,0
                100.509926784,15.620111858,0
                100.509934298,15.620192317,0
                100.509913997,15.6202561970001,0
                100.509794461,15.6204784280001,0
                100.509757248,15.620596102,0
                100.509723613,15.620730521,0
                100.509703974,15.6208849710001,0
                100.509687009,15.620932054,0
                100.509663174,15.62098589,0
                100.509632065,15.620992815,0
                100.509573219,15.6209932190001,0
                100.50951052,15.620939978,0
                100.509402695,15.620870268,0
                100.509242753,15.6207740830001,0
                100.509135175,15.6207379200001,0
                100.508961727,15.6206887930001,0
                100.508812734,15.6206696890001,0
                100.508688117,15.620670546,0
                100.508601656,15.6206812040001,0
                100.508508437,15.6207153890001,0
                100.508422512,15.620799848,0
                100.508305874,15.620944901,0
                100.50826814,15.620992126,0
                100.508199155,15.62102615,0
                100.508046775,15.6210171330001,0
                100.507932272,15.6209810170001,0
                100.507810703,15.6209248220001,0
                100.507737443,15.6208481680001,0
                100.50758074,15.6207217620001,0
                100.507507584,15.6206585240001,0
                100.507403441,15.620618984,0
                100.507288943,15.620582868,0
                100.507200035,15.620580288,0
                100.507195454,15.6205801560001,0
                100.507112527,15.620600853,0
                100.507046707,15.6205945950001,0
                100.506966969,15.6205783720001,0
                100.506911313,15.620541852,0
                100.506738355,15.6203631550001,0
                100.506651137,15.6202874050001,0
                100.506572129,15.620257403,0
                100.50645384,15.620242945,0
                100.506335774,15.6202590250001,0
                100.506257607,15.6203435520001,0
                100.506179882,15.620489154,0
                100.506098774,15.620711134,0
                100.506057491,15.620991958,0
                100.50600495,15.621349321,0
                100.505973968,15.6214220680001,0
                100.505923038,15.62146059,0
                100.50586406,15.621476269,0
                100.505793127,15.621472937,0
                100.50492209,15.621401038,0
                100.504531654,15.6213556050001,0
                100.504255631,15.6213193200001,0
                100.504038888,15.6213093540001,0
                100.50389056,15.6213041250001,0
                100.503605112,15.6213597660001,0
                100.503719153,15.6218344500001,0
                100.504217767,15.623478764,0
                100.503883654,15.623580314,0
                100.503440744,15.623731848,0
                100.502835458,15.6239787050001,0
                100.502125367,15.624413588,0
                100.501748859,15.624674702,0
                100.501724763,15.62473027,0
                100.501972809,15.625520022,0
                100.502034547,15.6257728590001,0
                100.502154873,15.6262205260001,0
                100.502272092,15.626615445,0
                100.502684441,15.628282577,0
                100.502967706,15.6294203210001,0
                100.503037528,15.6298667880001,0
                100.503127621,15.6304428290001,0
                100.503159608,15.6307222560001,0
                100.503197018,15.6309990070001,0
                100.503203904,15.6311968200001,0
                100.503188266,15.6312918990001,0
                100.503159051,15.6313923490001,0
                100.503113293,15.6314638960001,0
                100.503053938,15.631538171,0
                100.502961897,15.63161003,0
                100.502831634,15.6316663260001,0
                100.502696191,15.631711291,0
                100.502576402,15.631737021,0
                100.502116465,15.63175864,0
                100.50208458,15.6317610680001,0
                100.50199787,15.6317504680001,0
                100.501977512,15.6317437610001,0
                100.50186024,15.6317155470001,0
                100.501655696,15.6316668220001,0
                100.501547324,15.6316593080001,0
                100.501320353,15.6316680150001,0
                100.501046264,15.631721118,0
                100.501005055,15.631727772,0
                100.500858632,15.631751418,0
                100.500722882,15.6318024720001,0
                100.500554847,15.6319065110001,0
                100.5004166,15.631989237,0
                100.500297224,15.6320454570001,0
                100.50020244,15.6321146990001,0
                100.500132161,15.6321837690001,0
                100.500091844,15.632255274,0
                100.500000859,15.6324722260001,0
                100.499928068,15.632570335,0
                100.499860757,15.632673685,0
                100.499825944,15.632753069,0
                100.499807635,15.632856083,0
                100.499775507,15.6329301710001,0
                100.499734901,15.6329621040001,0
                100.499648148,15.6330128220001,0
                100.499561283,15.6330477110001,0
                100.499463569,15.633087952,0
                100.499384735,15.6331043210001,0
                100.499313933,15.6331021660001,0
                100.499164013,15.6330768080001,0
                100.499128012,15.6330724540001,0
                100.499019594,15.633059331,0
                100.49893248,15.633059926,0
                100.49882109,15.633092343,0
                100.498528248,15.6332552710001,0
                100.498368323,15.6333513390001,0
                100.498311631,15.6334176820001,0
                100.498282144,15.6334811990001,0
                100.498282663,15.6335524250001,0
                100.498294266,15.633649957,0
                100.498300437,15.633750165,0
                100.49833447,15.6339372410001,0
                100.498334823,15.633985728,0
                100.498334988,15.6340084670001,0
                100.498310848,15.634058757,0
                100.498251341,15.634111927,0
                100.498099974,15.634253024,0
                100.497726732,15.634600935,0
                100.497474868,15.6348989040001,0
                100.497279279,15.635130299,0
                100.497106644,15.6354388250001,0
                100.496982025,15.635729499,0
                100.496955476,15.6357737500001,0
                100.496948735,15.635784981,0
                100.496943728,15.6357891500001,0
                100.496904128,15.6358221560001,0
                100.496890608,15.6358317200001,0
                100.496875259,15.63584258,0
                100.496858657,15.635852238,0
                100.49663286,15.635960911,0
                100.496533717,15.636023132,0
                100.496273708,15.6362095760001,0
                100.49621947,15.636238968,0
                100.496182883,15.6362471030001,0
                100.496150796,15.6362429750001,0
                100.496044696,15.636207067,0
                100.49601253,15.6361991700001,0
                100.495982302,15.6361955580001,0
                100.495950894,15.636201489,0
                100.495941808,15.636204493,0
                100.495924705,15.636215125,0
                100.495905167,15.636241066,0
                100.495895745,15.6362633370001,0
                100.495890983,15.636294804,0
                100.495891334,15.63634302,0
                100.495876351,15.6364054480001,0
                100.495861964,15.6364280020001,0
                100.495828629,15.6364607570001,0
                100.495681017,15.6365556100001,0
                100.495592936,15.6366421770001,0
                100.495563805,15.636683675,0
                100.495537975,15.636727496,0
                100.495522385,15.63676093,0
                100.495459876,15.636944241,0
                100.495404791,15.6370804640001,0
                100.495388057,15.63710343,0
                100.49536941,15.6371217560001,0
                100.495332509,15.637148412,0
                100.495276909,15.6371713090001,0
                100.495120088,15.6372486280001,0
                100.494878999,15.637391044,0
                100.494648422,15.637537568,0
                100.49459353,15.637581085,0
                100.494479231,15.6376832940001,0
                100.494392442,15.6377719980001,0
                100.494303978,15.63787088,0
                100.494189704,15.638027548,0
                100.494101306,15.6381843230001,0
                100.494027304,15.6383592390001,0
                100.494024975,15.6384142790001,0
                100.494049349,15.639015407,0
                100.49405561,15.6390505310001,0
                100.494065323,15.639279774,0
                100.494140279,15.639663784,0
                100.494256317,15.6399493320001,0
                100.494305035,15.6400941740001,0
                100.494324715,15.640166729,0
                100.494331733,15.640201948,0
                100.494331835,15.640203768,0
                100.494338472,15.6403227000001,0
                100.49433534,15.640335212,0
                100.494323184,15.6403554720001,0
                100.494308025,15.640364708,0
                100.494233849,15.6403711200001,0
                100.493973416,15.640377974,0
                100.493850906,15.640387607,0
                100.493744369,15.6404081310001,0
                100.4937153,15.64042664,0
                100.493697923,15.640448436,0
                100.493694061,15.6404560550001,0
                100.493685375,15.640489275,0
                100.493682268,15.640608711,0
                100.493639327,15.640947737,0
                100.49362895,15.641081978,0
                100.493638652,15.6411676970001,0
                100.493623897,15.6413239660001,0
                100.493634407,15.641415716,0
                100.493677162,15.6416063140001,0
                100.493783316,15.641845339,0
                100.493912721,15.642473529,0
                100.493819338,15.643212358,0
                100.493752413,15.6434435250001,0
                100.493735964,15.643492483,0
                100.493667269,15.643929042,0
                100.493631274,15.64419765,0
                100.493509564,15.6450132160001,0
                100.493255589,15.6458171780001,0
                100.493196257,15.646060295,0
                100.492990868,15.647361919,0
                100.492950519,15.6477350820001,0
                100.492885127,15.649489391,0
                100.492873815,15.6495423540001,0
                100.492822163,15.6496800580001,0
                100.49274517,15.649797372,0
                100.492701989,15.649852884,0
                100.492550852,15.649995689,0
                100.492529471,15.65001025,0
                100.49233968,15.6500957690001,0
                100.492044125,15.6501915150001,0
                100.491908569,15.6502074590001,0
                100.491812592,15.6502018580001,0
                100.491210373,15.650083287,0
                100.491039297,15.6500748890001,0
                100.491003114,15.650081281,0
                100.490839115,15.6501354960001,0
                100.490802159,15.6501567920001,0
                100.490652452,15.650258341,0
                100.490434966,15.650405871,0
                100.490349236,15.6504640220001,0
                100.489909451,15.650811273,0
                100.489843279,15.6508561580001,0
                100.489729579,15.650895013,0
                100.489602344,15.6509254050001,0
                100.48942447,15.650939882,0
                100.489130806,15.650896398,0
                100.488987668,15.6508553850001,0
                100.48877172,15.650760018,0
                100.488517307,15.650632714,0
                100.488488801,15.6506184510001,0
                100.48796644,15.6504158450001,0
                100.487667088,15.650341618,0
                100.487595046,15.6503392010001,0
                100.487398727,15.650373184,0
                100.487260181,15.6504323570001,0
                100.487158305,15.6505217430001,0
                100.486501848,15.651385986,0
                100.485878054,15.652108523,0
                100.485433663,15.6528148300001,0
                100.484953934,15.653270998,0
                100.484542516,15.6534776,0
                100.483502193,15.653951992,0
                100.482387434,15.654367011,0
                100.481404694,15.654673899,0
                100.481110379,15.6547602140001,0
                100.480917406,15.65484579,0
                100.480831778,15.654896652,0
                100.480784928,15.654935606,0
                100.480605068,15.655143288,0
                100.48039794,15.6554265230001,0
                100.480359851,15.655478605,0
                100.480249632,15.655660229,0
                100.479883668,15.6564714900001,0
                100.479812469,15.6566293240001,0
                100.479784328,15.656671126,0
                100.479696043,15.6567801480001,0
                100.47959132,15.6568790860001,0
                100.479572453,15.65689193,0
                100.479417781,15.656986257,0
                100.479369022,15.6570042330001,0
                100.479325826,15.657020156,0
                100.479277871,15.657029306,0
                100.479210393,15.657036093,0
                100.478814148,15.6569852490001,0
                100.478548161,15.656874239,0
                100.478327221,15.656731591,0
                100.478079825,15.656507646,0
                100.476655065,15.655469886,0
                100.476358322,15.6553543810001,0
                100.476042886,15.655337703,0
                100.475785828,15.6553441340001,0
                100.47568413,15.6553683230001,0
                100.475664274,15.6553889150001,0
                100.475165573,15.65681354,0
                100.474983856,15.657331044,0
                100.474353934,15.6592199090001,0
                100.474014882,15.660345711,0
                100.473910653,15.660729615,0
                100.473326157,15.6627902770001,0
                100.472744726,15.664859693,0
                100.472716854,15.6649639770001,0
                100.472561672,15.665532682,0
                100.472165209,15.6669247930001,0
                100.471988183,15.6675697640001,0
                100.471833485,15.668148543,0
                100.47172897,15.668537144,0
                100.471570007,15.6691059830001,0
                100.47138094,15.669789022,0
                100.471111108,15.6708255880001,0
                100.469796214,15.6756910770001,0
                100.469845584,15.6757765850001,0
                100.46975505,15.6762158450001,0
                100.469480579,15.6771328070001,0
                100.46952373,15.6771627680001,0
                100.469605696,15.677162218,0
                100.469917501,15.6770996220001,0
                100.470248663,15.677014206,0
                100.470626903,15.676962501,0
                100.470806305,15.6769423870001,0
                100.471024901,15.6769447,0
                100.47135289,15.6769614030001,0
                100.471875204,15.676952219,0
                100.472291597,15.6769595000001,0
                100.47319695,15.6769332420001,0
                100.474253039,15.6768807490001,0
                100.474876576,15.6768656240001,0
                100.475965803,15.676838112,0
                100.477013347,15.6768041500001,0
                100.477825508,15.676845728,0
                100.478436162,15.6768483230001,0
                100.478796875,15.676832441,0
                100.479244714,15.6768466680001,0
                100.480068462,15.6769453430001,0
                100.480507457,15.6769997060001,0
                100.480702504,15.677015247,0
                100.480855806,15.6770344460001,0
                100.480950029,15.6770675290001,0
                100.48106531,15.677124082,0
                100.48123998,15.677210583,0
                100.481306522,15.677232239,0
                100.481447795,15.677246273,0
                100.481466503,15.6772461460001,0
                100.482029783,15.67715802,0
                100.482457313,15.677070816,0
                100.482766423,15.6769742920001,0
                100.482894896,15.6769295820001,0
                100.482964413,15.6769156170001,0
                100.483020109,15.67691524,0
                100.483089918,15.67694175,0
                100.483229541,15.6769947610001,0
                100.483365509,15.6770241890001,0
                100.483511803,15.6770366870001,0
                100.483560125,15.6770499520001,0
                100.483602962,15.677065858,0
                100.483840767,15.677185771,0
                100.483882057,15.6772129170001,0
                100.483991282,15.677297546,0
                100.484086888,15.677356639,0
                100.484172238,15.6773958950001,0
                100.484263023,15.677426167,0
                100.484716723,15.677588337,0
                100.48497501,15.6776843850001,0
                100.48499617,15.6776892080001,0
                100.485019609,15.6776891980001,0
                100.485544958,15.6777961130001,0
                100.486403111,15.677942247,0
                100.486674702,15.678027881,0
                100.487256269,15.678221776,0
                100.487148689,15.6790665400001,0
                100.486937199,15.6807271810001,0
                100.486882276,15.6810476410001,0
                100.48686059,15.681298188,0
                100.486855506,15.681677618,0
                100.487006612,15.6827745840001,0
                100.487022525,15.682794125,0
                100.48702377,15.682795969,0
                100.487158139,15.683897088,0
                100.487199602,15.684191158,0
                100.487215694,15.684358393,0
                100.487258805,15.684683546,0
                100.487183224,15.687359257,0
                100.48710542,15.68849483,0
                100.487077416,15.6892464630001,0
                100.487076565,15.6892500750001,0
                100.487066933,15.689272085,0
                100.487062614,15.6892779660001,0
                100.487039746,15.6892970070001,0
                100.486986191,15.6893416030001,0
                100.486979505,15.6893524170001,0
                100.486975762,15.6893630490001,0
                100.486994238,15.690311815,0
                100.486984133,15.690438371,0
                100.486992333,15.690901163,0
                100.48698542,15.691940726,0
                100.486992154,15.692215306,0
                100.48687539,15.6932189940001,0
                100.486868332,15.6934224030001,0
                100.486964775,15.693709605,0
                100.48696947,15.6937504380001,0
                100.486976158,15.693860354,0
                100.487013896,15.695213527,0
                100.487014117,15.6955361340001,0
                100.487014742,15.696468554,0
                100.487022987,15.6974989570001,0
                100.486934494,15.6980975980001,0
                100.486765971,15.699182411,0
                100.486722827,15.699378934,0
                100.48670418,15.69940261,0
                100.486659248,15.6994278870001,0
                100.486621537,15.699455073,0
                100.486602659,15.69948293,0
                100.486596171,15.699507517,0
                100.486589683,15.6995474870001,0
                100.48658944,15.699553978,0
                100.486589697,15.69958931,0
                100.4865947,15.6996417280001,0
                100.486601059,15.699672053,0
                100.486622493,15.699880352,0
                100.48664222,15.699977399,0
                100.486695869,15.70018537,0
                100.486776705,15.70036179,0
                100.486917183,15.700573391,0
                100.487066817,15.700854997,0
                100.487139143,15.701076809,0
                100.487160194,15.7013459,0
                100.487184457,15.701536365,0
                100.487194831,15.7017047590001,0
                100.487195892,15.7018510460001,0
                100.487174839,15.702083246,0
                100.487150649,15.7022978690001,0
                100.487159369,15.702434962,0
                100.487173686,15.702634362,0
                100.487248404,15.7029979370001,0
                100.487291562,15.703269458,0
                100.487323355,15.703406466,0
                100.487344712,15.7034985180001,0
                100.487413394,15.70373994,0
                100.48749214,15.703948874,0
                100.487536987,15.704098193,0
                100.487545925,15.7042652100001,0
                100.487542349,15.704482188,0
                100.487514771,15.704587266,0
                100.487444652,15.704854416,0
                100.48757515,15.70487121,0
                100.487702323,15.704887575,0
                100.487784809,15.704901976,0
                100.487796085,15.7049083790001,0
                100.487804345,15.7049101530001,0
                100.487924801,15.704957393,0
                100.488058433,15.705022243,0
                100.488129882,15.7050488260001,0
                100.48819196,15.70507192,0
                100.488317636,15.7051191190001,0
                100.488375295,15.7051490800001,0
                100.488409421,15.705174141,0
                100.488464949,15.7052317820001,0
                100.488473272,15.705242824,0
                100.488498865,15.70528784,0
                100.488506428,15.705309814,0
                100.4885125,15.705345428,0
                100.488510732,15.7054617910001,0
                100.488475941,15.7057048390001,0
                100.488396239,15.7060282840001,0
                100.48839478,15.706034201,0
                100.488377292,15.7061430790001,0
                100.488370158,15.706239242,0
                100.488374857,15.7062817520001,0
                100.488379027,15.7062971930001,0
                100.488396984,15.7063377010001,0
                100.488412774,15.70636962,0
                100.488440834,15.7063991000001,0
                100.488454956,15.706410659,0
                100.488614765,15.7065229610001,0
                100.488690944,15.7065764980001,0
                100.488786607,15.7066323380001,0
                100.488887277,15.7066914070001,0
                100.488945836,15.7067155510001,0
                100.489007629,15.7067300690001,0
                100.489061626,15.7067329010001,0
                100.489123295,15.7067303480001,0
                100.489201312,15.706704206,0
                100.489295717,15.706658743,0
                100.48936165,15.706636955,0
                100.489434268,15.7066247240001,0
                100.489541183,15.7066335980001,0
                100.489634762,15.7066438910001,0
                100.489774979,15.7066704150001,0
                100.489838904,15.706675316,0
                100.489898309,15.7066642410001,0
                100.489959893,15.7066499480001,0
                100.490051239,15.7066386560001,0
                100.490123921,15.7066360220001,0
                100.49016578,15.7066357370001,0
                100.490215404,15.7066428680001,0
                100.490310112,15.706678261,0
                100.490355276,15.706695026,0
                100.490396429,15.706698537,0
                100.490445328,15.7066906150001,0
                100.490494075,15.7066618270001,0
                100.490560051,15.70657791,0
                100.490654872,15.706421714,0
                100.490709387,15.7063777110001,0
                100.490764117,15.706364056,0
                100.490830685,15.706361708,0
                100.490946484,15.706396957,0
                100.49102696,15.706422966,0
                100.491076001,15.7064340150001,0
                100.491130814,15.7064317430001,0
                100.491181608,15.706414323,0
                100.491204912,15.706387606,0
                100.491218272,15.7063400920001,0
                100.491227498,15.706262252,0
                100.491234889,15.706201498,0
                100.491256059,15.706150135,0
                100.49129678,15.706094847,0
                100.491378489,15.706020304,0
                100.491512872,15.7059188480001,0
                100.491690506,15.705839858,0
                100.491932744,15.705758534,0
                100.49200306,15.7057333930001,0
                100.49208882,15.7056777930001,0
                100.49219014,15.705606916,0
                100.492266108,15.7055513830001,0
                100.492346092,15.7055091030001,0
                100.492570733,15.7054316900001,0
                100.492793497,15.705365672,0
                100.492926533,15.7053476900001,0
                100.493032318,15.705352657,0
                100.493112799,15.7053786650001,0
                100.493171613,15.7053877480001,0
                100.49323825,15.70539488,0
                100.493296954,15.705388785,0
                100.493345769,15.7053694850001,0
                100.49337245,15.70534532,0
                100.493387841,15.705331383,0
                100.493430819,15.7052535340001,0
                100.49344648,15.705203076,0
                100.493481601,15.7050899060001,0
                100.493500886,15.705038072,0
                100.493522975,15.704984854,0
                100.493554863,15.7049274890001,0
                100.493617413,15.704837255,0
                100.4936578,15.704789357,0
                100.493681511,15.704766062,0
                100.493682722,15.7047650870001,0
                100.493704859,15.704747293,0
                100.493712233,15.704741364,0
                100.493735989,15.7047248700001,0
                100.493773845,15.704715089,0
                100.493842631,15.704709173,0
                100.493886202,15.704712961,0
                100.493915798,15.7047263650001,0
                100.493952552,15.704758768,0
                100.493993643,15.7048074690001,0
                100.494034754,15.704858894,0
                100.494067336,15.7048967710001,0
                100.494092847,15.7049278910001,0
                100.494122512,15.70495082,0
                100.494146496,15.7049656230001,0
                100.494176066,15.704974943,0
                100.494218219,15.7049773790001,0
                100.494274403,15.704976995,0
                100.494319428,15.704987569,0
                100.494353261,15.7050036690001,0
                100.494380117,15.7050266140001,0
                100.494457873,15.7050954760001,0
                100.494545543,15.7051751560001,0
                100.494596383,15.705212908,0
                100.494627393,15.7052276630001,0
                100.494655544,15.705235632,0
                100.494687853,15.705235411,0
                100.494718733,15.7052324790001,0
                100.494771985,15.705215787,0
                100.494802761,15.705197889,0
                100.494836291,15.7051731670001,0
                100.494857149,15.70514445,0
                100.494991372,15.704865956,0
                100.49501496,15.7048263350001,0
                100.495034468,15.704804434,0
                100.495056829,15.704789314,0
                100.495086256,15.704779586,0
                100.495124181,15.704779327,0
                100.495171995,15.704787165,0
                100.495422635,15.704871171,0
                100.4954606,15.704876352,0
                100.495495693,15.704873391,0
                100.495529316,15.7048609140001,0
                100.495555865,15.7048416850001,0
                100.495592034,15.704793812,0
                100.495781403,15.7043734320001,0
                100.4958036,15.7043351840001,0
                100.495825823,15.7043010130001,0
                100.495860672,15.7042640400001,0
                100.495895615,15.7042406680001,0
                100.495954428,15.7042157720001,0
                100.496017508,15.7041976520001,0
                100.496107241,15.7041752650001,0
                100.496143698,15.7041668540001,0
                100.496171711,15.7041557760001,0
                100.496234622,15.704114525,0
                100.496298892,15.704067824,0
                100.496332486,15.7040512670001,0
                100.496368913,15.7040387710001,0
                100.496401197,15.7040358290001,0
                100.49645036,15.704035493,0
                100.496495336,15.7040392650001,0
                100.49654317,15.704049824,0
                100.496592477,15.704069894,0
                100.496650214,15.704089911,0
                100.496727587,15.704105708,0
                100.496813366,15.704118727,0
                100.496879478,15.704131881,0
                100.496920281,15.7041411230001,0
                100.496949876,15.704154526,0
                100.496975319,15.7041761250001,0
                100.497154871,15.70433545,0
                100.497180274,15.704351608,0
                100.497204228,15.704362325,0
                100.497237961,15.704364814,0
                100.497329247,15.704362829,0
                100.49736999,15.70436391,0
                100.497405153,15.704370474,0
                100.497445995,15.7043851610001,0
                100.497478518,15.704414872,0
                100.497516782,15.704460871,0
                100.497538126,15.704498824,0
                100.49755251,15.7045449870001,0
                100.49756556,15.7046006840001,0
                100.497589248,15.704766523,0
                100.497596566,15.704807293,0
                100.49761093,15.704850735,0
                100.497626599,15.704880562,0
                100.497649243,15.704903539,0
                100.497673287,15.704926507,0
                100.497722649,15.704953382,0
                100.497780406,15.704976114,0
                100.497935344,15.7050349200001,0
                100.497991747,15.7050644710001,0
                100.498062315,15.705110249,0
                100.498096132,15.7051249840001,0
                100.498132713,15.705132899,0
                100.498184754,15.705142063,0
                100.498267651,15.70514558,0
                100.498336536,15.705153269,0
                100.498378764,15.7051652260001,0
                100.498404127,15.705175938,0
                100.498440843,15.7052029000001,0
                100.498486047,15.705237964,0
                100.498646227,15.705436881,0
                100.498677346,15.7054666060001,0
                100.498705627,15.70549226,0
                100.498740944,15.705519232,0
                100.498820016,15.705575836,0
                100.498859664,15.705619105,0
                100.498904968,15.7056677800001,0
                100.498919184,15.705690815,0
                100.498934892,15.7057260820001,0
                100.498945084,15.705774998,0
                100.49894836,15.705838924,0
                100.498940537,15.705921978,0
                100.49892681,15.705965613,0
                100.498899235,15.7060365560001,0
                100.498892724,15.7060539130001,0
                100.498881325,15.706084305,0
                100.498868942,15.706119765,0
                100.498864928,15.706147005,0
                100.498865127,15.7061742180001,0
                100.498872367,15.7062041020001,0
                100.498892253,15.706233899,0
                100.49891916,15.7062636480001,0
                100.498950189,15.7062811270001,0
                100.498979725,15.706286365,0
                100.499021883,15.7062887970001,0
                100.499120181,15.706285402,0
                100.499176365,15.706285016,0
                100.499212926,15.7062902060001,0
                100.49924532,15.7063022300001,0
                100.499267935,15.706321127,0
                100.49928216,15.706345518,0
                100.499296465,15.706380799,0
                100.49930461,15.7065344970001,0
                100.49931183,15.706561661,0
                100.499324601,15.7065792610001,0
                100.499337393,15.706599581,0
                100.499367058,15.70662251,0
                100.499451623,15.70666139,0
                100.49968827,15.706752287,0
                100.499971053,15.706812938,0
                100.500094233,15.7068431650001,0
                100.500132879,15.7068526470001,0
                100.500338417,15.706915184,0
                100.500405908,15.706924246,0
                100.500464901,15.706923841,0
                100.500494337,15.706915473,0
                100.500560052,15.7068742060001,0
                100.50071639,15.706739785,0
                100.500768063,15.70669861,0
                100.500808658,15.7066792840001,0
                100.500859081,15.706659885,0
                100.500905362,15.706650046,0
                100.500950268,15.706644292,0
                100.501006453,15.7066439060001,0
                100.501076782,15.706657029,0
                100.501121858,15.7066744110001,0
                100.501168408,15.706701305,0
                100.501207937,15.7067282420001,0
                100.501256081,15.706780978,0
                100.501304488,15.706869091,0
                100.501357312,15.706985742,0
                100.501384269,15.707022292,0
                100.501450875,15.7071021140001,0
                100.501486347,15.7071508560001,0
                100.501506209,15.707177933,0
                100.501537567,15.7072403060001,0
                100.50155617,15.707286439,0
                100.501570564,15.707333965,0
                100.501583635,15.7073923830001,0
                100.501593843,15.707444019,0
                100.50160315,15.70756369,0
                100.501613726,15.707665666,0
                100.501618312,15.70771598,0
                100.501631333,15.707767597,0
                100.501647062,15.707805584,0
                100.501669912,15.7078571330001,0
                100.501785001,15.7080359490001,0
                100.502003792,15.708373248,0
                100.502116323,15.708586096,0
                100.502176214,15.7087081440001,0
                100.50220356,15.7087977570001,0
                100.502229378,15.708871054,0
                100.502244092,15.708962119,0
                100.502254554,15.7090477680001,0
                100.502274935,15.7091455950001,0
                100.502299463,15.709233867,0
                100.502315223,15.7092759390001,0
                100.502340886,15.7093274690001,0
                100.502363716,15.709376293,0
                100.50238925,15.7094101370001,0
                100.502416148,15.7094385250001,0
                100.502425643,15.709446987,0
                100.502440856,15.7094590930001,0
                100.502465546,15.7094708390001,0
                100.50249091,15.7094815510001,0
                100.502517029,15.7094882540001,0
                100.502525165,15.7094895540001,0
                100.50257947,15.7094904680001,0
                100.502631001,15.7094935160001,0
                100.502671632,15.7095033370001,0
                100.502680722,15.7095060990001,0
                100.502717353,15.709520813,0
                100.502730974,15.70952823,0
                100.502760876,15.7095502170001,0
                100.5027696,15.7095585540001,0
                100.502804933,15.709604757,0
                100.502809773,15.709613341,0
                100.50284415,15.7096743320001,0
                100.502888642,15.709814851,0
                100.502913756,15.709899636,0
                100.502930625,15.7099370230001,0
                100.502950623,15.709970561,0
                100.502973763,15.7100017810001,0
                100.502990491,15.7100200360001,0
                100.503012741,15.7100374890001,0
                100.50304689,15.7100609780001,0
                100.50307464,15.7100737980001,0
                100.503115853,15.7100911200001,0
                100.503145928,15.7100978,0
                100.503196586,15.7101096980001,0
                100.503270931,15.7101199000001,0
                100.503295445,15.7101227910001,0
                100.503322389,15.7101333250001,0
                100.503360468,15.7101544920001,0
                100.503386697,15.7101749760001,0
                100.503405007,15.7101939840001,0
                100.50342263,15.710226774,0
                100.503434725,15.7102595980001,0
                100.503447041,15.710323041,0
                100.503459,15.7104454190001,0
                100.503464763,15.7104767590001,0
                100.503473639,15.710501955,0
                100.503482487,15.7105233230001,0
                100.503499294,15.710552292,0
                100.503521656,15.710585049,0
                100.503556008,15.71063609,0
                100.50357595,15.7106619780001,0
                100.503598251,15.7106863170001,0
                100.503619714,15.7107037710001,0
                100.503647486,15.7107196530001,0
                100.503672078,15.7107332580001,0
                100.503700621,15.7107468400001,0
                100.503737838,15.710757298,0
                100.503765538,15.710763994,0
                100.503807421,15.710764474,0
                100.503861925,15.7107625670001,0
                100.503944798,15.71074975,0
                100.504011088,15.7107385790001,0
                100.504039542,15.710739915,0
                100.504064078,15.710745869,0
                100.504096528,15.7107532960001,0
                100.504121091,15.710762314,0
                100.504139357,15.710775198,0
                100.504148954,15.7107912060001,0
                100.504159468,15.710824041,0
                100.504163705,15.710863047,0
                100.504162607,15.7109288780001,0
                100.504160468,15.7109602730001,0
                100.504128043,15.711171736,0
                100.50412511,15.711202373,0
                100.504116621,15.7112299830001,0
                100.504108921,15.7112575890001,0
                100.504098006,15.711277565,0
                100.504083916,15.7112952640001,0
                100.504068263,15.7113160370001,0
                100.504015689,15.7113653800001,0
                100.503975729,15.711411578,0
                100.503952274,15.711445419,0
                100.503940594,15.711469224,0
                100.503928908,15.7114915020001,0
                100.503922772,15.7115168010001,0
                100.503922141,15.711538234,0
                100.503922354,15.7115673170001,0
                100.50392652,15.711597136,0
                100.503937017,15.71162768,0
                100.503982592,15.711700841,0
                100.504002541,15.711727492,0
                100.504018475,15.7117449830001,0
                100.504046259,15.7117631620001,0
                100.504065279,15.711770686,0
                100.50408982,15.71177664,0
                100.504114322,15.7117780030001,0
                100.504161728,15.711777677,0
                100.504244719,15.7117809280001,0
                100.504275565,15.7117853120001,0
                100.504304858,15.711793529,0
                100.504331797,15.711803289,0
                100.504351644,15.7118161670001,0
                100.504369133,15.711830589,0
                100.504379551,15.711850414,0
                100.504389244,15.711879432,0
                100.50439185,15.7119115620001,0
                100.504391303,15.7119444730001,0
                100.504382848,15.711976679,0
                100.50436259,15.7120158490001,0
                100.504330657,15.7120788330001,0
                100.504322174,15.7121072080001,0
                100.504319229,15.712136312,0
                100.504314714,15.71216696,0
                100.504314911,15.7121937470001,0
                100.504319858,15.712222029,0
                100.504327913,15.7122426390001,0
                100.504339108,15.7122609310001,0
                100.504350276,15.7122753960001,0
                100.504365395,15.712289834,0
                100.504387606,15.712301928,0
                100.50441217,15.7123109410001,0
                100.504475449,15.712320456,0
                100.504674727,15.7123428080001,0
                100.50469929,15.712351825,0
                100.504719915,15.712363161,0
                100.50474297,15.712382136,0
                100.504758956,15.712399754,0
                100.504766222,15.7124152810001,0
                100.504771012,15.7124347560001,0
                100.504775205,15.7124676350001,0
                100.504775109,15.712562543,0
                100.50477477,15.7126237730001,0
                100.504769541,15.7126651400001,0
                100.504759606,15.7127111300001,0
                100.504750385,15.7127464010001,0
                100.504741091,15.7127717220001,0
                100.504721558,15.7128017040001,0
                100.504696426,15.7128225430001,0
                100.504674384,15.712834177,0
                100.50465703,15.7128381250001,0
                100.504634936,15.7128421,0
                100.504614396,15.712842241,0
                100.504585921,15.7128386150001,0
                100.504555835,15.7128304030001,0
                100.504527296,15.712817585,0
                100.504480481,15.712790355,0
                100.504360591,15.7127087280001,0
                100.504331807,15.712698049,0
                100.504320534,15.712695248,0
                100.504317762,15.712695222,0
                100.504296436,15.712698817,0
                100.504283861,15.712704267,0
                100.504266962,15.712718108,0
                100.504245111,15.7127436100001,0
                100.504228451,15.7127747700001,0
                100.504183242,15.7128850290001,0
                100.504118162,15.7130750750001,0
                100.504109402,15.713139531,0
                100.50410787,15.7131824680001,0
                100.504109967,15.713216436,0
                100.504121244,15.713243192,0
                100.504169777,15.713314403,0
                100.504184875,15.713359014,0
                100.504194356,15.713392936,0
                100.504194566,15.713421553,0
                100.504191073,15.7134484060001,0
                100.504150805,15.713496978,0
                100.50409215,15.7135564050001,0
                100.504064795,15.713603103,0
                100.50405411,15.7136568350001,0
                100.504054346,15.7136890260001,0
                100.504060067,15.7137140310001,0
                100.504071331,15.713738993,0
                100.504088057,15.71375319,0
                100.504121383,15.713765478,0
                100.504165741,15.713770541,0
                100.504219221,15.7137612290001,0
                100.504298554,15.7137517400001,0
                100.504333622,15.7137497090001,0
                100.504363219,15.713756658,0
                100.504387317,15.713769014,0
                100.504448804,15.7138437140001,0
                100.504534621,15.713962962,0
                100.504595989,15.714021566,0
                100.504621705,15.7140362700001,0
                100.504651257,15.714048679,0
                100.504690381,15.714051324,0
                100.504727232,15.714049985,0
                100.504767699,15.7140423500001,0
                100.504851578,15.7140075630001,0
                100.504931363,15.7139808530001,0
                100.504960401,15.713974615,0
                100.504996736,15.7139723540001,0
                100.505021666,15.7139721820001,0
                100.505043513,15.713977061,0
                100.505071633,15.713986931,0
                100.505106025,15.7140027900001,0
                100.505125877,15.71401875,0
                100.505150935,15.7140366900001,0
                100.5052074,15.7140876130001,0
                100.505241882,15.7141155470001,0
                100.505268054,15.714143538,0
                100.505292196,15.7141775800001,0
                100.505310089,15.71420965,0
                100.505319719,15.714247819,0
                100.505325266,15.714296075,0
                100.50532997,15.714370493,0
                100.505331464,15.7144328630001,0
                100.505333899,15.71448114,0
                100.50533828,15.7145123,0
                100.505345679,15.714529353,0
                100.505362392,15.7145423160001,0
                100.50538324,15.714552236,0
                100.505408202,15.714557094,0
                100.505432084,15.7145559210001,0
                100.505461159,15.714554718,0
                100.505499509,15.714543382,0
                100.505604928,15.714471223,0
                100.505677174,15.714408345,0
                100.505705113,15.7143940670001,0
                100.505741416,15.714386771,0
                100.505786045,15.714382442,0
                100.505817215,15.7143832300001,0
                100.505862929,15.7143849300001,0
                100.505896244,15.714395767,0
                100.505936889,15.7144135940001,0
                100.505970293,15.714436506,0
                100.505993305,15.7144584810001,0
                100.506015356,15.7144905270001,0
                100.5060439,15.7145587470001,0
                100.506073522,15.71463199,0
                100.506082097,15.71466815,0
                100.506087516,15.7146982950001,0
                100.506096157,15.7147435110001,0
                100.506099791,15.714813915,0
                100.506099084,15.714859195,0
                100.506096271,15.714900464,0
                100.506086278,15.714953861,0
                100.506077285,15.715002213,0
                100.506064082,15.715043558,0
                100.506045707,15.7150869450001,0
                100.505999589,15.715171782,0
                100.505904303,15.715350519,0
                100.505879747,15.7154009980001,0
                100.505869653,15.715431037,0
                100.50586653,15.7154403270001,0
                100.505853429,15.7154947450001,0
                100.505843372,15.71554009,0
                100.505837462,15.7155833960001,0
                100.50583674,15.7156266650001,0
                100.505839289,15.715691039,0
                100.50584265,15.7157242160001,0
                100.505856451,15.7157643670001,0
                100.505878601,15.715810493,0
                100.505893334,15.715836552,0
                100.505916406,15.7158665750001,0
                100.505941558,15.7158965890001,0
                100.505969866,15.7159326130001,0
                100.506015876,15.715974553,0
                100.506078626,15.716032474,0
                100.506109955,15.716055399,0
                100.506137109,15.716075335,0
                100.506172579,15.716096216,0
                100.506205925,15.7161110800001,0
                100.506231984,15.7161229750001,0
                100.506258002,15.7161298360001,0
                100.506298553,15.716135593,0
                100.506324247,15.7161339790001,0
                100.506352539,15.716132202,0
                100.506401281,15.716121807,0
                100.506447873,15.7161013620001,0
                100.506498473,15.716060767,0
                100.506566608,15.716003954,0
                100.506617164,15.715957326,0
                100.506649214,15.7159369820001,0
                100.506679226,15.715921682,0
                100.506705133,15.715913454,0
                100.50673833,15.715908196,0
                100.50680269,15.7159027220001,0
                100.50685776,15.7159053560001,0
                100.506888963,15.7159111780001,0
                100.506916021,15.7159180360001,0
                100.506946247,15.7159319130001,0
                100.506971336,15.715953874,0
                100.506994348,15.7159758490001,0
                100.507024774,15.7160168930001,0
                100.507037462,15.7160469880001,0
                100.507043961,15.7160831630001,0
                100.507043187,15.716119388,0
                100.507042406,15.7161546090001,0
                100.507036444,15.71619087,0
                100.507022206,15.7162322180001,0
                100.507010984,15.7162604660001,0
                100.506991488,15.716292799,0
                100.506965803,15.7163312070001,0
                100.506875329,15.716457599,0
                100.506764247,15.716607271,0
                100.506743725,15.7166416210001,0
                100.5067284,15.7166759350001,0
                100.506721312,15.716701137,0
                100.506716341,15.7167313530001,0
                100.506717729,15.7167424150001,0
                100.506720752,15.716766539,0
                100.506724024,15.716787643,0
                100.506734628,15.716816749,0
                100.506751393,15.7168367560001,0
                100.50677126,15.7168547270001,0
                100.506795276,15.716871665,0
                100.506805253,15.716877756,0
                100.50682136,15.716887582,0
                100.50685364,15.7168984260001,0
                100.506885898,15.7169062560001,0
                100.506916036,15.716908059,0
                100.506951358,15.716908823,0
                100.506981476,15.716908615,0
                100.507020904,15.7169023060001,0
                100.507056108,15.716886969,0
                100.507102685,15.7168645140001,0
                100.507165723,15.7168208140001,0
                100.507191549,15.71680152,0
                100.507221412,15.7167660980001,0
                100.507257378,15.7167135330001,0
                100.50732619,15.7166074130001,0
                100.50737129,15.7165256070001,0
                100.507390828,15.716498308,0
                100.507413515,15.716476018,0
                100.507451739,15.7164475820001,0
                100.507478637,15.7164333110001,0
                100.507525251,15.7164158850001,0
                100.507570911,15.7164095320001,0
                100.507620782,15.716411199,0
                100.507681104,15.716421849,0
                100.507725896,15.7164396520001,0
                100.507760309,15.7164575260001,0
                100.50779166,15.7164834660001,0
                100.507812633,15.716510489,0
                100.507824295,15.7165426010001,0
                100.507828733,15.716580806,0
                100.507825876,15.716616038,0
                100.507820894,15.716645251,0
                100.50780867,15.716677529,0
                100.507795357,15.716703781,0
                100.507768645,15.7167432040001,0
                100.507699509,15.7168060610001,0
                100.507187585,15.7172512860001,0
                100.507168074,15.7172816030001,0
                100.507147551,15.717315953,0
                100.507130131,15.717348266,0
                100.507124502,15.717371402,0
                100.50712106,15.7173855560001,0
                100.5071172,15.717425829,0
                100.50712163,15.7174630260001,0
                100.507131167,15.717489116,0
                100.507143766,15.7175071410001,0
                100.507167789,15.7175250870001,0
                100.507189658,15.717532985,0
                100.507213578,15.717536841,0
                100.507231087,15.71753621,0
                100.507247845,15.7175356020001,0
                100.507391807,15.7174782650001,0
                100.50762456,15.7173478710001,0
                100.507677379,15.7173273830001,0
                100.507714701,15.7173170660001,0
                100.507759353,15.7173157500001,0
                100.507803995,15.7173124230001,0
                100.507841452,15.7173212210001,0
                100.507879995,15.717336048,0
                100.507915466,15.7173569290001,0
                100.507953086,15.717387859,0
                100.507976106,15.717410842,0
                100.507989815,15.717438918,0
                100.508003594,15.7174760510001,0
                100.508013291,15.7175232700001,0
                100.508013721,15.717581625,0
                100.508011966,15.717625905,0
                100.507998791,15.717670264,0
                100.507960431,15.71782145,0
                100.507952507,15.7178738210001,0
                100.507946571,15.7179141080001,0
                100.507944784,15.717953358,0
                100.507944999,15.717982536,0
                100.507946261,15.718012709,0
                100.507954785,15.7180418300001,0
                100.507969585,15.7180769390001,0
                100.508008506,15.718143077,0
                100.508047411,15.7182071990001,0
                100.508078881,15.7182492380001,0
                100.508107175,15.718283252,0
                100.508137513,15.7183122170001,0
                100.50816466,15.718331144,0
                100.508199054,15.718347008,0
                100.50825945,15.718367717,0
                100.508342731,15.7183922940001,0
                100.508457166,15.718416656,0
                100.508747505,15.7184891040001,0
                100.508796425,15.718502852,0
                100.508814142,15.7185107770001,0
                100.50882985,15.7185277730001,0
                100.508840368,15.718545813,0
                100.508845745,15.7185709280001,0
                100.508845923,15.718595072,0
                100.508832652,15.718626353,0
                100.50881518,15.718651627,0
                100.508768765,15.71869622,0
                100.508358987,15.7190481750001,0
                100.508331089,15.71906849,0
                100.508291814,15.7190949180001,0
                100.508253119,15.719116533,0
                100.508169621,15.7191460720001,0
                100.508143714,15.719154299,0
                100.508107388,15.719158572,0
                100.507997349,15.719167385,0
                100.507869734,15.719187382,0
                100.507840717,15.719196638,0
                100.50781484,15.719208887,0
                100.507795217,15.7192241160001,0
                100.507772486,15.71924037,0
                100.507754961,15.7192586030001,0
                100.507738502,15.7192808500001,0
                100.507728273,15.719302047,0
                100.507714124,15.7193554730001,0
                100.507706082,15.7193917490001,0
                100.507700176,15.7194360570001,0
                100.507700413,15.7194682530001,0
                100.507701646,15.7194944010001,0
                100.507703966,15.71952759,0
                100.507718848,15.7195737660001,0
                100.507736772,15.719609862,0
                100.507756743,15.7196419220001,0
                100.507786159,15.719686994,0
                100.507808129,15.7197079690001,0
                100.507839488,15.7197349200001,0
                100.507868726,15.7197558450001,0
                100.507894782,15.7197677390001,0
                100.507929116,15.7197755500001,0
                100.507962385,15.719779347,0
                100.507998714,15.7197760770001,0
                100.508037065,15.7197647450001,0
                100.508115626,15.71971289,0
                100.508415923,15.7194451980001,0
                100.50845753,15.719416107,0
                100.508462426,15.7194126790001,0
                100.508487261,15.7193994290001,0
                100.50852353,15.719388112,0
                100.508551551,15.7193849,0
                100.50858372,15.7193806550001,0
                100.508620098,15.7193834180001,0
                100.508650317,15.7193962920001,0
                100.508687857,15.719416155,0
                100.508726548,15.7194511000001,0
                100.508876116,15.7195909220001,0
                100.508886597,15.719603932,0
                100.508897123,15.719622975,0
                100.508916214,15.719676167,0
                100.508921554,15.7196962530001,0
                100.508921702,15.7197163750001,0
                100.508922162,15.719778752,0
                100.508918166,15.7197999050001,0
                100.50890596,15.719835206,0
                100.508884449,15.719876604,0
                100.508873121,15.7198897600001,0
                100.508858646,15.719898916,0
                100.508823471,15.7199182750001,0
                100.508805101,15.7199223650001,0
                100.508795473,15.719924506,0
                100.508774692,15.719923646,0
                100.508744573,15.7199238540001,0
                100.508634159,15.719882361,0
                100.508579979,15.719859593,0
                100.50855603,15.719851711,0
                100.508499829,15.719837006,0
                100.508448907,15.7198333310001,0
                100.508423976,15.7198335030001,0
                100.508363779,15.719839957,0
                100.508287004,15.719852562,0
                100.508253843,15.71986285,0
                100.508225904,15.7198771290001,0
                100.508205227,15.719890354,0
                100.508183538,15.7199076090001,0
                100.508166021,15.719926845,0
                100.508135092,15.7199582490001,0
                100.508098138,15.720017865,0
                100.508063304,15.7200835040001,0
                100.50805109,15.720117798,0
                100.508041009,15.720159116,0
                100.508027031,15.720235679,0
                100.508011127,15.7203333800001,0
                100.508007412,15.720392767,0
                100.508010981,15.7204541150001,0
                100.50801701,15.720567766,0
                100.508020297,15.720590885,0
                100.508022529,15.7206119960001,0
                100.508032063,15.7206370870001,0
                100.508046797,15.720663141,0
                100.508061509,15.7206861810001,0
                100.508078267,15.720705181,0
                100.508096029,15.720719144,0
                100.508121063,15.720733056,0
                100.508149202,15.720745944,0
                100.508178344,15.720753791,0
                100.508209518,15.720755587,0
                100.508241703,15.7207533540001,0
                100.508274898,15.7207470870001,0
                100.508302844,15.7207338160001,0
                100.508326609,15.7207165470001,0
                100.5083431,15.7206993290001,0
                100.508359589,15.7206811030001,0
                100.508382202,15.720648753,0
                100.508406698,15.7205902260001,0
                100.508458575,15.720440963,0
                100.508498083,15.720304863,0
                100.508515474,15.7202685230001,0
                100.508532902,15.7202372130001,0
                100.50855352,15.7202159440001,0
                100.508578313,15.7201976600001,0
                100.508594883,15.720190501,0
                100.508621833,15.720183274,0
                100.508649895,15.7201850910001,0
                100.508680051,15.720189912,0
                100.508706084,15.7201987880001,0
                100.508731148,15.720216727,0
                100.508830623,15.7203246980001,0
                100.508846316,15.7203396830001,0
                100.508865076,15.72034861,0
                100.508891116,15.720358489,0
                100.508920251,15.720365332,0
                100.508984694,15.7203709240001,0
                100.509020032,15.720373694,0
                100.509039788,15.720376576,0
                100.509056469,15.720384514,0
                100.50907107,15.7203924610001,0
                100.50908573,15.720408456,0
                100.509117245,15.7204565330001,0
                100.509186841,15.720597916,0
                100.509256382,15.7207312460001,0
                100.50927209,15.7207482420001,0
                100.509288841,15.7207662380001,0
                100.509312858,15.7207831760001,0
                100.509331662,15.7207981350001,0
                100.509355672,15.7208140700001,0
                100.509376505,15.720821975,0
                100.509415019,15.7208327750001,0
                100.509433384,15.7208374790001,0
                100.509567998,15.720871963,0
                100.509858334,15.720943402,0
                100.509887483,15.7209522520001,0
                100.509975051,15.720994911,0
                100.509997002,15.7210138740001,0
                100.51001483,15.721036892,0
                100.510026389,15.721054924,0
                100.510032859,15.721087073,0
                100.510034115,15.721116243,0
                100.510029086,15.7211384120001,0
                100.510016724,15.721152583,0
                100.509991916,15.7211688510001,0
                100.50994844,15.721189275,0
                100.50986044,15.7212291220001,0
                100.509736119,15.7212784120001,0
                100.509656405,15.7213100180001,0
                100.509591282,15.721352725,0
                100.509567518,15.721369994,0
                100.509540718,15.7213983500001,0
                100.509520107,15.721420627,0
                100.509494341,15.7214479730001,0
                100.509476839,15.7214692200001,0
                100.509465592,15.721493448,0
                100.509450336,15.721537821,0
                100.509440263,15.721580148,0
                100.509433286,15.7216204420001,0
                100.50943251,15.7216556590001,0
                100.50943684,15.7216797780001,0
                100.509445517,15.721729016,0
                100.509459493,15.7217933100001,0
                100.509477455,15.7218344400001,0
                100.509498526,15.721874535,0
                100.509514288,15.721899579,0
                100.509536251,15.7219195500001,0
                100.509574951,15.7219555020001,0
                100.509597927,15.721972447,0
                100.509642773,15.7219972940001,0
                100.509666738,15.7220071880001,0
                100.509696906,15.7220130160001,0
                100.509742681,15.722022759,0
                100.509783233,15.722028516,0
                100.509849787,15.722038119,0
                100.509900695,15.7220397780001,0
                100.50993181,15.722033525,0
                100.509996105,15.722018995,0
                100.510113144,15.72197291,0
                100.510189697,15.721939052,0
                100.510371984,15.721858433,0
                100.510424839,15.7218419710001,0
                100.510448688,15.7218367720001,0
                100.510487128,15.721837513,0
                100.510509993,15.721839366,0
                100.510536019,15.7218472390001,0
                100.510555876,15.7218631980001,0
                100.510582073,15.721894207,0
                100.51060418,15.721934295,0
                100.510610606,15.7219604110001,0
                100.510615983,15.721985526,0
                100.510617585,15.722005231,0
                100.510614566,15.72202359,0
                100.510608083,15.72204092,0
                100.510598681,15.7220553780001,0
                100.510540111,15.7221198670001,0
                100.51050098,15.722166417,0
                100.510475665,15.7221936290001,0
                100.510463879,15.722209337,0
                100.510442379,15.722248322,0
                100.510410411,15.7223090430001,0
                100.510405378,15.7223376650001,0
                100.51040559,15.72236631,0
                100.510406943,15.722396044,0
                100.51041065,15.722435681,0
                100.510418796,15.7224609670001,0
                100.510431471,15.7224829140001,0
                100.510448678,15.7225026240001,0
                100.510471547,15.7225189920001,0
                100.510501226,15.7225331120001,0
                100.510780165,15.7226341460001,0
                100.510781793,15.722634736,0
                100.510952959,15.722708466,0
                100.510991792,15.7227302320001,0
                100.511018093,15.7227487810001,0
                100.511047885,15.7227783230001,0
                100.511062881,15.7228068650001,0
                100.511065523,15.7228171410001,0
                100.51107108,15.722838757,0
                100.511072462,15.7228717990001,0
                100.511072779,15.7229147640001,0
                100.511068657,15.722973186,0
                100.511073406,15.722999594,0
                100.511091998,15.723053453,0
                100.511110442,15.7230863770001,0
                100.511131015,15.723099457,0
                100.511154958,15.7231070010001,0
                100.511186819,15.7231089860001,0
                100.511210697,15.7231077180001,0
                100.511246982,15.7230920430001,0
                100.511279819,15.723071982,0
                100.511296717,15.72304983,0
                100.511331867,15.722987948,0
                100.511349493,15.722956921,0
                100.511438285,15.7228119750001,0
                100.511459708,15.7227864880001,0
                100.511482317,15.722767601,0
                100.511510646,15.722753084,0
                100.51155374,15.722735157,0
                100.511590101,15.722730499,0
                100.511629885,15.7227269160001,0
                100.511671962,15.722725521,0
                100.511708442,15.722736286,0
                100.511741523,15.722749279,0
                100.511780401,15.7227765530001,0
                100.511803384,15.7228083430001,0
                100.511821787,15.722835763,0
                100.511828795,15.722861053,0
                100.511833592,15.722894071,0
                100.511829275,15.7229260550001,0
                100.511720032,15.723236872,0
                100.511675371,15.7233413750001,0
                100.511661993,15.723377827,0
                100.511653095,15.723405432,0
                100.511649822,15.723424181,0
                100.511649969,15.7234440140001,0
                100.51165468,15.723466016,0
                100.511670741,15.723484636,0
                100.511685611,15.7234955500001,0
                100.511706172,15.723507523,0
                100.511738087,15.7235161180001,0
                100.511820046,15.723524362,0
                100.511907725,15.723536978,0
                100.511939627,15.72354447,0
                100.51196248,15.723558633,0
                100.511987635,15.723576087,0
                100.512014034,15.723607853,0
                100.512029046,15.7236386000001,0
                100.512041794,15.723670461,0
                100.512058107,15.723723233,0
                100.512071108,15.7237892470001,0
                100.512080718,15.7238585920001,0
                100.512082255,15.723912565,0
                100.51207808,15.723963274,0
                100.512068089,15.723996395,0
                100.512056975,15.724031729,0
                100.512043504,15.724056062,0
                100.512019845,15.724087072,0
                100.511989386,15.7241214380001,0
                100.511952049,15.724148137,0
                100.511900013,15.7241870620001,0
                100.511876273,15.7242070560001,0
                100.511862736,15.7242225730001,0
                100.511846976,15.724244717,0
                100.511834635,15.7242679390001,0
                100.511821225,15.7242999860001,0
                100.511807859,15.7243386390001,0
                100.511808013,15.7243595690001,0
                100.51181279,15.724390387,0
                100.511823302,15.7244277720001,0
                100.511838327,15.724459617,0
                100.511856746,15.724489238,0
                100.511890014,15.724527568,0
                100.511923209,15.7245559840001,0
                100.511949527,15.724576733,0
                100.511980369,15.7245941480001,0
                100.512017999,15.72460711,0
                100.512071548,15.724618859,0
                100.51211941,15.724630647,0
                100.512173979,15.7246269610001,0
                100.512237658,15.724624319,0
                100.512272861,15.7246163610001,0
                100.512303499,15.7246062340001,0
                100.512337491,15.72458837,0
                100.512370271,15.7245606000001,0
                100.512393946,15.7245317900001,0
                100.512412925,15.7244831790001,0
                100.512420547,15.7244368560001,0
                100.512426611,15.724334351,0
                100.5124317,15.724252785,0
                100.512438204,15.724209773,0
                100.512445866,15.724168955,0
                100.512459305,15.724140216,0
                100.512477296,15.7241125480001,0
                100.512506698,15.7240892070001,0
                100.512546365,15.724069103,0
                100.512592902,15.724055558,0
                100.512649715,15.7240474500001,0
                100.512748735,15.72405558,0
                100.512859227,15.724076849,0
                100.512986755,15.7240946960001,0
                100.513232569,15.72411062,0
                100.513301967,15.724112339,0
                100.513338369,15.724113189,0
                100.513368007,15.7241217960001,0
                100.51339426,15.7241337340001,0
                100.513412565,15.7241479320001,0
                100.513433248,15.7241764340001,0
                100.513446029,15.7242127010001,0
                100.513460388,15.724308453,0
                100.513466401,15.7243524800001,0
                100.51347458,15.724382172,0
                100.513497661,15.724427183,0
                100.513525305,15.7244732660001,0
                100.513557533,15.7245248250001,0
                100.513572501,15.724548956,0
                100.513590814,15.7245642570001,0
                100.513614786,15.7245762060001,0
                100.513642185,15.7245892390001,0
                100.513667237,15.724593471,0
                100.513707051,15.7245931950001,0
                100.513751335,15.7245829730001,0
                100.513801249,15.7245649980001,0
                100.5138307,15.724548268,0
                100.513865732,15.724517179,0
                100.513895012,15.724477312,0
                100.514004274,15.724332223,0
                100.514146133,15.724134027,0
                100.514169827,15.724108524,0
                100.514192912,15.7240908260001,0
                100.514226384,15.7240651610001,0
                100.514288615,15.7240206600001,0
                100.514337358,15.7239982880001,0
                100.514404362,15.7239835020001,0
                100.514490748,15.723975189,0
                100.514876455,15.723989037,0
                100.514945804,15.72398415,0
                100.515004893,15.7239760260001,0
                100.515094657,15.723963283,0
                100.515286635,15.7239288980001,0
                100.515405879,15.7239027320001,0
                100.515511491,15.723879965,0
                100.515558003,15.7238631160001,0
                100.515656689,15.7238260710001,0
                100.515764411,15.723780151,0
                100.51582002,15.723763239,0
                100.515863211,15.723758533,0
                100.515895056,15.723758312,0
                100.515909292,15.723762343,0
                100.515919209,15.723765831,0
                100.515930655,15.72377483,0
                100.515949252,15.7238045120001,0
                100.515952322,15.7238107950001,0
                100.51596281,15.723844876,0
                100.516021653,15.724056723,0
                100.516030322,15.7240624470001,0
                100.516030809,15.724062679,0
                100.51605468,15.7240662090001,0
                100.516063246,15.7240655580001,0
                100.516069783,15.724064437,0
                100.516086474,15.7240584240001,0
                100.516101275,15.7240492020001,0
                100.516108054,15.724041707,0
                100.516131051,15.7239019030001,0
                100.516177838,15.7229456860001,0
                100.516360033,15.721136781,0
                100.516371095,15.720949068,0
                100.516374991,15.7209170150001,0
                100.516379762,15.720908631,0
                100.516397131,15.720895355,0
                100.516589243,15.720880057,0
                100.51729498,15.7207843800001,0
                100.517956337,15.7207043510001,0
                100.518175059,15.7206655840001,0
                100.518552068,15.7205442800001,0
                100.518795981,15.720469945,0
                100.519251267,15.72033119,0
                100.51941331,15.720288953,0
                100.519423258,15.7202816170001,0
                100.519429907,15.7202671690001,0
                100.51943385,15.7202566760001,0
                100.519432691,15.7202463580001,0
                100.51940494,15.719998962,0
                100.519408867,15.7199819160001,0
                100.519422338,15.719975279,0
                100.519823096,15.719980198,0
                100.519830557,15.7199802910001,0
                100.519844692,15.7199738520001,0
                100.524910441,15.7191079200001,0
                100.524930673,15.7191158630001,0
                100.525643665,15.719082096,0
                100.52567718,15.7190718520001,0
                100.525683773,15.7190694330001,0
                100.525735525,15.7190455960001,0
                100.525842116,15.719036906,0
                100.526441553,15.719052784,0
                100.526471772,15.7190604360001,0
                100.526485386,15.7190673220001,0
                100.526503172,15.719085066,0
                100.526565967,15.7191976720001,0
                100.526574223,15.719207403,0
                100.526594306,15.7192191020001,0
                100.527442537,15.7193392200001,0
                100.530362468,15.723003012,0
                100.531061028,15.7237417760001,0
                100.532340543,15.724937131,0
                100.53323748,15.725852177,0
                100.535012038,15.729880349,0
                100.535031599,15.729909955,0
                100.535051202,15.7299450730001,0
                100.535072029,15.7299923030001,0
                100.535093862,15.7300218980001,0
                100.535108767,15.730037216,0
                100.535125919,15.7300492150001,0
                100.535150969,15.730052342,0
                100.535199851,15.7300486950001,0
                100.535247492,15.7300307310001,0
                100.535275779,15.7300106980001,0
                100.535331081,15.7299530180001,0
                100.535407858,15.7298764600001,0
                100.535433873,15.7298564440001,0
                100.535473542,15.7298374380001,0
                100.535518939,15.729823896,0
                100.535549626,15.7298203770001,0
                100.535589452,15.7298222970001,0
                100.535613447,15.7298364530001,0
                100.535631778,15.729853953,0
                100.535642171,15.7298748110001,0
                100.53564359,15.7298867270001,0
                100.535643723,15.729929886,0
                100.535637253,15.7299773080001,0
                100.53559875,15.7301516520001,0
                100.535583301,15.730215663,0
                100.53558249,15.730258635,0
                100.535585101,15.7303037880001,0
                100.535592191,15.730338994,0
                100.535600304,15.7303587660001,0
                100.535614123,15.730381806,0
                100.535627907,15.7303993370001,0
                100.535648461,15.7304102100001,0
                100.535678093,15.730417715,0
                100.535708838,15.730421904,0
                100.535744107,15.7304227590001,0
                100.535769107,15.730419275,0
                100.535795183,15.730408074,0
                100.535813234,15.7303881180001,0
                100.535851261,15.7303019140001,0
                100.535894995,15.7302178750001,0
                100.535926494,15.7301713790001,0
                100.535949068,15.7301480840001,0
                100.535977426,15.7301368670001,0
                100.536017153,15.73012557,0
                100.536054694,15.730126408,0
                100.536092306,15.730136058,0
                100.536123167,15.7301556740001,0
                100.536152909,15.7301785970001,0
                100.536194221,15.7302267850001,0
                100.536291799,15.7303450860001,0
                100.536314705,15.730365856,0
                100.536351286,15.7303898380001,0
                100.536394655,15.7304093610001,0
                100.536423132,15.730414669,0
                100.536459531,15.7304144130001,0
                100.536502656,15.730400887,0
                100.536541195,15.730382992,0
                100.536568368,15.7303662750001,0
                100.536592048,15.7303385600001,0
                100.53660774,15.7303076040001,0
                100.536624412,15.7302557040001,0
                100.536637335,15.73015866,0
                100.536656554,15.7299910620001,0
                100.53666631,15.729927091,0
                100.536676289,15.729892867,0
                100.536690905,15.729869631,0
                100.536715776,15.7298496230001,0
                100.536753189,15.729832833,0
                100.536812312,15.729829114,0
                100.536856687,15.729831002,0
                100.536881786,15.7298407390001,0
                100.536909199,15.729855974,0
                100.536926451,15.7298811900001,0
                100.536939675,15.7299758450001,0
                100.536964728,15.730131016,0
                100.53699637,15.7302552890001,0
                100.537025356,15.7303277990001,0
                100.537049933,15.730420168,0
                100.537082317,15.7306424930001,0
                100.537103563,15.730744805,0
                100.537118654,15.7307854590001,0
                100.537131373,15.730812917,0
                100.537146307,15.7308326410001,0
                100.537170359,15.7308545060001,0
                100.537192065,15.7308664720001,0
                100.537220583,15.730877289,0
                100.537245628,15.7308804150001,0
                100.537285443,15.7308801350001,0
                100.53731497,15.730874418,0
                100.537349048,15.730867571,0
                100.5373819,15.7308497110001,0
                100.537401097,15.7308308450001,0
                100.537409979,15.7308021370001,0
                100.537418787,15.730763515,0
                100.537421971,15.7307326420001,0
                100.537420451,15.7306819730001,0
                100.537415588,15.7306401440001,0
                100.537394533,15.7305631730001,0
                100.537344607,15.7304280110001,0
                100.537334082,15.7303895210001,0
                100.537329198,15.730345487,0
                100.537327791,15.7303091420001,0
                100.537336582,15.730268315,0
                100.537350001,15.7302373690001,0
                100.537365717,15.730209716,0
                100.537391743,15.730191904,0
                100.53742801,15.7301740250001,0
                100.537467795,15.730170436,0
                100.537512199,15.7301756320001,0
                100.537548627,15.7301797810001,0
                100.537574881,15.730191716,0
                100.537608023,15.7302124190001,0
                100.537633205,15.730233173,0
                100.537736284,15.730327194,0
                100.537785527,15.730370916,0
                100.537810709,15.7303916700001,0
                100.537853031,15.7304233250001,0
                100.537938731,15.730474503,0
                100.538016372,15.730513618,0
                100.53810203,15.730559283,0
                100.538196757,15.730601586,0
                100.53830641,15.7306614070001,0
                100.538359995,15.7306775550001,0
                100.538398774,15.7306916060001,0
                100.538468265,15.7307054360001,0
                100.538549139,15.730720289,0
                100.538615203,15.730731943,0
                100.538667558,15.730735979,0
                100.538716465,15.730735635,0
                100.538757388,15.730732043,0
                100.538790294,15.730720793,0
                100.538810658,15.730706325,0
                100.538821908,15.73068972,0
                100.538830853,15.730668725,0
                100.538831763,15.73063897,0
                100.538826842,15.730589428,0
                100.538810181,15.730491494,0
                100.538811088,15.730460637,0
                100.53881302,15.730415452,0
                100.538817229,15.7303702520001,0
                100.538828351,15.730336019,0
                100.538846298,15.730302841,0
                100.538864265,15.730271864,0
                100.538898189,15.7302451840001,0
                100.538933292,15.730224005,0
                100.538976376,15.73020497,0
                100.539027402,15.7301836780001,0
                100.539081918,15.7301722770001,0
                100.539123983,15.730169775,0
                100.539161587,15.730178326,0
                100.539192432,15.730195736,0
                100.539211897,15.7302132230001,0
                100.539223503,15.7302439920001,0
                100.539237444,15.730282453,0
                100.539243695,15.730357328,0
                100.539247301,15.7303826400001,0
                100.539253178,15.7304079410001,0
                100.539261286,15.730427713,0
                100.53927507,15.7304452440001,0
                100.539295691,15.7304649320001,0
                100.539332256,15.7304867080001,0
                100.539369868,15.730496357,0
                100.539402877,15.730499428,0
                100.539459748,15.7304990260001,0
                100.539504144,15.7305031230001,0
                100.53953036,15.7305106480001,0
                100.539560034,15.7305236610001,0
                100.539589823,15.7305520960001,0
                100.539633374,15.730595857,0
                100.539666645,15.730633079,0
                100.539689576,15.7306571570001,0
                100.539707867,15.7306691480001,0
                100.539728371,15.7306734090001,0
                100.539755648,15.730669913,0
                100.539773793,15.730663174,0
                100.539789588,15.7306454340001,0
                100.539799634,15.730620021,0
                100.53980967,15.7305935100001,0
                100.539810436,15.730543927,0
                100.539802936,15.7304338500001,0
                100.539777077,15.730256932,0
                100.539740909,15.730115514,0
                100.539734524,15.7300568540001,0
                100.539730875,15.730009065,0
                100.539730491,15.729958063,0
                100.539735164,15.729922968,0
                100.539759507,15.729878167,0
                100.539775782,15.729854147,0
                100.539797005,15.729831683,0
                100.539829759,15.729810732,0
                100.53987248,15.729802459,0
                100.539933339,15.7297988440001,0
                100.539987723,15.7298096170001,0
                100.540027347,15.7298268710001,0
                100.540091806,15.729864664,0
                100.540186138,15.7299357220001,0
                100.540258996,15.7299957700001,0
                100.54028392,15.730027471,0
                100.540340606,15.7301258900001,0
                100.540514028,15.7304290820001,0
                100.540598644,15.730520928,0
                100.540633436,15.730552559,0
                100.54067808,15.73058093,0
                100.540722592,15.7305917730001,0
                100.540806525,15.730592775,0
                100.540888774,15.730589004,0
                100.540947951,15.730580619,0
                100.540987335,15.730565997,0
                100.541021731,15.730545035,0
                100.541044552,15.7305161830001,0
                100.541047577,15.7304811000001,0
                100.541032181,15.7304031080001,0
                100.54095977,15.730183675,0
                100.540917916,15.7300883410001,0
                100.540911057,15.730051732,0
                100.540915777,15.730023009,0
                100.540938718,15.730010099,0
                100.540961727,15.7300067460001,0
                100.540996284,15.730006502,0
                100.541034189,15.730014205,0
                100.541073849,15.7300362400001,0
                100.541161575,15.7301041540001,0
                100.541279029,15.730186201,0
                100.541335295,15.730228837,0
                100.541386546,15.730260351,0
                100.541431082,15.730274379,0
                100.541660354,15.7303460740001,0
                100.541728,15.730369506,0
                100.541845269,15.730427649,0
                100.5420271,15.7305363360001,0
                100.542073475,15.730575851,0
                100.542101677,15.7306059370001,0
                100.542116725,15.730637707,0
                100.542117085,15.7306855190001,0
                100.542117409,15.730728546,0
                100.542106155,15.730763693,0
                100.542088173,15.730779758,0
                100.542053754,15.730797535,0
                100.541961656,15.7308045570001,0
                100.541746169,15.730815642,0
                100.541695218,15.730823974,0
                100.541660847,15.7308481220001,0
                100.541625124,15.7309121270001,0
                100.54157544,15.731011262,0
                100.541552172,15.731057682,0
                100.541515119,15.731163135,0
                100.541494196,15.7312254400001,0
                100.541487986,15.731274894,0
                100.541486855,15.731343436,0
                100.541493846,15.7313975770001,0
                100.541503946,15.731427787,0
                100.541522276,15.7314579390001,0
                100.541547256,15.7314976100001,0
                100.541577225,15.731543618,0
                100.541598094,15.731559738,0
                100.541611985,15.731570467,0
                100.541643368,15.731586184,0
                100.541677961,15.73159072,0
                100.541724031,15.7315903950001,0
                100.541768436,15.7315868950001,0
                100.541819327,15.731570597,0
                100.541925837,15.731510873,0
                100.542079888,15.7314269070001,0
                100.542140664,15.731412129,0
                100.542231031,15.731393962,0
                100.542339559,15.7313836280001,0
                100.542566577,15.731374056,0
                100.542859566,15.7313847360001,0
                100.542930381,15.7313922020001,0
                100.542979878,15.7314093850001,0
                100.543026133,15.731432963,0
                100.543060889,15.731459812,0
                100.543094219,15.731515363,0
                100.543185949,15.731677281,0
                100.543207532,15.731702629,0
                100.543232344,15.7317199870001,0
                100.543266949,15.731726114,0
                100.543308088,15.731725823,0
                100.543337632,15.731716052,0
                100.543404858,15.731683699,0
                100.543465549,15.73165777,0
                100.543508282,15.7316510910001,0
                100.543580648,15.731645798,0
                100.543672818,15.731648336,0
                100.543748534,15.731650986,0
                100.544010464,15.731688976,0
                100.544058278,15.731701389,0
                100.54410118,15.731717024,0
                100.544130981,15.731740723,0
                100.544154235,15.7317692440001,0
                100.544167709,15.731810587,0
                100.544174724,15.7318679140001,0
                100.544167774,15.7320369120001,0
                100.544146023,15.7322076,0
                100.544134901,15.7322602740001,0
                100.544113944,15.732317804,0
                100.544083005,15.732361052,0
                100.544040628,15.7324155430001,0
                100.54386759,15.732600059,0
                100.543753368,15.732728368,0
                100.5437208,15.732773228,0
                100.543689965,15.732830822,0
                100.543667288,15.7328787980001,0
                100.543659435,15.7329282630001,0
                100.543658233,15.732987243,0
                100.543663674,15.7330541430001,0
                100.543674236,15.7331449170001,0
                100.54369098,15.733183051,0
                100.543712611,15.733214774,0
                100.543740737,15.7332352940001,0
                100.543768783,15.733244658,0
                100.543796793,15.7332492400001,0
                100.543828061,15.733249019,0
                100.543869123,15.733239166,0
                100.543897001,15.733226217,0
                100.543918236,15.733205347,0
                100.54394921,15.7331668750001,0
                100.543967023,15.7331285010001,0
                100.543986262,15.733061422,0
                100.544005241,15.732959287,0
                100.544016219,15.732887485,0
                100.544019207,15.7328476210001,0
                100.544028182,15.732818288,0
                100.544033909,15.7328086810001,0
                100.544058291,15.732793153,0
                100.544097699,15.732781717,0
                100.544128962,15.732781496,0
                100.544175069,15.73278595,0
                100.544206433,15.732798481,0
                100.544234551,15.732817405,0
                100.544275939,15.7328505840001,0
                100.544343995,15.732928198,0
                100.544523004,15.73309906,0
                100.544615776,15.7331812840001,0
                100.544809407,15.733326542,0
                100.544862265,15.733353263,0
                100.544903561,15.7333736900001,0
                100.544954705,15.733390861,0
                100.545015644,15.733398396,0
                100.545074898,15.7333995720001,0
                100.545122604,15.733397639,0
                100.54517025,15.733387739,0
                100.545224418,15.733369822,0
                100.54527686,15.733340764,0
                100.545345584,15.733289273,0
                100.545409347,15.733234635,0
                100.545468283,15.733194369,0
                100.545528962,15.733166844,0
                100.545596236,15.733140867,0
                100.545699721,15.7331162290001,0
                100.545725279,15.7331131330001,0
                100.54578357,15.733106068,0
                100.545842662,15.733086525,0
                100.545885288,15.733065504,0
                100.545908498,15.7330400060001,0
                100.545913033,15.733035026,0
                100.545920764,15.732969623,0
                100.545918736,15.7329186370001,0
                100.545905246,15.7328757,0
                100.5458655,15.7328425100001,0
                100.54574969,15.7327604540001,0
                100.545690128,15.7327178420001,0
                100.545657001,15.7326893870001,0
                100.54562049,15.7326482070001,0
                100.545600464,15.732611691,0
                100.545577094,15.7325672280001,0
                100.545576757,15.732522607,0
                100.545579733,15.732481147,0
                100.545595959,15.732450746,0
                100.545630287,15.732420222,0
                100.545807298,15.732326529,0
                100.546030192,15.7322070060001,0
                100.546082682,15.7321843190001,0
                100.546131914,15.732166437,0
                100.546168088,15.7321629950001,0
                100.546207605,15.7321659,0
                100.546243864,15.732173615,0
                100.546281866,15.7321940640001,0
                100.54630345,15.7322194120001,0
                100.546323439,15.7322511460001,0
                100.546336781,15.732274961,0
                100.546342066,15.732321143,0
                100.546356593,15.7325011410001,0
                100.546357159,15.7325760470001,0
                100.546356006,15.7326413980001,0
                100.546361328,15.732692366,0
                100.546374927,15.7327496460001,0
                100.546400305,15.7328419090001,0
                100.546469446,15.7330629580001,0
                100.546501432,15.7331583600001,0
                100.546516461,15.7331869400001,0
                100.546542981,15.733212252,0
                100.546696903,15.7333291040001,0
                100.546734929,15.7333527440001,0
                100.546756574,15.733359563,0
                100.546784576,15.73336255,0
                100.546840838,15.7333598330001,0
                100.546842563,15.7333597480001,0
                100.546842977,15.7333595690001,0
                100.546885426,15.733341088,0
                100.546907535,15.7333292050001,0
                100.547000859,15.733266386,0
                100.547056589,15.7332373,0
                100.547097628,15.733224256,0
                100.547138743,15.733220779,0
                100.547169739,15.733222864,0
                100.54718516,15.733226071,0
                100.547205169,15.7332394270001,0
                100.547218604,15.733255695,0
                100.547238112,15.7333045460001,0
                100.547254034,15.7333728360001,0
                100.547262941,15.7333993660001,0
                100.547279578,15.7334252540001,0
                100.547296442,15.7334440280001,0
                100.547452524,15.7335867210001,0
                100.547497194,15.7336182810001,0
                100.547691611,15.7337173380001,0
                100.547706992,15.733725173,0
                100.547771394,15.7337549980001,0
                100.547815871,15.733761058,0
                100.54782659,15.733761316,0
                100.547827031,15.7337623120001,0
                100.547871121,15.7337505080001,0
                100.547903129,15.7337395210001,0
                100.547959509,15.7336877180001,0
                100.548034094,15.7335951480001,0
                100.548051162,15.733567534,0
                100.548054685,15.733543599,0
                100.548051873,15.733498195,0
                100.548039158,15.733449278,0
                100.548021412,15.7333872460001,0
                100.547997665,15.7333479650001,0
                100.547900472,15.7332255330001,0
                100.547838071,15.7331339350001,0
                100.547820496,15.733094614,0
                100.547789138,15.733027893,0
                100.547768946,15.732969467,0
                100.547758821,15.7329360680001,0
                100.547758613,15.7329085760001,0
                100.547763341,15.7328810500001,0
                100.547780445,15.7328582160001,0
                100.547803731,15.732836536,0
                100.547871345,15.732801388,0
                100.547977189,15.732762388,0
                100.548053589,15.732746306,0
                100.548121402,15.7327374550001,0
                100.548191783,15.732741737,0
                100.54826711,15.732747181,0
                100.548328968,15.732767063,0
                100.548373614,15.732795432,0
                100.548423277,15.73283453,0
                100.548476857,15.7329022810001,0
                100.548530631,15.732995137,0
                100.548578378,15.733107165,0
                100.548625016,15.73323593,0
                100.548660522,15.73336119,0
                100.548675719,15.733412485,0
                100.548690645,15.7334279200001,0
                100.548704267,15.733433797,0
                100.548749981,15.733440644,0
                100.548800591,15.733441482,0
                100.548828958,15.7334388900001,0
                100.548851124,15.733432754,0
                100.548871987,15.733417065,0
                100.549233545,15.7330833840001,0
                100.549261713,15.7330544980001,0
                100.549293638,15.733032752,0
                100.549330513,15.733013366,0
                100.549364971,15.7329999720001,0
                100.54939206,15.7329914100001,0
                100.549411831,15.732994858,0
                100.549449055,15.733020889,0
                100.549472693,15.7330458230001,0
                100.549484005,15.7330732400001,0
                100.549546415,15.7333286030001,0
                100.549551541,15.7333536690001,0
                100.549560326,15.733372731,0
                100.549644904,15.7334593900001,0
                100.549662275,15.733471223,0
                100.549686955,15.7334710480001,0
                100.549848064,15.733395789,0
                100.549872708,15.7333908320001,0
                100.549907247,15.733388196,0
                100.550071385,15.7333870300001,0
                100.55010101,15.733388017,0
                100.550130667,15.733392587,0
                100.550198716,15.733414816,0
                100.550222282,15.733430184,0
                100.550233572,15.733454013,0
                100.550238725,15.7334826630001,0
                100.550213891,15.7337888540001,0
                100.550212958,15.7338283060001,0
                100.550220616,15.7338617230001,0
                100.550236878,15.733890294,0
                100.550312924,15.7339913610001,0
                100.550333986,15.7340019660001,0
                100.550361139,15.734001773,0
                100.550438625,15.733966557,0
                100.550473028,15.733945991,0
                100.550491382,15.733925539,0
                100.550502182,15.733884824,0
                100.55053831,15.733766227,0
                100.550554083,15.733730253,0
                100.55060774,15.7336450020001,0
                100.55065129,15.7335822860001,0
                100.550660679,15.7335708410001,0
                100.550670229,15.733563954,0
                100.550679918,15.733559456,0
                100.550691088,15.733558884,0
                100.550704199,15.733560201,0
                100.550718444,15.733564587,0
                100.550744576,15.733575549,0
                100.550760108,15.7335860270001,0
                100.550790295,15.733612501,0
                100.55090949,15.733725335,0
                100.550933129,15.733750269,0
                100.550951886,15.7337824100001,0
                100.550979596,15.7338563270001,0
                100.550989812,15.733901679,0
                100.550996446,15.733962591,0
                100.551009838,15.734101158,0
                100.551013669,15.734117865,0
                100.551024908,15.734135716,0
                100.551129073,15.73420072,0
                100.551150098,15.7342065490001,0
                100.551174774,15.734205176,0
                100.551186707,15.734203162,0
                100.551203311,15.7341956240001,0
                100.551303595,15.7341038500001,0
                100.551314558,15.7340846480001,0
                100.551313159,15.7340631390001,0
                100.55128216,15.733881668,0
                100.551278189,15.7338458350001,0
                100.55127999,15.733828008,0
                100.551282395,15.733820291,0
                100.551292804,15.7338049160001,0
                100.551304357,15.7337945350001,0
                100.551320616,15.7337865160001,0
                100.551330532,15.7337842270001,0
                100.551350531,15.7337831630001,0
                100.551388805,15.7337852810001,0
                100.551493807,15.733797684,0
                100.551506008,15.733796468,0
                100.551523982,15.733793104,0
                100.551543072,15.7337841840001,0
                100.551589935,15.733752349,0
                100.551602877,15.733738804,0
                100.551616645,15.733721498,0
                100.551647026,15.733659125,0
                100.551715269,15.7335438870001,0
                100.5517422,15.733515004,0
                100.551775284,15.733483693,0
                100.551930637,15.7333661760001,0
                100.551950463,15.7333424190001,0
                100.551965892,15.7333209120001,0
                100.551973923,15.733301397,0
                100.551981109,15.733281232,0
                100.552044213,15.733104257,0
                100.552047879,15.7330727070001,0
                100.55204229,15.7330223120001,0
                100.552027508,15.7329618910001,0
                100.552004854,15.732892701,0
                100.551966461,15.7328084930001,0
                100.551932088,15.732739386,0
                100.551905773,15.7327030060001,0
                100.551873012,15.732674242,0
                100.551838983,15.7326505250001,0
                100.551805021,15.732635637,0
                100.551750237,15.7326221540001,0
                100.551569137,15.73260327,0
                100.551463604,15.732592669,0
                100.55133572,15.732568842,0
                100.551320383,15.732563203,0
                100.551284859,15.732540984,0
                100.551263808,15.732512131,0
                100.551237359,15.7324581010001,0
                100.551229191,15.732434928,0
                100.551223778,15.7324126290001,0
                100.551220973,15.732363859,0
                100.551227139,15.7323119060001,0
                100.551237122,15.7322550920001,0
                100.55124871,15.7322217550001,0
                100.551273861,15.732121175,0
                100.551277476,15.7320828650001,0
                100.551277345,15.732065667,0
                100.551274484,15.732031642,0
                100.55126254,15.7320014690001,0
                100.551240111,15.73196254,0
                100.551215799,15.731933155,0
                100.55117393,15.7319079210001,0
                100.551126631,15.7318987940001,0
                100.551030488,15.7318915880001,0
                100.550880508,15.731872148,0
                100.550844575,15.7318582090001,0
                100.550824913,15.731842574,0
                100.550816604,15.7318205490001,0
                100.550809912,15.731796936,0
                100.550814522,15.731760625,0
                100.550824076,15.731732165,0
                100.55084344,15.7317083660001,0
                100.550883903,15.7316749510001,0
                100.551093215,15.73157251,0
                100.551265288,15.731498727,0
                100.551335012,15.7314587990001,0
                100.551393354,15.731420525,0
                100.551428952,15.731390302,0
                100.551449873,15.73135703,0
                100.551467369,15.731301698,0
                100.551461858,15.7312197100001,0
                100.551442405,15.7310163670001,0
                100.551450211,15.7309721440001,0
                100.55147598,15.7309341060001,0
                100.551511626,15.7309101920001,0
                100.551565263,15.730895612,0
                100.551747559,15.7308816980001,0
                100.551949399,15.730867641,0
                100.55201128,15.730867201,0
                100.552056939,15.7308747610001,0
                100.552084766,15.7308934930001,0
                100.552120843,15.730926364,0
                100.552179927,15.7309858830001,0
                100.552219427,15.731040809,0
                100.552280398,15.731135019,0
                100.552326715,15.731229333,0
                100.552359612,15.731271689,0
                100.552395629,15.7312966710001,0
                100.552428269,15.731305901,0
                100.552475497,15.7313055650001,0
                100.552511238,15.731294271,0
                100.552571137,15.731246523,0
                100.552744686,15.731026722,0
                100.552927056,15.730822715,0
                100.552967956,15.730743665,0
                100.552975822,15.7307073310001,0
                100.552972123,15.7306489960001,0
                100.552958697,15.730597034,0
                100.552929134,15.730564121,0
                100.552884995,15.7305423510001,0
                100.552834296,15.7305143200001,0
                100.552579592,15.730429379,0
                100.552515855,15.730399859,0
                100.552483059,15.7303701230001,0
                100.55247313,15.7303496870001,0
                100.552472902,15.730319719,0
                100.552480749,15.7302802310001,0
                100.552524153,15.7302057860001,0
                100.552664757,15.7300628190001,0
                100.552802196,15.729932497,0
                100.552876712,15.729879909,0
                100.55299205,15.7298412330001,0
                100.55305702,15.729818686,0
                100.553120414,15.72980246,0
                100.55318069,15.729805189,0
                100.553237722,15.7298095140001,0
                100.553347038,15.7298355510001,0
                100.553449897,15.729869519,0
                100.55351349,15.7298801110001,0
                100.553570534,15.7298860130001,0
                100.553620945,15.7298761910001,0
                100.553700502,15.729844074,0
                100.55379456,15.7297913510001,0
                100.553830282,15.729776902,0
                100.553872572,15.7297702880001,0
                100.553913286,15.7297699980001,0
                100.553952523,15.729790226,0
                100.553960885,15.729818558,0
                100.553961208,15.7298611460001,0
                100.553911527,15.729967184,0
                100.553835958,15.7300954890001,0
                100.553824771,15.7301239650001,0
                100.553825107,15.730168126,0
                100.553825442,15.730212291,0
                100.553838915,15.7302705610001,0
                100.553863726,15.7303208610001,0
                100.55389493,15.730355339,0
                100.553935956,15.73039606,0
                100.553996448,15.730427176,0
                100.554050404,15.7304551830001,0
                100.554141782,15.7304781930001,0
                100.554234675,15.730486994,0
                100.554412098,15.7304746900001,0
                100.554480448,15.7304678950001,0
                100.554538869,15.730440663,0
                100.554577632,15.730397797,0
                100.554591926,15.730350373,0
                100.554597732,15.730257265,0
                100.554606895,15.7301767550001,0
                100.55462293,15.730143517,0
                100.554648794,15.730118094,0
                100.554712219,15.7301065980001,0
                100.555077144,15.730122927,0
                100.555103164,15.7301180100001,0
                100.5551291,15.73010205,0
                100.555140299,15.7300751550001,0
                100.555131314,15.7299648040001,0
                100.555127482,15.7298891130001,0
                100.555138429,15.729829097,0
                100.555167573,15.7298068050001,0
                100.555213136,15.729801749,0
                100.555244208,15.72981888,0
                100.555301504,15.729857903,0
                100.555376919,15.7299236170001,0
                100.555443976,15.7299609940001,0
                100.555517547,15.729998328,0
                100.555563249,15.730012201,0
                100.555647958,15.7300147510001,0
                100.555737475,15.7300078000001,0
                100.555802533,15.729996296,0
                100.555847952,15.729972311,0
                100.555881896,15.7299389460001,0
                100.555901152,15.7299009490001,0
                100.555929684,15.7297982160001,0
                100.555978717,15.729607002,0
                100.556009321,15.7295626210001,0
                100.55604323,15.72952452,0
                100.556083908,15.729519499,0
                100.556152438,15.729536362,0
                100.556235802,15.729576776,0
                100.556307612,15.729596771,0
                100.556410363,15.7296165450001,0
                100.556524535,15.729639391,0
                100.556594753,15.729664128,0
                100.556643789,15.729687439,0
                100.55667176,15.7297250940001,0
                100.556673653,15.7297597850001,0
                100.556662471,15.7297882570001,0
                100.556610931,15.7298643390001,0
                100.556546274,15.729927893,0
                100.556447559,15.730010624,0
                100.556347096,15.730077588,0
                100.556313151,15.7301109580001,0
                100.556293776,15.7301331800001,0
                100.55628275,15.730182158,0
                100.556283182,15.7302389390001,0
                100.556299944,15.7303019170001,0
                100.556323307,15.730375887,0
                100.556440528,15.7305848400001,0
                100.556545699,15.7307087020001,0
                100.556584961,15.7307320830001,0
                100.556963198,15.7309991160001,0
                100.557008953,15.7310192960001,0
                100.557062825,15.7310362590001,0
                100.55711502,15.731046931,0
                100.55716226,15.7310481710001,0
                100.557212611,15.7310304590001,0
                100.557258026,15.731006474,0
                100.557298548,15.730980946,0
                100.557335706,15.7309412490001,0
                100.557397023,15.7308666750001,0
                100.557434188,15.7308285500001,0
                100.557469886,15.7308109430001,0
                100.557515473,15.7308090400001,0
                100.557551406,15.7308229820001,0
                100.557577654,15.730848033,0
                100.557600705,15.730880991,0
                100.557610739,15.730915625,0
                100.557612979,15.7309960540001,0
                100.557617093,15.7311080210001,0
                100.557625438,15.731134776,0
                100.557638728,15.7311693820001,0
                100.557669913,15.731200705,0
                100.557773277,15.731300919,0
                100.557793068,15.731333906,0
                100.557799825,15.731365404,0
                100.557795164,15.731395406,0
                100.557775854,15.731425513,0
                100.557741856,15.731452571,0
                100.557644553,15.731506901,0
                100.557625207,15.731532277,0
                100.557622203,15.7315654220001,0
                100.557628968,15.731598497,0
                100.557653684,15.7316361790001,0
                100.557749106,15.731763265,0
                100.557780376,15.731805632,0
                100.557801907,15.7318528000001,0
                100.557828516,15.7319251700001,0
                100.55783885,15.7319992330001,0
                100.557839282,15.732056014,0
                100.55783495,15.7321286050001,0
                100.557835346,15.732180655,0
                100.557843895,15.732234224,0
                100.557868599,15.7322703300001,0
                100.557894823,15.732292221,0
                100.557925812,15.7322983130001,0
                100.557974656,15.7322963870001,0
                100.558007129,15.732283534,0
                100.558068751,15.7322483930001,0
                100.558110793,15.7322086570001,0
                100.558151395,15.732194173,0
                100.558197006,15.7321954240001,0
                100.558237853,15.73221248,0
                100.55834093,15.732274841,0
                100.558403039,15.7323043660001,0
                100.558471558,15.7323196520001,0
                100.558768161,15.7323459250001,0
                100.558901721,15.732348125,0
                100.558963584,15.7323445280001,0
                100.559039967,15.732323476,0
                100.559125904,15.7322739630001,0
                100.559240929,15.7321942720001,0
                100.559312236,15.732148018,0
                100.559365808,15.732125551,0
                100.5594195,15.732118859,0
                100.559486326,15.7321262670001,0
                100.55954346,15.7321432110001,0
                100.559595776,15.732169652,0
                100.559638427,15.7322103600001,0
                100.559668153,15.7322637780001,0
                100.559679935,15.7323141690001,0
                100.559681936,15.7323630540001,0
                100.559669211,15.732402576,0
                100.559649932,15.7324374190001,0
                100.559604561,15.7324677130001,0
                100.559372514,15.7325782090001,0
                100.559351439,15.732590981,0
                100.559346699,15.732609945,0
                100.559345275,15.7326367700001,0
                100.559347059,15.7326572640001,0
                100.559358661,15.732683996,0
                100.559378433,15.732713824,0
                100.559406297,15.732737285,0
                100.559452053,15.7327574650001,0
                100.559647705,15.7327860350001,0
                100.559809263,15.7328290470001,0
                100.560010208,15.7329112090001,0
                100.560101775,15.732959453,0
                100.560170619,15.733017322,0
                100.560206793,15.7330628080001,0
                100.560233427,15.7331383310001,0
                100.560265094,15.733232748,0
                100.56028539,15.733331978,0
                100.56030047,15.733387077,0
                100.560326839,15.7334279020001,0
                100.560351531,15.73346243,0
                100.560398988,15.7334920600001,0
                100.560482438,15.7335435150001,0
                100.560556119,15.7335950410001,0
                100.560590545,15.7336247640001,0
                100.560602272,15.7336672710001,0
                100.560597784,15.7337193560001,0
                100.560581858,15.7337667910001,0
                100.560536752,15.733831788,0
                100.560486785,15.73389997,0
                100.560453141,15.73397277,0
                100.560437263,15.734026514,0
                100.560432727,15.7340722910001,0
                100.5604331,15.734121187,0
                100.560441602,15.734168448,0
                100.560463111,15.734212461,0
                100.560514088,15.7342767710001,0
                100.560776143,15.7344704860001,0
                100.56089897,15.7345595190001,0
                100.560943218,15.7345954840001,0
                100.561004062,15.73467234,0
                100.561033952,15.7347478400001,0
                100.561057426,15.7348360020001,0
                100.561066831,15.735001561,0
                100.561054864,15.7351404570001,0
                100.561019965,15.7352621650001,0
                100.560964094,15.7354108380001,0
                100.560915563,15.735453772,0
                100.560858782,15.73548257,0
                100.560827961,15.735498566,0
                100.560813483,15.735522331,0
                100.560815436,15.735564907,0
                100.560819178,15.7356279730001,0
                100.560845837,15.7357066500001,0
                100.560873858,15.7357506170001,0
                100.560888634,15.735768858,0
                100.560913754,15.735792126,0
                100.560944339,15.7358100550001,0
                100.560998254,15.7358317530001,0
                100.561048919,15.735855047,0
                100.561072748,15.7358729920001,0
                100.561083945,15.7358856600001,0
                100.561104818,15.735924052,0
                100.56111156,15.7359539770001,0
                100.561108773,15.736015513,0
                100.561092967,15.736078723,0
                100.561057707,15.7361531120001,0
                100.56101933,15.7362464490001,0
                100.561000328,15.7363175670001,0
                100.561000653,15.7363601550001,0
                100.56101086,15.7364168660001,0
                100.561029028,15.7364498640001,0
                100.561053673,15.73647808,0
                100.561078253,15.7364984110001,0
                100.561107704,15.7365155480001,0
                100.561148523,15.736529454,0
                100.561181121,15.736532375,0
                100.561234754,15.736517792,0
                100.561280217,15.736500119,0
                100.561340067,15.736446056,0
                100.561581455,15.736065759,0
                100.56165512,15.7359505690001,0
                100.561664939,15.735936264,0
                100.561700764,15.735907168,0
                100.561725791,15.7358851540001,0
                100.56173892,15.7358770980001,0
                100.561765738,15.735866124,0
                100.561790691,15.7358607800001,0
                100.561824185,15.73586054,0
                100.56187959,15.7358648740001,0
                100.561935092,15.735881829,0
                100.561958013,15.7358974360001,0
                100.561965658,15.7359076440001,0
                100.56199043,15.7359505900001,0
                100.56200403,15.7359915280001,0
                100.562007717,15.7360056370001,0
                100.562060886,15.736179002,0
                100.562078161,15.736212354,0
                100.562145373,15.736333028,0
                100.562190067,15.7364273520001,0
                100.562257827,15.7365562100001,0
                100.562262716,15.7365658590001,0
                100.562285788,15.7365988440001,0
                100.562308805,15.736613763,0
                100.562322724,15.736620008,0
                100.562347752,15.736628663,0
                100.562395276,15.7366290910001,0
                100.562437749,15.7366220170001,0
                100.562450474,15.7366179270001,0
                100.562477644,15.736600407,0
                100.562518095,15.736559361,0
                100.562542604,15.7365257770001,0
                100.562623066,15.7363990110001,0
                100.56264887,15.736368731,0
                100.562685461,15.7363361860001,0
                100.562695463,15.7363304740001,0
                100.562731538,15.736314635,0
                100.562785048,15.736306524,0
                100.562804819,15.736306762,0
                100.562831367,15.7363129890001,0
                100.562840294,15.7363167880001,0
                100.562860841,15.7363325650001,0
                100.562877468,15.7363610510001,0
                100.562880158,15.7363688040001,0
                100.562880496,15.7364129420001,0
                100.562866408,15.7364871790001,0
                100.562828188,15.7366010220001,0
                100.562807414,15.7366532230001,0
                100.562797994,15.7366990350001,0
                100.562799948,15.7367416120001,0
                100.562807766,15.736762162,0
                100.56282409,15.7367907350001,0
                100.562837614,15.736805157,0
                100.562846748,15.7368128460001,0
                100.562911507,15.736848072,0
                100.56305219,15.73692909,0
                100.563096447,15.7369666280001,0
                100.563113641,15.736986894,0
                100.563127405,15.7370242160001,0
                100.563131336,15.7370562900001,0
                100.563099943,15.7372110960001,0
                100.563052333,15.737373909,0
                100.562989793,15.7375021240001,0
                100.562960639,15.7375499890001,0
                100.562941326,15.7375901240001,0
                100.562932071,15.7376208370001,0
                100.562921549,15.737661713,0
                100.562918753,15.737684766,0
                100.562923266,15.73772704,0
                100.562938089,15.737769067,0
                100.562962842,15.7378114800001,0
                100.563013798,15.737872635,0
                100.56305317,15.737910207,0
                100.56311531,15.7379428900001,0
                100.563183195,15.737968328,0
                100.563238662,15.7379805510001,0
                100.56329402,15.737978577,0
                100.563347605,15.7379576860001,0
                100.563521161,15.737864953,0
                100.563626667,15.7378184520001,0
                100.563728988,15.737781441,0
                100.563889976,15.73774874,0
                100.564070311,15.7376906580001,0
                100.564253684,15.737604166,0
                100.564318546,15.7375674190001,0
                100.564358924,15.737522966,0
                100.564373161,15.7374676530001,0
                100.564394907,15.7373302680001,0
                100.564410374,15.737222892,0
                100.564438782,15.737104389,0
                100.564482006,15.737006281,0
                100.564509317,15.736957187,0
                100.564535072,15.736917566,0
                100.564559259,15.7368858460001,0
                100.564608019,15.7368728750001,0
                100.564671518,15.736870842,0
                100.564717202,15.736881559,0
                100.564779295,15.7369079280001,0
                100.564839863,15.736948507,0
                100.564889009,15.7369860090001,0
                100.564929894,15.737007799,0
                100.564969,15.7370106720001,0
                100.565021125,15.7370118750001,0
                100.565097583,15.7370002870001,0
                100.565142978,15.736973146,0
                100.56517533,15.736944517,0
                100.565201121,15.736909632,0
                100.565213934,15.7368811480001,0
                100.565223378,15.73683849,0
                100.565216129,15.7367423220001,0
                100.565201939,15.7365909960001,0
                100.565209627,15.736531003,0
                100.565225595,15.7364898750001,0
                100.56525794,15.7364596740001,0
                100.565318122,15.736449775,0
                100.56544042,15.7364694030001,0
                100.565629546,15.7364964380001,0
                100.565696487,15.7365180410001,0
                100.565752086,15.7365476150001,0
                100.565784981,15.7365899650001,0
                100.565795105,15.7366356370001,0
                100.565789107,15.7367035080001,0
                100.565784597,15.736752439,0
                100.565771885,15.736793543,0
                100.5657576,15.7368425400001,0
                100.565748144,15.7368836210001,0
                100.565753355,15.7369261740001,0
                100.565774756,15.7369559900001,0
                100.565809268,15.7369967550001,0
                100.565918935,15.7370685270001,0
                100.565976138,15.7370949310001,0
                100.566085579,15.7371367310001,0
                100.566162314,15.737161422,0
                100.566225898,15.7371704280001,0
                100.566281279,15.7371716070001,0
                100.566323502,15.7371555290001,0
                100.566367221,15.7371220910001,0
                100.566423723,15.737057011,0
                100.566467321,15.7370078000001,0
                100.56653053,15.736967914,0
                100.566589064,15.7369548720001,0
                100.566655783,15.7369480840001,0
                100.566701419,15.736952488,0
                100.566776441,15.736966147,0
                100.566823839,15.73698789,0
                100.566856541,15.737005003,0
                100.566884467,15.7370363530001,0
                100.566897691,15.737061496,0
                100.566907727,15.7370961240001,0
                100.566912901,15.737133946,0
                100.566896981,15.7371813820001,0
                100.566855206,15.737255819,0
                100.566822998,15.737303367,0
                100.566808847,15.7373697200001,0
                100.566793104,15.7374408150001,0
                100.566784035,15.7375323700001,0
                100.566784421,15.7375828420001,0
                100.566794565,15.7376316680001,0
                100.566812855,15.7376804350001,0
                100.566844063,15.7377149120001,0
                100.566886551,15.7377335360001,0
                100.566928968,15.737742693,0
                100.566977837,15.737743919,0
                100.567046136,15.7377308120001,0
                100.567138711,15.7376970190001,0
                100.56718735,15.7376682770001,0
                100.567229363,15.7376253890001,0
                100.567279219,15.7375430050001,0
                100.567347955,15.737373731,0
                100.567370151,15.737294704,0
                100.567402007,15.737201409,0
                100.567425904,15.7371318360001,0
                100.567451743,15.737103259,0
                100.567482616,15.7370935700001,0
                100.567513582,15.7370965010001,0
                100.567539662,15.7370994680001,0
                100.567567504,15.7371197740001,0
                100.567575936,15.737157573,0
                100.567575407,15.7373011180001,0
                100.567582368,15.737359429,0
                100.567585842,15.7373877960001,0
                100.567600742,15.7374192350001,0
                100.567622083,15.7374411660001,0
                100.567725334,15.737525604,0
                100.567763055,15.737560033,0
                100.567792675,15.7375992560001,0
                100.567807655,15.737641734,0
                100.567822677,15.737688948,0
                100.567823064,15.7377394210001,0
                100.567817042,15.7378041380001,0
                100.567791626,15.73788792,0
                100.567736897,15.737971917,0
                100.567707971,15.7380226,0
                100.567695271,15.738065282,0
                100.567695634,15.7381125960001,0
                100.567707334,15.7381519480001,0
                100.567738529,15.7381848470001,0
                100.567784371,15.738216068,0
                100.567888876,15.7382515940001,0
                100.568043999,15.7383041090001,0
                100.568102807,15.7383273470001,0
                100.568130992,15.73836921,0
                100.568146738,15.7383958570001,0
                100.568160842,15.738434221,0
                100.5681648,15.7384994170001,0
                100.568158364,15.7385613450001,0
                100.568146866,15.7386383570001,0
                100.568136945,15.7386952890001,0
                100.568127044,15.738755569,0
                100.568127352,15.738795704,0
                100.568134608,15.7388408090001,0
                100.568146871,15.738864133,0
                100.568167787,15.7388890710001,0
                100.568202449,15.7389055460001,0
                100.568245717,15.738918615,0
                100.568290716,15.738931667,0
                100.568340786,15.738931307,0
                100.568385605,15.738920953,0
                100.568423425,15.7388989400001,0
                100.568440512,15.738875401,0
                100.568462676,15.7388384490001,0
                100.568462342,15.7387949660001,0
                100.56845169,15.7387565780001,0
                100.568430599,15.7387082290001,0
                100.568409541,15.7386649000001,0
                100.568397034,15.7386098010001,0
                100.568394962,15.7385646590001,0
                100.568403179,15.738498394,0
                100.568404716,15.738485983,0
                100.568441702,15.738355271,0
                100.568472104,15.738266411,0
                100.568497584,15.7382110390001,0
                100.568519824,15.7381841220001,0
                100.568547346,15.7381705440001,0
                100.568590528,15.7381719050001,0
                100.568654494,15.7381814770001,0
                100.569073246,15.738295534,0
                100.569125214,15.738316905,0
                100.569189437,15.7383599230001,0
                100.569224279,15.738399814,0
                100.569231427,15.738431534,0
                100.569231645,15.7384599650001,0
                100.569219972,15.7385135660001,0
                100.569158361,15.7385859230001,0
                100.568966822,15.7388193580001,0
                100.568958201,15.738829868,0
                100.568941152,15.7388584190001,0
                100.568937977,15.7388952380001,0
                100.568941691,15.7389286600001,0
                100.568959279,15.7389703420001,0
                100.568992326,15.739001881,0
                100.569146695,15.73909108,0
                100.569242282,15.739170669,0
                100.569346615,15.739265244,0
                100.569390153,15.739313431,0
                100.569432015,15.7393683230001,0
                100.569479061,15.739423173,0
                100.569512164,15.7394614,0
                100.569572943,15.7395061190001,0
                100.569635299,15.739530754,0
                100.569688852,15.7395337130001,0
                100.569742353,15.7395299830001,0
                100.569806063,15.7395061130001,0
                100.569857518,15.7394605850001,0
                100.569896832,15.739408457,0
                100.569925161,15.7393650760001,0
                100.569946137,15.7393077560001,0
                100.569945803,15.7392642780001,0
                100.569952169,15.739193991,0
                100.569948319,15.73914217,0
                100.569916698,15.7390721560001,0
                100.569891871,15.7389870420001,0
                100.569881098,15.738933602,0
                100.569880829,15.7388984840001,0
                100.569894374,15.7388632660001,0
                100.569928587,15.7388212110001,0
                100.569980041,15.738775683,0
                100.570040101,15.7387267500001,0
                100.570077702,15.7386763060001,0
                100.57009452,15.7386176520001,0
                100.570093955,15.7385440670001,0
                100.570093236,15.7384504190001,0
                100.570108289,15.7383867570001,0
                100.570127012,15.7383515020001,0
                100.570156291,15.738341259,0
                100.570189085,15.738339346,0
                100.570227059,15.738337401,0
                100.570265174,15.7383538510001,0
                100.570299913,15.7383803610001,0
                100.570369751,15.738480204,0
                100.570461507,15.738601051,0
                100.570612228,15.738799563,0
                100.570751776,15.73898252,0
                100.570816149,15.7390456100001,0
                100.57095879,15.73918172,0
                100.570986561,15.7391999170001,0
                100.571028025,15.7392029660001,0
                100.571062521,15.7391976970001,0
                100.571086595,15.739184143,0
                100.57110193,15.7391572770001,0
                100.571120461,15.739096934,0
                100.571130862,15.7390704420001,0
                100.571132313,15.7390667490001,0
                100.571159749,15.739041462,0
                100.571199359,15.7390277960001,0
                100.571247708,15.7390274480001,0
                100.571297898,15.739042139,0
                100.571358639,15.7390818420001,0
                100.571426327,15.739126506,0
                100.571464661,15.7391713870001,0
                100.571489197,15.739218039,0
                100.571505196,15.739278128,0
                100.571514307,15.7393399440001,0
                100.571519097,15.7393968060001,0
                100.571521906,15.739430199,0
                100.571509162,15.739569101,0
                100.571500938,15.7396226770001,0
                100.571487393,15.7396578950001,0
                100.571463452,15.7396881720001,0
                100.571427398,15.7397151930001,0
                100.571387878,15.7397405620001,0
                100.571337944,15.739759318,0
                100.571303513,15.7397729460001,0
                100.5712847,15.739796498,0
                100.571283256,15.739833301,0
                100.571287274,15.7399068570001,0
                100.571317704,15.74004712,0
                100.571331814,15.740085488,0
                100.57135444,15.7401087370001,0
                100.571380484,15.740126945,0
                100.57142553,15.740146689,0
                100.571487847,15.740166308,0
                100.571579503,15.740184044,0
                100.571655558,15.740193532,0
                100.571698864,15.7402116160001,0
                100.571745654,15.7402330190001,0
                100.571794178,15.7402560850001,0
                100.571842604,15.740265768,0
                100.571875425,15.7402672040001,0
                100.571949505,15.740244929,0
                100.571962276,15.7402366310001,0
                100.572035416,15.7401891210001,0
                100.572074807,15.7401470240001,0
                100.572090001,15.7401017620001,0
                100.572108429,15.74002804,0
                100.572116576,15.739964432,0
                100.572136717,15.7398890260001,0
                100.5722132,15.7397295960001,0
                100.572272899,15.7396338350001,0
                100.572317371,15.7395783260001,0
                100.57235863,15.7395546160001,0
                100.572410354,15.7395442070001,0
                100.572460454,15.7395471890001,0
                100.57251241,15.739566887,0
                100.572560985,15.739596637,0
                100.572602725,15.739634805,0
                100.572635854,15.739676375,0
                100.572667394,15.739736356,0
                100.572751691,15.739919711,0
                100.572803001,15.7400798950001,0
                100.572829748,15.74019008,0
                100.572845906,15.7402702410001,0
                100.57284633,15.740325426,0
                100.572836372,15.740377343,0
                100.572814294,15.740426003,0
                100.57278864,15.7404579650001,0
                100.572740613,15.7405001240001,0
                100.572630478,15.740549415,0
                100.572434278,15.7406344520001,0
                100.57204465,15.7407925200001,0
                100.571993593,15.7408132370001,0
                100.571895465,15.7408524090001,0
                100.57182141,15.7408780270001,0
                100.571764477,15.74088513,0
                100.571709274,15.7408922160001,0
                100.571641932,15.7408927010001,0
                100.571605697,15.740896306,0
                100.571553973,15.740906716,0
                100.571510897,15.740918734,0
                100.571478282,15.7409440540001,0
                100.571456106,15.740979334,0
                100.571440938,15.7410279440001,0
                100.571431,15.7410832050001,0
                100.57143136,15.7411300310001,0
                100.571433394,15.741170153,0
                100.571437173,15.741211938,0
                100.571452945,15.7412419290001,0
                100.571479036,15.7412668260001,0
                100.571506781,15.7412816780001,0
                100.571546597,15.7412947710001,0
                100.571589814,15.7413011470001,0
                100.571664066,15.741300612,0
                100.57179523,15.741291307,0
                100.571941805,15.7412651610001,0
                100.571990193,15.741269828,0
                100.572016173,15.741279677,0
                100.572029175,15.741298264,0
                100.572033633,15.7413046400001,0
                100.572044235,15.7413363360001,0
                100.572041052,15.7413714790001,0
                100.572025294,15.7414209610001,0
                100.572009016,15.7414720560001,0
                100.571919224,15.7416968110001,0
                100.571868682,15.74186107,0
                100.571835394,15.742023537,0
                100.571832289,15.742068712,0
                100.571830974,15.742122238,0
                100.571835146,15.742215866,0
                100.571842463,15.7422693300001,0
                100.571854911,15.742316069,0
                100.571874175,15.74235105,0
                100.571900412,15.742394346,0
                100.571924816,15.7424242700001,0
                100.5719682,15.74245239,0
                100.572014926,15.7424654330001,0
                100.572111792,15.7424864750001,0
                100.57223806,15.7425139970001,0
                100.572254598,15.742520972,0
                100.572316018,15.742546883,0
                100.572475493,15.742626006,0
                100.572572552,15.742672134,0
                100.572619401,15.742701901,0
                100.572647262,15.7427318050001,0
                100.57265266,15.742760194,0
                100.572654798,15.7428136950001,0
                100.572644736,15.742852237,0
                100.572626051,15.7428925080001,0
                100.572612494,15.7429260540001,0
                100.572604115,15.7429595630001,0
                100.572602672,15.7429963660001,0
                100.572608138,15.7430331190001,0
                100.572625688,15.74306979,0
                100.572639477,15.7430960030001,0
                100.572670134,15.743134545,0
                100.572695448,15.7431595960001,0
                100.572768553,15.7432343250001,0
                100.572815467,15.7432724560001,0
                100.572926495,15.7433385470001,0
                100.572976798,15.743368289,0
                100.573013265,15.7433947860001,0
                100.573037581,15.743426663,0
                100.573045234,15.743443707,0
                100.573053838,15.743469868,0
                100.573055746,15.743486809,0
                100.57304879,15.7435233030001,0
                100.573038494,15.7435592300001,0
                100.572926113,15.74373826,0
                100.572907183,15.7437709050001,0
                100.572902339,15.743790276,0
                100.572902468,15.7438070000001,0
                100.572906114,15.7438320580001,0
                100.572919276,15.7438666630001,0
                100.572935894,15.743887036,0
                100.572984578,15.7439301650001,0
                100.573031441,15.7439616030001,0
                100.573093837,15.7439912580001,0
                100.573132069,15.744022758,0
                100.573163563,15.7440760480001,0
                100.573179336,15.744106039,0
                100.573221792,15.74423785,0
                100.573245037,15.744341376,0
                100.57327121,15.744376308,0
                100.573300819,15.744409542,0
                100.573325125,15.744426091,0
                100.573354528,15.744432567,0
                100.57338217,15.7444340390001,0
                100.573414889,15.7444220950001,0
                100.573450944,15.744395078,0
                100.573603642,15.744288221,0
                100.573708643,15.7441948270001,0
                100.573831915,15.7440572150001,0
                100.573967964,15.7438969340001,0
                100.574134522,15.7436624320001,0
                100.574197152,15.743554106,0
                100.574230404,15.7434999330001,0
                100.574260001,15.743474631,0
                100.574297399,15.743454292,0
                100.574334861,15.743441478,0
                100.574381455,15.743437381,0
                100.574425523,15.743442079,0
                100.574468337,15.7434518060001,0
                100.574498276,15.743471658,0
                100.574533554,15.74351154,0
                100.574554515,15.743542744,0
                100.574571648,15.7435815050001,0
                100.574584928,15.743624058,0
                100.574582783,15.7436817710001,0
                100.574566718,15.7437822320001,0
                100.574534027,15.7439091540001,0
                100.57451,15.7439845850001,0
                100.574472905,15.7440450620001,0
                100.574423038,15.7441282070001,0
                100.574362721,15.744200135,0
                100.574217606,15.744360482,0
                100.574179084,15.744403409,0
                100.574157443,15.744452482,0
                100.574137158,15.7445090730001,0
                100.574137544,15.744559243,0
                100.574153356,15.74459425,0
                100.574188669,15.744631429,0
                100.574191218,15.7446341130001,0
                100.574196746,15.7446375750001,0
                100.574212031,15.7446471480001,0
                100.574236767,15.744662636,0
                100.57429139,15.7446923420001,0
                100.574297849,15.744694338,0
                100.574358898,15.744713179,0
                100.574417225,15.7447190300001,0
                100.574475551,15.744724881,0
                100.574539114,15.7447382170001,0
                100.574570332,15.7447555520001,0
                100.5745991,15.7447917210001,0
                100.574622936,15.744859282,0
                100.574623043,15.7448731580001,0
                100.574623574,15.7449420630001,0
                100.574625687,15.7450486600001,0
                100.574627535,15.7451201440001,0
                100.574638327,15.7451765110001,0
                100.574659361,15.7452164960001,0
                100.574691968,15.7452463650001,0
                100.574732309,15.7452711620001,0
                100.574786797,15.7452833080001,0
                100.574842544,15.745290434,0
                100.575236229,15.745286332,0
                100.575384437,15.745291841,0
                100.57554715,15.7452978810001,0
                100.575772737,15.7453288630001,0
                100.575915361,15.745349156,0
                100.575984113,15.745363711,0
                100.576024396,15.74538098,0
                100.576060909,15.745413329,0
                100.576077965,15.745442054,0
                100.576087233,15.745468327,0
                100.576086105,15.745489659,0
                100.576077195,15.7455097920001,0
                100.576052733,15.745528785,0
                100.575988134,15.7455493210001,0
                100.575923612,15.745579892,0
                100.57591566,15.745583948,0
                100.575886203,15.7455989740001,0
                100.575870836,15.745621666,0
                100.575867143,15.745646777,0
                100.575875167,15.7456793310001,0
                100.575899996,15.745708,0
                100.575942912,15.745731522,0
                100.575989642,15.74574498,0
                100.576047026,15.7457502,0
                100.576079071,15.745753114,0
                100.576105037,15.7457617060001,0
                100.576128439,15.745772829,0
                100.576146734,15.745794017,0
                100.576161258,15.745830289,0
                100.576168189,15.7458891910001,0
                100.576170568,15.7459193600001,0
                100.576176798,15.7459982550001,0
                100.576185016,15.7460558920001,0
                100.576211495,15.7461309620001,0
                100.576249682,15.7462122150001,0
                100.57629041,15.7462871770001,0
                100.576337687,15.7463721280001,0
                100.576448871,15.746514318,0
                100.57651803,15.7465815510001,0
                100.576607971,15.7466561570001,0
                100.57664719,15.7467035380001,0
                100.576682536,15.7467521990001,0
                100.576706281,15.7468084720001,0
                100.576759506,15.746992474,0
                100.576806391,15.7471940770001,0
                100.57682486,15.747237844,0
                100.576843185,15.7472628,0
                100.576865347,15.747281451,0
                100.576900428,15.74729625,0
                100.576930256,15.74730105,0
                100.57696647,15.7472945160001,0
                100.577005205,15.747279188,0
                100.57703726,15.7472375630001,0
                100.577078049,15.7471619030001,0
                100.577158533,15.747008398,0
                100.577198269,15.7469554300001,0
                100.577225049,15.7469012990001,0
                100.577251728,15.7468333730001,0
                100.577253843,15.746771897,0
                100.577249502,15.746712976,0
                100.577233322,15.746630312,0
                100.577230432,15.7465914490001,0
                100.577232741,15.746555055,0
                100.577244144,15.74652236,0
                100.577273697,15.7464920420001,0
                100.577321444,15.74646912,0
                100.577404199,15.7464522170001,0
                100.577484456,15.7464466160001,0
                100.57752063,15.7464350660001,0
                100.577577389,15.746405807,0
                100.577632972,15.7463916080001,0
                100.5776731,15.74638881,0
                100.577717149,15.746390999,0
                100.577748309,15.7464008050001,0
                100.577778249,15.746420657,0
                100.577822565,15.746456713,0
                100.577873486,15.746510281,0
                100.577910338,15.746586527,0
                100.57793541,15.74664655,0
                100.577951503,15.746717931,0
                100.57795691,15.7470828960001,0
                100.577951431,15.74721213,0
                100.577944214,15.747261238,0
                100.57794405,15.747262356,0
                100.577918524,15.747311457,0
                100.577899382,15.7473479720001,0
                100.577886749,15.7473894560001,0
                100.577880535,15.747423365,0
                100.577885897,15.747447159,0
                100.577901555,15.747462098,0
                100.577932744,15.7474756730001,0
                100.577987185,15.7474815460001,0
                100.578099992,15.7474982890001,0
                100.578173918,15.7475115550001,0
                100.578228369,15.7475186840001,0
                100.578277592,15.747519584,0
                100.578317716,15.7475167850001,0
                100.578342559,15.747505539,0
                100.578355403,15.747491424,0
                100.578366591,15.747472531,0
                100.578392068,15.7474171530001,0
                100.578417551,15.747363036,0
                100.578429427,15.7473341790001,0
                100.578436045,15.747325297,0
                100.578448886,15.747314562,0
                100.578451267,15.747313455,0
                100.578472838,15.7473080660001,0
                100.578490721,15.747306726,0
                100.578732319,15.747326829,0
                100.578742369,15.7473261690001,0
                100.57875999,15.7473222900001,0
                100.578765599,15.7473198280001,0
                100.578791669,15.7473013060001,0
                100.578815784,15.7472785410001,0
                100.578833263,15.7472593360001,0
                100.578856475,15.7472464700001,0
                100.57888626,15.7472371220001,0
                100.578912033,15.747236935,0
                100.578938022,15.7472406150001,0
                100.578944111,15.747242952,0
                100.578967207,15.747258086,0
                100.578983313,15.7472827460001,0
                100.57899576,15.7473090140001,0
                100.579025247,15.747365073,0
                100.579057007,15.747402359,0
                100.579095923,15.747425525,0
                100.579156627,15.7474485330001,0
                100.579229325,15.747457383,0
                100.579270481,15.7474570850001,0
                100.579326106,15.7474496460001,0
                100.579413025,15.7474185360001,0
                100.579518999,15.7473474280001,0
                100.579586207,15.7472719100001,0
                100.57967236,15.7471423270001,0
                100.579739855,15.747003788,0
                100.579762921,15.746956439,0
                100.579941717,15.746596402,0
                100.579987403,15.7465562140001,0
                100.580033184,15.746527744,0
                100.580211782,15.7464561090001,0
                100.580397631,15.746382075,0
                100.58050861,15.746332029,0
                100.580588373,15.746315038,0
                100.580694871,15.74631192,0
                100.580815953,15.7463157330001,0
                100.580915487,15.7463346540001,0
                100.580950174,15.7463462150001,0
                100.581029553,15.746386869,0
                100.581092927,15.7464426820001,0
                100.581279147,15.7467297320001,0
                100.581352541,15.7468423600001,0
                100.581376664,15.746871991,0
                100.58138017,15.7468745910001,0
                100.581420138,15.7468999820001,0
                100.581456964,15.746913578,0
                100.581485023,15.7469206050001,0
                100.581518028,15.7469233800001,0
                100.581539798,15.746921414,0
                100.581583259,15.7469084410001,0
                100.581596323,15.746902436,0
                100.581609046,15.746894422,0
                100.581667337,15.7468371160001,0
                100.581725047,15.746771639,0
                100.581732635,15.7467645350001,0
                100.581763024,15.746745832,0
                100.581799111,15.746733894,0
                100.581831472,15.74673426,0
                100.58186261,15.746736443,0
                100.581902511,15.746745801,0
                100.58193873,15.7467618100001,0
                100.582010693,15.7468125180001,0
                100.582018753,15.7468176150001,0
                100.582086421,15.746869244,0
                100.582149746,15.746918022,0
                100.582173693,15.7469459370001,0
                100.582190249,15.746982835,0
                100.582197033,15.7470045800001,0
                100.582198996,15.74702552,0
                100.582201817,15.747077082,0
                100.582191286,15.7471192240001,0
                100.582179778,15.747147979,0
                100.582173341,15.7471620480001,0
                100.58213516,15.7472229410001,0
                100.582099319,15.74728416,0
                100.582086759,15.7473114590001,0
                100.582081468,15.7473361570001,0
                100.582080817,15.747349646,0
                100.58208197,15.7473660410001,0
                100.582083044,15.7473710350001,0
                100.582093248,15.7473968,0
                100.582108726,15.7474175510001,0
                100.582129381,15.7474324670001,0
                100.582149388,15.7474443780001,0
                100.58215231,15.747445735,0
                100.582179946,15.747451842,0
                100.582205318,15.747454654,0
                100.582264505,15.747460592,0
                100.582321536,15.747470783,0
                100.582380821,15.747489445,0
                100.582453392,15.747527102,0
                100.582491194,15.7475450650001,0
                100.582513726,15.7475528140001,0
                100.582530845,15.7475558890001,0
                100.58255167,15.747556579,0
                100.582573669,15.7475504400001,0
                100.582581262,15.7475458390001,0
                100.582591788,15.747537299,0
                100.582602375,15.747521664,0
                100.582611196,15.7474996930001,0
                100.582614648,15.7474875070001,0
                100.582619344,15.7474601340001,0
                100.582624949,15.7473349360001,0
                100.582635325,15.7472606110001,0
                100.58265936,15.7471889890001,0
                100.582672551,15.747164469,0
                100.58267545,15.74715974,0
                100.582700203,15.747131557,0
                100.582714767,15.7471197020001,0
                100.582749847,15.747099953,0
                100.582774594,15.747090257,0
                100.582791381,15.747088327,0
                100.582817523,15.7470887380001,0
                100.5828387,15.747090993,0
                100.582858049,15.747098087,0
                100.582871826,15.747108837,0
                100.582874208,15.74711154,0
                100.582886149,15.747129122,0
                100.582894479,15.74714612,0
                100.58290097,15.7471636510001,0
                100.582903454,15.7471856490001,0
                100.582903553,15.7471875640001,0
                100.582903754,15.747213478,0
                100.58289846,15.747256554,0
                100.582887451,15.7472906020001,0
                100.582855072,15.747352356,0
                100.582833549,15.7474013020001,0
                100.582827172,15.7474268030001,0
                100.582824381,15.747459269,0
                100.582824041,15.747478571,0
                100.582831385,15.747512355,0
                100.582838991,15.7475297780001,0
                100.582850977,15.74755079,0
                100.582878187,15.747585536,0
                100.582894247,15.7476023880001,0
                100.582955901,15.7476443670001,0
                100.58302171,15.7476566190001,0
                100.58317959,15.7476788070001,0
                100.583251899,15.7476825250001,0
                100.583304631,15.7477033530001,0
                100.58334427,15.7477306440001,0
                100.583353278,15.7477624000001,0
                100.583357988,15.7478047880001,0
                100.583345108,15.7478388280001,0
                100.583295143,15.7478922240001,0
                100.583214725,15.7479734190001,0
                100.583193153,15.748016003,0
                100.583189117,15.748060579,0
                100.583204876,15.7481156170001,0
                100.583257953,15.7481809940001,0
                100.583299895,15.7482231160001,0
                100.583357058,15.74825028,0
                100.583416409,15.7482774270001,0
                100.583475661,15.748291845,0
                100.583536987,15.748291399,0
                100.583613583,15.7482823560001,0
                100.583685612,15.748250011,0
                100.583759593,15.7481858350001,0
                100.583824773,15.7481174800001,0
                100.583874902,15.7480852940001,0
                100.583925195,15.748074322,0
                100.583977796,15.7480781830001,0
                100.584023971,15.7481011830001,0
                100.584090027,15.7481452490001,0
                100.584211526,15.74827801,0
                100.584319919,15.7484151100001,0
                100.584368452,15.7484593040001,0
                100.584412472,15.748486562,0
                100.58446288,15.748490439,0
                100.584497858,15.748481698,0
                100.584543721,15.748464396,0
                100.584648347,15.748397873,0
                100.58477879,15.7482717660001,0
                100.584898517,15.7481754360001,0
                100.584979276,15.7481387830001,0
                100.585075354,15.748099901,0
                100.585204431,15.74807987,0
                100.585386289,15.748087033,0
                100.585596804,15.748117318,0
                100.585816257,15.7481708780001,0
                100.586121512,15.748272603,0
                100.586488462,15.7484099750001,0
                100.586587062,15.7484513680001,0
                100.586617561,15.748469777,0
                100.586650488,15.7484954710001,0
                100.586700044,15.7485410570001,0
                100.586754518,15.74863472,0
                100.586775147,15.7487105810001,0
                100.586783356,15.7487595100001,0
                100.586786498,15.748804196,0
                100.586787026,15.7488722460001,0
                100.586778919,15.748957204,0
                100.586764089,15.7490207340001,0
                100.586757927,15.7490738120001,0
                100.586759057,15.749091938,0
                100.586761348,15.7491100460001,0
                100.586769198,15.749134278,0
                100.586770395,15.7491370340001,0
                100.586773886,15.749143756,0
                100.586783116,15.7491558940001,0
                100.586809109,15.749177386,0
                100.586861974,15.749215185,0
                100.586914756,15.7492423790001,0
                100.586963059,15.7492568760001,0
                100.587003347,15.7492637990001,0
                100.587039068,15.749266612,0
                100.587088498,15.749264688,0
                100.587088694,15.7492646640001,0
                100.587125286,15.7492570540001,0
                100.587152613,15.7492490650001,0
                100.58722123,15.749218931,0
                100.587300328,15.749187206,0
                100.587305941,15.749185954,0
                100.587364875,15.74917736,0
                100.587388432,15.749177188,0
                100.587399783,15.7491771050001,0
                100.587429244,15.7491831090001,0
                100.587432549,15.7491838170001,0
                100.587448449,15.749190922,0
                100.58745008,15.7491918590001,0
                100.587475255,15.749210718,0
                100.587495284,15.7492393480001,0
                100.587499677,15.7492498720001,0
                100.587506396,15.74927201,0
                100.587510365,15.7493060620001,0
                100.587509374,15.7493203130001,0
                100.587504747,15.7493420230001,0
                100.587499093,15.7493554490001,0
                100.587483607,15.7493789060001,0
                100.587474446,15.7493889140001,0
                100.587464307,15.7493978900001,0
                100.587442799,15.7494107950001,0
                100.587430362,15.7494141070001,0
                100.587391678,15.7494184650001,0
                100.587332324,15.7494217710001,0
                100.587218414,15.7494204770001,0
                100.587155131,15.749422511,0
                100.587136392,15.749426054,0
                100.587117082,15.749432933,0
                100.587087226,15.7494511350001,0
                100.58705719,15.749475046,0
                100.587027575,15.7495104130001,0
                100.587022046,15.7495194910001,0
                100.587007544,15.7495543470001,0
                100.587005262,15.749566325,0
                100.587003031,15.7495986010001,0
                100.587005957,15.74962759,0
                100.587007915,15.7496381,0
                100.587009874,15.749644738,0
                100.587013936,15.749659982,0
                100.587024604,15.7496794210001,0
                100.587028714,15.749684213,0
                100.587042819,15.7496937710001,0
                100.587050174,15.749698128,0
                100.587062495,15.749703357,0
                100.587080632,15.7497082360001,0
                100.587103927,15.7497115100001,0
                100.58710697,15.749711641,0
                100.587179565,15.7497118360001,0
                100.587200942,15.7497104190001,0
                100.587217354,15.7497069780001,0
                100.587259964,15.7496938300001,0
                100.5873276,15.749659396,0
                100.587393044,15.749624979,0
                100.58744161,15.7496018950001,0
                100.587445947,15.7496004180001,0
                100.587468898,15.749595587,0
                100.587537342,15.749589987,0
                100.587592682,15.749589583,0
                100.587614292,15.749592277,0
                100.58769081,15.74960796,0
                100.587773613,15.749633354,0
                100.58778535,15.7496348450001,0
                100.587820142,15.7496345920001,0
                100.587828714,15.7496328300001,0
                100.587834759,15.749630757,0
                100.587846912,15.749622779,0
                100.587859253,15.7496106510001,0
                100.587864533,15.7496019810001,0
                100.587868668,15.7495846890001,0
                100.587870015,15.7495557410001,0
                100.587864059,15.7495139540001,0
                100.587862097,15.749505324,0
                100.587834471,15.7494435940001,0
                100.587830509,15.74943267,0
                100.587828822,15.74942392,0
                100.587829424,15.749417969,0
                100.587831634,15.7494110660001,0
                100.587837693,15.7494006960001,0
                100.58784538,15.749391874,0
                100.587857606,15.7493849030001,0
                100.587875499,15.7493781480001,0
                100.587884383,15.7493763480001,0
                100.587914922,15.74937213,0
                100.587931855,15.7493746550001,0
                100.58799231,15.7493875860001,0
                100.588023582,15.749394276,0
                100.588026036,15.7493948010001,0
                100.588036872,15.749395033,0
                100.588044166,15.7493940360001,0
                100.588059492,15.7493889620001,0
                100.588081566,15.7493756740001,0
                100.588104834,15.749357606,0
                100.58811278,15.749353892,0
                100.588126853,15.749349135,0
                100.588143317,15.7493471400001,0
                100.588156661,15.749346491,0
                100.588157203,15.749346487,0
                100.588163332,15.7493475000001,0
                100.588187887,15.7493532500001,0
                100.588189109,15.74935372,0
                100.588207679,15.749364529,0
                100.588214919,15.749370889,0
                100.588233237,15.7493912750001,0
                100.588253237,15.7494281200001,0
                100.588263378,15.749465037,0
                100.588274951,15.749527001,0
                100.588281731,15.7496068990001,0
                100.588275027,15.7496952500001,0
                100.588280334,15.7497441360001,0
                100.588292943,15.7497810350001,0
                100.588309169,15.74980836,0
                100.58832778,15.74982493,0
                100.588355027,15.749842631,0
                100.58838959,15.74985073,0
                100.588448755,15.7498538770001,0
                100.588587678,15.74981468,0
                100.588716854,15.749789875,0
                100.58879689,15.7497833260001,0
                100.58888445,15.7497934250001,0
                100.588935008,15.7497990250001,0
                100.588974544,15.749813053,0
                100.589009256,15.7498402470001,0
                100.589138807,15.749986801,0
                100.589160357,15.7499883830001,0
                100.589189304,15.749982185,0
                100.589672096,15.749911464,0
                100.58976307,15.7499177500001,0
                100.590210911,15.7499677820001,0
                100.590311582,15.749990219,0
                100.590419482,15.7500195590001,0
                100.590510763,15.7500652370001,0
                100.590587764,15.7501202880001,0
                100.590633673,15.750177889,0
                100.590643639,15.750228798,0
                100.590641516,15.7502635720001,0
                100.590625655,15.7503772360001,0
                100.59062346,15.7504027430001,0
                100.590640444,15.7504327410001,0
                100.590669242,15.750444122,0
                100.590693227,15.7504508970001,0
                100.590748164,15.750438909,0
                100.590810268,15.750424552,0
                100.590870047,15.7504194790001,0
                100.590937059,15.7504213080001,0
                100.591004054,15.7504208190001,0
                100.591051834,15.7504112020001,0
                100.591092311,15.750385415,0
                100.591141899,15.7503389980001,0
                100.591326316,15.7500543570001,0
                100.591407982,15.749940791,0
                100.591445356,15.7499005440001,0
                100.591477494,15.749879455,0
                100.591516867,15.7498652630001,0
                100.591563497,15.749861448,0
                100.591608452,15.749873284,0
                100.591640888,15.749890426,0
                100.591760513,15.750042496,0
                100.591793017,15.7500683280001,0
                100.591820001,15.7500768200001,0
                100.591859522,15.750081746,0
                100.591904342,15.750076204,0
                100.591945412,15.750049835,0
                100.591968524,15.750021857,0
                100.591993337,15.7499817030001,0
                100.591998451,15.749946907,0
                100.591999697,15.749646225,0
                100.592010109,15.7496009610001,0
                100.592022335,15.7495574230001,0
                100.592034678,15.749529524,0
                100.59206131,15.7494928310001,0
                100.592093435,15.7494700070001,0
                100.592120324,15.7494663310001,0
                100.592147231,15.749464399,0
                100.592176007,15.7494728780001,0
                100.592197666,15.74948836,0
                100.592317345,15.7496473790001,0
                100.592335371,15.7496576770001,0
                100.592367725,15.749664395,0
                100.592399999,15.749660679,0
                100.592439358,15.7496447520001,0
                100.592469659,15.7496184610001,0
                100.592485563,15.749587062,0
                100.592492459,15.749550513,0
                100.592488655,15.7495227320001,0
                100.592463273,15.749489894,0
                100.592374585,15.749393216,0
                100.592358275,15.749372481,0
                100.592350918,15.7493499400001,0
                100.59234158,15.7493030810001,0
                100.592326642,15.7492284580001,0
                100.592301143,15.7491799810001,0
                100.592272146,15.7491436940001,0
                100.592241357,15.7491074210001,0
                100.592039021,15.748935101,0
                100.591808084,15.748776895,0
                100.591773703,15.748740647,0
                100.591748353,15.748711288,0
                100.591737409,15.7486887740001,0
                100.591731876,15.748669696,0
                100.591731619,15.7486366740001,0
                100.591742103,15.7486001030001,0
                100.591754433,15.7485704650001,0
                100.591777599,15.748549441,0
                100.591806189,15.748533588,0
                100.591847435,15.7485298120001,0
                100.592199232,15.7485376710001,0
                100.592244011,15.7485269150001,0
                100.592265435,15.7485128540001,0
                100.592277864,15.748495384,0
                100.592284742,15.7484571000001,0
                100.592277214,15.748411967,0
                100.592204508,15.7480631620001,0
                100.592203845,15.747978005,0
                100.592208701,15.747910188,0
                100.592222814,15.7478788010001,0
                100.592249364,15.7478316830001,0
                100.592315228,15.7477634200001,0
                100.592457851,15.747642458,0
                100.592509716,15.747619485,0
                100.592590261,15.7475928220001,0
                100.592760332,15.7475394410001,0
                100.592806862,15.7475234620001,0
                100.592830028,15.7475024340001,0
                100.59284062,15.7474797620001,0
                100.592840268,15.747434577,0
                100.592836355,15.7473928960001,0
                100.592823335,15.7473338990001,0
                100.592822956,15.7472852390001,0
                100.592836657,15.7472017170001,0
                100.592867644,15.747032903,0
                100.592885145,15.746975422,0
                100.592908076,15.7469248510001,0
                100.592941793,15.746875942,0
                100.59297037,15.746858354,0
                100.593000833,15.746852916,0
                100.593027776,15.746856194,0
                100.593056583,15.746868153,0
                100.593129109,15.7469632090001,0
                100.593157979,15.746983857,0
                100.593188528,15.7469888480001,0
                100.593206472,15.746988717,0
                100.593220788,15.7469833980001,0
                100.593236813,15.7469676370001,0
                100.593389594,15.746768392,0
                100.593421691,15.7467420840001,0
                100.593435993,15.74673503,0
                100.593461058,15.746727892,0
                100.593482608,15.7467294740001,0
                100.593516876,15.7467518180001,0
                100.593549609,15.7468071960001,0
                100.593562689,15.7468731430001,0
                100.593571273,15.747053828,0
                100.593575092,15.747083348,0
                100.593587792,15.747100635,0
                100.593607609,15.747110919,0
                100.593638144,15.7471141710001,0
                100.593675761,15.7471052060001,0
                100.593806292,15.747045159,0
                100.593888443,15.746994155,0
                100.593966614,15.746892783,0
                100.593993367,15.746871728,0
                100.594025518,15.746852378,0
                100.59410956,15.746813526,0
                100.59415956,15.7467818760001,0
                100.594184454,15.7467521500001,0
                100.594209113,15.746692877,0
                100.59422123,15.7466354360001,0
                100.594219095,15.746592003,0
                100.59421506,15.7465346750001,0
                100.594183806,15.7464393180001,0
                100.594172704,15.74639595,0
                100.594176115,15.746373331,0
                100.59419572,15.7463558040001,0
                100.594231445,15.746334689,0
                100.59434414,15.7462886760001,0
                100.594413718,15.746236029,0
                100.594488571,15.746169439,0
                100.594520532,15.7461257520001,0
                100.5945363,15.7460769740001,0
                100.59454677,15.746038664,0
                100.594542803,15.74599003,0
                100.594537215,15.7459640010001,0
                100.594519109,15.7459432750001,0
                100.594493767,15.7459156520001,0
                100.594457663,15.745888112,0
                100.594313511,15.7458126940001,0
                100.594277433,15.7457886240001,0
                100.594253848,15.745755778,0
                100.594110462,15.7455482660001,0
                100.594093931,15.7454997240001,0
                100.594091854,15.74546324,0
                100.594095171,15.7454284570001,0
                100.59411283,15.7453918300001,0
                100.594146655,15.7453568240001,0
                100.594194886,15.7453286620001,0
                100.594253993,15.745314325,0
                100.594320376,15.745312105,0
                100.594376044,15.7453169080001,0
                100.594421039,15.7453339620001,0
                100.594567014,15.7454128410001,0
                100.594597572,15.745419568,0
                100.59462627,15.745417622,0
                100.594653078,15.7454035220001,0
                100.594686943,15.745373726,0
                100.594763357,15.74527758,0
                100.594838155,15.7452040360001,0
                100.594879251,15.745181141,0
                100.594927549,15.745161669,0
                100.595006369,15.7451437130001,0
                100.595036751,15.7451278510001,0
                100.59504922,15.7451155900001,0
                100.595070277,15.745054608,0
                100.595082674,15.7450336630001,0
                100.595105853,15.745014375,0
                100.595196975,15.7449633050001,0
                100.595241635,15.744936909,0
                100.595262991,15.7449141590001,0
                100.595270008,15.744893253,0
                100.595269791,15.7448654460001,0
                100.595265901,15.7448272410001,0
                100.595256657,15.7447925450001,0
                100.595136518,15.7445744390001,0
                100.59513089,15.7445431960001,0
                100.59513603,15.7445118750001,0
                100.595150115,15.7444770130001,0
                100.595178637,15.7444524700001,0
                100.59521618,15.744434816,0
                100.59527536,15.7444291730001,0
                100.595320273,15.744435794,0
                100.595435211,15.744447118,0
                100.595476482,15.7444468150001,0
                100.595596601,15.7444320320001,0
                100.595654024,15.744431611,0
                100.595702499,15.7444347360001,0
                100.595763659,15.744453403,0
                100.595977903,15.7445422100001,0
                100.596006651,15.7445472150001,0
                100.596029978,15.7445470440001,0
                100.596058582,15.74453293,0
                100.596076376,15.7445136810001,0
                100.596088751,15.7444892610001,0
                100.596092067,15.744454478,0
                100.596089932,15.744411041,0
                100.596077006,15.7443642120001,0
                100.596054999,15.744303541,0
                100.596000119,15.7441701180001,0
                100.595996314,15.744142337,0
                100.59599788,15.7441127820001,0
                100.595997703,15.7440901890001,0
                100.596008277,15.7440657820001,0
                100.596036758,15.7440360250001,0
                100.596076097,15.7440183580001,0
                100.59613344,15.744007509,0
                100.596348986,15.744033739,0
                100.596418942,15.7440297520001,0
                100.59645116,15.744019086,0
                100.596472547,15.7439998150001,0
                100.596490246,15.7439684020001,0
                100.596498193,15.7439267250001,0
                100.596497872,15.7438855340001,0
                100.596488787,15.743811443,0
                100.596471193,15.743737418,0
                100.596444836,15.743630502,0
                100.596443904,15.743511036,0
                100.596468813,15.7434325830001,0
                100.596519178,15.7433457020001,0
                100.596595096,15.74326275,0
                100.596717837,15.743183576,0
                100.596819597,15.7431416370001,0
                100.596930746,15.7431065060001,0
              </coordinates>
                
            </LinearRing>
            
          </outerBoundaryIs>
        
        </Polygon>
        
      <styleUrl>
        #tambonStyle</styleUrl>
    </Placemark>

  </Document>
</kml>