<?xml version="1.0" encoding="UTF-8"?>
<kml xmlns="http://www.opengis.net/kml/2.2">
  <Document id="tambon_doc">
    <name>ท่าข้าวเปลือก, แม่จัน, Chiang Rai</name>
    <description>ข้อมูลขอบเขตตำบลท่าข้าวเปลือก อำเภอแม่จัน จังหวัดChiang Rai</description>
    
    <!-- Schema สำหรับข้อมูลตำบล -->
    <Schema id="tambon.schema">
      <SimpleField name="ADM3_EN" type="string">
        <displayName>Subdistrict Name (English)</displayName>
      </SimpleField>
      <SimpleField name="ADM3_TH" type="string">
        <displayName>ชื่อตำบล</displayName>
      </SimpleField>
      <SimpleField name="ADM2_EN" type="string">
        <displayName>District Name (English)</displayName>
      </SimpleField>
      <SimpleField name="ADM2_TH" type="string">
        <displayName>ชื่ออำเภอ</displayName>
      </SimpleField>
      <SimpleField name="ADM1_EN" type="string">
        <displayName>Province Name (English)</displayName>
      </SimpleField>
      <SimpleField name="ADM1_TH" type="string">
        <displayName>ชื่อจังหวัด</displayName>
      </SimpleField>
      <SimpleField name="ADM0_EN" type="string">
        <displayName>Country Name (English)</displayName>
      </SimpleField>
      <SimpleField name="ADM0_TH" type="string">
        <displayName>ชื่อประเทศ</displayName>
      </SimpleField>
    </Schema>

    <!-- Style สำหรับตำบล -->
    <Style id="tambonStyle">
      <LineStyle>
        <color>ffff0000</color>
        <width>1.5</width>
      </LineStyle>
      <PolyStyle>
        <color>33ff0000</color>
        <fill>1</fill>
        <outline>1</outline>
      </PolyStyle>
    </Style>

    <Placemark id="Chiang_Rai.64">
        
        <ExtendedData>
            
          <SchemaData schemaUrl="#tambon.schema">
                
            <SimpleData name="Shape_Leng">
                0.632997087186</SimpleData>
                
            <SimpleData name="Shape_Area">
                0.00919035047131</SimpleData>
                
            <SimpleData name="ADM3_EN">
                Tha Khao Plueak</SimpleData>
                
            <SimpleData name="ADM3_TH">
                ท่าข้าวเปลือก</SimpleData>
                
            <SimpleData name="ADM3_PCODE">
                TH570706</SimpleData>
                
            <SimpleData name="ADM2_EN">
                Mae Chan</SimpleData>
                
            <SimpleData name="ADM2_TH">
                แม่จัน</SimpleData>
                
            <SimpleData name="ADM2_PCODE">
                TH5707</SimpleData>
                
            <SimpleData name="ADM1_EN">
                Chiang Rai</SimpleData>
                
            <SimpleData name="ADM1_TH">
                เชียงราย</SimpleData>
                
            <SimpleData name="ADM1_PCODE">
                TH57</SimpleData>
                
            <SimpleData name="ADM0_EN">
                Thailand</SimpleData>
                
            <SimpleData name="ADM0_TH">
                ประเทศไทย</SimpleData>
                
            <SimpleData name="ADM0_PCODE">
                TH</SimpleData>
            
          </SchemaData>
        
        </ExtendedData>
        
        <Polygon>
            
          <outerBoundaryIs>
                
            <LinearRing>
                    
              <coordinates>
                    
                100.078157269,20.2084635680001,0
                100.077680166,20.207936397,0
                100.077537969,20.207754934,0
                100.077479396,20.2075877390001,0
                100.077462683,20.2074350730001,0
                100.077471836,20.2072477520001,0
                100.077501799,20.207050451,0
                100.077529721,20.206969631,0
                100.077563218,20.2068726630001,0
                100.077671856,20.2067290860001,0
                100.077827573,20.2066000020001,0
                100.077994037,20.2065152060001,0
                100.078238696,20.2064151430001,0
                100.078488745,20.206339691,0
                100.078733713,20.20628398,0
                100.078958104,20.206272745,0
                100.079193072,20.2062811590001,0
                100.079438647,20.206314143,0
                100.079914309,20.206404852,0
                100.08035852,20.2064760430001,0
                100.080682295,20.206493762,0
                100.080984949,20.2064771190001,0
                100.081318757,20.2064356390001,0
                100.081709711,20.206354387,0
                100.082011927,20.206273675,0
                100.082251396,20.206178568,0
                100.082454328,20.2060836860001,0
                100.082651802,20.2059543450001,0
                100.082973735,20.205705961,0
                100.083684879,20.205124997,0
                100.083871636,20.204956295,0
                100.084026936,20.204768073,0
                100.084124989,20.204604843,0
                100.084165761,20.2044616810001,0
                100.084164225,20.204239929,0
                100.084135188,20.2038163010001,0
                100.084069036,20.2033091280001,0
                100.083940247,20.202802336,0
                100.083839398,20.202561487,0
                100.083686319,20.2023160310001,0
                100.083417891,20.201997369,0
                100.083139402,20.201732975,0
                100.082861488,20.2015523520001,0
                100.08260473,20.201411019,0
                100.08221717,20.2012261410001,0
                100.081819272,20.201056113,0
                100.081583398,20.200914654,0
                100.081373413,20.200743464,0
                100.081042185,20.200400545,0
                100.080463694,20.1997782440001,0
                100.080006041,20.199268546,0
                100.079627062,20.19881257,0
                100.079421658,20.1985477210001,0
                100.079273641,20.19827759,0
                100.079183171,20.198026817,0
                100.079160868,20.197819978,0
                100.079164662,20.197612975,0
                100.07918262,20.1971890570001,0
                100.079221833,20.1968192160001,0
                100.079308019,20.196449086,0
                100.079394749,20.1961578030001,0
                100.079507886,20.195910708,0
                100.079637053,20.1957177210001,0
                100.079823871,20.1955588810001,0
                100.080088612,20.1953453460001,0
                100.080395411,20.195175911,0
                100.080899914,20.1949116230001,0
                100.081524392,20.1946367420001,0
                100.081967068,20.194491107,0
                100.082425575,20.194370013,0
                100.083071746,20.194213265,0
                100.08349368,20.1940874640001,0
                100.083800989,20.1939919370001,0
                100.084128828,20.1938470050001,0
                100.084580917,20.1935534620001,0
                100.085032595,20.1932007890001,0
                100.085509791,20.1927641790001,0
                100.085934953,20.192352527,0
                100.086209232,20.1920108,0
                100.086793841,20.1912581340001,0
                100.0871188,20.19069926,0
                100.087319898,20.1903432020001,0
                100.087627864,20.189592239,0
                100.087946234,20.1888362870001,0
                100.088192662,20.188243401,0
                100.088335756,20.1878039260001,0
                100.088388809,20.187551447,0
                100.088413955,20.187163625,0
                100.088473255,20.186683599,0
                100.088540517,20.186348079,0
                100.088642987,20.1860714760001,0
                100.088815319,20.185833862,0
                100.089078077,20.185589124,0
                100.089285476,20.1853907170001,0
                100.089485552,20.1851397930001,0
                100.089595433,20.184928848,0
                100.089691264,20.184698285,0
                100.089765255,20.184329866,0
                100.08980431,20.183941958,0
                100.089801524,20.183541162,0
                100.089777406,20.183074795,0
                100.089712219,20.182707243,0
                100.08958495,20.1824189220001,0
                100.089415973,20.182137432,0
                100.089191602,20.181895705,0
                100.088897459,20.1816281270001,0
                100.088604001,20.18145911,0
                100.088282798,20.181303401,0
                100.087926986,20.181174189,0
                100.087599511,20.181117079,0
                100.087139909,20.1810739260001,0
                100.086736206,20.1810632790001,0
                100.086179864,20.181119279,0
                100.085526459,20.1812284430001,0
                100.084831757,20.1814035680001,0
                100.083748399,20.1817322090001,0
                100.082547328,20.1821469880001,0
                100.081582085,20.182448611,0
                100.081109603,20.182556646,0
                100.080789809,20.1826046050001,0
                100.080511407,20.182599747,0
                100.079989262,20.182570098,0
                100.079376198,20.182475305,0
                100.078644158,20.1822826740001,0
                100.077039817,20.1817405680001,0
                100.07650968,20.1815598330001,0
                100.075936752,20.1812282340001,0
                100.074636954,20.1804411300001,0
                100.073001841,20.179465507,0
                100.071688423,20.178717884,0
                100.069871571,20.177618497,0
                100.068661892,20.1767716580001,0
                100.067969625,20.176283058,0
                100.067437951,20.175872333,0
                100.067185518,20.1755913210001,0
                100.067023768,20.175342616,0
                100.066889501,20.175041177,0
                100.066810811,20.174726263,0
                100.066752147,20.174286383,0
                100.066747767,20.1736424760001,0
                100.066756859,20.172932788,0
                100.066787852,20.172374087,0
                100.066867871,20.171861087,0
                100.066997532,20.1714857690001,0
                100.067175995,20.1711232970001,0
                100.067341299,20.170872608,0
                100.067541707,20.1706677,0
                100.067797739,20.1704558860001,0
                100.068109702,20.1702831530001,0
                100.068484604,20.170156032,0
                100.068804198,20.170081813,0
                100.069520377,20.1699986140001,0
                100.070104697,20.1699687780001,0
                100.07043879,20.1699798880001,0
                100.07072431,20.1700110030001,0
                100.07100996,20.170061832,0
                100.071435321,20.170190656,0
                100.072293445,20.170513966,0
                100.073144302,20.1707913170001,0
                100.073597411,20.170906825,0
                100.073931501,20.1709179280001,0
                100.074202836,20.1709097030001,0
                100.074522609,20.1708617520001,0
                100.074730908,20.170794775,0
                100.075335032,20.1706071020001,0
                100.076258109,20.170253212,0
                100.076806465,20.170052738,0
                100.077160439,20.169919158,0
                100.07747235,20.16973984,0
                100.077811638,20.169494645,0
                100.078303106,20.1691171040001,0
                100.078856789,20.1686800430001,0
                100.079355027,20.168276178,0
                100.079672894,20.1679522650001,0
                100.079900573,20.167668325,0
                100.080044935,20.167411185,0
                100.080182019,20.167108091,0
                100.080345484,20.166594574,0
                100.080515823,20.1660678740001,0
                100.080822558,20.1651395210001,0
                100.081006716,20.164599593,0
                100.081253137,20.164006715,0
                100.081637536,20.163242155,0
                100.082029073,20.1625038290001,0
                100.082213631,20.1620230340001,0
                100.082294633,20.161661151,0
                100.082313784,20.1614113430001,0
                100.082325571,20.1611024490001,0
                100.082267962,20.160820266,0
                100.082140228,20.1604596620001,0
                100.081929133,20.160119281,0
                100.081663058,20.1598778040001,0
                100.08138352,20.159702113,0
                100.081034492,20.159539986,0
                100.080644263,20.159456963,0
                100.080205602,20.159413661,0
                100.079620822,20.1593712540001,0
                100.079280067,20.159399627,0
                100.078981372,20.1594737360001,0
                100.078516142,20.15961457,0
                100.077489845,20.1601268000001,0
                100.076553995,20.160638471,0
                100.075783914,20.160971712,0
                100.075145219,20.1611858790001,0
                100.074589796,20.161366679,0
                100.074054619,20.1614553650001,0
                100.073554091,20.161524123,0
                100.07316449,20.1615330720001,0
                100.072649325,20.161496787,0
                100.07221066,20.161453465,0
                100.07167404,20.1613318880001,0
                100.071304235,20.1611830140001,0
                100.070996783,20.1609943350001,0
                100.070654184,20.1607533010001,0
                100.070373984,20.160479035,0
                100.070142355,20.1601847630001,0
                100.070001494,20.159935933,0
                100.069860366,20.159647679,0
                100.069760986,20.1593591710001,0
                100.069722974,20.158886312,0
                100.069729612,20.158157321,0
                100.069730935,20.1580123590001,0
                100.069735339,20.1576378,0
                100.069788272,20.157236663,0
                100.069909527,20.156651133,0
                100.070079619,20.1560850170001,0
                100.070318663,20.155426493,0
                100.070929922,20.1542285420001,0
                100.071198339,20.1534158630001,0
                100.071373674,20.152830545,0
                100.071495562,20.152296354,0
                100.071563937,20.1518048230001,0
                100.071568084,20.151461844,0
                100.071569666,20.1513306140001,0
                100.07149511,20.1509161610001,0
                100.071365834,20.1503665610001,0
                100.071237309,20.149927038,0
                100.070983086,20.1494628730001,0
                100.070747376,20.149083273,0
                100.070359248,20.148704594,0
                100.069962909,20.1484360470001,0
                100.069602778,20.14821808,0
                100.069099085,20.147984051,0
                100.068470617,20.1478608510001,0
                100.067914796,20.1478726880001,0
                100.06738639,20.1479605660001,0
                100.066947991,20.1480987030001,0
                100.066608784,20.148320912,0
                100.06627004,20.1486108560001,0
                100.065976869,20.149010601,0
                100.065792437,20.149579037,0
                100.065405345,20.150673684,0
                100.065149242,20.151251019,0
                100.064892156,20.1516844180001,0
                100.064536788,20.1521692110001,0
                100.064073599,20.152620787,0
                100.063574252,20.1530302400001,0
                100.063038982,20.153431443,0
                100.062511815,20.1537055860001,0
                100.061805494,20.1540062060001,0
                100.061259821,20.154195782,0
                100.060615291,20.154352078,0
                100.060069096,20.154465445,0
                100.058904352,20.1545994680001,0
                100.058088317,20.154587437,0
                100.05758564,20.154505783,0
                100.057154354,20.154372892,0
                100.056596741,20.154122215,0
                100.056299547,20.153929245,0
                100.056100929,20.153727218,0
                100.055973639,20.1534654910001,0
                100.055908029,20.15304251,0
                100.055878512,20.1526531820001,0
                100.055836837,20.1517897470001,0
                100.055933899,20.150222683,0
                100.056119252,20.1484518660001,0
                100.056195044,20.147723211,0
                100.056299048,20.1471891350001,0
                100.056439939,20.146807251,0
                100.05722683,20.145159838,0
                100.05774959,20.144233742,0
                100.058049287,20.1434698690001,0
                100.058384048,20.1425872400001,0
                100.058673235,20.141594807,0
                100.05877728,20.1410692000001,0
                100.058783334,20.1406373190001,0
                100.058780139,20.1401631620001,0
                100.058704881,20.1396386280001,0
                100.05853923,20.1390045640001,0
                100.058274617,20.138320284,0
                100.058065508,20.137889699,0
                100.057838759,20.137501555,0
                100.0575947,20.1372066600001,0
                100.057296917,20.136920554,0
                100.057062398,20.136710271,0
                100.056765124,20.136500369,0
                100.056405437,20.136341642,0
                100.056118152,20.136284092,0
                100.055822189,20.136268929,0
                100.055436976,20.1363135770001,0
                100.055061235,20.1364343710001,0
                100.054677608,20.136716096,0
                100.05418748,20.137159336,0
                100.053616599,20.137594597,0
                100.052991076,20.137903163,0
                100.052069418,20.138171164,0
                100.051209829,20.1383371740001,0
                100.050681047,20.138365731,0
                100.049892105,20.138370434,0
                100.049353737,20.1383059030001,0
                100.048895718,20.1381900860001,0
                100.048401214,20.1379813400001,0
                100.047690192,20.1375706640001,0
                100.046754989,20.137152847,0
                100.046188997,20.1369783870001,0
                100.045713503,20.1369304040001,0
                100.045229327,20.136924811,0
                100.044843991,20.1369524990001,0
                100.044405206,20.1370313100001,0
                100.043940026,20.13718648,0
                100.043529086,20.137409071,0
                100.042779547,20.137946963,0
                100.041914408,20.138629483,0
                100.0412535,20.1390144260001,0
                100.040869393,20.1392283860001,0
                100.040315053,20.1394602830001,0
                100.039742391,20.139633014,0
                100.039169392,20.13975494,0
                100.038488582,20.139843629,0
                100.037959851,20.139880614,0
                100.037538478,20.1398830960001,0
                100.037143718,20.1398430850001,0
                100.036721731,20.1397524230001,0
                100.036335213,20.139602283,0
                100.035921135,20.1393506920001,0
                100.035281021,20.1388125340001,0
                100.034865776,20.13838313,0
                100.034648486,20.1380626370001,0
                100.03451217,20.137784008,0
                100.03442012,20.137420444,0
                100.034363597,20.1370058690001,0
                100.034387428,20.1365400120001,0
                100.034473681,20.136022987,0
                100.034798647,20.134996508,0
                100.035009572,20.1343517350001,0
                100.035222112,20.1339525130001,0
                100.03569157,20.1330860630001,0
                100.035896036,20.1328223690001,0
                100.036163758,20.132634507,0
                100.036967032,20.1320878610001,0
                100.037555478,20.131593282,0
                100.038018805,20.13115871,0
                100.038365748,20.1307502220001,0
                100.038631729,20.130299875,0
                100.038764358,20.130019664,0
                100.038842744,20.1296720340001,0
                100.038840786,20.129375684,0
                100.038801907,20.128918662,0
                100.038700612,20.128512819,0
                100.038518353,20.128065113,0
                100.038192436,20.127584384,0
                100.037605096,20.126885035,0
                100.037289208,20.1265651300001,0
                100.03679409,20.1262547440001,0
                100.036407384,20.12607073,0
                100.03604813,20.1259712340001,0
                100.035608361,20.125897609,0
                100.034962579,20.125850595,0
                100.034317126,20.125854384,0
                100.033645001,20.1258921950001,0
                100.033071823,20.125980231,0
                100.032382549,20.126136688,0
                100.031729298,20.1263183300001,0
                100.031058619,20.126534099,0
                100.029821578,20.1279877900001,0
                100.029188958,20.1287699060001,0
                100.028614045,20.129375614,0
                100.028116163,20.1297584600001,0
                100.027695497,20.129946252,0
                100.027372273,20.130031538,0
                100.027029182,20.1300798720001,0
                100.026685793,20.1300818720001,0
                100.02633217,20.130019066,0
                100.026017485,20.129909695,0
                100.02553517,20.129671563,0
                100.025091734,20.1293775990001,0
                100.024450149,20.128788247,0
                100.023857558,20.128189342,0
                100.023432306,20.1276728610001,0
                100.023095355,20.12715587,0
                100.022926037,20.1267676420001,0
                100.022815347,20.126342005,0
                100.022724156,20.125897723,0
                100.022681417,20.1253604880001,0
                100.022696939,20.124730248,0
                100.022799798,20.1239512280001,0
                100.02298932,20.1229215010001,0
                100.0232285,20.121984152,0
                100.023926707,20.1192185560001,0
                100.024576862,20.116610774,0
                100.025181747,20.1145870660001,0
                100.025438867,20.113583584,0
                100.025634127,20.1130611840001,0
                100.026062015,20.1121065200001,0
                100.026447886,20.1114787550001,0
                100.026652491,20.1112621090001,0
                100.026901282,20.111052154,0
                100.027201989,20.110904449,0
                100.027517451,20.11076361,0
                100.027737495,20.110658072,0
                100.027905855,20.110525038,0
                100.02808838,20.1103085190001,0
                100.028204556,20.1100715330001,0
                100.028290938,20.109779126,0
                100.02832555,20.109445312,0
                100.028287169,20.109202279,0
                100.0281903,20.10901519,0
                100.028078938,20.108862932,0
                100.027930976,20.1087386900001,0
                100.027687548,20.10864281,0
                100.027304785,20.108617237,0
                100.026863387,20.108626755,0
                100.026473943,20.108705475,0
                100.026187598,20.1087974920001,0
                100.025967692,20.1089238760001,0
                100.025784661,20.109063946,0
                100.025602224,20.1092943630001,0
                100.025384127,20.1096987440001,0
                100.025122516,20.110200675,0
                100.024824575,20.110772323,0
                100.024540482,20.111211837,0
                100.024277649,20.1115261210001,0
                100.023933746,20.1118200270001,0
                100.023662873,20.1120301060001,0
                100.023406399,20.1121914500001,0
                100.022944138,20.1123887370001,0
                100.022407941,20.1125308520001,0
                100.021878602,20.112596468,0
                100.021481384,20.11261267,0
                100.02098811,20.112566875,0
                100.020605022,20.1124926430001,0
                100.020228659,20.112321063,0
                100.019771142,20.112115202,0
                100.019446329,20.1119502760001,0
                100.019290875,20.1118052200001,0
                100.019149912,20.111625329,0
                100.019074943,20.111410307,0
                100.019028636,20.111076962,0
                100.01896998,20.1099722170001,0
                100.018898588,20.109173356,0
                100.018844117,20.1087149570001,0
                100.018776195,20.1084512420001,0
                100.018686778,20.1082780020001,0
                100.018538779,20.1081468030001,0
                100.018368975,20.1080574280001,0
                100.018118557,20.108017175,0
                100.017839064,20.108032689,0
                100.017581781,20.1080689240001,0
                100.017346843,20.1081467280001,0
                100.017068342,20.108315142,0
                100.016790194,20.1085391500001,0
                100.016439107,20.1088608850001,0
                100.016147055,20.1092100770001,0
                100.015767739,20.1097196260001,0
                100.01535882,20.1102015480001,0
                100.015058731,20.1104465330001,0
                100.014469473,20.110891333,0
                100.014013129,20.11112415,0
                100.013659583,20.111265695,0
                100.013246778,20.111379673,0
                100.012796738,20.1114450360001,0
                100.012412801,20.111454216,0
                100.012006527,20.1114356210001,0
                100.011651723,20.1113818530001,0
                100.011267063,20.111279428,0
                100.010867597,20.111106939,0
                100.010393249,20.110836835,0
                100.010021485,20.1110390010001,0
                100.00983188,20.1111924210001,0
                100.009699061,20.111276773,0
                100.009558964,20.1113739740001,0
                100.009457326,20.111438627,0
                100.009391041,20.1114809170001,0
                100.009356322,20.1115038670001,0
                100.009319055,20.1115238410001,0
                100.00930388,20.1115299140001,0
                100.009292477,20.111531181,0
                100.009277249,20.111528869,0
                100.009251183,20.1115170460001,0
                100.00916728,20.1114804000001,0
                100.009139358,20.1114757710001,0
                100.009119718,20.1114776810001,0
                100.009102016,20.111484966,0
                100.009001714,20.1115603850001,0
                100.008842682,20.111670272,0
                100.008714534,20.1117530330001,0
                100.008677883,20.1117706090001,0
                100.008653836,20.1117767330001,0
                100.008634836,20.1117792360001,0
                100.008606313,20.1117793990001,0
                100.00858348,20.1117771350001,0
                100.008565054,20.1117706540001,0
                100.008538349,20.111758233,0
                100.008398938,20.111665621,0
                100.008383005,20.111651942,0
                100.008301268,20.111558404,0
                100.008260449,20.1115191160001,0
                100.008240105,20.1115096550001,0
                100.008212808,20.111503224,0
                100.008187428,20.1114997780001,0
                100.008152572,20.1115005730001,0
                100.008034613,20.1115134180001,0
                100.007905623,20.1115259420001,0
                100.007813335,20.1115355640001,0
                100.007798366,20.1115363220001,0
                100.007785879,20.1115357210001,0
                100.007770877,20.111531429,0
                100.007737266,20.111516802,0
                100.007650733,20.1114778890001,0
                100.007578491,20.111443609,0
                100.007504083,20.1114056380001,0
                100.007415733,20.111361688,0
                100.007395008,20.1113547320001,0
                100.007364317,20.111350864,0
                100.007287268,20.11134558,0
                100.007211028,20.111355448,0
                100.007076017,20.1113747420001,0
                100.006974502,20.1113908130001,0
                100.006943495,20.111393014,0
                100.006923166,20.111391779,0
                100.006906384,20.1113881700001,0
                100.006891725,20.1113821910001,0
                100.006878837,20.1113741820001,0
                100.006868424,20.1113627890001,0
                100.006859437,20.111350719,0
                100.006846104,20.1113292370001,0
                100.006820143,20.1112842530001,0
                100.006789928,20.111242663,0
                100.006768003,20.111214832,0
                100.006754383,20.111203796,0
                100.00674221,20.1111961180001,0
                100.006719321,20.111185135,0
                100.006680718,20.1111705370001,0
                100.00662821,20.11115568,0
                100.006593571,20.111147795,0
                100.006569674,20.111145912,0
                100.006549351,20.1111463620001,0
                100.006528688,20.1111491730001,0
                100.006511244,20.1111533160001,0
                100.006495939,20.111157781,0
                100.006483861,20.111164251,0
                100.006472867,20.1111734080001,0
                100.006466135,20.111180517,0
                100.006460875,20.111194019,0
                100.006454255,20.111218647,0
                100.006431169,20.111288158,0
                100.006423096,20.111308412,0
                100.006416384,20.111317883,0
                100.006409292,20.1113239860001,0
                100.006401829,20.111328068,0
                100.006392215,20.111330142,0
                100.006379027,20.111330556,0
                100.006364393,20.1113286200001,0
                100.006348672,20.1113233200001,0
                100.006321491,20.1113103380001,0
                100.006306484,20.1113053720001,0
                100.006290439,20.1113054640001,0
                100.006275828,20.1113062200001,0
                100.006262648,20.111308654,0
                100.006253766,20.111313755,0
                100.006245976,20.111322221,0
                100.006242828,20.1113316720001,0
                100.006241128,20.1113441420001,0
                100.006240663,20.111383548,0
                100.006242242,20.111463029,0
                100.006240227,20.111482236,0
                100.006236735,20.1114940430001,0
                100.006230381,20.1115041850001,0
                100.006223304,20.111512647,0
                100.006178615,20.111549274,0
                100.006119754,20.111600805,0
                100.006088904,20.1116275910001,0
                100.006073297,20.1116401400001,0
                100.006056578,20.111646298,0
                100.006045539,20.1116483800001,0
                100.006030925,20.111649476,0
                100.006018804,20.111649206,0
                100.00600451,20.1116442370001,0
                100.005994836,20.1116368830001,0
                100.005986939,20.111628507,0
                100.005941955,20.1115637620001,0
                100.005879376,20.1114795780001,0
                100.005810992,20.1113799400001,0
                100.005802011,20.111369547,0
                100.005795569,20.1113658790001,0
                100.005782005,20.111363602,0
                100.005766323,20.111364365,0
                100.005746026,20.1113681850001,0
                100.005731086,20.11137366,0
                100.005722234,20.1113834780001,0
                100.005716591,20.111393277,0
                100.005713094,20.111404411,0
                100.005713563,20.1114215850001,0
                100.005718728,20.1114484990001,0
                100.005734924,20.111528231,0
                100.005736427,20.111540344,0
                100.005734384,20.1115551780001,0
                100.005728739,20.1115646390001,0
                100.005722368,20.111572084,0
                100.005712771,20.1115768550001,0
                100.005693897,20.1115803330001,0
                100.005664341,20.11158656,0
                100.005640856,20.111593769,0
                100.005620574,20.11160062,0
                100.005592491,20.111613579,0
                100.005569749,20.111625496,0
                100.005550542,20.1116330140001,0
                100.005524908,20.1116392230001,0
                100.00549499,20.111644111,0
                100.00546577,20.1116466350001,0
                100.005451862,20.1116467150001,0
                100.005435435,20.1116424310001,0
                100.005423631,20.111637108,0
                100.005397488,20.111619069,0
                100.005365247,20.1115950010001,0
                100.005347704,20.111583653,0
                100.005329469,20.111576348,0
                100.005306254,20.1115697440001,0
                100.005283404,20.1115654920001,0
                100.00526058,20.1115646150001,0
                100.005237408,20.11156542,0
                100.005216392,20.1115682330001,0
                100.005186128,20.1115751410001,0
                100.005166537,20.11157795,0
                100.005145871,20.111580087,0
                100.005131591,20.111578149,0
                100.005121935,20.1115728140001,0
                100.005115121,20.111567125,0
                100.005107207,20.111556056,0
                100.005095675,20.11153726,0
                100.005086991,20.111520264,0
                100.00507601,20.111487993,0
                100.005070106,20.1114568950001,0
                100.005069207,20.1114149840001,0
                100.005072208,20.111389221,0
                100.005082716,20.111347245,0
                100.005098347,20.111313029,0
                100.005111538,20.1112943900001,0
                100.005134873,20.111275698,0
                100.005152502,20.1112570340001,0
                100.005193689,20.1111556110001,0
                100.005202332,20.111119036,0
                100.005216285,20.1110213590001,0
                100.005219127,20.1109698450001,0
                100.005217699,20.110944707,0
                100.005208043,20.1109214100001,0
                100.00519973,20.110910082,0
                100.005185734,20.110902378,0
                100.005161633,20.110900717,0
                100.005034913,20.1109092230001,0
                100.005005116,20.110908196,0
                100.004985426,20.1109023220001,0
                100.004965722,20.1108934530001,0
                100.004944058,20.1108756140001,0
                100.004928094,20.1108577420001,0
                100.004910174,20.1108309000001,0
                100.004878639,20.1107562340001,0
                100.004858169,20.110727008,0
                100.004801303,20.110656679,0
                100.004767497,20.1106233410001,0
                100.004735681,20.1106043620001,0
                100.004682266,20.1105777220001,0
                100.00464988,20.110568325,0
                100.004606745,20.110563782,0
                100.004562374,20.110563433,0
                100.00452944,20.110567813,0
                100.004496536,20.1105769820001,0
                100.004452288,20.1105957980001,0
                100.004415634,20.110613969,0
                100.004389141,20.11063388,0
                100.004366439,20.110651972,0
                100.004338708,20.110677276,0
                100.004318593,20.110703738,0
                100.00429988,20.1107511450001,0
                100.00428063,20.1108141240001,0
                100.004261184,20.1109453670001,0
                100.004245391,20.1110532330001,0
                100.004240501,20.111081402,0
                100.004233635,20.1110982060001,0
                100.004225464,20.1111090320001,0
                100.004216002,20.111116269,0
                100.004193873,20.1111253760001,0
                100.00417109,20.1111308960001,0
                100.004129284,20.1111353260001,0
                100.004104545,20.1111324720001,0
                100.004086739,20.1111235920001,0
                100.004074628,20.1111128860001,0
                100.00406504,20.1111009640001,0
                100.004055391,20.111078864,0
                100.004043732,20.1110394130001,0
                100.004034543,20.1109903670001,0
                100.004028984,20.1109137550001,0
                100.004025237,20.1108233620001,0
                100.004021914,20.1107988320001,0
                100.004015416,20.110774319,0
                100.004007693,20.1107558040001,0
                100.00399809,20.1107408870001,0
                100.003976449,20.1107266440001,0
                100.00395231,20.110718997,0
                100.003921846,20.1107125830001,0
                100.003750771,20.110711967,0
                100.003561107,20.1107152910001,0
                100.003445605,20.1107181940001,0
                100.003257834,20.1107206080001,0
                100.003207427,20.110718649,0
                100.003180787,20.1107156570001,0
                100.00315744,20.1107077070001,0
                100.003137903,20.1107001830001,0
                100.00305151,20.110646339,0
                100.003016686,20.110628123,0
                100.00299191,20.110618835,0
                100.002970003,20.1106131230001,0
                100.002950491,20.110609638,0
                100.002918634,20.1106089240001,0
                100.002830219,20.1106107730001,0
                100.002754167,20.1106125520001,0
                100.002713261,20.1106096400001,0
                100.002697065,20.110604794,0
                100.002680364,20.1105950090001,0
                100.002663643,20.110582079,0
                100.002633509,20.1105530610001,0
                100.002603329,20.1105168610001,0
                100.002566341,20.110456894,0
                100.002528332,20.110386154,0
                100.002512036,20.1103655920001,0
                100.002501046,20.1103566730001,0
                100.002490552,20.110351343,0
                100.002468177,20.1103465320001,0
                100.002410137,20.110340126,0
                100.002387285,20.1103348660001,0
                100.002368692,20.1103268900001,0
                100.002354574,20.1103201070001,0
                100.002265464,20.1102623350001,0
                100.002197645,20.1102299840001,0
                100.002156147,20.1102166490001,0
                100.002106194,20.110202562,0
                100.001981771,20.110173731,0
                100.001853101,20.1101417310001,0
                100.001637298,20.1100966500001,0
                100.001534045,20.110074087,0
                100.001511167,20.1100646350001,0
                100.001492487,20.110051169,0
                100.001475474,20.1100337010001,0
                100.001399701,20.1099471100001,0
                100.001358107,20.109918609,0
                100.001244401,20.109847399,0
                100.001124718,20.1097658510001,0
                100.001070425,20.109734223,0
                100.000933994,20.1096775180001,0
                100.000565319,20.109545847,0
                100.000448186,20.1095124660001,0
                100.000435404,20.109506724,0
                100.000424806,20.109499312,0
                100.000411113,20.1094885970001,0
                100.000397414,20.1094770460001,0
                100.000386662,20.1094642670001,0
                100.00034805,20.109386397,0
                100.000294647,20.10928331,0
                100.00028358,20.109271333,0
                100.000225245,20.1092214220001,0
                100.000037992,20.1090821440001,0
                99.9999337670001,20.1090050930001,0
                99.9999077260001,20.1089886290001,0
                99.9998901010001,20.108981672,0
                99.999870285,20.1089759700001,0
                99.999842114,20.108969904,0
                99.999753222,20.108953796,0
                99.9997343140001,20.108952661,0
                99.999721574,20.108953564,0
                99.999706663,20.108959043,0
                99.999638335,20.108996801,0
                99.9995626180001,20.1090482990001,0
                99.999534145,20.1090638250001,0
                99.999518354,20.1090684820001,0
                99.99950957,20.1090701900001,0
                99.9994994640001,20.109070247,0
                99.999486274,20.109070322,0
                99.9994682330001,20.109067103,0
                99.999450176,20.1090613910001,0
                99.9994360760001,20.109056077,0
                99.999422839,20.109047848,0
                99.999412217,20.109036696,0
                99.999404236,20.109025532,0
                99.9994006420001,20.109013093,0
                99.9994018620001,20.108998141,0
                99.9994061680001,20.108983998,0
                99.999414899,20.1089739830001,0
                99.9994341710001,20.108963912,0
                99.9994933620001,20.108939908,0
                99.9995244720001,20.1089247830001,0
                99.999535844,20.1089155830001,0
                99.999543251,20.1089055800001,0
                99.9995745690001,20.1088539130001,0
                99.99958279,20.1088326920001,0
                99.9995844210001,20.1088131660001,0
                99.9995821050001,20.108794082,0
                99.9995772090001,20.1087845600001,0
                99.999570121,20.108776296,0
                99.999537896,20.108754473,0
                99.9994875930001,20.1087236170001,0
                99.9994791880001,20.1087157760001,0
                99.999472977,20.1087062610001,0
                99.999471112,20.1086896640001,0
                99.9994692430001,20.108671821,0
                99.9994650040001,20.1085584900001,0
                99.9994643320001,20.108521958,0
                99.999460308,20.1085111840001,0
                99.9994536600001,20.108502086,0
                99.9994377560001,20.1084897210001,0
                99.9993613570001,20.1084336860001,0
                99.9992822930001,20.108373095,0
                99.999117116,20.108249471,0
                99.999055765,20.108209543,0
                99.9990341750001,20.1082009460001,0
                99.999019649,20.108197703,0
                99.999005578,20.108196956,0
                99.9989923940001,20.108197031,0
                99.9989770210001,20.108199191,0
                99.9989625480001,20.108204256,0
                99.9989467880001,20.1082138960001,0
                99.9988320250001,20.1082772440001,0
                99.9988179890001,20.1082818900001,0
                99.998808764,20.108282774,0
                99.9987968780001,20.108279516,0
                99.9987880510001,20.1082737560001,0
                99.9987809630001,20.108265488,0
                99.998768537,20.1082464620001,0
                99.9986978190001,20.108115653,0
                99.9986885050001,20.108102419,0
                99.9986769980001,20.108090444,0
                99.9986584540001,20.108077263,0
                99.9986438880001,20.1080677950001,0
                99.998574245,20.108037048,0
                99.9984168440001,20.107960712,0
                99.9982986910001,20.107904913,0
                99.9981315940001,20.107825307,0
                99.9980583970001,20.1077883500001,0
                99.997995781,20.107757153,0
                99.997954753,20.1077333000001,0
                99.997881577,20.1076996690001,0
                99.9977422790001,20.107636928,0
                99.9976263280001,20.1075815310001,0
                99.997581358,20.10755978,0
                99.9975672640001,20.107555292,0
                99.9975545090001,20.107554533,0
                99.997529446,20.1075525960001,0
                99.997499551,20.1075519390001,0
                99.9974802180001,20.1075532900001,0
                99.997464875,20.1075591920001,0
                99.9974478010001,20.107570497,0
                99.9974268380001,20.107591379,0
                99.9973897460001,20.107633938,0
                99.997377048,20.107642313,0
                99.997363465,20.1076490360001,0
                99.997354251,20.1076515770001,0
                99.9973432740001,20.107652886,0
                99.9973300840001,20.107652961,0
                99.9973177580001,20.10764971,0
                99.997306736,20.1076447890001,0
                99.9972912960001,20.107635326,0
                99.9972617190001,20.107615561,0
                99.9971950730001,20.107572341,0
                99.997170371,20.107557952,0
                99.997139071,20.10754401,0
                99.9971126300001,20.107532947,0
                99.997080463,20.107520257,0
                99.9970416960001,20.1075067740001,0
                99.9970117490001,20.1074978090001,0
                99.9969747760001,20.1074897140001,0
                99.9969505770001,20.107486114,0
                99.9969308020001,20.107486226,0
                99.9969070670001,20.1074863600001,0
                99.9968723580001,20.10748905,0
                99.9968486330001,20.1074908420001,0
                99.9968253640001,20.1074951260001,0
                99.996803421,20.1075002330001,0
                99.9967841170001,20.1075061560001,0
                99.99676659,20.107514559,0
                99.9967359360001,20.107533002,0
                99.9966702550001,20.1075728180001,0
                99.9966514130001,20.107582059,0
                99.996642201,20.107585016,0
                99.9966312210001,20.107585909,0
                99.9966206660001,20.107585138,0
                99.996607887,20.1075798110001,0
                99.9965404050001,20.1075436570001,0
                99.9964028100001,20.1074717710001,0
                99.9962899450001,20.1074171870001,0
                99.996262598,20.1074028080001,0
                99.996251112,20.1073933220001,0
                99.996239598,20.107380101,0
                99.9962311560001,20.107365615,0
                99.996223146,20.107349884,0
                99.996217318,20.1073320630001,0
                99.9962141280001,20.107313811,0
                99.996211262,20.1072781190001,0
                99.9962093990001,20.1072611060001,0
                99.9962040240001,20.107245361,0
                99.9961951210001,20.107227557,0
                99.99618624,20.107213904,0
                99.9961773860001,20.107203988,0
                99.9961685540001,20.107197397,0
                99.9961566630001,20.107193308,0
                99.9961469930001,20.107193362,0
                99.9961377770001,20.1071954930001,0
                99.996127705,20.107201779,0
                99.996048118,20.1072665840001,0
                99.9960349670001,20.107272057,0
                99.9960239900001,20.107274193,0
                99.9960112580001,20.107276343,0
                99.995890005,20.107286162,0
                99.9958486950001,20.107287227,0
                99.9958341750001,20.1072848150001,0
                99.9958209420001,20.107277417,0
                99.9958094550001,20.1072683470001,0
                99.995797516,20.1072567900001,0
                99.9957860100001,20.107244811,0
                99.9957780240001,20.1072328160001,0
                99.995773097,20.1072183100001,0
                99.9957699010001,20.107200059,0
                99.9957693530001,20.107182208,0
                99.9957709930001,20.107163933,0
                99.995799623,20.1070342240001,0
                99.9958205250001,20.106934042,0
                99.9958200070001,20.1069215850001,0
                99.9958177410001,20.1069103900001,0
                99.9958128270001,20.1068979620001,0
                99.9958044030001,20.106886381,0
                99.9957920430001,20.1068785620001,0
                99.995755477,20.1068650660001,0
                99.9956573040001,20.10684071,0
                99.9955256480001,20.1068040820001,0
                99.9953658300001,20.1067626340001,0
                99.9952993400001,20.1067439080001,0
                99.9952830660001,20.106741926,0
                99.9952742790001,20.1067423910001,0
                99.9952633,20.1067441110001,0
                99.9952540930001,20.106747899,0
                99.9952470950001,20.1067529220001,0
                99.99523924,20.106762517,0
                99.9951579630001,20.106907467,0
                99.995116652,20.1069778740001,0
                99.99511012,20.106987873,0
                99.9951018120001,20.106994565,0
                99.9950956860001,20.106999167,0
                99.9950855970001,20.1070025450001,0
                99.9950741800001,20.1070038560001,0
                99.995060547,20.107002686,0
                99.9950464610001,20.106999445,0
                99.995034994,20.106993695,0
                99.995017325,20.106979677,0
                99.9949501130001,20.1069165320001,0
                99.9948843670001,20.106854422,0
                99.9947982130001,20.106766341,0
                99.9947517470001,20.106724249,0
                99.9947149230001,20.106702636,0
                99.994652317,20.106686301,0
                99.9946060950001,20.1066827120001,0
                99.9945612440001,20.106680399,0
                99.9945041510001,20.106676867,0
                99.9944633590001,20.106671965,0
                99.9944130210001,20.1066619800001,0
                99.994369464,20.10664939,0
                99.9943299430001,20.106631646,0
                99.994301298,20.1066138360001,0
                99.9942766710001,20.1065870210001,0
                99.9942519620001,20.1065473680001,0
                99.9942381970001,20.10651921,0
                99.9942244650001,20.106496183,0
                99.994203961,20.106477049,0
                99.9941739650001,20.1064605290001,0
                99.9941276700001,20.106445389,0
                99.994084097,20.106430233,0
                99.994043215,20.106411209,0
                99.9940227590001,20.106399772,0
                99.9940063670001,20.1063857460001,0
                99.993987286,20.106376868,0
                99.9939669250001,20.1063795490001,0
                99.99394119,20.1063925290001,0
                99.9939101000001,20.106418374,0
                99.993887155,20.10644289,0
                99.993860119,20.106464863,0
                99.9938303100001,20.106477866,0
                99.9938004400001,20.1064818880001,0
                99.9937637620001,20.1064833780001,0
                99.9937297660001,20.1064784330001,0
                99.9936944140001,20.1064747830001,0
                99.9936400430001,20.1064712400001,0
                99.9936017540001,20.1064691020001,0
                99.9935437970001,20.1064717090001,0
                99.9934696540001,20.1064808960001,0
                99.993356921,20.10648795,0
                99.993287648,20.10649219,0
                99.9932401090001,20.106495023,0
                99.9931572870001,20.1065044760001,0
                99.99311248,20.106509864,0
                99.9930351310001,20.1065257010001,0
                99.992982232,20.1065401170001,0
                99.9929292990001,20.1065494000001,0
                99.9928899780001,20.1065624570001,0
                99.9928560820001,20.106574199,0
                99.9928086960001,20.1066014190001,0
                99.9927775530001,20.106618283,0
                99.992728857,20.1066532130001,0
                99.992695025,20.1066752190001,0
                99.9926530930001,20.106704979,0
                99.992616545,20.106727006,0
                99.9925650280001,20.1067452630001,0
                99.9925412430001,20.1067473250001,0
                99.9925174960001,20.1067493840001,0
                99.9924835350001,20.1067508580001,0
                99.9924495010001,20.1067407800001,0
                99.9923977000001,20.1067141190001,0
                99.9923700840001,20.106696497,0
                99.9923458590001,20.106681038,0
                99.992319938,20.1066644950001,0
                99.992268219,20.106650668,0
                99.9922118320001,20.10664681,0
                99.9921988950001,20.1066459250001,0
                99.9921417620001,20.106635978,0
                99.9920846690001,20.1066324450001,0
                99.9920547870001,20.1066339010001,0
                99.9920263120001,20.106643042,0
                99.991989764,20.106665068,0
                99.9919573390001,20.1066947740001,0
                99.9919235610001,20.1067244830001,0
                99.9918802490001,20.1067516800001,0
                99.9918369100001,20.1067737440001,0
                99.991813892,20.1067867090001,0
                99.9917936300001,20.106806077,0
                99.9917869440001,20.106822799,0
                99.9917708470001,20.1068562620001,0
                99.9917534040001,20.1068910160001,0
                99.991730434,20.1069116830001,0
                99.9916965460001,20.1069247090001,0
                99.991661288,20.106935176,0
                99.9916110880001,20.1069470100001,0
                99.991570347,20.1069510880001,0
                99.9915363900001,20.1069525620001,0
                99.991505121,20.106950172,0
                99.991473881,20.10695163,0
                99.9914537180001,20.106939428,0
                99.991446754,20.1069257510001,0
                99.991439772,20.106909183,0
                99.991435063,20.106889715,0
                99.9914341570001,20.1068673400001,0
                99.9914340120001,20.106844236,0
                99.9914361930001,20.1068268990001,0
                99.9914452300001,20.10680519,0
                99.9914587250001,20.106763239,0
                99.991461653,20.1067430050001,0
                99.991461513,20.106720625,0
                99.9914568440001,20.1067076530001,0
                99.9914452670001,20.10668967,0
                99.9914229870001,20.1066717470001,0
                99.9914076210001,20.1066588350001,0
                99.9913930020001,20.1066430330001,0
                99.9913798310001,20.106614952,0
                99.991375131,20.1065969260001,0
                99.9913696240001,20.106572412,0
                99.9913687690001,20.106557255,0
                99.991371729,20.106542077,0
                99.9913830830001,20.106524683,0
                99.991395207,20.1065080120001,0
                99.9914080780001,20.106488445,0
                99.9914171550001,20.106473233,0
                99.9914216230001,20.1064551540001,0
                99.9914207260001,20.106433501,0
                99.9914198610001,20.106417622,0
                99.991413617,20.10639744,0
                99.991402027,20.106377292,0
                99.9913927360001,20.106358573,0
                99.9913772660001,20.106338276,0
                99.991362709,20.1063233630001,0
                99.991338107,20.106300398,0
                99.9913119560001,20.106274554,0
                99.991281975,20.1062465630001,0
                99.991254311,20.106223615,0
                99.9912343680001,20.1062121750001,0
                99.9912083580001,20.1062079880001,0
                99.9911839010001,20.1062081260001,0
                99.991157968,20.1062169370001,0
                99.9911389530001,20.1062314820001,0
                99.9911306640001,20.1062503000001,0
                99.991124702,20.1062741600001,0
                99.991122578,20.1063059640001,0
                99.9911219050001,20.1063160510001,0
                99.9911228340001,20.106342037,0
                99.9911230750001,20.1063803010001,0
                99.9911232790001,20.1064127920001,0
                99.9911195720001,20.106430861,0
                99.9911127540001,20.1064402870001,0
                99.9911043740001,20.1064446670001,0
                99.991088324,20.1064447570001,0
                99.9910707170001,20.1064405230001,0
                99.9910515660001,20.1064334110001,0
                99.9909787190001,20.1063955550001,0
                99.9909342860001,20.106379197,0
                99.9908975690001,20.106374348,0
                99.9908677560001,20.106373793,0
                99.9908395,20.106377566,0
                99.9908181270001,20.1063812950001,0
                99.9907868560001,20.1063923,0
                99.9907586370001,20.106401842,0
                99.9907334420001,20.106405593,0
                99.99070822,20.1064057350001,0
                99.9906952030001,20.1064021980001,0
                99.990679873,20.1063950650001,0
                99.9906675770001,20.1063843050001,0
                99.9906490540001,20.10635625,0
                99.99062969,20.106315206,0
                99.990626842,20.1063087480001,0
                99.9905979010001,20.106243186,0
                99.9905808820001,20.106210794,0
                99.9905708670001,20.106197853,0
                99.990540932,20.106177804,0
                99.990517158,20.1061649440001,0
                99.9904802680001,20.1061326600001,0
                99.9904656530001,20.1061183030001,0
                99.990441128,20.106106889,0
                99.99042353,20.106104101,0
                99.9903975340001,20.1061028010001,0
                99.990371565,20.106105115,0
                99.9903540350001,20.106113156,0
                99.9903372970001,20.10612552,0
                99.9903160050001,20.106142247,0
                99.9902939610001,20.106161865,0
                99.990274974,20.106180743,0
                99.990259817,20.106201045,0
                99.990249195,20.1062140980001,0
                99.9902378500001,20.1062329330001,0
                99.990231082,20.106250301,0
                99.9902220180001,20.1062676770001,0
                99.9902113970001,20.1062800120001,0
                99.990197698,20.106289476,0
                99.9901816890001,20.1062960630001,0
                99.990152718,20.106307777,0
                99.990144683,20.106311455,0
                99.990119189,20.1063231270001,0
                99.9900955740001,20.1063362530001,0
                99.990070411,20.106345059,0
                99.9900528530001,20.106348767,0
                99.9900314750001,20.106352497,0
                99.9900139090001,20.106354041,0
                99.9899978860001,20.106358464,0
                99.9899841820001,20.1063672060001,0
                99.9899705050001,20.106380276,0
                99.9899545640001,20.1063976950001,0
                99.989941747,20.1064251990001,0
                99.9899251410001,20.1064585070001,0
                99.989906272,20.106496878,0
                99.989892608,20.1065113940001,0
                99.9898750740001,20.106518712,0
                99.9898582630001,20.106519529,0
                99.9898421820001,20.1065145640001,0
                99.9898191550001,20.106498808,0
                99.9897692040001,20.1064557720001,0
                99.9897084720001,20.106399794,0
                99.9896646600001,20.1063603330001,0
                99.98964621,20.106343107,0
                99.9896229300001,20.1063143820001,0
                99.9896223270001,20.1063136400001,0
                99.989610751,20.106295657,0
                99.9896022250001,20.1062769330001,0
                99.989597508,20.1062552970001,0
                99.9895943060001,20.106232934,0
                99.9895872610001,20.10620626,0
                99.9895809770001,20.1061788590001,0
                99.9895731030001,20.106142806,0
                99.9895683810001,20.106120451,0
                99.9895613950001,20.1061038830001,0
                99.9895506330001,20.1060938370001,0
                99.9895337820001,20.106088153,0
                99.9895170030001,20.1060940260001,0
                99.9894972320001,20.1061100210001,0
                99.9894804990001,20.1061231080001,0
                99.9894493100001,20.106146387,0
                99.98941655,20.106163178,0
                99.9893883760001,20.1061799390001,0
                99.9893563950001,20.106198894,0
                99.989336629,20.1062156080001,0
                99.9893145670001,20.1062316160001,0
                99.989297788,20.106237488,0
                99.9892718240001,20.1062412430001,0
                99.9892481320001,20.1062413760001,0
                99.9892274590001,20.106235714,0
                99.989204478,20.106227178,0
                99.98918453,20.106215019,0
                99.9891560840001,20.1061884650001,0
                99.9891407000001,20.10617339,0
                99.989126131,20.1061655290001,0
                99.9891069980001,20.1061613040001,0
                99.9890855740001,20.106157814,0
                99.9890618780001,20.1061572240001,0
                99.989027487,20.10615814,0
                99.9889903960001,20.106161452,0
                99.988967142,20.1061635290001,0
                99.9889373610001,20.106167306,0
                99.9889144830001,20.106176099,0
                99.9888797710001,20.1061996010001,0
                99.9888445400001,20.1062151990001,0
                99.9888133170001,20.106219224,0
                99.9887820610001,20.106218116,0
                99.9887426210001,20.1062132050001,0
                99.988714025,20.1062030960001,0
                99.9886799430001,20.1061853150001,0
                99.9886225660001,20.1061355800001,0
                99.9885678320001,20.1060742780001,0
                99.9885295540001,20.1060372700001,0
                99.9884885960001,20.106006693,0
                99.9884244790001,20.1059659810001,0
                99.988353579,20.1059265860001,0
                99.98830853,20.1058934650001,0
                99.9882852790001,20.105869209,0
                99.988260612,20.1058359790001,0
                99.988252366,20.105820619,0
                99.9882454250001,20.105797554,0
                99.988235704,20.10576424,0
                99.98823007,20.1057321820001,0
                99.988216112,20.105673218,0
                99.9882021390001,20.1056116870001,0
                99.9881839440001,20.1055396940001,0
                99.9881433930001,20.1052364350001,0
                99.988129857,20.105003765,0
                99.9881219650001,20.1049434780001,0
                99.9880994100001,20.104771188,0
                99.9880716800001,20.1045865130001,0
                99.9880495240001,20.1045204650001,0
                99.988029989,20.104486347,0
                99.9879983970001,20.1044568610001,0
                99.987950019,20.1044457200001,0
                99.9878895900001,20.104439214,0
                99.987771304,20.1044512830001,0
                99.9875588150001,20.104463885,0
                99.9873487130001,20.104471905,0
                99.987206272,20.1044841090001,0
                99.9870131040001,20.104496602,0
                99.9868512840001,20.104499789,0
                99.9866629940001,20.104519098,0
                99.9864820010001,20.1045474920001,0
                99.9863058050001,20.104569011,0
                99.9860717910001,20.1046159570001,0
                99.9859028490001,20.1046397210001,0
                99.9858134630001,20.104637939,0
                99.985733737,20.1046361030001,0
                99.9856515290001,20.104622869,0
                99.9855644570001,20.104605099,0
                99.9854966490001,20.104578095,0
                99.985426417,20.1045488240001,0
                99.9853369160001,20.1045287900001,0
                99.985208727,20.1045021240001,0
                99.9850902970001,20.104491373,0
                99.9849936470001,20.1044873500001,0
                99.9849187410001,20.1044832050001,0
                99.984822238,20.104502,0
                99.984752315,20.104522924,0
                99.984675237,20.1045575850001,0
                99.984581334,20.1046060250001,0
                99.984487512,20.1046681620001,0
                99.98439118,20.1047143330001,0
                99.9843019360001,20.104735369,0
                99.9842054470001,20.1047564450001,0
                99.9841380720001,20.104797892,0
                99.9840804710001,20.1048575410001,0
                99.9840349460001,20.1049171220001,0
                99.9839773730001,20.1049813380001,0
                99.9839388130001,20.1050243460001,0
                99.9839341970001,20.1050294940001,0
                99.983852497,20.1050984080001,0
                99.9837898810001,20.1051284210001,0
                99.9837465420001,20.1051514820001,0
                99.9837031650001,20.105167694,0
                99.9836404060001,20.105174888,0
                99.9835703310001,20.105170716,0
                99.9834711650001,20.105150731,0
                99.9833684870001,20.105120501,0
                99.9833646870001,20.105119379,0
                99.983200261,20.1050929130001,0
                99.983031006,20.1050664740001,0
                99.9828812040001,20.1050604640001,0
                99.9826998730001,20.105034092,0
                99.982586159,20.105005062,0
                99.9824965590001,20.104969053,0
                99.9824456380001,20.1049373910001,0
                99.9824043010001,20.1048942640001,0
                99.9823701010001,20.104832846,0
                99.9823236400001,20.1047418310001,0
                99.982296799,20.104698624,0
                99.9822531040001,20.1046646400001,0
                99.9821901600001,20.104642171,0
                99.9820087730001,20.104606673,0
                99.981832287,20.104582554,0
                99.9817574100001,20.1045829710001,0
                99.9817212780001,20.104599142,0
                99.9816949500001,20.1046380830001,0
                99.981671249,20.1047112310001,0
                99.9816404890001,20.104814087,0
                99.9816264630001,20.1048894680001,0
                99.981598003,20.104974054,0
                99.9815769360001,20.105081419,0
                99.9815653110001,20.1051545,0
                99.9815490030001,20.1052504310001,0
                99.9815276180001,20.105307596,0
                99.981508734,20.105378436,0
                99.9814920700001,20.105417323,0
                99.9814571300001,20.105488817,0
                99.9814562890001,20.105490538,0
                99.9814262830001,20.105531157,0
                99.9813383220001,20.105603881,0
                99.981259906,20.105674293,0
                99.9812005780001,20.105740086,0
                99.9811198080001,20.105817283,0
                99.9810508260001,20.1058673260001,0
                99.980943632,20.1059221,0
                99.9808554310001,20.1059564510001,0
                99.980712327,20.1060001340001,0
                99.980574388,20.106033858,0
                99.9804761180001,20.1060578780001,0
                99.980402268,20.106094408,0
                99.9803403370001,20.106126354,0
                99.9802903520001,20.1061582340001,0
                99.9801787220001,20.1062672040001,0
                99.9800979570001,20.1063444010001,0
                99.980007786,20.1064464840001,0
                99.979905837,20.1065757170001,0
                99.979820336,20.1066597120001,0
                99.9797609870001,20.1067232450001,0
                99.9797062530001,20.106759664,0
                99.9796396280001,20.10680518,0
                99.979513378,20.106869085,0
                99.9794062860001,20.10693966,0
                99.9793635390001,20.1069827850001,0
                99.9793352010001,20.107037115,0
                99.9793212150001,20.1070936290001,0
                99.9793192490001,20.1071613570001,0
                99.9793285800001,20.1072620470001,0
                99.9793294930001,20.1072719100001,0
                99.979344364,20.1073576050001,0
                99.9793449260001,20.1074478940001,0
                99.9793357170001,20.1075043770001,0
                99.9792814730001,20.1076198000001,0
                99.9792483150001,20.1076673900001,0
                99.979210562,20.1077443470001,0
                99.9791919100001,20.1078189400001,0
                99.979182967,20.107918313,0
                99.9791763740001,20.1080109010001,0
                99.9791697530001,20.1080989710001,0
                99.979129636,20.108180455,0
                99.9790965620001,20.1082415880001,0
                99.9790586400001,20.1082914580001,0
                99.9790016260001,20.108345952,0
                99.97892318,20.10841185,0
                99.9788636760001,20.1084505540001,0
                99.9787732130001,20.1085052290001,0
                99.978770205,20.1085068580001,0
                99.9786636580001,20.1085645270001,0
                99.978542184,20.108628405,0
                99.9784303630001,20.108708032,0
                99.9783209060001,20.108783133,0
                99.978237542,20.108826482,0
                99.9781924600001,20.1088786510001,0
                99.9781688470001,20.108923928,0
                99.9781643310001,20.1089668400001,0
                99.9781694360001,20.1090187300001,0
                99.9781937920001,20.1090930890001,0
                99.9782423130001,20.109210196,0
                99.9782621580001,20.1093274670001,0
                99.978277113,20.1094267080001,0
                99.9782782610001,20.109439089,0
                99.9782873610001,20.10953726,0
                99.9783189840001,20.109627377,0
                99.9783410100001,20.1097107750001,0
                99.978365442,20.1097964140001,0
                99.9783658480001,20.109861874,0
                99.9783613330001,20.1099047870001,0
                99.9783424130001,20.109936498,0
                99.9783044490001,20.1099795960001,0
                99.9782421780001,20.1100411620001,0
                99.9782355710001,20.110047695,0
                99.9781953130001,20.1101066090001,0
                99.978171709,20.110154144,0
                99.9781578390001,20.110228711,0
                99.9781488120001,20.11031454,0
                99.9781494150001,20.1104116010001,0
                99.9781501020001,20.110522206,0
                99.9781484550001,20.110641851,0
                99.978139292,20.11070511,0
                99.978118248,20.110779715,0
                99.9781020520001,20.1108655840001,0
                99.9780834410001,20.110946949,0
                99.9780816250001,20.1110395100001,0
                99.9780798410001,20.1111365850001,0
                99.9780805290001,20.111247185,0
                99.9780910100001,20.11139611,0
                99.97809634,20.1114841180001,0
                99.978103972,20.1115585650001,0
                99.9780947900001,20.1116195660001,0
                99.9780760390001,20.11167836,0
                99.9780406290001,20.111748532,0
                99.9779862280001,20.1118391260001,0
                99.9779459840001,20.1119002940001,0
                99.977889094,20.1119751030001,0
                99.9778345870001,20.1120476400001,0
                99.9777755860001,20.112167603,0
                99.977716436,20.112262736,0
                99.9776762750001,20.1123374530001,0
                99.97762414,20.112407718,0
                99.977572014,20.1124802410001,0
                99.9775269630001,20.1125369230001,0
                99.977450859,20.112596035,0
                99.9773389420001,20.1126598590001,0
                99.9771577770001,20.112733097,0
                99.9770219050001,20.1127880230001,0
                99.976902678,20.112829316,0
                99.9767762920001,20.112872903,0
                99.9767106900001,20.112884249,0
                99.9766858850001,20.1129079560001,0
                99.9766754080001,20.1129258730001,0
                99.976669513,20.1129501890001,0
                99.976665934,20.1129830620001,0
                99.9766624310001,20.1130273640001,0
                99.97665978,20.113088089,0
                99.9766466790001,20.113169581,0
                99.976641606,20.1132053220001,0
                99.9766296610001,20.1132296710001,0
                99.976616161,20.1132476010001,0
                99.976600385,20.113264115,0
                99.976577047,20.1132806700001,0
                99.9765521940001,20.1132965210001,0
                99.976518308,20.11331885,0
                99.9764926810001,20.1133318500001,0
                99.9764482190001,20.113356379,0
                99.9763909640001,20.113390263,0
                99.9763510240001,20.1134119120001,0
                99.9763156000001,20.1134299670001,0
                99.9762794250001,20.1134487350001,0
                99.9762410040001,20.113471803,0
                99.9762025350001,20.113487015,0
                99.9761769080001,20.1135000150001,0
                99.976155771,20.113505128,0
                99.9761399110001,20.1135080760001,0
                99.9761202540001,20.1135088980001,0
                99.9760877240001,20.113506219,0
                99.9760642620001,20.11350278,0
                99.9760423120001,20.113498614,0
                99.9760173700001,20.113500179,0
                99.976000007,20.113504563,0
                99.9759788960001,20.1135146770001,0
                99.975958581,20.1135312160001,0
                99.9759435650001,20.113547731,0
                99.975931567,20.1135642240001,0
                99.9759241300001,20.113584261,0
                99.9759160120001,20.113616445,0
                99.975913016,20.113641499,0
                99.975903821,20.113675836,0
                99.9758985870001,20.1136987200001,0
                99.9758745330001,20.1137217090001,0
                99.9758316840001,20.1137486100001,0
                99.975786107,20.113769178,0
                99.975736554,20.113798655,0
                99.975704421,20.11381915,0
                99.9756790630001,20.113848493,0
                99.975671188,20.1138790090001,0
                99.97566198,20.1139120760001,0
                99.975643323,20.113937573,0
                99.975612534,20.1139580600001,0
                99.975576333,20.113973494,0
                99.9755321320001,20.113999133,0
                99.9754959750001,20.114020919,0
                99.9754678890001,20.11404393,0
                99.9754425230001,20.114072004,0
                99.97543462,20.1140987110001,0
                99.975425386,20.1141267,0
                99.9754255830001,20.114158441,0
                99.9754338430001,20.114190138,0
                99.975451492,20.1142179730001,0
                99.975474509,20.11424451,0
                99.9755096680001,20.114278601,0
                99.975559725,20.114330383,0
                99.9756247830001,20.114416367,0
                99.975638443,20.1144518410001,0
                99.9756440200001,20.114483557,0
                99.9756403060001,20.114535636,0
                99.975644548,20.1145686240001,0
                99.9756554250001,20.11458888,0
                99.975677051,20.1146078080001,0
                99.9757148030001,20.114626641,0
                99.97574309,20.114635376,0
                99.9757606480001,20.114649243,0
                99.9757661580001,20.1146707980001,0
                99.975766299,20.1146936530001,0
                99.9757624410001,20.114721608,0
                99.9757478940001,20.1147597820001,0
                99.9757119210001,20.1148120400001,0
                99.9756813130001,20.114861729,0
                99.9756588160001,20.114918994,0
                99.975644355,20.1149711320001,0
                99.975626016,20.1150486870001,0
                99.9756210340001,20.115112203,0
                99.9756160700001,20.1151795270001,0
                99.9756108910001,20.1152112980001,0
                99.975598946,20.1152354880001,0
                99.9755735970001,20.115254888,0
                99.9755235710001,20.115279994,0
                99.975444892,20.115309773,0
                99.9753375400001,20.1153397140001,0
                99.975218334,20.115385519,0
                99.97513137,20.115415935,0
                99.9750293850001,20.11546516,0
                99.9749888490001,20.115484259,0
                99.9749545290001,20.115504625,0
                99.9749263780001,20.11552105,0
                99.974901656,20.115534202,0
                99.9748728100001,20.115548678,0
                99.974848744,20.115556623,0
                99.9748081550001,20.11556726,0
                99.9747709870001,20.1155733250001,0
                99.974719351,20.115579466,0
                99.974686332,20.11558811,0
                99.9746540040001,20.1155974010001,0
                99.974625814,20.115606665,0
                99.974598982,20.115612673,0
                99.974561801,20.1156167820001,0
                99.974525294,20.115618284,0
                99.9745085660001,20.1156187880001,0
                99.9744722470001,20.115619883,0
                99.9744426520001,20.115624601,0
                99.974422706,20.115630566,0
                99.9744035100001,20.115645644,0
                99.9743877770001,20.115664602,0
                99.9743768980001,20.115688091,0
                99.9743715540001,20.1157148070001,0
                99.9743712640001,20.115779241,0
                99.9743713590001,20.1157945520001,0
                99.9743714850001,20.115815034,0
                99.9743715980001,20.1158332540001,0
                99.9743668570001,20.115846947,0
                99.9743552450001,20.1158632840001,0
                99.9743401900001,20.1158796350001,0
                99.974318258,20.115898632,0
                99.9742977010001,20.1159163200001,0
                99.974288115,20.115926131,0
                99.9742750890001,20.1159366160001,0
                99.9742593000001,20.1159464670001,0
                99.974245565,20.1159537030001,0
                99.9742077810001,20.1159714820001,0
                99.974178233,20.11598401,0
                99.974145261,20.1160004650001,0
                99.974122621,20.1160162080001,0
                99.974102772,20.1160377950001,0
                99.9740877,20.1160515450001,0
                99.9740698460001,20.116060756,0
                99.9740478300001,20.116066087,0
                99.9740257970001,20.1160688100001,0
                99.9739996210001,20.1160696060001,0
                99.973972034,20.116065855,0
                99.973938225,20.1160575800001,0
                99.97390647,20.1160479920001,0
                99.9738753990001,20.11603775,0
                99.973842936,20.116024263,0
                99.9738228780001,20.116012009,0
                99.9737986740001,20.1159978210001,0
                99.9737758570001,20.1159849310001,0
                99.973750313,20.115976615,0
                99.973724088,20.115969599,0
                99.9736716930001,20.115960473,0
                99.9736661480001,20.115959505,0
                99.973638582,20.1159583560001,0
                99.9736103550001,20.1159624160001,0
                99.9735924760001,20.115967723,0
                99.973580111,20.115973647,0
                99.9735705530001,20.1159880210001,0
                99.9735630930001,20.1160075830001,0
                99.9735604990001,20.1160336340001,0
                99.97355658,20.1160681490001,0
                99.973552065,20.116117634,0
                99.9735461160001,20.1161586700001,0
                99.973544372,20.1161713070001,0
                99.9735401790001,20.1162016540001,0
                99.9735294450001,20.116247921,0
                99.9735220050001,20.1162707410001,0
                99.9735118030001,20.116292275,0
                99.973499502,20.116308616,0
                99.973485123,20.1163230120001,0
                99.973463978,20.116341624,0
                99.9734590830001,20.116345934,0
                99.9734316450001,20.116366262,0
                99.9733959470001,20.1163872860001,0
                99.9733540380001,20.116406388,0
                99.9732949300001,20.116430144,0
                99.9732337360001,20.1164506580001,0
                99.9731919160001,20.116465675,0
                99.9731766740001,20.1164711490001,0
                99.973131268,20.1164824640001,0
                99.9731064970001,20.1164878050001,0
                99.9730754920001,20.116487325,0
                99.97305615,20.1164796250001,0
                99.973054243,20.116478366,0
                99.9730395480001,20.116468653,0
                99.9730167100001,20.116452506,0
                99.9729973080001,20.116435043,0
                99.9729828000001,20.116428613,0
                99.9729655530001,20.1164248050001,0
                99.972951773,20.1164255320001,0
                99.9729387030001,20.1164288570001,0
                99.972924977,20.1164373940001,0
                99.9729160830001,20.116447857,0
                99.9729037740001,20.1164628920001,0
                99.972903618,20.1164631280001,0
                99.9728798770001,20.1164981680001,0
                99.9728621470001,20.1165275540001,0
                99.9728375330001,20.116558275,0
                99.9728142720001,20.1165850900001,0
                99.972794406,20.116604071,0
                99.9727806880001,20.116613909,0
                99.97275526,20.1166244630001,0
                99.9727401320001,20.1166291050001,0
                99.9727236090001,20.1166317980001,0
                99.9726857080001,20.116630706,0
                99.972647114,20.1166289670001,0
                99.9726410600001,20.116629001,0
                99.9726119750001,20.116629161,0
                99.9725858150001,20.116632558,0
                99.9725679430001,20.1166398130001,0
                99.972552158,20.116649663,0
                99.9725357130001,20.1166640750001,0
                99.9725179010001,20.1166810920001,0
                99.972500799,20.1167007130001,0
                99.972479477,20.1167255240001,0
                99.9724381300001,20.1167743460001,0
                99.972400453,20.1168219900001,0
                99.9723714850001,20.1168570770001,0
                99.9723639790001,20.1168661580001,0
                99.9723335750001,20.1169010360001,0
                99.9723189870001,20.11691963,0
                99.9723154710001,20.116945103,0
                99.972318091,20.116972859,0
                99.9723215390001,20.1169804620001,0
                99.9723280270001,20.1169947880001,0
                99.9723749520001,20.1170558490001,0
                99.9724145750001,20.1171250510001,0
                99.9724479980001,20.1171815600001,0
                99.97246291,20.117216188,0
                99.9724728960001,20.1172462170001,0
                99.9724780270001,20.1172832120001,0
                99.9724807690001,20.117330634,0
                99.972474828,20.11736075,0
                99.9724591780001,20.117404804,0
                99.9724397360001,20.117430364,0
                99.9724092880001,20.117458298,0
                99.9723616830001,20.1174851750001,0
                99.972312845,20.117510898,0
                99.9722713620001,20.117537736,0
                99.972248246,20.117563321,0
                99.972227591,20.117590045,0
                99.972200898,20.1176318460001,0
                99.972172964,20.1176701800001,0
                99.9721462110001,20.117701568,0
                99.9721181930001,20.1177271760001,0
                99.9720693980001,20.1177598420001,0
                99.9720205820001,20.1177890340001,0
                99.9719790460001,20.1178066200001,0
                99.9719484720001,20.117814889,0
                99.9719179100001,20.1178243100001,0
                99.9718898070001,20.117836035,0
                99.971845886,20.1178640470001,0
                99.9718068220001,20.1178862460001,0
                99.971770162,20.117900331,0
                99.9716870280001,20.1179262430001,0
                99.971682791,20.117927228,0
                99.971569608,20.1179535040001,0
                99.9714117670001,20.11798214,0
                99.97130651,20.1179954460001,0
                99.9712673600001,20.1180037620001,0
                99.9712441520001,20.118014304,0
                99.9712106470001,20.1180413280001,0
                99.9712051500001,20.118045759,0
                99.971153358,20.1180918910001,0
                99.97111297,20.118130487,0
                99.97107033,20.118191671,0
                99.9710468760001,20.118264035,0
                99.9710426,20.1183453200001,0
                99.971043115,20.1184288380001,0
                99.971072253,20.118503167,0
                99.971108545,20.118575202,0
                99.97114,20.118638232,0
                99.9711716070001,20.118726096,0
                99.9711864060001,20.118800504,0
                99.971198943,20.118895245,0
                99.971208903,20.118960648,0
                99.9712236190001,20.1190215170001,0
                99.9712551330001,20.119093578,0
                99.9712818100001,20.119156635,0
                99.97132042,20.119217367,0
                99.9713809680001,20.119282624,0
                99.9715093130001,20.1194263850001,0
                99.971620564,20.1195541860001,0
                99.971761551,20.119681827,0
                99.971889822,20.1198135500001,0
                99.9720309630001,20.1199652650001,0
                99.972189196,20.120132938,0
                99.9722379400001,20.1201909750001,0
                99.9723133190001,20.1202807350001,0
                99.972483416,20.120507258,0
                99.9725179500001,20.120551446,0
                99.972546519,20.120580875,0
                99.9725682050001,20.1206057210001,0
                99.9725908500001,20.1206268560001,0
                99.9726252980001,20.120657179,0
                99.972671538,20.1206948330001,0
                99.9726990810001,20.120716868,0
                99.9727178030001,20.1207371080001,0
                99.972729681,20.1207583030001,0
                99.9727484480001,20.120785939,0
                99.9727710750001,20.120804305,0
                99.9727946770001,20.1208217400001,0
                99.9728202350001,20.1208391690001,0
                99.972840879,20.120853846,0
                99.972853709,20.120870419,0
                99.9728636200001,20.120890703,0
                99.972873565,20.1209156140001,0
                99.972882547,20.120943299,0
                99.9728984400001,20.1209811200001,0
                99.9729142750001,20.121008767,0
                99.9729398690001,20.121032665,0
                99.9729634770001,20.121051026,0
                99.9730076710001,20.121074821,0
                99.9730469950001,20.1211023440001,0
                99.973071583,20.1211206990001,0
                99.9730902810001,20.121137235,0
                99.9731159140001,20.12116668,0
                99.973130746,20.121190638,0
                99.9731456650001,20.121229386,0
                99.9731487560001,20.1212543340001,0
                99.9731509060001,20.121284831,0
                99.9731501370001,20.121319043,0
                99.9731502910001,20.1213440080001,0
                99.973153337,20.1213615560001,0
                99.9731602530001,20.121371692,0
                99.9731720300001,20.1213771700001,0
                99.9731926090001,20.1213807570001,0
                99.9732347500001,20.1213888460001,0
                99.9732700420001,20.121397895,0
                99.9733112420001,20.121411537,0
                99.9733299000001,20.121421603,0
                99.973345668,20.1214390860001,0
                99.9733594900001,20.1214575010001,0
                99.9733694190001,20.1214805590001,0
                99.973378429,20.1215128700001,0
                99.9733883980001,20.121542402,0
                99.9733963930001,20.121568245,0
                99.9734201040001,20.1216041700001,0
                99.973452642,20.1216418990001,0
                99.9734753100001,20.1216667350001,0
                99.9734949950001,20.121684196,0
                99.9735185750001,20.1216988570001,0
                99.9735598090001,20.1217180470001,0
                99.9736060110001,20.121750148,0
                99.9736286500001,20.1217703660001,0
                99.9736336230001,20.121783282,0
                99.9736406250001,20.1218072830001,0
                99.9736485640001,20.121824804,0
                99.9736584280001,20.1218367710001,0
                99.9736741510001,20.1218468540001,0
                99.9736967210001,20.121855973,0
                99.9737153280001,20.1218577220001,0
                99.9737525240001,20.121857517,0
                99.9737896810001,20.1218508380001,0
                99.973822914,20.1218432590001,0
                99.9738454100001,20.1218403600001,0
                99.9738669420001,20.121840241,0
                99.973885561,20.1218438340001,0
                99.9739022690001,20.121854838,0
                99.973923933,20.121875061,0
                99.9739485680001,20.1219017340001,0
                99.9739751930001,20.121933026,0
                99.9739959280001,20.1219624940001,0
                99.974016754,20.122005835,0
                99.97402277,20.122028915,0
                99.9740268260001,20.122052006,0
                99.97402893,20.1220751120001,0
                99.9740251330001,20.122094545,0
                99.9740164140001,20.1221093890001,0
                99.9740018110001,20.1221224130001,0
                99.9739794290001,20.1221428760001,0
                99.9739540950001,20.122161507,0
                99.9738956510001,20.122208061,0
                99.9738625790001,20.122242452,0
                99.973833417,20.122274969,0
                99.973798399,20.1223102980001,0
                99.9737653320001,20.122345615,0
                99.9737303200001,20.122381865,0
                99.9737021170001,20.1224116070001,0
                99.9736768270001,20.1224376340001,0
                99.9736564350001,20.122463634,0
                99.973649719,20.1224858620001,0
                99.9736517950001,20.1225052680001,0
                99.973655792,20.1225181890001,0
                99.9736725640001,20.1225393620001,0
                99.9736981570001,20.1225623330001,0
                99.9737168780001,20.122582569,0
                99.9737375380001,20.122599098,0
                99.973753306,20.122616577,0
                99.973764197,20.1226359340001,0
                99.9737721760001,20.1226599290001,0
                99.973782139,20.1226885350001,0
                99.9737872040001,20.122716246,0
                99.973786417,20.1227467590001,0
                99.973781822,20.122794862,0
                99.97378395,20.1228225850001,0
                99.9737879880001,20.1228429060001,0
                99.9738009610001,20.1228825910001,0
                99.9738139990001,20.122933367,0
                99.9738250500001,20.1229786100001,0
                99.9738331030001,20.123014627,0
                99.973842194,20.1230598810001,0
                99.9738544510001,20.123143021,0
                99.9738596060001,20.123184597,0
                99.9738598070001,20.1232169570001,0
                99.9738599780001,20.123244695,0
                99.97385875,20.123267255,0
                99.973858218,20.1232770610001,0
                99.9738504970001,20.123294673,0
                99.9738408200001,20.123312292,0
                99.9738022220001,20.1233511230001,0
                99.9737795880001,20.123368036,0
                99.9737711290001,20.1233731340001,0
                99.9737421460001,20.1233905930001,0
                99.9737150890001,20.1234045480001,0
                99.9736803860001,20.1234205160001,0
                99.9736276300001,20.1234431570001,0
                99.9735845810001,20.1234591750001,0
                99.9735685000001,20.123463701,0
                99.9735178820001,20.1234779490001,0
                99.9734831390001,20.1234873440001,0
                99.9734573920001,20.123487486,0
                99.9734385850001,20.12348496,0
                99.9734197590001,20.123479806,0
                99.9733946410001,20.123469427,0
                99.973357637,20.123450566,0
                99.9733290130001,20.123436263,0
                99.9733117330001,20.1234302500001,0
                99.9733066950001,20.1234284980001,0
                99.973294105,20.1234275730001,0
                99.97325656,20.123424831,0
                99.9732467910001,20.1234252690001,0
                99.973223159,20.12342633,0
                99.973193273,20.1234330680001,0
                99.973171048,20.1234404190001,0
                99.9731544030001,20.1234497140001,0
                99.9731454270001,20.1234616,0
                99.973137158,20.123474792,0
                99.9731303330001,20.1234965240001,0
                99.973117368,20.1235386650001,0
                99.9730891790001,20.123594702,0
                99.9730762190001,20.123612049,0
                99.9730684720001,20.1236224240001,0
                99.973051162,20.1236369810001,0
                99.9730351900001,20.1236423280001,0
                99.9730212680001,20.12364175,0
                99.9730059330001,20.1236385450001,0
                99.972984259,20.123622889,0
                99.9729754730001,20.1236175610001,0
                99.9729423460001,20.123597482,0
                99.9729151170001,20.1235838260001,0
                99.9728976680001,20.1235760340001,0
                99.9728830400001,20.1235734850001,0
                99.972866342,20.123574892,0
                99.972848292,20.1235822250001,0
                99.972833746,20.123593477,0
                99.9728220310001,20.123611952,0
                99.9728131200001,20.1236343510001,0
                99.972802147,20.1236607050001,0
                99.972791224,20.1236949510001,0
                99.9727830770001,20.1237278630001,0
                99.9727728140001,20.123756847,0
                99.972765973,20.123775949,0
                99.9727597850001,20.1237884710001,0
                99.9727439110001,20.123809598,0
                99.9727321760001,20.123825439,0
                99.972713469,20.123839348,0
                99.972687109,20.1238532950001,0
                99.972653097,20.123867949,0
                99.972614234,20.123886569,0
                99.972580242,20.1239045070001,0
                99.9725510980001,20.123918469,0
                99.9725275100001,20.1239304310001,0
                99.9724942070001,20.12394771,0
                99.9724713130001,20.123959669,0
                99.972445668,20.123976901,0
                99.9724248750001,20.1239908220001,0
                99.972410331,20.124002734,0
                99.9723992940001,20.124018571,0
                99.972388955,20.124034404,0
                99.9723827990001,20.1240521890001,0
                99.972376684,20.124076546,0
                99.972369932,20.1241101100001,0
                99.9723693430001,20.124126205,0
                99.972368148,20.124158767,0
                99.9723639210001,20.1241970020001,0
                99.9723611430001,20.124266704,0
                99.9723607910001,20.124275556,0
                99.9723593420001,20.124333618,0
                99.9723542660001,20.124389991,0
                99.9723419110001,20.124437867,0
                99.9723168900001,20.124484104,0
                99.9722810310001,20.124532109,0
                99.9722379340001,20.124578446,0
                99.9721695690001,20.1246317540001,0
                99.9720957520001,20.1246799680001,0
                99.9720039140001,20.1247368200001,0
                99.971935505,20.124783297,0
                99.9718868370001,20.1248057610001,0
                99.9717947560001,20.124823341,0
                99.9717261050001,20.1248305500001,0
                99.97168099,20.1248427530001,0
                99.97164503,20.1248736810001,0
                99.9716181370001,20.1249096870001,0
                99.9715966840001,20.124949074,0
                99.9715770010001,20.124981625,0
                99.9715518,20.124998836,0
                99.971495868,20.1250162220001,0
                99.971441692,20.125025054,0
                99.9713766930001,20.1250373660001,0
                99.9713171870001,20.1250615980001,0
                99.9712359700001,20.1250825340001,0
                99.9711293720001,20.1250916590001,0
                99.97107728,20.125098854,0
                99.971026421,20.125105884,0
                99.9709740210001,20.125109588,0
                99.9709252150001,20.125109857,0
                99.970878176,20.125103285,0
                99.9708394800001,20.12509092,0
                99.9707958060001,20.125073903,0
                99.9707570770001,20.125055327,0
                99.970737683,20.1250416180001,0
                99.9707194840001,20.125031775,0
                99.9707048270001,20.1250268810001,0
                99.970688442,20.125026416,0
                99.9706703300001,20.1250298320001,0
                99.970647548,20.1250360380001,0
                99.9706207450001,20.125053317,0
                99.9705939610001,20.125074463,0
                99.9705672410001,20.1251061080001,0
                99.9705480700001,20.1251277640001,0
                99.9705306120001,20.125143333,0
                99.970500325,20.125165054,0
                99.970473514,20.1251817780001,0
                99.9704326980001,20.125204108,0
                99.9704035380001,20.125219186,0
                99.9703790630001,20.1252347940001,0
                99.9703464290001,20.125255973,0
                99.9703243070001,20.125273781,0
                99.970302813,20.1252987660001,0
                99.970287161,20.1253226150001,0
                99.970268079,20.125358637,0
                99.970246595,20.1253852790001,0
                99.9702314730001,20.1253997330001,0
                99.9702000250001,20.1254231140001,0
                99.9701726640001,20.12544537,0
                99.970149383,20.12546539,0
                99.970133687,20.1254820570001,0
                99.9701267660001,20.1254975680001,0
                99.9701228070001,20.1255202470001,0
                99.970121803,20.1255467760001,0
                99.9701231240001,20.125571635,0
                99.9701290980001,20.125590942,0
                99.9701511360001,20.1256331710001,0
                99.970193183,20.125709773,0
                99.970240586,20.125774392,0
                99.9702625830001,20.1258237860001,0
                99.970266683,20.1258603850001,0
                99.9702683230001,20.125874977,0
                99.9702631090001,20.125909156,0
                99.970245209,20.125938277,0
                99.970225494,20.1259657040001,0
                99.970203961,20.1259914340001,0
                99.97017342,20.1260223360001,0
                99.970146463,20.126048096,0
                99.970117751,20.126082404,0
                99.9700962810001,20.126118375,0
                99.970073088,20.126168018,0
                99.9700518290001,20.1262381380001,0
                99.9700322410001,20.1262860530001,0
                99.9700163270001,20.1263441940001,0
                99.969996161,20.1264054260001,0
                99.9699808400001,20.1264519580001,0
                99.9699631180001,20.126510104,0
                99.969922018,20.1265871640001,0
                99.96988724,20.126663905,0
                99.9698769000001,20.1267021460001,0
                99.9698601740001,20.12676363,0
                99.96985599,20.126780017,0
                99.9698409650001,20.1268388670001,0
                99.9698259410001,20.1268954080001,0
                99.969825917,20.1268954980001,0
                99.9698167430001,20.1269335160001,0
                99.9698194310001,20.1269528870001,0
                99.9698220700001,20.126964994,0
                99.9698324390001,20.126981901,0
                99.9698496270001,20.126995536,0
                99.969876244,20.127012359,0
                99.9699122600001,20.1270266990001,0
                99.9699413700001,20.127032195,0
                99.9699661800001,20.127032867,0
                99.96998326,20.1270287340001,0
                99.970001175,20.1270213620001,0
                99.9700173430001,20.1270083470001,0
                99.9700385740001,20.126983189,0
                99.970060646,20.1269564080001,0
                99.9700793820001,20.1269433790001,0
                99.9701015740001,20.1269359880001,0
                99.9701212210001,20.126931841,0
                99.9701528460001,20.1269284370001,0
                99.9701750870001,20.126929123,0
                99.9702084740001,20.1269345910001,0
                99.9702307650001,20.1269425460001,0
                99.9702556500001,20.126956143,0
                99.970289151,20.1269793880001,0
                99.9703243900001,20.1270074660001,0
                99.970355333,20.127032338,0
                99.970371936,20.127054167,0
                99.9703743040001,20.1270572760001,0
                99.9703821350001,20.1270782400001,0
                99.9703874260001,20.127104866,0
                99.9703901990001,20.127137975,0
                99.9703879750001,20.1271937280001,0
                99.9703858550001,20.1272656350001,0
                99.970379484,20.1273424140001,0
                99.9703686220001,20.127383676,0
                99.9703518420001,20.127436274,0
                99.970332478,20.1274864690001,0
                99.970307968,20.127534267,0
                99.970284313,20.127581251,0
                99.9702606430001,20.127626618,0
                99.9702497170001,20.127658185,0
                99.970234674,20.127714817,0
                99.970209691,20.127824818,0
                99.9701907310001,20.1279396370001,0
                99.9701799490001,20.1279946280001,0
                99.97017069,20.1280189130001,0
                99.9701562690001,20.1280383820001,0
                99.9701349790001,20.1280530380001,0
                99.970119632,20.1280612050001,0
                99.970078658,20.1280743560001,0
                99.9700018340001,20.1280990120001,0
                99.969956595,20.1281138030001,0
                99.9699366980001,20.1281171840001,0
                99.9699172940001,20.1281204800001,0
                99.9698711680001,20.1281304290001,0
                99.9698344610001,20.128141939,0
                99.969797773,20.128156684,0
                99.969749139,20.128175528,0
                99.9696962580001,20.128199248,0
                99.96967793,20.128208769,0
                99.96958842,20.128236363,0
                99.969458478,20.1282712280001,0
                99.9693622810001,20.128305907,0
                99.9692780620001,20.1283291350001,0
                99.9691600610001,20.128345718,0
                99.9690854940001,20.12837117,0
                99.9690230560001,20.128407941,0
                99.9689366650001,20.1284698800001,0
                99.9688190850001,20.12855476,0
                99.9687061670001,20.128614568,0
                99.9686735820001,20.1286306820001,0
                99.9685991640001,20.128653097,0
                99.96848357,20.128660558,0
                99.968340885,20.1286698760001,0
                99.9682957080001,20.128668417,0
                99.968255872,20.128654983,0
                99.9682214600001,20.128641519,0
                99.9681942110001,20.128617779,0
                99.9681630110001,20.1285394450001,0
                99.9681262650001,20.1284406660001,0
                99.9681041850001,20.128375939,0
                99.9680732100001,20.1283334440001,0
                99.968047723,20.1283028670001,0
                99.968007818,20.128277484,0
                99.9679596660001,20.128255074,0
                99.9679570800001,20.1282538730001,0
                99.9678466380001,20.1282169360001,0
                99.9678085370001,20.128206547,0
                99.9676235220001,20.1281561000001,0
                99.967485878,20.128113603,0
                99.9673940060001,20.128068577,0
                99.967314188,20.128023485,0
                99.967207703,20.1279534920001,0
                99.9671447040001,20.1278992040001,0
                99.967103616,20.1278812140001,0
                99.967043345,20.1278792680001,0
                99.96698797,20.127888679,0
                99.9669639470001,20.1279024730001,0
                99.966930431,20.127939079,0
                99.966906652,20.1279915710001,0
                99.966866151,20.1280691960001,0
                99.966818297,20.128126374,0
                99.96674864,20.128165455,0
                99.9666210660001,20.1281934740001,0
                99.9665767820001,20.128196373,0
                99.9664692740001,20.128203409,0
                99.9663174720001,20.128211073,0
                99.9662211990001,20.1282085190001,0
                99.9661752430001,20.1282072980001,0
                99.9660523320001,20.1282102490001,0
                99.965987328,20.12822199,0
                99.965898344,20.1282543510001,0
                99.965787742,20.12829821,0
                99.965655585,20.128364952,0
                99.9656367310001,20.128375433,0
                99.9656003850001,20.128398325,0
                99.965571534,20.1284172000001,0
                99.9655317120001,20.128449721,0
                99.965529818,20.1284512670001,0
                99.965524057,20.12845644,0
                99.965491914,20.1284853130001,0
                99.9654494330001,20.1285186650001,0
                99.9654039230001,20.128555631,0
                99.9653663700001,20.1285845790001,0
                99.965356887,20.128591886,0
                99.9653061670001,20.1286497610001,0
                99.9652698680001,20.12869676,0
                99.965235099,20.1287451860001,0
                99.9652049300001,20.1287971890001,0
                99.965187643,20.128836882,0
                99.9651857970001,20.1288438940001,0
                99.965177215,20.1288765370001,0
                99.9651720670001,20.128907521,0
                99.9651700640001,20.1289536140001,0
                99.9651718150001,20.1289903200001,0
                99.9651704970001,20.129024166,0
                99.9651669100001,20.1290609010001,0
                99.9651602010001,20.12908542,0
                99.9651473540001,20.129103489,0
                99.965136736,20.1291121850001,0
                99.9651138900001,20.129115911,0
                99.9650925480001,20.1291160280001,0
                99.965061989,20.129105393,0
                99.965036733,20.1290889740001,0
                99.9650214320001,20.1290796970001,0
                99.965006175,20.129077621,0
                99.964992162,20.129080286,0
                99.9649749580001,20.1290835520001,0
                99.964945297,20.1290945160001,0
                99.964908065,20.1291141560001,0
                99.9648898500001,20.1291264980001,0
                99.964867848,20.129143895,0
                99.9648519850001,20.1291677410001,0
                99.9648350420001,20.129205932,0
                99.9648346930001,20.1292067150001,0
                99.9648218770001,20.1292298220001,0
                99.9648000350001,20.1292731400001,0
                99.9647910310001,20.12929623,0
                99.9647843130001,20.129319303,0
                99.9647818660001,20.1293444940001,0
                99.964781443,20.1293488380001,0
                99.9647816680001,20.1293855530001,0
                99.9647835520001,20.1294438630001,0
                99.96478869,20.12953599,0
                99.964790038,20.1296310170001,0
                99.964791086,20.1296778070001,0
                99.9647905770001,20.129718849,0
                99.9647900940001,20.129764929,0
                99.9647872680001,20.129800942,0
                99.964784367,20.129825435,0
                99.9647738770001,20.1298550120001,0
                99.96476691,20.129867813,0
                99.9647648330001,20.129871619,0
                99.96475272,20.1298853650001,0
                99.964732209,20.129896279,0
                99.9646941410001,20.1299044080001,0
                99.9646613890001,20.1299081830001,0
                99.9646316820001,20.1299115080001,0
                99.964600449,20.1299149990001,0
                99.9645501840001,20.129922471,0
                99.964503714,20.1299270490001,0
                99.9644633550001,20.129933749,0
                99.9644329290001,20.129944713,0
                99.9644147130001,20.1299570510001,0
                99.9644049220001,20.129976545,0
                99.96440046,20.129994568,0
                99.9644005970001,20.130016885,0
                99.9644037850001,20.1300399080001,0
                99.9644093700001,20.130061509,0
                99.964415499,20.1300852030001,0
                99.964422557,20.1301175610001,0
                99.9644211550001,20.130137727,0
                99.9644136410001,20.1301550490001,0
                99.964406088,20.1301666100001,0
                99.964395456,20.1301731470001,0
                99.9643810000001,20.130177545,0
                99.964355863,20.130180561,0
                99.964328972,20.1301807080001,0
                99.964320802,20.1301807520001,0
                99.9642933570001,20.130180184,0
                99.9642681760001,20.130176003,0
                99.9642406820001,20.130167515,0
                99.9642047950001,20.1301576280001,0
                99.9641650600001,20.130142011,0
                99.9641161390001,20.130119956,0
                99.9640733260001,20.130100032,0
                99.9640496310001,20.1300893640001,0
                99.964019798,20.1300722460001,0
                99.9640014140001,20.130057949,0
                99.9639845390001,20.1300400420001,0
                99.9639714580001,20.130020674,0
                99.9639568200001,20.129994835,0
                99.963945198,20.129964661,0
                99.96393585,20.129931593,0
                99.9639296190001,20.1299100270001,0
                99.963920381,20.129894961,0
                99.963907357,20.129884953,0
                99.9638874920001,20.1298771420001,0
                99.963868414,20.1298736460001,0
                99.9638470670001,20.1298730440001,0
                99.963823469,20.1298782100001,0
                99.963797598,20.1298862720001,0
                99.96376795,20.1298993950001,0
                99.9637113690001,20.129932942,0
                99.9636600060001,20.1299649060001,0
                99.96356389,20.130013239,0
                99.9634989830001,20.1300409130001,0
                99.9634387660001,20.1300480680001,0
                99.9633399470001,20.130048608,0
                99.9632483270001,20.13004456,0
                99.96313502,20.130040625,0
                99.9629855520001,20.1300368880001,0
                99.9628601640001,20.1300284650001,0
                99.962655279,20.130027307,0
                99.962527535,20.130028005,0
                99.9623299190001,20.130033638,0
                99.962216696,20.1300433640001,0
                99.9621180300001,20.1300689450001,0
                99.962036303,20.1301058130001,0
                99.9619624090001,20.1301447220001,0
                99.961877357,20.130203307,0
                99.9618123500001,20.1302632380001,0
                99.961749533,20.130305827,0
                99.961715241,20.1303244280001,0
                99.9616854690001,20.1303321720001,0
                99.9616533600001,20.130332347,0
                99.9616143480001,20.130329311,0
                99.961566062,20.1303100760001,0
                99.9615143130001,20.130287611,0
                99.9614545030001,20.1302586890001,0
                99.9614141970001,20.1302318300001,0
                99.9613738450001,20.130197389,0
                99.961299964,20.1301187170001,0
                99.9612610920001,20.130090905,0
                99.9612308490001,20.1300692680001,0
                99.961181336,20.130037041,0
                99.9611548890001,20.1300252670001,0
                99.961115851,20.1300178990001,0
                99.961086026,20.1300169780001,0
                99.961049384,20.1300269270001,0
                99.9610185290001,20.1300444250001,0
                99.960979696,20.1300706370001,0
                99.960948961,20.130108713,0
                99.9609302100001,20.1301266290001,0
                99.9609056340001,20.130150111,0
                99.9608839480001,20.130167564,0
                99.960863348,20.1301741730001,0
                99.9608278220001,20.1301786990001,0
                99.9607922490001,20.1301756450001,0
                99.9607611700001,20.1301574,0
                99.9607282870001,20.1301295960001,0
                99.9607000730001,20.1301057380001,0
                99.9606389640001,20.1300529960001,0
                99.960607844,20.1300271650001,0
                99.9605836690001,20.1300121360001,0
                99.9605377340001,20.130002636,0
                99.960457407,20.129995493,0
                99.960367938,20.129992728,0
                99.9603059990001,20.129991981,0
                99.960276213,20.129996481,0
                99.96022243,20.1300162680001,0
                99.9602111560001,20.130021669,0
                99.9601812610001,20.1300359910001,0
                99.9601332410001,20.130060084,0
                99.9601000690001,20.1300743470001,0
                99.9600450930001,20.1300865600001,0
                99.9599981140001,20.130093317,0
                99.9599419500001,20.1300990390001,0
                99.9599391,20.1300991630001,0
                99.9598260060001,20.130104207,0
                99.959683817,20.1301072580001,0
                99.9595464450001,20.130110283,0
                99.9594235360001,20.1301132290001,0
                99.959351547,20.130110729,0
                99.95928144,20.130113465,0
                99.9591334630001,20.1301077730001,0
                99.9590600320001,20.130102756,0
                99.9590187110001,20.130097564,0
                99.958972788,20.1300891490001,0
                99.9589463300001,20.130076295,0
                99.95890947,20.130050496,0
                99.9588443920001,20.1300048270001,0
                99.958781501,20.1299687470001,0
                99.958704207,20.129941848,0
                99.9586173800001,20.1299332130001,0
                99.9585378460001,20.1299336450001,0
                99.958463124,20.1299340510001,0
                99.9583908170001,20.1299344450001,0
                99.9583136200001,20.1299234840001,0
                99.9582637140001,20.129907609,0
                99.9582533670001,20.1299043170001,0
                99.9581508690001,20.12987573,0
                99.957949451,20.129819549,0
                99.9577420470001,20.129766096,0
                99.9575635050001,20.1297079330001,0
                99.957428221,20.1296358910001,0
                99.9574024440001,20.1296006160001,0
                99.9573553770001,20.1295362220001,0
                99.9572825880001,20.1294456470001,0
                99.9571951880001,20.1293278590001,0
                99.9570984320001,20.1292556080001,0
                99.9570355490001,20.129210464,0
                99.9569341440001,20.129165529,0
                99.9567605020001,20.1291209870001,0
                99.9565304050001,20.129049928,0
                99.9564420600001,20.1290226460001,0
                99.9562684190001,20.1289781030001,0
                99.9561718850001,20.1289422410001,0
                99.9561426910001,20.128892364,0
                99.9561229820001,20.1288196940001,0
                99.956131951,20.128710482,0
                99.956208034,20.1285508660001,0
                99.956269084,20.1284691560001,0
                99.956327457,20.12839102,0
                99.9564322680001,20.128203962,0
                99.9565037,20.1280716680001,0
                99.956541642,20.127975942,0
                99.956531483,20.1278895770001,0
                99.956482829,20.127807965,0
                99.9564005240001,20.127735639,0
                99.9562505200001,20.1276181900001,0
                99.9560956450001,20.1274916690001,0
                99.9559696920001,20.1273695400001,0
                99.9558534550001,20.1272610070001,0
                99.955567982,20.1270396790001,0
                99.9553598310001,20.126863411,0
                99.955227504,20.126751626,0
                99.9551565260001,20.1266916710001,0
                99.955054735,20.126583059,0
                99.954999301,20.1265253280001,0
                99.9549287280001,20.1264518310001,0
                99.95478847,20.1263525260001,0
                99.9547062720001,20.1262983870001,0
                99.9545612810001,20.126212751,0
                99.9543925710001,20.1261863730001,0
                99.9542577920001,20.126196201,0
                99.9541582030001,20.126230402,0
                99.9541232300001,20.126242415,0
                99.9540177320001,20.126315759,0
                99.9539172940001,20.12643002,0
                99.9538648180001,20.1265121750001,0
                99.9537934670001,20.126658116,0
                99.9537270710001,20.1268267670001,0
                99.9536729160001,20.1269530390001,0
                99.9536270010001,20.1271421860001,0
                99.953588725,20.1272998790001,0
                99.9535605390001,20.1274160030001,0
                99.9535327840001,20.1274898070001,0
                99.9535065520001,20.1275416600001,0
                99.953475245,20.1275778720001,0
                99.9534389360001,20.1276094130001,0
                99.953397614,20.127634706,0
                99.9533413440001,20.1276585160001,0
                99.9532801290001,20.1276870560001,0
                99.9532563940001,20.127702658,0
                99.953227251,20.1277218170001,0
                99.9531744530001,20.1277706830001,0
                99.9531398410001,20.127808481,0
                99.9531119010001,20.127852509,0
                99.953094015,20.1279121540001,0
                99.9530843030001,20.127952948,0
                99.9530697550001,20.128015712,0
                99.9530681290001,20.128030719,0
                99.9530644150001,20.1280649930001,0
                99.953063468,20.1280737270001,0
                99.9530611550001,20.1281949340001,0
                99.9530621200001,20.128354127,0
                99.953077503,20.128508692,0
                99.9531121790001,20.1286677030001,0
                99.953113364,20.1288632860001,0
                99.9530952330001,20.129049874,0
                99.9530864820001,20.1291954710001,0
                99.953058249,20.129304792,0
                99.9529868960001,20.1294507280001,0
                99.9528674700001,20.129610572,0
                99.9527768830001,20.129761165,0
                99.9527247360001,20.129897903,0
                99.9527015400001,20.130043582,0
                99.952649696,20.1302303530001,0
                99.9526213570001,20.1303214760001,0
                99.9525836280001,20.130453586,0
                99.9525553110001,20.1305492590001,0
                99.9524984350001,20.1306996660001,0
                99.9524561920001,20.130881839,0
                99.9524375920001,20.130991103,0
                99.9524193490001,20.131159499,0
                99.9523961800001,20.1313097240001,0
                99.952372901,20.1314417560001,0
                99.9523643210001,20.1315075310001,0
                99.952355718,20.1315481930001,0
                99.9523411530001,20.13160909,0
                99.9523273660001,20.131643545,0
                99.952313888,20.131675509,0
                99.9523117240001,20.131680648,0
                99.952292298,20.1317089620001,0
                99.9522857150001,20.131715924,0
                99.9522663290001,20.131736426,0
                99.9522449890001,20.131756818,0
                99.9522180690001,20.1317807630001,0
                99.952181851,20.13181093,0
                99.952147444,20.131831387,0
                99.9521111710001,20.1318518590001,0
                99.9520544010001,20.131878608,0
                99.9519882850001,20.1319027650001,0
                99.951918451,20.131929589,0
                99.951839335,20.131965274,0
                99.9518114510001,20.1319839340001,0
                99.9517816910001,20.132001727,0
                99.9517398710001,20.132031039,0
                99.951712946,20.132054103,0
                99.9516888360001,20.132079795,0
                99.9516666110001,20.1321081240001,0
                99.9516472020001,20.132139963,0
                99.9516240880001,20.132176229,0
                99.9516074490001,20.132202761,0
                99.9515889290001,20.1322266610001,0
                99.9515694710001,20.132249685,0
                99.9515453870001,20.132279786,0
                99.9515054860001,20.132317901,0
                99.9514422990001,20.1323631990001,0
                99.9513670460001,20.1324200190001,0
                99.9512900300001,20.132494482,0
                99.951133064,20.132619613,0
                99.9510875980001,20.132663934,0
                99.95104953,20.1326967540001,0
                99.9510207500001,20.1327215900001,0
                99.9510031520001,20.132743723,0
                99.9509772930001,20.132788819,0
                99.9509541740001,20.1328242010001,0
                99.9509328610001,20.1328498770001,0
                99.9509087600001,20.132876454,0
                99.9508855660001,20.132899498,0
                99.950861461,20.132926071,0
                99.9508270750001,20.132950056,0
                99.9508010500001,20.132967825,0
                99.950740576,20.1329998850001,0
                99.9506866150001,20.133027504,0
                99.9506177250001,20.1330560800001,0
                99.950479924,20.1331105940001,0
                99.9503700600001,20.133154377,0
                99.9503188640001,20.1331766910001,0
                99.9502965660001,20.1331935580001,0
                99.9502705570001,20.133213975,0
                99.9502547870001,20.1332299260001,0
                99.950238116,20.1332511730001,0
                99.9502289330001,20.133275903,0
                99.950226295,20.1333023600001,0
                99.950223641,20.1333270550001,0
                99.950227537,20.1333534770001,0
                99.950238916,20.133383386,0
                99.9502719430001,20.1334431510001,0
                99.9503133690001,20.133502865,0
                99.950352933,20.133555103,0
                99.950401808,20.1336196250001,0
                99.9504027020001,20.1336210970001,0
                99.9504479940001,20.133695184,0
                99.950454677,20.133719829,0
                99.950456751,20.1337541940001,0
                99.9504569210001,20.1337824020001,0
                99.9504533720001,20.133812392,0
                99.9504469760001,20.1338353410001,0
                99.950434031,20.1338556870001,0
                99.9504164270001,20.1338769380001,0
                99.9503857820001,20.1339026650001,0
                99.9503542410001,20.133933687,0
                99.9503301730001,20.133966431,0
                99.9503163960001,20.134003529,0
                99.9503072400001,20.1340326640001,0
                99.950291829,20.134085172,0
                99.9502916930001,20.134085638,0
                99.9502586340001,20.134174844,0
                99.9501997150001,20.1343091460001,0
                99.9501427040001,20.1344504900001,0
                99.9501142380001,20.1345273330001,0
                99.9501069680001,20.1345599860001,0
                99.950104331,20.1345873240001,0
                99.9501044690001,20.1346102420001,0
                99.9501083220001,20.134629616,0
                99.950114947,20.1346445660001,0
                99.9501318360001,20.1346594560001,0
                99.9501505800001,20.134672578,0
                99.950178646,20.134683889,0
                99.950231026,20.134702997,0
                99.950281513,20.1347177100001,0
                99.9503077080001,20.1347281450001,0
                99.9503339350001,20.1347429890001,0
                99.9503461880001,20.1347631990001,0
                99.9503584510001,20.134784285,0
                99.950367005,20.134809805,0
                99.9503699630001,20.1348362320001,0
                99.9503710770001,20.1348661970001,0
                99.950366574,20.1348935450001,0
                99.9503592560001,20.1349173840001,0
                99.950346337,20.134942134,0
                99.9503296870001,20.1349669050001,0
                99.950299085,20.1349996880001,0
                99.95023037,20.135057354,0
                99.9501430490001,20.1351248140001,0
                99.950077063,20.135171008,0
                99.9500352410001,20.135200323,0
                99.949986896,20.135231436,0
                99.9499478560001,20.135258089,0
                99.949916273,20.13528294,0
                99.949886608,20.1353157140001,0
                99.9498755440001,20.1353386920001,0
                99.9498654490001,20.135366956,0
                99.9498535530001,20.1354058050001,0
                99.9498333010001,20.135452629,0
                99.9498139010001,20.135485352,0
                99.9497898210001,20.135516329,0
                99.9497638870001,20.1355490870001,0
                99.949740708,20.1355747740001,0
                99.9497101260001,20.1356101960001,0
                99.9496767360001,20.135644756,0
                99.949644284,20.135680188,0
                99.9496137080001,20.1357173760001,0
                99.9495933430001,20.1357456900001,0
                99.9495701640001,20.1357704960001,0
                99.9495506310001,20.135782063,0
                99.949519879,20.135789281,0
                99.94947325,20.135795703,0
                99.9494434250001,20.135802031,0
                99.949416483,20.1358233330001,0
                99.9493895530001,20.1358455160001,0
                99.9493682760001,20.1358764830001,0
                99.949346984,20.135905683,0
                99.9493294650001,20.135941039,0
                99.9493110400001,20.135980804,0
                99.9492814340001,20.136024154,0
                99.9492564540001,20.136060431,0
                99.9492295920001,20.1360940700001,0
                99.9492007640001,20.136111854,0
                99.9491856430001,20.1361158390001,0
                99.949170016,20.136119953,0
                99.9491401710001,20.136123642,0
                99.9490935090001,20.136123894,0
                99.949037473,20.136118024,0
                99.9489898480001,20.1361138710001,0
                99.9489356770001,20.1361071150001,0
                99.9488992540001,20.1361037830001,0
                99.948864718,20.136103088,0
                99.9488423280001,20.1361040890001,0
                99.9488125030001,20.1361113020001,0
                99.9487770980001,20.1361211880001,0
                99.948724004,20.1361391030001,0
                99.9486865010001,20.136150061,0
                99.9486625150001,20.1361570670001,0
                99.9486093780001,20.1361670480001,0
                99.9485739300001,20.136169882,0
                99.948549643,20.1361664880001,0
                99.9485281120001,20.1361560240001,0
                99.948501895,20.1361420650001,0
                99.9484895430001,20.136137085,0
                99.9484738290001,20.1361307540001,0
                99.948453284,20.136129103,0
                99.9484215510001,20.136129274,0
                99.9483973120001,20.1361338130001,0
                99.948364725,20.1361463270001,0
                99.9483387010001,20.136164976,0
                99.9483202120001,20.1361941660001,0
                99.9483036610001,20.1362258840001,0
                99.94830176,20.1362295270001,0
                99.948281432,20.1362631310001,0
                99.9482610730001,20.136292326,0
                99.948245328,20.136312687,0
                99.948229553,20.1363277570001,0
                99.9482025840001,20.1363437690001,0
                99.9481681170001,20.1363545310001,0
                99.9481382920001,20.1363617430001,0
                99.948094477,20.1363699120001,0
                99.9480655790001,20.1363753580001,0
                99.9480273390001,20.1363799690001,0
                99.948004944,20.1363809750001,0
                99.9479815670001,20.136373167,0
                99.9479572000001,20.1363565460001,0
                99.9479281220001,20.136332903,0
                99.9478791810001,20.1362946200001,0
                99.947697239,20.136104754,0
                99.9473503350001,20.1356857050001,0
                99.946820195,20.135114581,0
                99.946228024,20.1343333310001,0
                99.9457389820001,20.1338576430001,0
                99.945148202,20.1333059720001,0
                99.94449746,20.1328885460001,0
                99.9439280940001,20.132528081,0
                99.9432370740001,20.1321491310001,0
                99.9426882000001,20.131826813,0
                99.9423013780001,20.131503631,0
                99.941893613,20.131065763,0
                99.9404730860001,20.132098769,0
                99.9399525190001,20.1326098320001,0
                99.9396351670001,20.1330511250001,0
                99.9394791860001,20.133349965,0
                99.9393969880001,20.133603785,0
                99.939279276,20.133955798,0
                99.939205744,20.134313535,0
                99.9391265120001,20.1347725480001,0
                99.9390085860001,20.13508883,0
                99.9389029210001,20.1353454900001,0
                99.938740319,20.135572676,0
                99.9385898020001,20.1357104570001,0
                99.9383696670001,20.1358069240001,0
                99.9381304720001,20.1358796650001,0
                99.937910022,20.135922529,0
                99.937588529,20.1359421070001,0
                99.9370489630001,20.135963492,0
                99.9374319760001,20.136223031,0
                99.9376599770001,20.1364018570001,0
                99.9378608040001,20.1365893980001,0
                99.9380890620001,20.1368110870001,0
                99.9383719890001,20.1370667790001,0
                99.9386274290001,20.137279748,0
                99.938846411,20.137467191,0
                99.939056211,20.137637537,0
                99.9392663200001,20.1378593210001,0
                99.9395311490001,20.138123679,0
                99.939742182,20.1384997760001,0
                99.9399625460001,20.138918689,0
                99.9402382010001,20.139474476,0
                99.940354814,20.1397435170001,0
                99.940505134,20.140090324,0
                99.9407341240001,20.1404320300001,0
                99.9409624950001,20.1406708590001,0
                99.9412455880001,20.1409522610001,0
                99.941583763,20.141336251,0
                99.9420493330001,20.1417709950001,0
                99.9423962830001,20.142103493,0
                99.9427249730001,20.1424189430001,0
                99.9430257160001,20.142614517,0
                99.943280503,20.1427160330001,0
                99.9435533450001,20.142800301,0
                99.9438710540001,20.1427985990001,0
                99.9444700670001,20.1427782440001,0
                99.9450417950001,20.142749457,0
                99.9455773710001,20.1427465830001,0
                99.9455918140001,20.142746673,0
                99.9463126970001,20.14275121,0
                99.9467122120001,20.1427662080001,0
                99.9470029000001,20.14279894,0
                99.9473664130001,20.14286557,0
                99.9478759410001,20.143060013,0
                99.9484766100001,20.143313974,0
                99.948913728,20.1435430980001,0
                99.9492049870001,20.1436701280001,0
                99.9497324710001,20.1438301740001,0
                99.9500330650001,20.1440000160001,0
                99.9504155700001,20.144203711,0
                99.950807146,20.144407352,0
                99.9513623860001,20.1446529770001,0
                99.9517994600001,20.144873519,0
                99.952191096,20.1450857310001,0
                99.9524643110001,20.145229998,0
                99.9526924460001,20.145425948,0
                99.952702565,20.145437197,0
                99.9528843780001,20.1456392430001,0
                99.9530858530001,20.1459296400001,0
                99.9532777350001,20.1461343560001,0
                99.953478691,20.1463390260001,0
                99.953752008,20.1465004350001,0
                99.9540616950001,20.146670221,0
                99.9547081910001,20.1469925010001,0
                99.9553369010001,20.1473748830001,0
                99.955414305,20.147429458,0
                99.9557471720001,20.1476641450001,0
                99.9561848860001,20.147987551,0
                99.9564311890001,20.148183397,0
                99.9566324130001,20.148430927,0
                99.956797329,20.148678654,0
                99.9569534280001,20.1489692930001,0
                99.9570455620001,20.1491916950001,0
                99.9570837030001,20.149491546,0
                99.9570950240001,20.149860131,0
                99.9570973230001,20.15023734,0
                99.9571102690001,20.150871684,0
                99.957104846,20.151471837,0
                99.9570715150001,20.1519606890001,0
                99.9570371870001,20.152286653,0
                99.9569219430001,20.1527416600001,0
                99.9566389130001,20.1539691610001,0
                99.9564746250001,20.15476877,0
                99.9564472430001,20.154971614,0
                99.9563879610001,20.155677396,0
                99.956310423,20.1566005650001,0
                99.9563169640001,20.1576744560001,0
                99.9563313140001,20.1600300800001,0
                99.9564420770001,20.1618993640001,0
                99.956629546,20.1641413670001,0
                99.9566943190001,20.165262526,0
                99.9567627580001,20.1669854510001,0
                99.956886635,20.168297765,0
                99.9570441560001,20.170375802,0
                99.957196336,20.171578545,0
                99.9572614530001,20.1727544070001,0
                99.9573274000001,20.1740670340001,0
                99.9574501220001,20.1751878760001,0
                99.9576053230001,20.1768829710001,0
                99.9577597700001,20.1790595590001,0
                99.9599279970001,20.179098912,0
                99.9617710410001,20.1791400220001,0
                99.9638584450001,20.179256534,0
                99.9663806950001,20.1795753280001,0
                99.9685506700001,20.1798960310001,0
                99.9704314910001,20.1803195310001,0
                99.9718852600001,20.1807967600001,0
                99.9732825330001,20.181321117,0
                99.9739020410001,20.181659202,0
                99.9745623100001,20.182087473,0
                99.975165653,20.1825565500001,0
                99.97588412,20.1831464680001,0
                99.9764299510001,20.183561868,0
                99.9769612360001,20.183936854,0
                99.97734848,20.1841371690001,0
                99.9778063580001,20.1842021100001,0
                99.978363631,20.1841585180001,0
                99.9790493080001,20.184073717,0
                99.9798776010001,20.183934127,0
                99.9805779110001,20.183903226,0
                99.981249969,20.1839264750001,0
                99.981579186,20.183992124,0
                99.981923211,20.1841386790001,0
                99.9823828670001,20.184487054,0
                99.982728835,20.184944042,0
                99.983190527,20.185616349,0
                99.9836083150001,20.1861269250001,0
                99.983925701,20.18658407,0
                99.9841126460001,20.186758497,0
                99.984456595,20.1868915480001,0
                99.9850005100001,20.1869964810001,0
                99.985745416,20.1872352660001,0
                99.9865766920001,20.1875680470001,0
                99.9872217060001,20.187834384,0
                99.9876521940001,20.18808842,0
                99.9880403930001,20.188437181,0
                99.9884862920001,20.188866601,0
                99.98923496,20.189699246,0
                99.9903875860001,20.190874288,0
                99.9907862350001,20.191388924,0
                99.9915035870001,20.192253011,0
                99.9921610900001,20.193033416,0
                99.992532075,20.1933655300001,0
                99.9928765060001,20.193589462,0
                99.993471856,20.1939221490001,0
                99.9944533450001,20.1943366620001,0
                99.995434478,20.194695165,0
                99.9960668860001,20.1949339220001,0
                99.996376974,20.1950527880001,0
                99.9965794710001,20.1951722630001,0
                99.996748509,20.1953173270001,0
                99.9968636730001,20.195449996,0
                99.9969862460001,20.195690547,0
                99.9970480970001,20.195899701,0
                99.997056172,20.195943807,0
                99.9970779810001,20.19606291,0
                99.9970898990001,20.1961280150001,0
                99.997153649,20.196635545,0
                99.9971698480001,20.1970671610001,0
                99.997173918,20.1971284750001,0
                99.997214479,20.1977398670001,0
                99.9972438020001,20.198120617,0
                99.997273378,20.1981985830001,0
                99.9973240320001,20.198266323,0
                99.9973942020001,20.198313339,0
                99.997459824,20.1983315160001,0
                99.9975515850001,20.1983392450001,0
                99.997627982,20.1983346860001,0
                99.9976933950001,20.198319885,0
                99.997763105,20.198294751,0
                99.9978131020001,20.198259423,0
                99.9978471850001,20.198213799,0
                99.9978564040001,20.1982014590001,0
                99.9979296560001,20.1980464330001,0
                99.9981077370001,20.197550678,0
                99.998161586,20.19743493,0
                99.9982157540001,20.197368655,0
                99.9982875330001,20.1973249590001,0
                99.9983747140001,20.1972997250001,0
                99.9984358090001,20.1972931930001,0
                99.998510072,20.1972968960001,0
                99.9986303090001,20.1973188870001,0
                99.999153209,20.1974808300001,0
                99.9995426440001,20.1976002420001,0
                99.9996651820001,20.197640773,0
                99.9997944410001,20.1977080660001,0
                100.00000725,20.197865585,0
                100.000228779,20.198020994,0
                100.000342729,20.198084253,0
                100.000428123,20.1981208710001,0
                100.000524352,20.198145063,0
                100.000598607,20.1981467000001,0
                100.000666241,20.19813807,0
                100.000742502,20.198112897,0
                100.000818636,20.1980671150001,0
                100.001066246,20.1978616210001,0
                100.001279279,20.197711983,0
                100.001527218,20.197558025,0
                100.001635842,20.197470824,0
                100.001718271,20.1973858370001,0
                100.001791901,20.19729059,0
                100.001867679,20.1971891470001,0
                100.001952347,20.1971123920001,0
                100.002032805,20.1970603950001,0
                100.002172136,20.196995698,0
                100.002315981,20.196953649,0
                100.00246639,20.1969136220001,0
                100.002584057,20.1968758470001,0
                100.002679896,20.196838192,0
                100.002771294,20.196790257,0
                100.002873414,20.1967113420001,0
                100.003005671,20.1965642220001,0
                100.003220196,20.1963073810001,0
                100.003369733,20.1961313040001,0
                100.003508416,20.195965598,0
                100.003592819,20.195847615,0
                100.003641509,20.195741631,0
                100.003675741,20.1956314880001,0
                100.003692442,20.1954575870001,0
                100.003704049,20.19520255,0
                100.00370685,20.195033951,0
                100.003732986,20.1948725510001,0
                100.003766936,20.194718439,0
                100.003808835,20.1945935970001,0
                100.003854689,20.194479728,0
                100.003912397,20.1943987710001,0
                100.004008897,20.194313928,0
                100.004144144,20.1942178730001,0
                100.004488293,20.1940106800001,0
                100.004577126,20.1939405410001,0
                100.004642759,20.1938851940001,0
                100.004673391,20.193819052,0
                100.004672112,20.1937525220001,0
                100.004640409,20.1935754190001,0
                100.004534591,20.1930771560001,0
                100.004511898,20.1929432900001,0
                100.004511198,20.1928340380001,0
                100.004519468,20.192761838,0
                100.004542987,20.192683371,0
                100.00457976,20.192629563,0
                100.004631843,20.1925797910001,0
                100.004701436,20.192536105,0
                100.004790755,20.1925046710001,0
                100.004878011,20.1924918030001,0
                100.005120291,20.1924780480001,0
                100.005482668,20.192465671,0
                100.005781686,20.192447466,0
                100.005978084,20.1924298530001,0
                100.006091517,20.1924127140001,0
                100.006209246,20.1923852410001,0
                100.006311627,20.1923475470001,0
                100.006400844,20.1922996230001,0
                100.006461619,20.192243616,0
                100.006494068,20.1921960170001,0
                100.006511229,20.192148506,0
                100.006517329,20.192078383,0
                100.006508146,20.1920083480001,0
                100.006412526,20.191738844,0
                100.006257047,20.191410095,0
                100.00661741,20.191109963,0
                100.007091132,20.1907310010001,0
                100.007354721,20.190548236,0
                100.007575189,20.1904260330001,0
                100.007711624,20.1903647820001,0
                100.00785108,20.190320007,0
                100.007976081,20.1902918050001,0
                100.008104067,20.190274577,0
                100.008243801,20.190273775,0
                100.00836912,20.190295049,0
                100.008503265,20.19033001,0
                100.008596741,20.1903789470001,0
                100.008766418,20.1905071580001,0
                100.008971613,20.190725866,0
                100.009264711,20.191032025,0
                100.00954924,20.191362972,0
                100.009663764,20.191516237,0
                100.009740378,20.191658723,0
                100.009793717,20.1918040910001,0
                100.009820805,20.1919413640001,0
                100.00981867,20.192062315,0
                100.009802144,20.192208083,0
                100.009721814,20.1923927,0
                100.009326699,20.192972174,0
                100.009174319,20.193269894,0
                100.00904551,20.1936114580001,0
                100.008779219,20.194430384,0
                100.008566976,20.1952280830001,0
                100.00852304,20.1956387920001,0
                100.008499679,20.1960298340001,0
                100.008529363,20.1966209140001,0
                100.008563968,20.197172874,0
                100.008644779,20.1976659380001,0
                100.008714139,20.1979880370001,0
                100.008861858,20.198422077,0
                100.008982598,20.1986852490001,0
                100.009155095,20.198948124,0
                100.009400238,20.199239898,0
                100.009743943,20.199565308,0
                100.01083708,20.200526526,0
                100.011670024,20.201269349,0
                100.012003072,20.2015459520001,0
                100.012242231,20.2017107130001,0
                100.012595224,20.20186993,0
                100.013114346,20.2021063670001,0
                100.013405169,20.2022561690001,0
                100.0135612,20.2023725440001,0
                100.013696847,20.202537895,0
                100.013937211,20.2028883290001,0
                100.014276959,20.2033994340001,0
                100.014673834,20.203939528,0
                100.01478884,20.2041147740001,0
                100.014841295,20.20422197,0
                100.014873334,20.204373263,0
                100.014896188,20.204705403,0
                100.014889828,20.2053211200001,0
                100.014912402,20.2056092870001,0
                100.014960282,20.2058093520001,0
                100.015018042,20.2059360650001,0
                100.015169344,20.206120873,0
                100.015461,20.2063977080001,0
                100.016048761,20.2068389680001,0
                100.016777229,20.207426002,0
                100.017037739,20.207688359,0
                100.017183872,20.207873195,0
                100.017492207,20.20832584,0
                100.017919778,20.208807113,0
                100.018216782,20.209108343,0
                100.018461227,20.209287724,0
                100.018741686,20.209432688,0
                100.019084224,20.209572403,0
                100.019395547,20.2096878720001,0
                100.019598208,20.2098088540001,0
                100.019759525,20.209939848,0
                100.020051192,20.210216679,0
                100.020327814,20.210566887,0
                100.020557409,20.2108489660001,0
                100.020714505,20.2111265730001,0
                100.020919623,20.211623791,0
                100.021187811,20.2122672260001,0
                100.021303054,20.2124766690001,0
                100.021575366,20.2129588350001,0
                100.021711509,20.2131974760001,0
                100.021806147,20.213421698,0
                100.021874713,20.2136167520001,0
                100.021902125,20.2138511380001,0
                100.021900169,20.2143446700001,0
                100.021902785,20.2147453370001,0
                100.021935535,20.215004123,0
                100.022009371,20.2152138060001,0
                100.02213507,20.215437847,0
                100.022260317,20.2155934800001,0
                100.022395602,20.2157001910001,0
                100.022498338,20.215750471,0
                100.022675756,20.2157962860001,0
                100.022831074,20.21580027,0
                100.023043107,20.215769715,0
                100.023627313,20.2156588130001,0
                100.024383258,20.2154179770001,0
                100.024935287,20.2152157800001,0
                100.025856945,20.2150337350001,0
                100.026114997,20.215020043,0
                100.026483031,20.2150483510001,0
                100.026738738,20.2151463180001,0
                100.026928584,20.2152799880001,0
                100.027194435,20.2154766370001,0
                100.027583104,20.215831129,0
                100.027802896,20.2160478660001,0
                100.027963302,20.216173779,0
                100.028119377,20.216279894,0
                100.028254165,20.216342533,0
                100.028355103,20.216365728,0
                100.02849363,20.216356988,0
                100.028636219,20.2163284010001,0
                100.029192917,20.2160516210001,0
                100.03012606,20.215546676,0
                100.03097573,20.215121498,0
                100.032173771,20.214670487,0
                100.032676495,20.2144891470001,0
                100.032910971,20.2143847020001,0
                100.033053169,20.214296656,0
                100.033182557,20.2141769720001,0
                100.033294568,20.214001506,0
                100.033319716,20.2139621040001,0
                100.033635476,20.213448882,0
                100.03412537,20.2125976890001,0
                100.034466058,20.2120446760001,0
                100.034591063,20.2118972690001,0
                100.03479152,20.211729598,0
                100.035008773,20.2115618240001,0
                100.035271874,20.2113422510001,0
                100.035476474,20.2111666270001,0
                100.035572294,20.211051105,0
                100.035655462,20.210927725,0
                100.035721675,20.210780664,0
                100.035762566,20.210613933,0
                100.035769706,20.2104236160001,0
                100.035751807,20.2102572320001,0
                100.035712653,20.2100513300001,0
                100.035648277,20.2098416160001,0
                100.035486508,20.209509585,0
                100.035273646,20.2090708280001,0
                100.034835121,20.2081616730001,0
                100.034741302,20.2079442020001,0
                100.034685563,20.207770112,0
                100.034642287,20.2075761250001,0
                100.034601982,20.2071958120001,0
                100.034533366,20.206343943,0
                100.034496321,20.205820902,0
                100.034461078,20.2055713720001,0
                100.03439264,20.2053815,0
                100.034294831,20.2051957620001,0
                100.034129555,20.204966821,0
                100.033964514,20.2047735510001,0
                100.033732266,20.2045767130001,0
                100.033428532,20.2043644390001,0
                100.032775062,20.2039679110001,0
                100.032125897,20.2035872120001,0
                100.031902312,20.2034299590001,0
                100.031778174,20.203283357,0
                100.031698821,20.2031358290001,0
                100.031686822,20.2030143370001,0
                100.031713911,20.202876755,0
                100.032072969,20.202139973,0
                100.032427058,20.201498352,0
                100.032642221,20.201016113,0
                100.032857284,20.200518018,0
                100.033116717,20.199956237,0
                100.033221692,20.199744202,0
                100.033305669,20.1996381660001,0
                100.033415395,20.199563192,0
                100.03361314,20.199463918,0
                100.033964544,20.1992656300001,0
                100.034224819,20.199097609,0
                100.034441081,20.198941737,0
                100.034641738,20.198806769,0
                100.03477979,20.198728654,0
                100.034974498,20.198647238,0
                100.035128509,20.198601732,0
                100.03534227,20.198543984,0
                100.03570398,20.198476446,0
                100.036371069,20.1983952160001,0
                100.036820875,20.1983152610001,0
                100.037078724,20.198257256,0
                100.03727678,20.198205543,0
                100.037424606,20.1981779120001,0
                100.037578912,20.198177002,0
                100.037698789,20.1982089970001,0
                100.037872538,20.1982912180001,0
                100.038090455,20.198385069,0
                100.038216754,20.1984348670001,0
                100.03834287,20.1984579030001,0
                100.038503472,20.1984569540001,0
                100.039255842,20.198413858,0
                100.040055287,20.1983466950001,0
                100.040442598,20.19834143,0
                100.040656835,20.1983550250001,0
                100.040801808,20.1983720060001,0
                100.040909053,20.1983981290001,0
                100.041025985,20.1984598710001,0
                100.041190369,20.198554035,0
                100.041313697,20.198630602,0
                100.041415,20.198710276,0
                100.041491209,20.1988049620001,0
                100.041573972,20.1989382580001,0
                100.041666364,20.199098255,0
                100.041717423,20.199199035,0
                100.041736948,20.199294057,0
                100.041728214,20.1994011410001,0
                100.041685532,20.1996124820001,0
                100.041626588,20.1997466180001,0
                100.041607229,20.199795135,0
                100.041612818,20.1998369130001,0
                100.041627236,20.1998736190001,0
                100.041663072,20.199935281,0
                100.041871768,20.2001514520001,0
                100.042005364,20.2002627030001,0
                100.042051555,20.2002825010001,0
                100.042101209,20.2002905690001,0
                100.042138375,20.2002853290001,0
                100.042178993,20.2002666920001,0
                100.04220349,20.200221393,0
                100.042269567,20.20003537,0
                100.042293935,20.199970008,0
                100.042322061,20.199938064,0
                100.042366259,20.1999244250001,0
                100.042415868,20.199925803,0
                100.042481528,20.199943809,0
                100.042705434,20.2000495090001,0
                100.042822657,20.200095639,0
                100.042895459,20.2001219650001,0
                100.042985932,20.2001414960001,0
                100.043060365,20.200146073,0
                100.043127628,20.200138983,0
                100.043214203,20.20010502,0
                100.043309502,20.2000509430001,0
                100.043380144,20.2000187460001,0
                100.043438544,20.200010037,0
                100.04353239,20.2000044660001,0
                100.043868916,20.199997448,0
                100.044701266,20.1999640720001,0
                100.044927962,20.19995771,0
                100.045158621,20.1999742690001,0
                100.045423514,20.200028188,0
                100.045777034,20.200148975,0
                100.045962414,20.2002430090001,0
                100.046122817,20.200368901,0
                100.046482177,20.200735421,0
                100.046820461,20.201090171,0
                100.047348442,20.2015547880001,0
                100.04764432,20.2018463650001,0
                100.047877004,20.202106605,0
                100.048067491,20.2023353860001,0
                100.048165128,20.2024933650001,0
                100.048233475,20.202667375,0
                100.048280803,20.202837548,0
                100.048294698,20.203031702,0
                100.048270623,20.20319834,0
                100.048196127,20.203361311,0
                100.048000959,20.2036875260001,0
                100.047572211,20.2042490160001,0
                100.047460407,20.2044835620001,0
                100.047411556,20.2047137710001,0
                100.047351493,20.205150173,0
                100.047253053,20.2054996000001,0
                100.047117374,20.205932492,0
                100.046944147,20.2064012820001,0
                100.046878795,20.2066751940001,0
                100.046841959,20.2068181170001,0
                100.046834515,20.20696087,0
                100.046869137,20.2071152620001,0
                100.046928773,20.2072417540001,0
                100.047064436,20.207435187,0
                100.047284294,20.207659827,0
                100.047866674,20.2080923990001,0
                100.048858773,20.2088832580001,0
                100.04923408,20.2091188580001,0
                100.049588229,20.2093308020001,0
                100.049807615,20.20948409,0
                100.04999753,20.2096256630001,0
                100.050099104,20.209743974,0
                100.05018853,20.2099297520001,0
                100.050223001,20.2100603600001,0
                100.050232543,20.210230758,0
                100.050183881,20.2104887140001,0
                100.05011407,20.21072301,0
                100.049906457,20.2110730860001,0
                100.049565055,20.2115111750001,0
                100.049432544,20.21178945,0
                100.049413347,20.211846343,0
                100.049374901,20.2119602500001,0
                100.049334848,20.2122498630001,0
                100.049371047,20.2126381250001,0
                100.049435496,20.2128557610001,0
                100.049512301,20.2130376530001,0
                100.049759345,20.2134415370001,0
                100.049954845,20.213789204,0
                100.050074336,20.2140739010001,0
                100.050164248,20.2143310280001,0
                100.050207727,20.214552756,0
                100.050234545,20.214794403,0
                100.050206961,20.215064123,0
                100.050100415,20.2154572040001,0
                100.049964875,20.2159099150001,0
                100.049916609,20.216227329,0
                100.049909594,20.2164335030001,0
                100.049927561,20.2166078130001,0
                100.050008279,20.216746072,0
                100.050126469,20.21683654,0
                100.050282346,20.2169109220001,0
                100.050454887,20.2169653890001,0
                100.050627242,20.2169921060001,0
                100.050811954,20.2169830720001,0
                100.050942022,20.2169664370001,0
                100.051055239,20.2169419740001,0
                100.051159849,20.2168858530001,0
                100.051260098,20.2168059730001,0
                100.051410015,20.216618763,0
                100.051896635,20.2159181750001,0
                100.052212016,20.2153573570001,0
                100.052403845,20.215158005,0
                100.052708174,20.214827165,0
                100.052937739,20.2146196580001,0
                100.053092415,20.214515665,0
                100.053272393,20.214427377,0
                100.053582222,20.214290739,0
                100.054042978,20.2141175190001,0
                100.054533237,20.213959978,0
                100.055299941,20.213697709,0
                100.055781772,20.213536253,0
                100.056003976,20.2134833850001,0
                100.056192885,20.21347432,0
                100.056356865,20.2135050480001,0
                100.056462269,20.213567837,0
                100.056631441,20.2137452040001,0
                100.056784239,20.213986091,0
                100.056882347,20.214211451,0
                100.056920995,20.2143380700001,0
                100.056921691,20.2144411310001,0
                100.056897486,20.2145879460001,0
                100.056839637,20.2147270360001,0
                100.056473507,20.215232671,0
                100.0562115,20.2156108340001,0
                100.056099622,20.21583349,0
                100.056037971,20.2160320630001,0
                100.05598504,20.2162781550001,0
                100.055978353,20.216531893,0
                100.055992719,20.216793437,0
                100.056031688,20.21696762,0
                100.056147419,20.217315758,0
                100.056355726,20.2176910920001,0
                100.056550629,20.2179475830001,0
                100.056711269,20.218105177,0
                100.05691393,20.218266484,0
                100.057103487,20.2183525520001,0
                100.057305426,20.218406831,0
                100.057490299,20.218421574,0
                100.057721176,20.218408293,0
                100.057909876,20.218367514,0
                100.058089962,20.218295078,0
                100.058315972,20.2181827220001,0
                100.058462221,20.218074813,0
                100.058566369,20.217951301,0
                100.058699405,20.2177522970001,0
                100.058927223,20.2172871280001,0
                100.059030999,20.217108119,0
                100.059239269,20.2168571280001,0
                100.059639279,20.216394887,0
                100.060040065,20.2160475960001,0
                100.060603919,20.215596254,0
                100.061222924,20.2152278240001,0
                100.06218919,20.2146709800001,0
                100.063167667,20.214058562,0
                100.06351474,20.2138424020001,0
                100.063824612,20.2137136740001,0
                100.064046818,20.2136607960001,0
                100.06448315,20.213602657,0
                100.064764352,20.213581134,0
                100.065381812,20.2136051370001,0
                100.065898543,20.2136376780001,0
                100.066301469,20.2136074850001,0
                100.066733872,20.213589002,0
                100.067082478,20.213598775,0
                100.067347239,20.21362888,0
                100.067595527,20.2137066510001,0
                100.067890762,20.21389513,0
                100.068080562,20.2140168600001,0
                100.068291303,20.2141305390001,0
                100.068493374,20.2142046230001,0
                100.068737056,20.214222964,0
                100.068892396,20.214218052,0
                100.069064399,20.214193225,0
                100.069194218,20.2141409020001,0
                100.069520207,20.213912963,0
                100.070037835,20.2134618740001,0
                100.07051011,20.2131339480001,0
                100.070857441,20.2129574140001,0
                100.07123406,20.212764844,0
                100.071569033,20.212624055,0
                100.071908347,20.212503068,0
                100.072172287,20.2124142480001,0
                100.072413159,20.2123665720001,0
                100.072559386,20.2123344620001,0
                100.072651196,20.212289303,0
                100.07271698,20.212237617,0
                100.07276143,20.212174912,0
                100.072794039,20.2121078210001,0
                100.072800622,20.212034197,0
                100.072803955,20.211831268,0
                100.072766048,20.211470279,0
                100.072746244,20.21099323,0
                100.072774477,20.210631832,0
                100.072797482,20.2105425,0
                100.072844403,20.210495388,0
                100.072922073,20.210454779,0
                100.073080154,20.2104292870001,0
                100.07317451,20.210410871,0
                100.073238143,20.2103904150001,0
                100.073289833,20.210349964,0
                100.07331781,20.210296278,0
                100.073386925,20.210041662,0
                100.073450843,20.209717954,0
                100.07348718,20.209505904,0
                100.073486783,20.209447932,0
                100.073462826,20.209399026,0
                100.073414993,20.2093123540001,0
                100.073383781,20.209238966,0
                100.073369045,20.209156551,0
                100.073370656,20.209047282,0
                100.073402605,20.208969885,0
                100.073435905,20.2089178370001,0
                100.073479907,20.208875762,0
                100.073541665,20.208840265,0
                100.073605302,20.208819809,0
                100.073688467,20.208805919,0
                100.073768181,20.2088054320001,0
                100.073860352,20.208813231,0
                100.07393487,20.208829499,0
                100.074007704,20.208859155,0
                100.074173116,20.208955137,0
                100.074344126,20.2090928960001,0
                100.074529559,20.209267357,0
                100.074927693,20.209716449,0
                100.075199043,20.2100191500001,0
                100.075420369,20.2102602840001,0
                100.075582524,20.2103980950001,0
                100.075742759,20.210514179,0
                100.075876082,20.210580255,0
                100.076119505,20.2106857910001,0
                100.076373609,20.2107979520001,0
                100.076496114,20.2108373360001,0
                100.076590114,20.210853484,0
                100.076682199,20.210847905,0
                100.07681316,20.2108287070001,0
                100.076942189,20.2107861050001,0
                100.077037512,20.210737024,0
                100.077164528,20.2106593190001,0
                100.077243807,20.210595283,0
                100.07730361,20.2105330430001,0
                100.0773685,20.2104373190001,0
                100.077427647,20.210279761,0
                100.077478963,20.2100996720001,0
                100.07750873,20.2099634730001,0
                100.077515066,20.209854175,0
                100.077514037,20.2097047830001,0
                100.077519974,20.209537518,0
                100.077551644,20.2093344150001,0
                100.077590688,20.209173632,0
                100.077639506,20.2090596150001,0
                100.077709565,20.208943236,0
                100.077836066,20.2087908350001,0
                100.078157269,20.2084635680001,0
              </coordinates>
                
            </LinearRing>
            
          </outerBoundaryIs>
        
        </Polygon>
        
      <styleUrl>
        #tambonStyle</styleUrl>
    </Placemark>

  </Document>
</kml>