<?xml version="1.0" encoding="UTF-8"?>
<kml xmlns="http://www.opengis.net/kml/2.2">
  <Document id="tambon_doc">
    <name>นามะเขือ, สหัสขันธ์, Kalasin</name>
    <description>ข้อมูลขอบเขตตำบลนามะเขือ อำเภอสหัสขันธ์ จังหวัดKalasin</description>
    
    <!-- Schema สำหรับข้อมูลตำบล -->
    <Schema id="tambon.schema">
      <SimpleField name="ADM3_EN" type="string">
        <displayName>Subdistrict Name (English)</displayName>
      </SimpleField>
      <SimpleField name="ADM3_TH" type="string">
        <displayName>ชื่อตำบล</displayName>
      </SimpleField>
      <SimpleField name="ADM2_EN" type="string">
        <displayName>District Name (English)</displayName>
      </SimpleField>
      <SimpleField name="ADM2_TH" type="string">
        <displayName>ชื่ออำเภอ</displayName>
      </SimpleField>
      <SimpleField name="ADM1_EN" type="string">
        <displayName>Province Name (English)</displayName>
      </SimpleField>
      <SimpleField name="ADM1_TH" type="string">
        <displayName>ชื่อจังหวัด</displayName>
      </SimpleField>
      <SimpleField name="ADM0_EN" type="string">
        <displayName>Country Name (English)</displayName>
      </SimpleField>
      <SimpleField name="ADM0_TH" type="string">
        <displayName>ชื่อประเทศ</displayName>
      </SimpleField>
    </Schema>

    <!-- Style สำหรับตำบล -->
    <Style id="tambonStyle">
      <LineStyle>
        <color>ffff0000</color>
        <width>1.5</width>
      </LineStyle>
      <PolyStyle>
        <color>33ff0000</color>
        <fill>1</fill>
        <outline>1</outline>
      </PolyStyle>
    </Style>

    <Placemark id="Kalasin.78">
        
        <ExtendedData>
            
          <SchemaData schemaUrl="#tambon.schema">
                
            <SimpleData name="Shape_Leng">
                0.465121613411</SimpleData>
                
            <SimpleData name="Shape_Area">
                0.00626403961641</SimpleData>
                
            <SimpleData name="ADM3_EN">
                Na Makhuea</SimpleData>
                
            <SimpleData name="ADM3_TH">
                นามะเขือ</SimpleData>
                
            <SimpleData name="ADM3_PCODE">
                TH460903</SimpleData>
                
            <SimpleData name="ADM2_EN">
                Sahatsakhan</SimpleData>
                
            <SimpleData name="ADM2_TH">
                สหัสขันธ์</SimpleData>
                
            <SimpleData name="ADM2_PCODE">
                TH4609</SimpleData>
                
            <SimpleData name="ADM1_EN">
                Kalasin</SimpleData>
                
            <SimpleData name="ADM1_TH">
                กาฬสินธุ์</SimpleData>
                
            <SimpleData name="ADM1_PCODE">
                TH46</SimpleData>
                
            <SimpleData name="ADM0_EN">
                Thailand</SimpleData>
                
            <SimpleData name="ADM0_TH">
                ประเทศไทย</SimpleData>
                
            <SimpleData name="ADM0_PCODE">
                TH</SimpleData>
            
          </SchemaData>
        
        </ExtendedData>
        
        <Polygon>
            
          <outerBoundaryIs>
                
            <LinearRing>
                    
              <coordinates>
                    
                103.631696075,16.733034821,0
                103.631704459,16.733034479,0
                103.631713141,16.733034676,0
                103.63172183,16.7330353420001,0
                103.631730532,16.733036354,0
                103.631739231,16.7330376150001,0
                103.631756649,16.733040617,0
                103.631808994,16.7330508270001,0
                103.631826503,16.733053936,0
                103.631835279,16.73305528,0
                103.631844068,16.733056408,0
                103.631852878,16.733057237,0
                103.63186137,16.733057682,0
                103.631869868,16.7330578200001,0
                103.631878365,16.7330577010001,0
                103.631886842,16.733057348,0
                103.631895285,16.733056762,0
                103.631903666,16.7330559110001,0
                103.63191196,16.7330547550001,0
                103.631920123,16.733053211,0
                103.631928101,16.7330511650001,0
                103.631935501,16.733048646,0
                103.631942669,16.7330456230001,0
                103.631949588,16.7330421400001,0
                103.631956225,16.7330382280001,0
                103.631962518,16.7330338630001,0
                103.631968383,16.7330289930001,0
                103.631974337,16.7330229500001,0
                103.631979796,16.7330163770001,0
                103.6319849,16.733009425,0
                103.631989744,16.7330021980001,0
                103.631994411,16.7329947910001,0
                103.632003405,16.7329796380001,0
                103.63201215,16.7329642650001,0
                103.632024976,16.7329410470001,0
                103.632033243,16.7329254680001,0
                103.632037221,16.732917625,0
                103.632041034,16.7329097190001,0
                103.632044621,16.7329017320001,0
                103.632047982,16.732893516,0
                103.632051107,16.7328852110001,0
                103.632056908,16.732868425,0
                103.632065017,16.7328430320001,0
                103.632101403,16.732724037,0
                103.632109347,16.732698607,0
                103.632114914,16.732681778,0
                103.63211786,16.73267344,0
                103.632120986,16.73266518,0
                103.632124358,16.732657035,0
                103.632128061,16.7326490460001,0
                103.632132127,16.7326413330001,0
                103.632136514,16.732633774,0
                103.632141147,16.732626327,0
                103.632145946,16.732618953,0
                103.632155879,16.732604356,0
                103.63216604,16.732589865,0
                103.632196995,16.7325466460001,0
                103.632207545,16.7325324400001,0
                103.632212933,16.7325254360001,0
                103.632218441,16.732518542,0
                103.632224125,16.732511802,0
                103.632230048,16.732505272,0
                103.632236107,16.7324991410001,0
                103.632242396,16.7324932120001,0
                103.632248856,16.732487437,0
                103.632262127,16.7324761990001,0
                103.632275698,16.732465243,0
                103.632289477,16.732454503,0
                103.632303477,16.732444033,0
                103.63231059,16.732438937,0
                103.632318002,16.73243383,0
                103.632333035,16.732423887,0
                103.632363438,16.73240443,0
                103.632378533,16.7323945840001,0
                103.632393283,16.7323843720001,0
                103.632400418,16.732379005,0
                103.632407308,16.732373383,0
                103.632413553,16.7323677570001,0
                103.632419552,16.732361875,0
                103.632425332,16.732355791,0
                103.632430916,16.732349535,0
                103.632436299,16.732343122,0
                103.632441458,16.7323365510001,0
                103.632446352,16.7323298100001,0
                103.632450904,16.7323228700001,0
                103.632455093,16.7323156360001,0
                103.632458927,16.732308216,0
                103.632462463,16.7323006450001,0
                103.632465734,16.7322929590001,0
                103.63246874,16.732285179,0
                103.632471469,16.73227731,0
                103.632473859,16.73226936,0
                103.632475839,16.7322613100001,0
                103.632477267,16.732253642,0
                103.6324783,16.732245897,0
                103.632479021,16.7322377680001,0
                103.632479473,16.73222959,0
                103.632479884,16.7322131600001,0
                103.632480341,16.7321802270001,0
                103.63248067,16.732172011,0
                103.632481202,16.732163814,0
                103.632482029,16.732155114,0
                103.632484323,16.7321377710001,0
                103.632488658,16.732111837,0
                103.632495139,16.7320773440001,0
                103.632500362,16.732051534,0
                103.632504083,16.732034637,0
                103.632510011,16.7320097580001,0
                103.632516207,16.7319849400001,0
                103.632522695,16.731960197,0
                103.632527355,16.731943802,0
                103.632529861,16.731935659,0
                103.632535426,16.7319193340001,0
                103.632541523,16.7319031870001,0
                103.632548206,16.7318870620001,0
                103.632555398,16.731870944,0
                103.63256286,16.731854937,0
                103.632570539,16.731839028,0
                103.632578513,16.7318232710001,0
                103.632582665,16.731815479,0
                103.632586983,16.7318077780001,0
                103.632591622,16.7317999840001,0
                103.632596432,16.73179228,0
                103.632606373,16.731777047,0
                103.632616565,16.731761948,0
                103.632657836,16.731701791,0
                103.632704032,16.7316338570001,0
                103.632714404,16.731618858,0
                103.632725036,16.7316041180001,0
                103.632730541,16.73159694,0
                103.632736247,16.7315899600001,0
                103.632742241,16.731583272,0
                103.632748629,16.7315769800001,0
                103.632755349,16.731571294,0
                103.632762452,16.731565995,0
                103.632769834,16.7315609790001,0
                103.632777422,16.731556175,0
                103.632792997,16.731546999,0
                103.63280891,16.731538271,0
                103.632825093,16.7315300550001,0
                103.6328333,16.731526247,0
                103.632841616,16.731522738,0
                103.632850073,16.73151964,0
                103.632858609,16.731517078,0
                103.632867277,16.731514944,0
                103.632876038,16.731513165,0
                103.632884857,16.731511687,0
                103.632893712,16.7315105050001,0
                103.632902579,16.731509643,0
                103.632911431,16.7315091470001,0
                103.632920258,16.7315091200001,0
                103.632929029,16.731509698,0
                103.632937808,16.7315110010001,0
                103.632946531,16.731512901,0
                103.632955204,16.7315152350001,0
                103.632963847,16.7315178810001,0
                103.632972473,16.731520747,0
                103.632989672,16.731526892,0
                103.633032669,16.731542855,0
                103.633049953,16.7315488040001,0
                103.633058634,16.7315514850001,0
                103.63306735,16.731553854,0
                103.633076107,16.7315557800001,0
                103.633083991,16.731557014,0
                103.633091891,16.731557755,0
                103.633099769,16.7315579620001,0
                103.63310759,16.731557551,0
                103.633114821,16.731556546,0
                103.633121949,16.7315549750001,0
                103.633128953,16.7315528930001,0
                103.633135804,16.7315503090001,0
                103.633142849,16.7315470400001,0
                103.633149706,16.7315433210001,0
                103.633156395,16.7315392310001,0
                103.633162921,16.7315348340001,0
                103.633169273,16.731530165,0
                103.633175431,16.7315252400001,0
                103.633181363,16.7315200400001,0
                103.633187648,16.731513949,0
                103.633193682,16.731507584,0
                103.633205262,16.731494347,0
                103.633222014,16.731473894,0
                103.633260304,16.731425641,0
                103.633276274,16.7314047730001,0
                103.633286385,16.731390563,0
                103.633291143,16.731383285,0
                103.633295681,16.7313757680001,0
                103.633300001,16.7313681210001,0
                103.633308189,16.731352562,0
                103.633319872,16.7313288830001,0
                103.633354052,16.7312573560001,0
                103.633365878,16.7312338040001,0
                103.633370023,16.7312260890001,0
                103.633374339,16.731218487,0
                103.633378897,16.731211042,0
                103.633383779,16.731203819,0
                103.633389141,16.7311967480001,0
                103.633394837,16.7311898990001,0
                103.633400775,16.731183216,0
                103.633406889,16.731176647,0
                103.633419445,16.731163725,0
                103.633464213,16.731118983,0
                103.633476725,16.731105954,0
                103.633488851,16.7310927,0
                103.633500754,16.731079252,0
                103.633518397,16.731058906,0
                103.633594338,16.7309703070001,0
                103.63360615,16.7309567990001,0
                103.633618153,16.730943466,0
                103.633630544,16.7309304950001,0
                103.633636873,16.730924294,0
                103.63364987,16.730912215,0
                103.633669828,16.7308945290001,0
                103.633818099,16.7307665640001,0
                103.633943463,16.7306595000001,0
                103.633964768,16.730641803,0
                103.633972016,16.7306360910001,0
                103.633979399,16.7306305610001,0
                103.633986515,16.730625574,0
                103.633993777,16.73062084,0
                103.634001182,16.730616405,0
                103.634008751,16.7306123440001,0
                103.634016495,16.730608767,0
                103.634023211,16.730606209,0
                103.634030046,16.730604095,0
                103.634036952,16.7306024380001,0
                103.634043913,16.730601286,0
                103.634050976,16.7306006900001,0
                103.634058007,16.7306006850001,0
                103.634064945,16.7306013040001,0
                103.634071731,16.730602612,0
                103.634079643,16.730605197,0
                103.634087222,16.730608718,0
                103.634094442,16.7306130280001,0
                103.634101243,16.7306180310001,0
                103.634107523,16.7306237230001,0
                103.634113341,16.7306302580001,0
                103.634118677,16.7306373370001,0
                103.63412368,16.730644774,0
                103.634137995,16.7306679910001,0
                103.634142896,16.730675696,0
                103.634148061,16.730683229,0
                103.634153193,16.730690033,0
                103.634158597,16.7306966410001,0
                103.634164226,16.730703078,0
                103.634170043,16.7307093470001,0
                103.634176033,16.730715456,0
                103.634182192,16.7307213710001,0
                103.634188542,16.730727056,0
                103.634195109,16.730732448,0
                103.634201943,16.730737446,0
                103.634208452,16.7307415820001,0
                103.634215194,16.7307453120001,0
                103.634222151,16.730748626,0
                103.634229307,16.7307514890001,0
                103.634237053,16.730753984,0
                103.63424496,16.730755974,0
                103.634252972,16.7307574980001,0
                103.634261053,16.7307585560001,0
                103.634269159,16.7307590990001,0
                103.63427726,16.730759048,0
                103.634283478,16.7307585290001,0
                103.634292192,16.730757125,0
                103.63430082,16.7307550830001,0
                103.634309337,16.7307525430001,0
                103.634317728,16.730749605,0
                103.634325946,16.7307462960001,0
                103.634333932,16.730742633,0
                103.634341612,16.7307385560001,0
                103.634348864,16.730733985,0
                103.634355544,16.730728777,0
                103.634361592,16.730722755,0
                103.634367063,16.7307161090001,0
                103.634372107,16.730709018,0
                103.634376849,16.7307016180001,0
                103.63438138,16.730693994,0
                103.634385757,16.730686228,0
                103.634398425,16.7306624820001,0
                103.634443242,16.7305759170001,0
                103.634514184,16.7304278830001,0
                103.634533791,16.730398053,0
                103.634543487,16.730389293,0
                103.634565964,16.7303756040001,0
                103.634602952,16.73036152,0
                103.634680855,16.730333264,0
                103.634715833,16.730317332,0
                103.634736614,16.7303062410001,0
                103.634748256,16.730297856,0
                103.634762129,16.7302873850001,0
                103.634768833,16.7302819920001,0
                103.634775289,16.7302764470001,0
                103.634781404,16.7302706790001,0
                103.634787053,16.730264607,0
                103.634792065,16.730258129,0
                103.634796441,16.7302509,0
                103.634800143,16.73024324,0
                103.634803355,16.7302352570001,0
                103.634806206,16.730227052,0
                103.634808805,16.730218678,0
                103.634811233,16.7302101940001,0
                103.634815757,16.7301930130001,0
                103.6348327,16.7301234830001,0
                103.634837085,16.7301061790001,0
                103.634841841,16.7300891290001,0
                103.634844478,16.73008078,0
                103.634847396,16.730072637,0
                103.634850714,16.730064774,0
                103.63485458,16.730057308,0
                103.634859207,16.7300503980001,0
                103.634864804,16.7300441150001,0
                103.634871173,16.7300384050001,0
                103.634878113,16.7300331330001,0
                103.634885478,16.7300281980001,0
                103.634893154,16.7300235500001,0
                103.634901075,16.730019166,0
                103.634909199,16.7300150570001,0
                103.634917508,16.730011269,0
                103.63492486,16.730008291,0
                103.634932326,16.7300056030001,0
                103.634939888,16.7300032160001,0
                103.634947538,16.730001164,0
                103.634955277,16.7299995070001,0
                103.634963205,16.7299982920001,0
                103.634971194,16.729997499,0
                103.634979225,16.7299970710001,0
                103.634987269,16.729996989,0
                103.634995316,16.729997263,0
                103.635003341,16.7299979210001,0
                103.635008319,16.7299985440001,0
                103.635013282,16.7299993250001,0
                103.635021441,16.7300009040001,0
                103.635029574,16.7300027490001,0
                103.635053975,16.7300087950001,0
                103.635062362,16.730010711,0
                103.635079241,16.7300140770001,0
                103.635087723,16.7300154910001,0
                103.635096233,16.7300166790001,0
                103.635104764,16.7300175830001,0
                103.635113309,16.7300181210001,0
                103.635121966,16.7300182230001,0
                103.635130627,16.730017957,0
                103.635139286,16.7300174060001,0
                103.635147926,16.7300166250001,0
                103.635156528,16.730015657,0
                103.635165056,16.730014505,0
                103.635173477,16.730013166,0
                103.635181728,16.7300116100001,0
                103.635189729,16.7300097670001,0
                103.635197385,16.730007562,0
                103.635204546,16.7300048590001,0
                103.635211037,16.7300014940001,0
                103.635216627,16.7299972440001,0
                103.635221233,16.729991754,0
                103.635224866,16.729985335,0
                103.635227758,16.7299782380001,0
                103.635230087,16.7299706540001,0
                103.635231953,16.7299627240001,0
                103.63523343,16.7299545590001,0
                103.635234533,16.7299462450001,0
                103.635235237,16.7299378450001,0
                103.635235473,16.729929407,0
                103.635235128,16.7299209810001,0
                103.635234193,16.729913249,0
                103.635232678,16.7299055840001,0
                103.635230619,16.729898013,0
                103.635227695,16.72988969,0
                103.635224264,16.7298814870001,0
                103.63522047,16.729873373,0
                103.635216421,16.7298653190001,0
                103.635211561,16.72985627,0
                103.635172527,16.729786452,0
                103.635164031,16.7297601390001,0
                103.635167363,16.729735453,0
                103.635180512,16.729710547,0
                103.635218913,16.7296737130001,0
                103.635257727,16.729653909,0
                103.635292889,16.729645546,0
                103.635318537,16.729644969,0
                103.635347935,16.7296493380001,0
                103.635373717,16.7296569800001,0
                103.635413402,16.729673126,0
                103.635445369,16.729695124,0
                103.635549447,16.7298047,0
                103.635550215,16.729805507,0
                103.635598359,16.729843369,0
                103.635610234,16.729850436,0
                103.635639963,16.7298611260001,0
                103.635661563,16.72986064,0
                103.635683246,16.72985047,0
                103.635697598,16.7298437380001,0
                103.635708185,16.729838767,0
                103.635750697,16.729809414,0
                103.63576641,16.729790129,0
                103.635789696,16.7297615460001,0
                103.63579432,16.7297539100001,0
                103.635798765,16.7297460390001,0
                103.635807245,16.729730005,0
                103.635827648,16.7296893710001,0
                103.635835928,16.7296731870001,0
                103.635844565,16.729657208,0
                103.635849108,16.7296493530001,0
                103.635853501,16.7296421950001,0
                103.635862731,16.7296281500001,0
                103.635872418,16.7296144050001,0
                103.635874787,16.72961121,0
                103.635883061,16.7295963020001,0
                103.635948036,16.7295210080001,0
                103.63602114,16.7294568900001,0
                103.636061871,16.72943515,0
                103.636108855,16.7294284130001,0
                103.636140456,16.7294352750001,0
                103.636166441,16.7294536220001,0
                103.636196766,16.72948891,0
                103.636288383,16.72965335,0
                103.636291643,16.7296583570001,0
                103.636296683,16.729665568,0
                103.636301946,16.7296725630001,0
                103.636307516,16.729679262,0
                103.636313516,16.7296855500001,0
                103.636319827,16.729691173,0
                103.636326544,16.729696399,0
                103.636333559,16.7297013300001,0
                103.636340806,16.729706026,0
                103.636348217,16.729710534,0
                103.636355761,16.7297148850001,0
                103.636363412,16.729719076,0
                103.636371162,16.7297230940001,0
                103.63637901,16.7297269110001,0
                103.636386974,16.72973046,0
                103.636395069,16.729733658,0
                103.636402747,16.7297362480001,0
                103.636410552,16.72973848,0
                103.636418452,16.729740367,0
                103.636426437,16.7297418950001,0
                103.636435275,16.7297431480001,0
                103.636444179,16.7297440200001,0
                103.636453137,16.7297445630001,0
                103.636462147,16.729744806,0
                103.636471181,16.729744828,0
                103.636489278,16.729744403,0
                103.636507383,16.7297435450001,0
                103.636525465,16.729742286,0
                103.636543734,16.7297404290001,0
                103.636562185,16.729737981,0
                103.636589817,16.7297337480001,0
                103.636608214,16.7297306350001,0
                103.636625803,16.7297274040001,0
                103.636652131,16.7297222450001,0
                103.636669575,16.729718581,0
                103.636686756,16.729714534,0
                103.636695158,16.729712249,0
                103.636703348,16.7297096890001,0
                103.636711238,16.7297067440001,0
                103.636718708,16.7297032590001,0
                103.636725609,16.7296990470001,0
                103.636731576,16.729694162,0
                103.636736966,16.7296885820001,0
                103.636741884,16.729682472,0
                103.636746389,16.7296759430001,0
                103.636750498,16.7296690800001,0
                103.636754203,16.7296619420001,0
                103.636757444,16.7296545450001,0
                103.63676026,16.729646657,0
                103.636762595,16.7296385760001,0
                103.636764501,16.7296303570001,0
                103.636766007,16.729622029,0
                103.636767094,16.7296136300001,0
                103.636767715,16.729605453,0
                103.636767974,16.7295972430001,0
                103.636767925,16.729589027,0
                103.636767599,16.729580813,0
                103.636766989,16.7295726190001,0
                103.636766081,16.729564467,0
                103.636764813,16.729556373,0
                103.636763108,16.7295483570001,0
                103.636760853,16.729540231,0
                103.636758202,16.729532186,0
                103.636749346,16.729508203,0
                103.636746532,16.7295001800001,0
                103.636744031,16.729492104,0
                103.636742039,16.7294842380001,0
                103.63674051,16.7294763350001,0
                103.636739495,16.72946842,0
                103.63673907,16.729460537,0
                103.636739355,16.7294524180001,0
                103.63674034,16.7294444400001,0
                103.636741995,16.729436677,0
                103.63674435,16.729429231,0
                103.636747497,16.729422233,0
                103.636751599,16.729415852,0
                103.636756905,16.729410117,0
                103.636763131,16.729405059,0
                103.636770038,16.7294005310001,0
                103.636777442,16.729396439,0
                103.636785211,16.7293927440001,0
                103.636793256,16.729389435,0
                103.636801513,16.729386558,0
                103.636809945,16.729384195,0
                103.636817411,16.7293826480001,0
                103.636824964,16.7293815950001,0
                103.636832571,16.729381086,0
                103.636840825,16.7293811700001,0
                103.636849092,16.7293818090001,0
                103.636857365,16.729382876,0
                103.636865618,16.729384291,0
                103.636873841,16.7293860030001,0
                103.636882014,16.729387988,0
                103.636890124,16.7293902440001,0
                103.636897308,16.7293925070001,0
                103.636904426,16.729394961,0
                103.636918482,16.729400356,0
                103.636933554,16.7294068950001,0
                103.636941616,16.7294106630001,0
                103.636957602,16.729418466,0
                103.637005005,16.7294421730001,0
                103.637035893,16.7294570460001,0
                103.637059238,16.729467808,0
                103.637074979,16.729474553,0
                103.637082932,16.729477692,0
                103.637090973,16.729480589,0
                103.637098879,16.7294831290001,0
                103.637106864,16.7294854240001,0
                103.637114909,16.7294875110001,0
                103.637122996,16.729489416,0
                103.637131111,16.729491131,0
                103.63713925,16.729492647,0
                103.637147397,16.729493919,0
                103.637155541,16.7294948860001,0
                103.637163675,16.729495464,0
                103.637171494,16.729495559,0
                103.637179264,16.729495177,0
                103.637186947,16.729494292,0
                103.637194504,16.7294928330001,0
                103.637202053,16.7294906700001,0
                103.637210273,16.729487465,0
                103.637218296,16.7294836200001,0
                103.637226167,16.7294793230001,0
                103.637233938,16.729474704,0
                103.637249286,16.72946488,0
                103.637340633,16.7294030780001,0
                103.637355685,16.729392616,0
                103.637363058,16.7293872660001,0
                103.637370255,16.7293817720001,0
                103.637377195,16.7293760760001,0
                103.637383767,16.729370095,0
                103.637389815,16.729363721,0
                103.637394387,16.729357984,0
                103.637398506,16.7293519410001,0
                103.637402218,16.7293456420001,0
                103.637405521,16.7293391220001,0
                103.637408394,16.7293324130001,0
                103.637411104,16.7293245590001,0
                103.637413277,16.7293165410001,0
                103.637414951,16.7293084080001,0
                103.637416118,16.729300214,0
                103.637416724,16.7292919920001,0
                103.637416656,16.729283777,0
                103.637416255,16.729279021,0
                103.637415588,16.72927429,0
                103.637414002,16.7292667350001,0
                103.637411884,16.729259251,0
                103.637409338,16.7292518530001,0
                103.63740642,16.729244544,0
                103.637403158,16.729237342,0
                103.637399567,16.729230274,0
                103.637396082,16.7292240830001,0
                103.63738033,16.729198132,0
                103.637375968,16.729190337,0
                103.637371963,16.7291823910001,0
                103.637368463,16.7291744190001,0
                103.637365324,16.729166295,0
                103.637362458,16.7291580610001,0
                103.637359796,16.7291497460001,0
                103.637354926,16.729132953,0
                103.637350516,16.7291160090001,0
                103.637348476,16.7291074950001,0
                103.637345123,16.729091898,0
                103.637342526,16.72907774,0
                103.637340111,16.7290618650001,0
                103.637338967,16.729053079,0
                103.637336922,16.7290354690001,0
                103.637334222,16.729009003,0
                103.637332644,16.728991347,0
                103.637331378,16.7289736750001,0
                103.637330607,16.728956307,0
                103.637330307,16.7289389370001,0
                103.637330584,16.7289215910001,0
                103.637331038,16.728912935,0
                103.637331737,16.7289045000001,0
                103.637332651,16.7288960770001,0
                103.637334919,16.7288792630001,0
                103.637337591,16.7288624890001,0
                103.637340591,16.728845775,0
                103.637344043,16.728829164,0
                103.637346028,16.72882093,0
                103.637348262,16.728812761,0
                103.637350746,16.728804849,0
                103.63735348,16.7287970030001,0
                103.637359503,16.728781488,0
                103.637366107,16.728766181,0
                103.637369628,16.7287586190001,0
                103.637373311,16.728751135,0
                103.637377206,16.7287437590001,0
                103.637381483,16.7287362660001,0
                103.637385967,16.7287288850001,0
                103.637390623,16.7287215910001,0
                103.637400318,16.72870722,0
                103.637410464,16.728693122,0
                103.637421483,16.7286787790001,0
                103.637438502,16.728657594,0
                103.637501654,16.728580498,0
                103.63756457,16.7285032570001,0
                103.637576089,16.7284892910001,0
                103.637587771,16.72847547,0
                103.637599779,16.7284619430001,0
                103.637605995,16.728455366,0
                103.637612389,16.728448971,0
                103.637618941,16.7284427110001,0
                103.63763234,16.728430465,0
                103.637652837,16.7284124560001,0
                103.637721748,16.72835294,0
                103.637749106,16.7283289210001,0
                103.637768357,16.7283114360001,0
                103.63781174,16.7282711820001,0
                103.637830649,16.7282542680001,0
                103.637850248,16.728237812,0
                103.637876912,16.728216424,0
                103.637897177,16.7282006610001,0
                103.637940658,16.7281676750001,0
                103.63795483,16.728156434,0
                103.637961702,16.728150645,0
                103.637968345,16.7281446810001,0
                103.637974663,16.7281384670001,0
                103.637980534,16.728131908,0
                103.637985535,16.7281253680001,0
                103.637990131,16.7281185160001,0
                103.637994408,16.728111429,0
                103.637998437,16.7281041630001,0
                103.638002266,16.7280967610001,0
                103.638005915,16.728089246,0
                103.638009389,16.72808164,0
                103.638012745,16.728073812,0
                103.638018943,16.7280579860001,0
                103.638021772,16.7280500210001,0
                103.638024366,16.7280420340001,0
                103.638026665,16.728034031,0
                103.638028562,16.7280260100001,0
                103.638029925,16.7280179750001,0
                103.638030567,16.728009919,0
                103.638030357,16.7280020260001,0
                103.638029459,16.727994122,0
                103.638028042,16.7279862080001,0
                103.638026241,16.727978288,0
                103.638024159,16.727970366,0
                103.638019392,16.7279545440001,0
                103.638014085,16.7279387740001,0
                103.638007972,16.7279220360001,0
                103.63798552,16.727863782,0
                103.637976177,16.727838804,0
                103.637970434,16.727822066,0
                103.637967854,16.72781365,0
                103.637965572,16.727805183,0
                103.637963695,16.727796647,0
                103.637962362,16.727788338,0
                103.637961415,16.7277799670001,0
                103.637960762,16.7277715480001,0
                103.637960337,16.727763093,0
                103.637959982,16.7277461250001,0
                103.637960192,16.7277291230001,0
                103.637960534,16.727720628,0
                103.637961077,16.727712146,0
                103.63796188,16.727703433,0
                103.637962909,16.727694742,0
                103.637964135,16.7276860740001,0
                103.637965549,16.7276774370001,0
                103.63796717,16.7276688270001,0
                103.63796902,16.727660267,0
                103.637970989,16.7276523210001,0
                103.63797315,16.727644411,0
                103.637975457,16.7276365340001,0
                103.637980391,16.7276208500001,0
                103.637988413,16.7275974880001,0
                103.637991266,16.727589752,0
                103.637997761,16.727573239,0
                103.638008092,16.727548653,0
                103.638015314,16.727532389,0
                103.638019061,16.727524322,0
                103.638022951,16.727516329,0
                103.638026977,16.727508517,0
                103.638031164,16.72750081,0
                103.638035526,16.72749322,0
                103.638040071,16.7274857890001,0
                103.638044849,16.7274785590001,0
                103.638049915,16.727471603,0
                103.638055365,16.7274650300001,0
                103.638061331,16.7274589730001,0
                103.638067563,16.7274538030001,0
                103.638074265,16.727449117,0
                103.638081313,16.727444803,0
                103.63808862,16.7274407890001,0
                103.638096121,16.727437023,0
                103.638103768,16.7274334840001,0
                103.638111532,16.727430186,0
                103.638119392,16.727427151,0
                103.63812734,16.727424453,0
                103.638135372,16.7274221760001,0
                103.638143503,16.727420465,0
                103.638150969,16.727419517,0
                103.638159113,16.7274191490001,0
                103.638167299,16.727419362,0
                103.638175488,16.727420065,0
                103.63818366,16.727421216,0
                103.638191777,16.7274228040001,0
                103.638200659,16.727425075,0
                103.638209422,16.727427834,0
                103.638218041,16.727431048,0
                103.638225808,16.7274343980001,0
                103.63823346,16.727438039,0
                103.638241019,16.7274419080001,0
                103.638248498,16.7274459400001,0
                103.638255915,16.7274501050001,0
                103.638270546,16.7274587590001,0
                103.638277756,16.727463249,0
                103.638290896,16.727471941,0
                103.638296844,16.7274761210001,0
                103.638308533,16.7274847510001,0
                103.638322462,16.7274957380001,0
                103.638336151,16.7275070100001,0
                103.638403713,16.727564226,0
                103.638430874,16.727586891,0
                103.638444652,16.7275979670001,0
                103.638451645,16.727603376,0
                103.638458734,16.7276086570001,0
                103.638466192,16.7276139570001,0
                103.638481399,16.727624185,0
                103.638504605,16.7276390330001,0
                103.638614044,16.727706932,0
                103.63862951,16.7277168430001,0
                103.638644662,16.7277271130001,0
                103.638652024,16.727732491,0
                103.638659168,16.727738113,0
                103.638666014,16.7277440170001,0
                103.638672623,16.7277501790001,0
                103.638679046,16.727756539,0
                103.638685308,16.727763055,0
                103.63869141,16.727769715,0
                103.638697342,16.7277765100001,0
                103.638703082,16.727783453,0
                103.638708564,16.727790573,0
                103.638713417,16.7277974190001,0
                103.638718016,16.7278044230001,0
                103.638722381,16.727811564,0
                103.638726505,16.727818832,0
                103.638730361,16.727826232,0
                103.638733897,16.727833775,0
                103.638737148,16.727841648,0
                103.638740097,16.7278496550001,0
                103.638745407,16.7278659290001,0
                103.638757489,16.727907198,0
                103.638762566,16.727923671,0
                103.638765174,16.7279315050001,0
                103.638770744,16.727947052,0
                103.638776771,16.727962404,0
                103.63878,16.727969967,0
                103.638783417,16.727977417,0
                103.638787088,16.7279847090001,0
                103.638790926,16.7279915550001,0
                103.638795076,16.727998169,0
                103.638799562,16.7280045050001,0
                103.638804427,16.728010494,0
                103.638809758,16.7280160400001,0
                103.638815748,16.7280211510001,0
                103.638822203,16.7280257800001,0
                103.638829013,16.7280300030001,0
                103.638836114,16.728033859,0
                103.638843449,16.7280373630001,0
                103.638850986,16.728040498,0
                103.638858776,16.7280432520001,0
                103.638866719,16.7280455980001,0
                103.638874789,16.728047535,0
                103.638882964,16.728049018,0
                103.638892045,16.728050072,0
                103.638901208,16.7280506230001,0
                103.638910408,16.728050754,0
                103.638919622,16.7280505100001,0
                103.638928817,16.728049893,0
                103.638937975,16.728048862,0
                103.638947121,16.728047372,0
                103.638956206,16.728045486,0
                103.638965222,16.728043268,0
                103.638974161,16.728040741,0
                103.638983,16.7280379370001,0
                103.638991767,16.728034913,0
                103.639009176,16.728028464,0
                103.639104051,16.7279910930001,0
                103.639138656,16.72797796,0
                103.639173636,16.7279655880001,0
                103.639261395,16.7279354820001,0
                103.639287582,16.72792608,0
                103.639304203,16.72791977,0
                103.639320764,16.7279132850001,0
                103.639386889,16.727886857,0
                103.639403523,16.7278804970001,0
                103.639411883,16.7278774690001,0
                103.639427168,16.7278723690001,0
                103.639434863,16.7278700460001,0
                103.639442595,16.727867916,0
                103.63945037,16.727866024,0
                103.639459261,16.727864228,0
                103.639468189,16.7278628190001,0
                103.639477137,16.727861838,0
                103.639486088,16.727861348,0
                103.639495025,16.727861467,0
                103.639503994,16.7278623060001,0
                103.639512935,16.7278637320001,0
                103.639521858,16.727865573,0
                103.63953077,16.727867716,0
                103.639539672,16.727870076,0
                103.639557464,16.7278751750001,0
                103.639593058,16.7278860480001,0
                103.639673483,16.7279111880001,0
                103.639691223,16.727916481,0
                103.639699973,16.7279189120001,0
                103.639708582,16.7279210890001,0
                103.639716971,16.727922893,0
                103.639725051,16.727924149,0
                103.639732688,16.7279246300001,0
                103.639739699,16.727924026,0
                103.639745855,16.7279219320001,0
                103.639750944,16.7279180400001,0
                103.639755183,16.7279126710001,0
                103.639758806,16.727906225,0
                103.639761985,16.7278990040001,0
                103.639764851,16.7278912410001,0
                103.639767498,16.7278831040001,0
                103.639772397,16.727866154,0
                103.639777013,16.727848759,0
                103.639783625,16.7278224180001,0
                103.639787749,16.7278048040001,0
                103.6397914,16.7277871430001,0
                103.639792934,16.7277782780001,0
                103.639794223,16.7277692980001,0
                103.639799224,16.7277245390001,0
                103.639800491,16.727715833,0
                103.639802085,16.7277073280001,0
                103.639804169,16.727699123,0
                103.639806951,16.727691339,0
                103.639810696,16.727684137,0
                103.639815519,16.7276777810001,0
                103.639821287,16.7276720030001,0
                103.639827749,16.7276666700001,0
                103.639834729,16.72766169,0
                103.639842081,16.727657003,0
                103.639849715,16.7276525950001,0
                103.639857568,16.727648474,0
                103.639865611,16.727644696,0
                103.639873828,16.727641347,0
                103.639881795,16.727638675,0
                103.639889901,16.727636558,0
                103.639898141,16.727635106,0
                103.639906623,16.7276343880001,0
                103.639915195,16.727634294,0
                103.639923834,16.727634659,0
                103.63993251,16.727635365,0
                103.63994121,16.7276363230001,0
                103.639958628,16.727638766,0
                103.639976008,16.727641755,0
                103.639984656,16.727643449,0
                103.639993266,16.7276453150001,0
                103.640001928,16.7276473920001,0
                103.640019141,16.7276519770001,0
                103.640036263,16.727656874,0
                103.640096012,16.7276744380001,0
                103.640122099,16.727681563,0
                103.640139547,16.7276860060001,0
                103.64015705,16.7276900300001,0
                103.640165826,16.727691775,0
                103.640174633,16.727693253,0
                103.640183327,16.7276943740001,0
                103.640192046,16.7276951330001,0
                103.640200765,16.7276954910001,0
                103.640209477,16.7276953900001,0
                103.640218279,16.7276947500001,0
                103.640227061,16.7276936690001,0
                103.64023583,16.727692254,0
                103.640244579,16.727690588,0
                103.640253309,16.7276887240001,0
                103.640270707,16.7276845230001,0
                103.640287968,16.7276797220001,0
                103.640296037,16.7276772280001,0
                103.640328079,16.7276665900001,0
                103.640344103,16.7276615100001,0
                103.640352159,16.7276592100001,0
                103.640360258,16.727657171,0
                103.640368417,16.7276554910001,0
                103.640377497,16.7276541370001,0
                103.640386643,16.727653237,0
                103.640395845,16.72765271,0
                103.640405084,16.727652506,0
                103.640414339,16.7276526090001,0
                103.640423226,16.7276529860001,0
                103.64044101,16.727654321,0
                103.640458801,16.727656097,0
                103.640476587,16.727658095,0
                103.640503239,16.7276613170001,0
                103.640520959,16.7276636720001,0
                103.640538594,16.727666363,0
                103.640547356,16.7276679230001,0
                103.640556071,16.727669701,0
                103.640564676,16.7276717340001,0
                103.64058175,16.7276763850001,0
                103.640598709,16.7276814890001,0
                103.6406495,16.7276973250001,0
                103.640666556,16.727702192,0
                103.640669498,16.72770296,0
                103.640674963,16.7277043870001,0
                103.640691874,16.727708469,0
                103.640708858,16.727712292,0
                103.64074295,16.7277194800001,0
                103.640768627,16.7277243290001,0
                103.64078583,16.7277269790001,0
                103.640802912,16.7277288490001,0
                103.640811484,16.727729557,0
                103.640826959,16.727730534,0
                103.640828659,16.7277306400001,0
                103.640845847,16.7277312850001,0
                103.640854438,16.7277314030001,0
                103.640863015,16.7277313270001,0
                103.640871577,16.727731003,0
                103.640879305,16.7277304460001,0
                103.640887008,16.727729642,0
                103.640894678,16.7277286080001,0
                103.640902304,16.727727336,0
                103.640909883,16.727725805,0
                103.640918155,16.7277237930001,0
                103.640926361,16.7277215030001,0
                103.640934509,16.727718994,0
                103.640950644,16.727713447,0
                103.640958612,16.727710437,0
                103.640966501,16.7277072480001,0
                103.640974277,16.727703859,0
                103.640981911,16.727700208,0
                103.640989582,16.7276961270001,0
                103.640997063,16.727691749,0
                103.641004365,16.7276871080001,0
                103.641011473,16.7276822110001,0
                103.641018345,16.7276770390001,0
                103.641024939,16.7276715450001,0
                103.641031142,16.7276657620001,0
                103.64103708,16.727659697,0
                103.641042827,16.727653424,0
                103.641053926,16.7276404720001,0
                103.641069987,16.727620485,0
                103.641085475,16.727600078,0
                103.641095298,16.727586149,0
                103.641104822,16.7275713130001,0
                103.641118365,16.727548606,0
                103.641131552,16.727525686,0
                103.641148921,16.7274950090001,0
                103.641161715,16.7274718910001,0
                103.641169968,16.7274563390001,0
                103.641177296,16.727441615,0
                103.641194498,16.727405038,0
                103.641213462,16.7273656890001,0
                103.641221242,16.72735013,0
                103.641229331,16.727334947,0
                103.641233598,16.727327625,0
                103.641238091,16.7273205870001,0
                103.641242916,16.7273139650001,0
                103.641248196,16.727307915,0
                103.641271823,16.727293468,0
                103.641283176,16.727286524,0
                103.641296315,16.727284001,0
                103.641354902,16.727272756,0
                103.641446731,16.727270689,0
                103.641499032,16.727272982,0
                103.641549659,16.727280523,0
                103.64158605,16.727295326,0
                103.64160988,16.7273121530001,0
                103.641632114,16.7273376910001,0
                103.641645392,16.7273651670001,0
                103.641668347,16.727420205,0
                103.641675784,16.727436584,0
                103.641715926,16.7275250270001,0
                103.641745749,16.7275660170001,0
                103.641804712,16.727620244,0
                103.641837498,16.727635128,0
                103.641862833,16.7276397640001,0
                103.641909566,16.727635241,0
                103.641945326,16.7276240190001,0
                103.641977439,16.727609967,0
                103.642054065,16.727576437,0
                103.642086267,16.72756703,0
                103.642117044,16.7275732790001,0
                103.642149746,16.727584694,0
                103.642256284,16.7276690950001,0
                103.642285644,16.727691002,0
                103.642314831,16.7277059680001,0
                103.642354654,16.7277137520001,0
                103.642417927,16.7277227440001,0
                103.642455698,16.7277201580001,0
                103.642502342,16.7277121610001,0
                103.64253827,16.7277078810001,0
                103.642574367,16.727710539,0
                103.642650371,16.72772445,0
                103.642686673,16.7277357840001,0
                103.642739353,16.727753696,0
                103.642972269,16.7278491370001,0
                103.643012218,16.7278621240001,0
                103.643041237,16.727870152,0
                103.643071934,16.727872931,0
                103.643113389,16.727873733,0
                103.643492425,16.727828738,0
                103.643524665,16.7278210700001,0
                103.643551378,16.727808317,0
                103.643561804,16.7277924540001,0
                103.643575366,16.727757433,0
                103.643583318,16.727713851,0
                103.643591733,16.7276893580001,0
                103.643607516,16.7276716440001,0
                103.643632514,16.7276624,0
                103.643663206,16.7276651830001,0
                103.643683309,16.727676882,0
                103.64374303,16.7277623320001,0
                103.643765102,16.7277809330001,0
                103.643796047,16.727794123,0
                103.643843327,16.727812156,0
                103.643930846,16.727855317,0
                103.644007818,16.727909137,0
                103.644051961,16.727946334,0
                103.64412755,16.7280175390001,0
                103.644155316,16.728048163,0
                103.644308734,16.7282825360001,0
                103.644325738,16.7283151340001,0
                103.644349494,16.7284031340001,0
                103.644369162,16.7286196920001,0
                103.644386513,16.7287408170001,0
                103.644394302,16.7287649460001,0
                103.644407496,16.7287889520001,0
                103.644438909,16.7288212300001,0
                103.644922955,16.7293028940001,0
                103.645147727,16.729526558,0
                103.645279289,16.729668641,0
                103.645325149,16.729710816,0
                103.645439436,16.7298008220001,0
                103.645543741,16.72987563,0
                103.645631364,16.729923033,0
                103.645813095,16.7300207820001,0
                103.645974643,16.730078861,0
                103.646129271,16.7301154960001,0
                103.646448399,16.7301796080001,0
                103.646460776,16.7301820920001,0
                103.646698627,16.73021685,0
                103.64681431,16.730232759,0
                103.646898286,16.7302617280001,0
                103.646942342,16.7302858630001,0
                103.646971993,16.730310445,0
                103.646999769,16.730352026,0
                103.647014446,16.7304288490001,0
                103.647015645,16.730478201,0
                103.64701586,16.7305057310001,0
                103.647017161,16.7306725940001,0
                103.647013303,16.730777613,0
                103.647017568,16.730845543,0
                103.647032793,16.7308819040001,0
                103.647033103,16.7308823610001,0
                103.647036296,16.7308870800001,0
                103.647061715,16.730924658,0
                103.647101175,16.730966976,0
                103.647120411,16.7309800400001,0
                103.647189104,16.7310267140001,0
                103.647234744,16.731054226,0
                103.647264637,16.7310722440001,0
                103.647384543,16.7311314,0
                103.647568124,16.73120334,0
                103.647573549,16.731204651,0
                103.647608901,16.731213197,0
                103.647658307,16.731225137,0
                103.647661553,16.73122592,0
                103.647663779,16.7312258700001,0
                103.647714416,16.731224728,0
                103.647726971,16.7312241430001,0
                103.647782718,16.7312172920001,0
                103.647954925,16.731173013,0
                103.648113969,16.731136828,0
                103.648120556,16.7311353270001,0
                103.648216214,16.731117741,0
                103.648283584,16.731122392,0
                103.648323395,16.731133524,0
                103.648353836,16.7311482760001,0
                103.648385778,16.731179373,0
                103.648411513,16.731218165,0
                103.648465521,16.7313388630001,0
                103.648549633,16.731526854,0
                103.648577605,16.731567817,0
                103.648590757,16.731579488,0
                103.648641215,16.731605029,0
                103.648702334,16.7316159960001,0
                103.649018602,16.7316292940001,0
                103.649027223,16.731630249,0
                103.649038113,16.7316317790001,0
                103.649048129,16.731633559,0
                103.649056846,16.731635575,0
                103.649064958,16.7316379430001,0
                103.649072385,16.731640584,0
                103.649079671,16.731643584,0
                103.64908682,16.731646902,0
                103.649093817,16.731650517,0
                103.649100648,16.7316544290001,0
                103.649107851,16.731659021,0
                103.649114879,16.731663898,0
                103.649121771,16.7316689800001,0
                103.649135248,16.7316795790001,0
                103.649148333,16.7316906290001,0
                103.649154693,16.7316963270001,0
                103.649160892,16.7317021600001,0
                103.649166867,16.731708177,0
                103.649172557,16.731714427,0
                103.64917802,16.73172111,0
                103.649183188,16.7317280340001,0
                103.649188132,16.7317351340001,0
                103.64919292,16.7317423550001,0
                103.649197579,16.7317496740001,0
                103.649206617,16.731764507,0
                103.649215304,16.731779546,0
                103.649219488,16.7317871500001,0
                103.649223529,16.7317948250001,0
                103.649227547,16.731802906,0
                103.649231408,16.7318110630001,0
                103.649238792,16.731827525,0
                103.6492458,16.7318441200001,0
                103.649249147,16.731852469,0
                103.649252349,16.7318608570001,0
                103.649255365,16.731869295,0
                103.649258121,16.731877797,0
                103.649260434,16.731885962,0
                103.649262398,16.731894202,0
                103.649263976,16.7319023740001,0
                103.649265266,16.731910607,0
                103.649267297,16.7319272070001,0
                103.649270537,16.731960642,0
                103.649272389,16.7319773680001,0
                103.649273532,16.7319857030001,0
                103.649274903,16.731994007,0
                103.649276696,16.732002891,0
                103.649278758,16.7320117240001,0
                103.649281048,16.732020516,0
                103.649286168,16.7320379390001,0
                103.649289001,16.7320465240001,0
                103.64929206,16.7320549790001,0
                103.649295409,16.7320632330001,0
                103.649299152,16.7320711900001,0
                103.649303428,16.7320787200001,0
                103.649308429,16.732085652,0
                103.649313634,16.7320911780001,0
                103.649319456,16.732096117,0
                103.64932577,16.7321005050001,0
                103.649332482,16.732104325,0
                103.649339544,16.7321075190001,0
                103.649346454,16.7321098690001,0
                103.649353568,16.732111579,0
                103.649360816,16.7321126140001,0
                103.649369046,16.7321129160001,0
                103.649377295,16.732112387,0
                103.649385481,16.7321110660001,0
                103.649393522,16.7321089380001,0
                103.649400939,16.7321061430001,0
                103.649408181,16.732102738,0
                103.649415272,16.732098873,0
                103.649422233,16.7320946510001,0
                103.64942908,16.73209016,0
                103.649435814,16.732085447,0
                103.64944243,16.7320805420001,0
                103.649448921,16.732075455,0
                103.649455973,16.73206959,0
                103.649469711,16.7320574250001,0
                103.649483156,16.7320449700001,0
                103.649542908,16.731988668,0
                103.649569894,16.7319638590001,0
                103.649617325,16.7319206760001,0
                103.649630958,16.7319084370001,0
                103.649644751,16.731896411,0
                103.649651756,16.731890547,0
                103.649658877,16.7318848470001,0
                103.649666163,16.731879377,0
                103.649672212,16.731875175,0
                103.649678407,16.73187119,0
                103.649684757,16.731867445,0
                103.649691901,16.731863633,0
                103.649699196,16.731860066,0
                103.649706603,16.7318566760001,0
                103.649721612,16.731850239,0
                103.649736476,16.731844224,0
                103.649743981,16.731841391,0
                103.649751551,16.7318387450001,0
                103.64975954,16.7318362350001,0
                103.64976761,16.731833952,0
                103.64977574,16.731831867,0
                103.649783927,16.7318299560001,0
                103.64979216,16.731828228,0
                103.649809897,16.731825101,0
                103.649818808,16.7318237640001,0
                103.649836682,16.73182145,0
                103.649854583,16.7318196890001,0
                103.649863541,16.7318191040001,0
                103.649872501,16.731818807,0
                103.649881506,16.7318188560001,0
                103.649890506,16.73181923,0
                103.649899494,16.7318198880001,0
                103.649908456,16.731820817,0
                103.649917387,16.7318220400001,0
                103.649925744,16.7318234700001,0
                103.649942377,16.7318269030001,0
                103.649975516,16.731834647,0
                103.649992123,16.731838365,0
                103.650009601,16.731841735,0
                103.650027958,16.7318446830001,0
                103.650074026,16.731851265,0
                103.650092418,16.7318541180001,0
                103.650109824,16.731857183,0
                103.650161912,16.731867046,0
                103.650179327,16.731869943,0
                103.650188067,16.7318711570001,0
                103.650196956,16.7318721780001,0
                103.650214796,16.7318736870001,0
                103.650232679,16.731874653,0
                103.650250568,16.7318750790001,0
                103.650259501,16.7318750220001,0
                103.650268419,16.731874717,0
                103.650275597,16.7318742480001,0
                103.650289912,16.731872749,0
                103.650297035,16.7318717320001,0
                103.650306184,16.7318701680001,0
                103.650324397,16.73186644,0
                103.650342533,16.7318622220001,0
                103.650360611,16.7318577030001,0
                103.650386775,16.731850631,0
                103.65040386,16.7318457160001,0
                103.650420866,16.7318406040001,0
                103.650437742,16.7318351750001,0
                103.650446101,16.7318322680001,0
                103.650454375,16.73182917,0
                103.650462504,16.731825858,0
                103.650470549,16.7318223410001,0
                103.650531223,16.731787103,0
                103.650562863,16.7317693740001,0
                103.650732437,16.731674331,0
                103.650738178,16.7316711140001,0
                103.65074896,16.731665736,0
                103.650855417,16.7316126440001,0
                103.650951442,16.731564749,0
                103.650996617,16.731547129,0
                103.651049895,16.7315293250001,0
                103.651055655,16.731527866,0
                103.651105712,16.731515179,0
                103.651113345,16.731513244,0
                103.651258543,16.7314813140001,0
                103.6513067,16.7314657310001,0
                103.651316683,16.7314613,0
                103.651341465,16.7314495580001,0
                103.651357764,16.731441343,0
                103.651365799,16.7314370600001,0
                103.651373722,16.731432608,0
                103.651381486,16.731427925,0
                103.651388922,16.731423056,0
                103.651396203,16.7314179700001,0
                103.651403378,16.731412719,0
                103.651417513,16.731401911,0
                103.651445405,16.7313797190001,0
                103.651480034,16.7313516130001,0
                103.651522234,16.731316513,0
                103.651536196,16.731304713,0
                103.651549943,16.731292755,0
                103.651556653,16.7312866720001,0
                103.651563182,16.731280462,0
                103.651569449,16.731274087,0
                103.651575351,16.7312674630001,0
                103.651580734,16.731260509,0
                103.651585171,16.7312536790001,0
                103.651589123,16.73124654,0
                103.651592681,16.7312391670001,0
                103.651595903,16.731231607,0
                103.651598807,16.731223888,0
                103.651601218,16.731216649,0
                103.651603397,16.7312093200001,0
                103.651605379,16.731201915,0
                103.651607162,16.7311944470001,0
                103.651608968,16.731185828,0
                103.651610577,16.7311771560001,0
                103.651613324,16.731159695,0
                103.651615503,16.731142144,0
                103.651616318,16.731133341,0
                103.651616871,16.731124525,0
                103.651617104,16.7311156540001,0
                103.651617024,16.7311067850001,0
                103.651616641,16.7310979370001,0
                103.651615917,16.731089132,0
                103.651614792,16.7310804000001,0
                103.651613166,16.7310717820001,0
                103.651611005,16.7310635370001,0
                103.651608348,16.731055457,0
                103.651605289,16.7310475520001,0
                103.651601874,16.731039868,0
                103.651598112,16.7310324790001,0
                103.651593975,16.731025478,0
                103.651589392,16.731019014,0
                103.651584257,16.731013284,0
                103.651578407,16.7310085440001,0
                103.651571504,16.7310049270001,0
                103.651563878,16.7310023810001,0
                103.651555734,16.731000658,0
                103.651547237,16.730999592,0
                103.65153851,16.7309990860001,0
                103.651529651,16.730999092,0
                103.651520739,16.730999636,0
                103.651511846,16.731000792,0
                103.651503845,16.7310024290001,0
                103.651495907,16.731004537,0
                103.651488034,16.7310070090001,0
                103.651480223,16.7310097590001,0
                103.651472475,16.731012747,0
                103.651464801,16.7310159350001,0
                103.651457217,16.731019325,0
                103.651449731,16.7310229190001,0
                103.651441485,16.7310272070001,0
                103.651433362,16.7310317220001,0
                103.651417437,16.7310412410001,0
                103.651401903,16.731051296,0
                103.651394313,16.7310565510001,0
                103.651386872,16.731061988,0
                103.651379871,16.731067438,0
                103.65137299,16.7310730340001,0
                103.651352603,16.731090081,0
                103.65134574,16.731095645,0
                103.651338765,16.731101031,0
                103.651331616,16.7311061410001,0
                103.651326763,16.73110932,0
                103.651321807,16.7311123170001,0
                103.651314845,16.731116125,0
                103.651307717,16.731119612,0
                103.651300441,16.7311227880001,0
                103.65129304,16.7311256410001,0
                103.651285518,16.7311281410001,0
                103.651279585,16.731129803,0
                103.65127359,16.7311312050001,0
                103.651267531,16.731132329,0
                103.651258689,16.7311334250001,0
                103.651249764,16.731134001,0
                103.651240781,16.731134136,0
                103.651231779,16.7311338750001,0
                103.651223636,16.7311333100001,0
                103.651215495,16.7311324890001,0
                103.651207368,16.7311314460001,0
                103.651199255,16.7311302050001,0
                103.65119117,16.7311287740001,0
                103.651182271,16.7311269690001,0
                103.6511734,16.731124988,0
                103.651146915,16.7311184320001,0
                103.651120518,16.7311114780001,0
                103.651094194,16.731104261,0
                103.651076729,16.7310991470001,0
                103.651059353,16.7310936210001,0
                103.651033411,16.731084809,0
                103.651016188,16.731078661,0
                103.650999101,16.7310721690001,0
                103.650990672,16.7310687080001,0
                103.650982373,16.731065023,0
                103.650974742,16.73106131,0
                103.650967288,16.731057359,0
                103.65096003,16.7310531860001,0
                103.650953023,16.7310487880001,0
                103.650946338,16.731044125,0
                103.65094008,16.731039154,0
                103.650934402,16.7310337970001,0
                103.650929498,16.7310279440001,0
                103.650925386,16.7310212090001,0
                103.650922225,16.7310139460001,0
                103.650919934,16.7310063080001,0
                103.650918488,16.730998395,0
                103.650918078,16.7309940270001,0
                103.65091792,16.730989618,0
                103.650918231,16.730981457,0
                103.650919206,16.7309732590001,0
                103.650920757,16.7309650920001,0
                103.650922834,16.7309570040001,0
                103.650925457,16.730949062,0
                103.650928693,16.7309413300001,0
                103.650931162,16.7309364700001,0
                103.650933909,16.730931734,0
                103.65093806,16.73092546,0
                103.650942571,16.7309193680001,0
                103.650947347,16.73091341,0
                103.650952304,16.730907551,0
                103.650962533,16.730895989,0
                103.650980051,16.730876725,0
                103.650997809,16.7308577050001,0
                103.651010174,16.7308450890001,0
                103.651023055,16.7308325110001,0
                103.651049148,16.730807735,0
                103.651081965,16.730777043,0
                103.651095202,16.7307648990001,0
                103.651108613,16.7307529400001,0
                103.651122324,16.73074124,0
                103.651136213,16.7307297310001,0
                103.65118525,16.73068991,0
                103.651220432,16.730661652,0
                103.651241788,16.7306450070001,0
                103.65124901,16.730639593,0
                103.651263385,16.730629235,0
                103.65127794,16.7306191120001,0
                103.651307294,16.7305991580001,0
                103.651351482,16.7305694390001,0
                103.651380994,16.7305498060001,0
                103.651410518,16.730530506,0
                103.651432763,16.730516175,0
                103.651481838,16.730485414,0
                103.651496329,16.7304759730001,0
                103.65151163,16.7304655890001,0
                103.651526824,16.730455046,0
                103.651556995,16.730433681,0
                103.65157182,16.7304227670001,0
                103.651579076,16.7304171860001,0
                103.651586154,16.7304114680001,0
                103.65159298,16.7304055540001,0
                103.651599458,16.7303993680001,0
                103.651605436,16.7303928010001,0
                103.651610469,16.730386246,0
                103.651615059,16.730379359,0
                103.651619305,16.7303722130001,0
                103.65162329,16.73036488,0
                103.651627066,16.730357403,0
                103.651630656,16.730349817,0
                103.651634081,16.7303421450001,0
                103.651637321,16.7303343950001,0
                103.65164035,16.7303265740001,0
                103.651643114,16.730318669,0
                103.651645539,16.730310672,0
                103.651647631,16.7303022410001,0
                103.651649369,16.7302937150001,0
                103.65165083,16.7302851220001,0
                103.651653174,16.730267815,0
                103.651654903,16.7302504140001,0
                103.651655533,16.7302416960001,0
                103.651655971,16.7302329680001,0
                103.651656182,16.730224508,0
                103.651656121,16.730207579,0
                103.651655644,16.730190651,0
                103.651654339,16.7301652730001,0
                103.651653014,16.730147904,0
                103.65165147,16.730130549,0
                103.651645616,16.7300698540001,0
                103.651643253,16.730043832,0
                103.65164138,16.7300177720001,0
                103.651640652,16.730000336,0
                103.651640237,16.7299828750001,0
                103.651640032,16.7299654,0
                103.651640056,16.7299479280001,0
                103.651640448,16.7299309270001,0
                103.65164131,16.729914437,0
                103.651641971,16.7299062320001,0
                103.651642839,16.729898072,0
                103.65164398,16.7298899690001,0
                103.651645483,16.7298819530001,0
                103.651647404,16.729874184,0
                103.6516498,16.7298665440001,0
                103.651652403,16.7298597060001,0
                103.65165535,16.729852973,0
                103.651658576,16.729846342,0
                103.651662037,16.729839796,0
                103.651665711,16.729833335,0
                103.6516698,16.729826599,0
                103.651674063,16.729819944,0
                103.651682988,16.7298068430001,0
                103.651692363,16.7297940240001,0
                103.651697938,16.729786844,0
                103.65170366,16.729779787,0
                103.651709526,16.7297728570001,0
                103.651715559,16.729766082,0
                103.651721799,16.7297595090001,0
                103.651728302,16.7297532010001,0
                103.651734411,16.729747816,0
                103.651740736,16.729742661,0
                103.651747239,16.729737701,0
                103.651753886,16.7297329030001,0
                103.651760664,16.729728261,0
                103.651767562,16.7297237830001,0
                103.651774582,16.7297194820001,0
                103.651782388,16.7297150150001,0
                103.651790311,16.729710739,0
                103.65180641,16.7297025820001,0
                103.651822728,16.7296948220001,0
                103.651830955,16.729691093,0
                103.651847581,16.729684042,0
                103.651856011,16.7296808140001,0
                103.651864467,16.7296778740001,0
                103.651873013,16.729675157,0
                103.65189029,16.729670259,0
                103.651907779,16.7296659840001,0
                103.651934278,16.729660419,0
                103.65196091,16.729655463,0
                103.651978718,16.729652587,0
                103.651987641,16.729651367,0
                103.651995627,16.7296504610001,0
                103.652011621,16.729649153,0
                103.652019621,16.7296487830001,0
                103.652027616,16.7296486390001,0
                103.652035604,16.7296487740001,0
                103.652044636,16.7296493100001,0
                103.652053648,16.7296501920001,0
                103.652062643,16.729651355,0
                103.652071612,16.7296527570001,0
                103.652080557,16.729654376,0
                103.652089395,16.729656192,0
                103.652107007,16.7296602380001,0
                103.652142081,16.7296691060001,0
                103.652177056,16.7296783460001,0
                103.652203162,16.7296856350001,0
                103.652220467,16.729690942,0
                103.652246293,16.7296995950001,0
                103.652280533,16.729711695,0
                103.652306114,16.729721065,0
                103.652331514,16.729730913,0
                103.652382005,16.7297522430001,0
                103.652390498,16.7297556340001,0
                103.652399066,16.7297588480001,0
                103.652407392,16.729761721,0
                103.652415792,16.729764398,0
                103.652432759,16.7297692390001,0
                103.652441311,16.7297713940001,0
                103.65244989,16.729773337,0
                103.652458505,16.7297750000001,0
                103.652467148,16.7297763060001,0
                103.652475813,16.7297771240001,0
                103.652482371,16.729777337,0
                103.652488926,16.7297771890001,0
                103.652496129,16.729776616,0
                103.652503295,16.7297756470001,0
                103.652510406,16.7297743190001,0
                103.652517429,16.7297726420001,0
                103.652525611,16.7297701950001,0
                103.65253361,16.7297673100001,0
                103.65254137,16.7297640240001,0
                103.652548825,16.729760336,0
                103.652555868,16.729756201,0
                103.652562359,16.7297515340001,0
                103.652568109,16.7297462020001,0
                103.652572835,16.7297402680001,0
                103.652576806,16.729733723,0
                103.652580149,16.729726725,0
                103.652582936,16.729719378,0
                103.652585197,16.729711777,0
                103.652586902,16.729703977,0
                103.652587934,16.729696787,0
                103.652588525,16.729689525,0
                103.652588708,16.7296822280001,0
                103.652588488,16.729674931,0
                103.652587839,16.72966768,0
                103.652586758,16.729660714,0
                103.652585216,16.729653861,0
                103.652583187,16.729647164,0
                103.65258046,16.729640252,0
                103.652577187,16.729633592,0
                103.652573412,16.7296272140001,0
                103.652569134,16.7296211670001,0
                103.652564315,16.7296155290001,0
                103.652558134,16.7296096640001,0
                103.652551374,16.729604286,0
                103.652544203,16.729599265,0
                103.652536739,16.729594498,0
                103.652529077,16.7295899150001,0
                103.652521279,16.729585458,0
                103.652505463,16.7295767730001,0
                103.652433844,16.72953854,0
                103.652386498,16.7295128210001,0
                103.652348334,16.7294913260001,0
                103.652325746,16.7294782280001,0
                103.652310799,16.7294693160001,0
                103.652288734,16.729455463,0
                103.652259731,16.729436348,0
                103.652230944,16.729416886,0
                103.65221673,16.729406935,0
                103.65220973,16.729401841,0
                103.652202844,16.7293966240001,0
                103.652196117,16.729391245,0
                103.652189614,16.7293856320001,0
                103.6521834,16.729379755,0
                103.652177414,16.729373642,0
                103.652171624,16.729367355,0
                103.652166,16.7293609230001,0
                103.652160536,16.7293543760001,0
                103.652155247,16.7293477200001,0
                103.652150162,16.729340961,0
                103.652145345,16.7293340840001,0
                103.652140881,16.729327067,0
                103.652136893,16.7293198690001,0
                103.652133537,16.7293124400001,0
                103.652131128,16.729305336,0
                103.652129299,16.7292980400001,0
                103.652127935,16.729290597,0
                103.652126961,16.729283047,0
                103.652126336,16.729275425,0
                103.652126051,16.7292677560001,0
                103.652126108,16.7292600650001,0
                103.652126627,16.729251214,0
                103.652127582,16.7292423810001,0
                103.652128925,16.7292335830001,0
                103.652130664,16.7292248540001,0
                103.652132849,16.729216223,0
                103.652135201,16.729208687,0
                103.652137906,16.729201248,0
                103.652140927,16.7291939040001,0
                103.652144609,16.729185848,0
                103.652148551,16.729177889,0
                103.652156916,16.72916215,0
                103.652178659,16.72912317,0
                103.652187143,16.7291075000001,0
                103.652195168,16.7290916470001,0
                103.6521988,16.7290838710001,0
                103.652202296,16.72907603,0
                103.652208989,16.7290602300001,0
                103.652231358,16.729004451,0
                103.652241387,16.7289801950001,0
                103.652248617,16.7289635710001,0
                103.652256092,16.728947041,0
                103.652263927,16.7289306640001,0
                103.652267948,16.7289227310001,0
                103.652272089,16.7289148570001,0
                103.652280639,16.728899276,0
                103.652289576,16.728883984,0
                103.652294245,16.728876513,0
                103.652299101,16.7288692230001,0
                103.652304221,16.7288621930001,0
                103.6523097,16.72885552,0
                103.652315673,16.728849332,0
                103.652321836,16.728844064,0
                103.652328441,16.7288392450001,0
                103.652335386,16.72883477,0
                103.652342581,16.728830569,0
                103.652349973,16.7288265930001,0
                103.652357515,16.7288228080001,0
                103.652365188,16.72881921,0
                103.652372973,16.7288158060001,0
                103.652380876,16.728812631,0
                103.652388985,16.728809671,0
                103.652405456,16.7288043190001,0
                103.652422126,16.7287994490001,0
                103.652438892,16.728794887,0
                103.652455726,16.7287906350001,0
                103.652464178,16.7287886730001,0
                103.652479217,16.728785589,0
                103.652492411,16.728783429,0
                103.652500968,16.728782326,0
                103.652509557,16.728781402,0
                103.652526782,16.7287799220001,0
                103.652544051,16.7287787340001,0
                103.65256998,16.7287772390001,0
                103.652595921,16.7287760130001,0
                103.652614237,16.7287753740001,0
                103.652641711,16.7287747,0
                103.652660023,16.7287744440001,0
                103.652678327,16.728774446,0
                103.652687475,16.728774609,0
                103.65270605,16.7287753520001,0
                103.652724619,16.728776452,0
                103.652761734,16.728779081,0
                103.653095747,16.728803876,0
                103.653123589,16.728805799,0
                103.653151453,16.7288073290001,0
                103.653178574,16.728808105,0
                103.653205718,16.7288084480001,0
                103.653232873,16.728808493,0
                103.653259709,16.7288081080001,0
                103.653322038,16.728806376,0
                103.653357716,16.728805079,0
                103.653375508,16.728804042,0
                103.653384359,16.728803306,0
                103.653393489,16.7288023150001,0
                103.653402548,16.728801092,0
                103.653411508,16.7287996370001,0
                103.653420325,16.7287979010001,0
                103.653428947,16.7287958260001,0
                103.653437292,16.728793303,0
                103.653445252,16.728790185,0
                103.653452683,16.7287862580001,0
                103.653459376,16.7287814370001,0
                103.653465522,16.7287758260001,0
                103.653471246,16.728769621,0
                103.653476609,16.72876296,0
                103.653481658,16.72875594,0
                103.653486406,16.728748635,0
                103.653490975,16.7287408920001,0
                103.653503881,16.728717063,0
                103.65350826,16.728709211,0
                103.653512859,16.7287015530001,0
                103.653517812,16.728694207,0
                103.653523281,16.7286873090001,0
                103.65352818,16.728682163,0
                103.653533461,16.7286773660001,0
                103.653539059,16.728672881,0
                103.653544926,16.728668687,0
                103.653551028,16.7286647760001,0
                103.65355745,16.7286611070001,0
                103.653564072,16.7286577520001,0
                103.653570884,16.728654727,0
                103.653578017,16.7286520060001,0
                103.653585303,16.7286496200001,0
                103.653592713,16.728647541,0
                103.653600229,16.728645762,0
                103.653608311,16.7286441960001,0
                103.65361647,16.728642903,0
                103.653624681,16.7286418250001,0
                103.653641205,16.728640195,0
                103.653657787,16.7286392250001,0
                103.653666399,16.728639017,0
                103.653683593,16.7286391650001,0
                103.653692152,16.728639518,0
                103.653700669,16.7286400780001,0
                103.653709132,16.728640892,0
                103.653717515,16.7286420410001,0
                103.65372587,16.7286436150001,0
                103.653734092,16.728645665,0
                103.65374261,16.728648376,0
                103.653751021,16.728651472,0
                103.65377738,16.728661672,0
                103.653809711,16.7286730170001,0
                103.653818416,16.7286762590001,0
                103.653835684,16.728683126,0
                103.653852784,16.7286903670001,0
                103.653861253,16.7286941240001,0
                103.653869641,16.7286980000001,0
                103.65387792,16.7287020320001,0
                103.65388605,16.728706271,0
                103.653893967,16.728710802,0
                103.653901585,16.7287157280001,0
                103.653908498,16.7287208590001,0
                103.653915143,16.728726357,0
                103.653921588,16.7287321160001,0
                103.653927889,16.7287380760001,0
                103.653934081,16.728744184,0
                103.653946239,16.7287567060001,0
                103.653958155,16.7287695220001,0
                103.653964011,16.728776042,0
                103.653970026,16.728782933,0
                103.653981799,16.7287969340001,0
                103.653993181,16.728811217,0
                103.653998643,16.728818486,0
                103.654003579,16.7288254380001,0
                103.654008264,16.7288324940001,0
                103.65401263,16.7288396750001,0
                103.654016574,16.7288470010001,0
                103.654019951,16.7288545010001,0
                103.654022398,16.728861432,0
                103.654024291,16.728868489,0
                103.654025662,16.7288756250001,0
                103.654026496,16.7288827950001,0
                103.65402674,16.728889956,0
                103.6540263,16.7288970650001,0
                103.65402496,16.7289046540001,0
                103.654022825,16.7289121040001,0
                103.654020008,16.72891937,0
                103.654016568,16.7289264120001,0
                103.654012508,16.728933152,0
                103.654009287,16.728937624,0
                103.654005742,16.728941891,0
                103.653999985,16.7289477320001,0
                103.653993686,16.728953184,0
                103.653987006,16.7289583510001,0
                103.653980045,16.7289633130001,0
                103.653972893,16.728968131,0
                103.653936074,16.7289915710001,0
                103.653921288,16.7290013840001,0
                103.65391402,16.729006425,0
                103.653906871,16.729011572,0
                103.65389989,16.7290168500001,0
                103.653893132,16.7290222940001,0
                103.653886693,16.729027961,0
                103.653880696,16.729033916,0
                103.653875312,16.729040248,0
                103.653871011,16.7290465300001,0
                103.653867379,16.7290531520001,0
                103.653864421,16.7290600380001,0
                103.653862199,16.7290671430001,0
                103.653860818,16.7290742010001,0
                103.65386022,16.7290813450001,0
                103.653860284,16.7290862880001,0
                103.653860726,16.729091209,0
                103.653861899,16.7290976780001,0
                103.653863685,16.7291040060001,0
                103.653866042,16.7291101370001,0
                103.653868973,16.7291160070001,0
                103.653873215,16.729122519,0
                103.653878233,16.7291284460001,0
                103.653884029,16.729133656,0
                103.653890111,16.7291377560001,0
                103.65389673,16.7291412210001,0
                103.653903753,16.729144164,0
                103.653911083,16.729146658,0
                103.653918631,16.7291487370001,0
                103.653926353,16.72915041,0
                103.653934204,16.7291516390001,0
                103.65394314,16.729152474,0
                103.653952158,16.729152829,0
                103.653961222,16.7291528100001,0
                103.653970303,16.7291524780001,0
                103.653979377,16.729151863,0
                103.65398842,16.729150965,0
                103.653997419,16.7291497520001,0
                103.654004588,16.7291485220001,0
                103.654011714,16.729147085,0
                103.654018804,16.7291454690001,0
                103.654027651,16.7291432230001,0
                103.654036446,16.729140794,0
                103.654053921,16.7291355630001,0
                103.654071271,16.7291300140001,0
                103.654088489,16.729124185,0
                103.654097035,16.729121134,0
                103.654105527,16.7291179540001,0
                103.65412205,16.729111271,0
                103.654146569,16.729100643,0
                103.654203423,16.7290751140001,0
                103.654235812,16.729060356,0
                103.654259876,16.7290488730001,0
                103.654275189,16.729040932,0
                103.654289766,16.729032724,0
                103.654296945,16.7290284470001,0
                103.654311031,16.729019484,0
                103.6543179,16.729014749,0
                103.654325009,16.7290095180001,0
                103.654331988,16.7290041140001,0
                103.654366339,16.728976339,0
                103.654373343,16.7289710330001,0
                103.654380489,16.7289659900001,0
                103.654387841,16.728961321,0
                103.654395347,16.728957199,0
                103.654403085,16.7289536070001,0
                103.654411044,16.7289506020001,0
                103.654419475,16.7289481940001,0
                103.654428073,16.7289464890001,0
                103.654436792,16.728945513,0
                103.654444173,16.728945292,0
                103.654451575,16.728945567,0
                103.654458979,16.728946287,0
                103.654466346,16.728947428,0
                103.654473653,16.7289489980001,0
                103.65448141,16.7289511760001,0
                103.654489056,16.7289537940001,0
                103.654496594,16.7289567830001,0
                103.65450401,16.728960118,0
                103.654511132,16.7289636890001,0
                103.65451812,16.728967534,0
                103.654524974,16.728971625,0
                103.654531675,16.728975963,0
                103.6545382,16.728980553,0
                103.654544954,16.7289857370001,0
                103.654551545,16.7289911280001,0
                103.654571043,16.729007531,0
                103.654577648,16.7290127370001,0
                103.654584423,16.729017619,0
                103.654591444,16.7290220130001,0
                103.654598829,16.729025817,0
                103.65460647,16.729028998,0
                103.654614293,16.729031584,0
                103.654622237,16.729033541,0
                103.654630247,16.7290347850001,0
                103.654638274,16.7290351710001,0
                103.654646845,16.729034482,0
                103.654655323,16.7290328120001,0
                103.654663645,16.7290303250001,0
                103.65467172,16.7290271100001,0
                103.65467944,16.729023172,0
                103.654686679,16.729018447,0
                103.654692575,16.729013545,0
                103.654698065,16.7290080930001,0
                103.654703222,16.729002221,0
                103.654708114,16.728996034,0
                103.65471278,16.7289896090001,0
                103.654717236,16.7289829870001,0
                103.654721491,16.7289762020001,0
                103.654725528,16.7289692730001,0
                103.654729703,16.7289615070001,0
                103.654733661,16.72895362,0
                103.654741168,16.728937634,0
                103.654762769,16.728889354,0
                103.654770245,16.7288734590001,0
                103.654778197,16.728857869,0
                103.654786714,16.7288426440001,0
                103.654791191,16.7288351510001,0
                103.654795834,16.7288277490001,0
                103.654800345,16.7288209000001,0
                103.654809708,16.7288073820001,0
                103.654828932,16.728780585,0
                103.654838431,16.728767073,0
                103.654847992,16.7287528530001,0
                103.654862587,16.728730577,0
                103.654867606,16.728723261,0
                103.654872825,16.7287160980001,0
                103.654877798,16.72870977,0
                103.654882986,16.728703631,0
                103.654888375,16.7286976990001,0
                103.654893977,16.728692015,0
                103.654899805,16.728686641,0
                103.654905901,16.728681658,0
                103.65491309,16.7286766730001,0
                103.654920649,16.7286724140001,0
                103.65492857,16.728669021,0
                103.654935782,16.728666875,0
                103.654943198,16.7286654280001,0
                103.654950723,16.7286645950001,0
                103.654958295,16.728664339,0
                103.654965838,16.728664673,0
                103.654973286,16.72866565,0
                103.654980555,16.7286673790001,0
                103.654987577,16.7286699380001,0
                103.654994365,16.7286732150001,0
                103.655000923,16.7286770650001,0
                103.655007249,16.728681393,0
                103.655013333,16.7286861330001,0
                103.655019127,16.728691257,0
                103.65502458,16.728696778,0
                103.655030335,16.7287035530001,0
                103.655035697,16.72871072,0
                103.655040784,16.72871816,0
                103.655045689,16.7287257790001,0
                103.655060053,16.728749001,0
                103.655064945,16.728756661,0
                103.65506978,16.728763863,0
                103.65507481,16.7287708800001,0
                103.655080088,16.728777644,0
                103.655085688,16.728784062,0
                103.655091699,16.7287900200001,0
                103.655097648,16.7287949660001,0
                103.655103959,16.7287994430001,0
                103.65511055,16.7288034860001,0
                103.655117378,16.7288070820001,0
                103.655124395,16.728810191,0
                103.655131572,16.728812734,0
                103.655138769,16.7288145680001,0
                103.655146037,16.7288156880001,0
                103.655153318,16.728816002,0
                103.655157728,16.728815744,0
                103.655164643,16.7288146510001,0
                103.655171437,16.728812825,0
                103.655178066,16.7288103450001,0
                103.65518447,16.7288072710001,0
                103.655190578,16.7288036080001,0
                103.655196501,16.7287992190001,0
                103.655202075,16.7287943150001,0
                103.655207329,16.7287889950001,0
                103.655212271,16.7287833300001,0
                103.655216893,16.728777366,0
                103.655221152,16.7287711180001,0
                103.655225478,16.728763768,0
                103.65522939,16.7287561520001,0
                103.655232966,16.728748346,0
                103.655236257,16.728740397,0
                103.655239289,16.7287323410001,0
                103.655242052,16.7287241970001,0
                103.655244522,16.7287159700001,0
                103.655246645,16.728707651,0
                103.655248241,16.7287000200001,0
                103.655249589,16.728692331,0
                103.655253131,16.7286691240001,0
                103.655256269,16.728651217,0
                103.655258083,16.728642328,0
                103.6552601,16.7286335110001,0
                103.655262367,16.7286247970001,0
                103.655264575,16.728617323,0
                103.655266955,16.7286099630001,0
                103.655269709,16.728602027,0
                103.65527266,16.7285943160001,0
                103.655275909,16.728586927,0
                103.65527959,16.7285800010001,0
                103.655283863,16.728573721,0
                103.655288956,16.728568319,0
                103.655295076,16.72856397,0
                103.655302028,16.728560519,0
                103.655309585,16.728557747,0
                103.655317589,16.728555493,0
                103.655325917,16.7285536370001,0
                103.655334468,16.7285521100001,0
                103.655343185,16.7285508630001,0
                103.655352017,16.7285499010001,0
                103.65536106,16.7285492010001,0
                103.655379288,16.728548398,0
                103.655397596,16.728548002,0
                103.65549807,16.7285467510001,0
                103.655525417,16.72854662,0
                103.655543635,16.7285469710001,0
                103.655552734,16.72854741,0
                103.655569075,16.728548803,0
                103.655585369,16.728550824,0
                103.655593487,16.7285520470001,0
                103.65560157,16.7285534280001,0
                103.655610533,16.728555177,0
                103.655619431,16.7285571310001,0
                103.655628235,16.7285592900001,0
                103.655636924,16.728561685,0
                103.655645432,16.728564364,0
                103.655653697,16.7285674140001,0
                103.655661613,16.728570958,0
                103.65566905,16.728575167,0
                103.655675661,16.7285800070001,0
                103.655681763,16.7285854850001,0
                103.655687409,16.728591452,0
                103.65569262,16.7285977980001,0
                103.655697375,16.728604456,0
                103.655701595,16.7286113920001,0
                103.655705161,16.728618586,0
                103.655707897,16.7286260610001,0
                103.655709562,16.728633357,0
                103.655710455,16.72864085,0
                103.655710716,16.728648489,0
                103.655710417,16.728656217,0
                103.655709546,16.7286646430001,0
                103.655708241,16.728673101,0
                103.655706628,16.7286815840001,0
                103.6557048,16.7286900720001,0
                103.655700755,16.7287070530001,0
                103.655687768,16.7287579320001,0
                103.65568362,16.728774893,0
                103.655679852,16.728791894,0
                103.655678216,16.728800414,0
                103.655676843,16.728808959,0
                103.655675817,16.728817533,0
                103.655675264,16.7288253790001,0
                103.655675034,16.728833245,0
                103.655675071,16.7288411230001,0
                103.655675352,16.7288489960001,0
                103.655675866,16.7288568590001,0
                103.655676622,16.728864689,0
                103.655677658,16.728872472,0
                103.655678983,16.728880024,0
                103.655680634,16.7288874870001,0
                103.655682622,16.728894816,0
                103.655685004,16.7289019830001,0
                103.655687858,16.7289089180001,0
                103.655690934,16.728914979,0
                103.655694461,16.728920772,0
                103.655698435,16.7289262670001,0
                103.655702873,16.728931404,0
                103.655708524,16.728936789,0
                103.655714683,16.728941734,0
                103.655721226,16.728946324,0
                103.655728066,16.728950609,0
                103.655735138,16.728954619,0
                103.655742405,16.728958349,0
                103.655749846,16.728961778,0
                103.655757456,16.7289648510001,0
                103.655765267,16.728967519,0
                103.655773228,16.7289697730001,0
                103.655781304,16.728971619,0
                103.655788872,16.728972949,0
                103.655796502,16.728973953,0
                103.655804177,16.7289746590001,0
                103.655811882,16.7289750750001,0
                103.655819598,16.7289751980001,0
                103.655828335,16.7289749650001,0
                103.655837069,16.7289744070001,0
                103.655845796,16.728973597,0
                103.655854509,16.7289725800001,0
                103.655871866,16.7289700060001,0
                103.655880496,16.7289684360001,0
                103.65588966,16.7289665340001,0
                103.655898782,16.7289644530001,0
                103.655916943,16.728959941,0
                103.655944042,16.728952699,0
                103.655961998,16.7289476060001,0
                103.655970914,16.728944934,0
                103.65597977,16.7289421290001,0
                103.655988543,16.7289391360001,0
                103.655997197,16.728935876,0
                103.656004624,16.7289327600001,0
                103.656011942,16.7289294080001,0
                103.656019153,16.728925846,0
                103.65602626,16.728922089,0
                103.656033255,16.7289181310001,0
                103.656040829,16.7289135340001,0
                103.656055645,16.728903797,0
                103.656070183,16.7288936150001,0
                103.656084527,16.7288831500001,0
                103.656098431,16.7288726350001,0
                103.656119053,16.7288565970001,0
                103.656132611,16.7288457340001,0
                103.656145887,16.728834616,0
                103.656152348,16.7288289040001,0
                103.656158623,16.728823033,0
                103.656164654,16.728816943,0
                103.656170671,16.728810271,0
                103.656176415,16.7288033670001,0
                103.656181973,16.7287962950001,0
                103.656192707,16.7287818190001,0
                103.656239546,16.728715354,0
                103.65625024,16.7287007790001,0
                103.656260845,16.7286869590001,0
                103.656277106,16.7286664750001,0
                103.656293553,16.728646122,0
                103.656337753,16.728592108,0
                103.656354654,16.72857198,0
                103.656389184,16.7285317560001,0
                103.65640616,16.7285114310001,0
                103.656416332,16.7284986400001,0
                103.656431143,16.728479131,0
                103.656441225,16.7284651640001,0
                103.656451566,16.728450277,0
                103.656461739,16.7284352770001,0
                103.656476774,16.7284126390001,0
                103.656495645,16.7283834470001,0
                103.656547146,16.7283029130001,0
                103.656561064,16.7282808730001,0
                103.656570143,16.728266069,0
                103.656582638,16.7282445970001,0
                103.656590579,16.728230094,0
                103.656598056,16.72821537,0
                103.656601675,16.7282076220001,0
                103.656605142,16.7281998,0
                103.656611766,16.7281840270001,0
                103.656621214,16.728160159,0
                103.656630092,16.7281361280001,0
                103.656635391,16.7281199760001,0
                103.65663771,16.7281118240001,0
                103.65663969,16.728103612,0
                103.656640009,16.7281019230001,0
                103.656647128,16.7280142560001,0
                103.656651202,16.727964065,0
                103.656648515,16.72792767,0
                103.656640636,16.727900069,0
                103.656625472,16.7278691670001,0
                103.656603146,16.7278401610001,0
                103.656586478,16.7278214400001,0
                103.656566295,16.727806274,0
                103.656531745,16.7277931670001,0
                103.656500969,16.7277869160001,0
                103.656450426,16.7277828520001,0
                103.656431427,16.727781758,0
                103.65638548,16.727779109,0
                103.656356461,16.7277710880001,0
                103.656330789,16.7277525700001,0
                103.656310348,16.727726993,0
                103.656303101,16.727699468,0
                103.656299046,16.727684072,0
                103.656297594,16.727676505,0
                103.65629643,16.7276688470001,0
                103.656295569,16.727661127,0
                103.656295093,16.7276546470001,0
                103.656294827,16.72764814,0
                103.656294755,16.7276401770001,0
                103.656294916,16.727632204,0
                103.656295284,16.727624231,0
                103.656295843,16.7276162590001,0
                103.656296673,16.7276075230001,0
                103.656298888,16.727590101,0
                103.656300244,16.727581426,0
                103.656303193,16.7275651690001,0
                103.656309692,16.7275327620001,0
                103.656312749,16.7275165390001,0
                103.656315453,16.727499616,0
                103.656317632,16.7274826600001,0
                103.656318478,16.7274741800001,0
                103.656319095,16.72746571,0
                103.656319418,16.727457256,0
                103.656319344,16.727448829,0
                103.656318798,16.7274406110001,0
                103.656317814,16.7274324480001,0
                103.656316438,16.7274243480001,0
                103.656314671,16.727416337,0
                103.656312482,16.7274084540001,0
                103.656309801,16.7274007350001,0
                103.656307898,16.727396162,0
                103.656305778,16.72739168,0
                103.656301491,16.7273839160001,0
                103.656296664,16.7273764030001,0
                103.656291406,16.7273691120001,0
                103.656285794,16.727362031,0
                103.656279855,16.7273551660001,0
                103.65627358,16.727348546,0
                103.656267186,16.727342407,0
                103.656260545,16.727336468,0
                103.656253743,16.727330663,0
                103.656226116,16.7273077400001,0
                103.656219391,16.727301848,0
                103.656212867,16.7272957750001,0
                103.656206965,16.727289833,0
                103.656201305,16.7272837040001,0
                103.656195895,16.7272774030001,0
                103.656190756,16.7272709480001,0
                103.656185931,16.7272643270001,0
                103.656181509,16.7272575310001,0
                103.656177606,16.72725052,0
                103.656174541,16.727243765,0
                103.656172104,16.7272368070001,0
                103.656170281,16.7272293880001,0
                103.65616912,16.727221819,0
                103.656168559,16.727214152,0
                103.656168572,16.7272062540001,0
                103.656169076,16.727198319,0
                103.656169987,16.7271903700001,0
                103.656171244,16.7271824360001,0
                103.656172839,16.727174539,0
                103.656174781,16.727166706,0
                103.656177114,16.7271589640001,0
                103.656180131,16.7271506920001,0
                103.656183548,16.7271425330001,0
                103.656187253,16.727134463,0
                103.656191165,16.727126464,0
                103.656199396,16.727110628,0
                103.656199661,16.7271101490001,0
                103.65620215,16.72710655,0
                103.656233331,16.727068268,0
                103.656412906,16.726907039,0
                103.656447907,16.7268748500001,0
                103.656629644,16.7267077180001,0
                103.656664261,16.7266740050001,0
                103.656684385,16.726651546,0
                103.656696207,16.726637779,0
                103.656707768,16.726623838,0
                103.656724885,16.726602744,0
                103.65674183,16.726581524,0
                103.656758457,16.726560104,0
                103.656769123,16.726545565,0
                103.656774224,16.726538148,0
                103.656778931,16.7265308890001,0
                103.656783481,16.7265235290001,0
                103.656792258,16.7265086100001,0
                103.656800783,16.726493534,0
                103.656830229,16.726440515,0
                103.656843309,16.7264180620001,0
                103.656847868,16.7264106970001,0
                103.656857724,16.726395713,0
                103.656868007,16.7263809900001,0
                103.656878604,16.7263664710001,0
                103.656889544,16.7263521880001,0
                103.65690067,16.7263384770001,0
                103.656912049,16.7263249550001,0
                103.656958055,16.726271211,0
                103.656969296,16.7262575840001,0
                103.656980248,16.726243621,0
                103.656996152,16.726222099,0
                103.657011718,16.72620032,0
                103.657078435,16.7261051940001,0
                103.657088907,16.7260907100001,0
                103.657099761,16.7260765820001,0
                103.657105442,16.726069769,0
                103.657111387,16.7260632260001,0
                103.657117692,16.726057057,0
                103.657124099,16.7260516160001,0
                103.657130842,16.7260465320001,0
                103.65713784,16.7260417320001,0
                103.657145035,16.72603717,0
                103.657152386,16.7260328260001,0
                103.657159863,16.726028695,0
                103.657167458,16.726024814,0
                103.657175164,16.7260212320001,0
                103.657182991,16.7260180440001,0
                103.657190958,16.726015363,0
                103.657199364,16.7260132660001,0
                103.657207894,16.726011838,0
                103.657216491,16.726011085,0
                103.657225121,16.72601107,0
                103.657232982,16.7260117490001,0
                103.657240824,16.726012987,0
                103.657248638,16.726014659,0
                103.65725642,16.726016687,0
                103.657264157,16.726019009,0
                103.65727184,16.726021599,0
                103.657280521,16.726024855,0
                103.657289106,16.726028394,0
                103.657297595,16.7260321910001,0
                103.657305963,16.7260362390001,0
                103.657313899,16.7260403820001,0
                103.657321741,16.726044712,0
                103.657360431,16.7260672850001,0
                103.657376069,16.7260759650001,0
                103.657384022,16.726080031,0
                103.657392402,16.7260839790001,0
                103.657400897,16.7260876820001,0
                103.657409495,16.726091175,0
                103.657418173,16.726094463,0
                103.657426934,16.726097533,0
                103.657435777,16.726100348,0
                103.657444129,16.726102724,0
                103.657452544,16.726104869,0
                103.657461002,16.726106805,0
                103.657469477,16.726108534,0
                103.657477971,16.7261100320001,0
                103.657486462,16.726111256,0
                103.657494945,16.726112132,0
                103.657503408,16.7261125540001,0
                103.657511828,16.726112373,0
                103.657520766,16.7261113910001,0
                103.65752966,16.726109739,0
                103.657538519,16.726107601,0
                103.657547346,16.726105107,0
                103.657556138,16.726102348,0
                103.657573629,16.7260962510001,0
                103.657582305,16.726092954,0
                103.657590911,16.7260894780001,0
                103.657599424,16.726085793,0
                103.65760687,16.726082316,0
                103.657621512,16.726074877,0
                103.657635866,16.726066922,0
                103.657642916,16.726062755,0
                103.657650225,16.726058218,0
                103.657657417,16.726053521,0
                103.657664479,16.7260486600001,0
                103.657671386,16.726043605,0
                103.657678106,16.726038337,0
                103.657684667,16.7260328880001,0
                103.657691079,16.726027285,0
                103.657697362,16.7260215540001,0
                103.657703492,16.7260157000001,0
                103.657709455,16.72600971,0
                103.657715209,16.7260035670001,0
                103.657720686,16.725997228,0
                103.657725807,16.725990644,0
                103.657730784,16.7259833430001,0
                103.657735371,16.7259757790001,0
                103.657739682,16.7259680240001,0
                103.657743798,16.7259601330001,0
                103.657747772,16.7259521510001,0
                103.657755481,16.7259360210001,0
                103.657774188,16.725895338,0
                103.657785055,16.7258707940001,0
                103.657788522,16.725862561,0
                103.657794611,16.7258471260001,0
                103.65780014,16.725831541,0
                103.657802624,16.7258236820001,0
                103.65780485,16.725815762,0
                103.657806798,16.7258075820001,0
                103.65780844,16.725799346,0
                103.657809787,16.7257910540001,0
                103.657810833,16.7257827190001,0
                103.65781161,16.7257738980001,0
                103.657812119,16.725765048,0
                103.657812637,16.725747282,0
                103.657812788,16.725729474,0
                103.657812619,16.7256760070001,0
                103.657812259,16.725649296,0
                103.657811658,16.725631519,0
                103.657811133,16.725622651,0
                103.657809815,16.725608068,0
                103.657808927,16.7256008040001,0
                103.657807881,16.725593557,0
                103.657806429,16.725585026,0
                103.657804786,16.725576522,0
                103.657801127,16.7255595620001,0
                103.65779717,16.72554265,0
                103.657788799,16.7255089080001,0
                103.657782068,16.7254837150001,0
                103.657774934,16.725459464,0
                103.657760178,16.7254111,0
                103.657753186,16.725386531,0
                103.657746622,16.725361284,0
                103.657727584,16.725285328,0
                103.65771171,16.725225793,0
                103.657707588,16.725208664,0
                103.657705822,16.725200068,0
                103.657704849,16.725194334,0
                103.657700057,16.725175204,0
                103.657699012,16.725132264,0
                103.657702274,16.7250996380001,0
                103.657708423,16.7250747630001,0
                103.657721011,16.72503672,0
                103.657818543,16.724824902,0
                103.657837718,16.724780202,0
                103.657842956,16.724763055,0
                103.657860816,16.724682736,0
                103.657861621,16.7246758480001,0
                103.657862311,16.724668057,0
                103.657862743,16.7246602540001,0
                103.657862891,16.724652296,0
                103.657862824,16.7246443280001,0
                103.657862209,16.7246203940001,0
                103.65786215,16.724612418,0
                103.657862579,16.72459853,0
                103.657863094,16.7245916040001,0
                103.65786399,16.724583475,0
                103.657865178,16.724575384,0
                103.657866628,16.7245673240001,0
                103.657868346,16.724559307,0
                103.657870388,16.724551107,0
                103.657872649,16.7245429430001,0
                103.657877614,16.724526699,0
                103.657882932,16.724510523,0
                103.657891282,16.7244863380001,0
                103.657897137,16.724470308,0
                103.657903421,16.7244544440001,0
                103.65790673,16.7244468330001,0
                103.657910237,16.7244393080001,0
                103.657913981,16.7244318900001,0
                103.657918134,16.724424341,0
                103.657922518,16.7244168990001,0
                103.657927073,16.724409548,0
                103.657936576,16.7243950590001,0
                103.657946512,16.7243809020001,0
                103.657951668,16.724374002,0
                103.657956991,16.7243672920001,0
                103.657962541,16.7243608380001,0
                103.657968389,16.7243547470001,0
                103.657974638,16.724349148,0
                103.657980472,16.7243447930001,0
                103.65798664,16.7243408900001,0
                103.657993076,16.724337409,0
                103.657999742,16.7243343550001,0
                103.658006616,16.7243317530001,0
                103.658013911,16.7243295860001,0
                103.65802137,16.7243279620001,0
                103.658028954,16.724326907,0
                103.658036348,16.724326461,0
                103.658043809,16.7243264860001,0
                103.658051313,16.724326902,0
                103.658058838,16.724327643,0
                103.658066371,16.7243286720001,0
                103.658075418,16.724330234,0
                103.658102507,16.72433568,0
                103.658111536,16.7243372790001,0
                103.65812057,16.724338522,0
                103.658128346,16.7243391800001,0
                103.658136117,16.724339419,0
                103.658143862,16.7243392030001,0
                103.658151428,16.724338505,0
                103.658158935,16.724337357,0
                103.658166367,16.7243357740001,0
                103.658174702,16.724333476,0
                103.658182919,16.724330708,0
                103.658190994,16.7243275330001,0
                103.658198315,16.724324262,0
                103.658205516,16.7243207180001,0
                103.658212595,16.7243169340001,0
                103.658219551,16.7243129230001,0
                103.658226361,16.724308681,0
                103.658232992,16.724304191,0
                103.658240127,16.724298882,0
                103.658247045,16.72429329,0
                103.658253779,16.724287481,0
                103.65826035,16.724281482,0
                103.658266753,16.724275316,0
                103.658272979,16.724268986,0
                103.658278414,16.724263175,0
                103.658294493,16.724245621,0
                103.658300021,16.724239975,0
                103.658305768,16.7242345400001,0
                103.658311732,16.7242293520001,0
                103.658317918,16.724224453,0
                103.658324346,16.7242198810001,0
                103.658326847,16.7242183010001,0
                103.658462856,16.724159688,0
                103.658529911,16.7241307950001,0
                103.65858938,16.7241051660001,0
                103.658611729,16.72408998,0
                103.658619265,16.7240829140001,0
                103.658629689,16.724067056,0
                103.658633199,16.724044845,0
                103.658633025,16.7240195950001,0
                103.658632995,16.7240158770001,0
                103.658630815,16.72399146,0
                103.658630763,16.7239908660001,0
                103.65859374,16.7238097590001,0
                103.658591908,16.72380079,0
                103.658580555,16.723778478,0
                103.658563887,16.723759762,0
                103.6585419,16.723744632,0
                103.658467993,16.7237132220001,0
                103.658456231,16.723702711,0
                103.658452301,16.7236974850001,0
                103.658448101,16.7236907920001,0
                103.658444277,16.7236837570001,0
                103.658440769,16.7236764580001,0
                103.658437527,16.723668963,0
                103.658434539,16.723661309,0
                103.658431805,16.7236535280001,0
                103.658429368,16.723645628,0
                103.658427432,16.7236383430001,0
                103.658425747,16.7236309800001,0
                103.658424294,16.7236235620001,0
                103.658422867,16.723614922,0
                103.658418295,16.7235802060001,0
                103.658417056,16.7235715840001,0
                103.658415622,16.7235630210001,0
                103.658413896,16.7235545500001,0
                103.658411761,16.723546206,0
                103.658409765,16.7235399090001,0
                103.658407453,16.72353371,0
                103.658404567,16.7235270050001,0
                103.658391468,16.7235001980001,0
                103.658388247,16.7234933390001,0
                103.658385192,16.723486403,0
                103.658382734,16.7234803420001,0
                103.658380461,16.7234742140001,0
                103.658378393,16.7234680230001,0
                103.658376177,16.7234604060001,0
                103.658374278,16.723452718,0
                103.658372691,16.723444966,0
                103.658371435,16.723437169,0
                103.658370561,16.7234293280001,0
                103.658370098,16.7234210400001,0
                103.658370054,16.7234127300001,0
                103.658370371,16.723404411,0
                103.658371034,16.723396098,0
                103.658371893,16.723388899,0
                103.658373,16.723381729,0
                103.658373137,16.7233810010001,0
                103.658377978,16.7233654400001,0
                103.658394917,16.723329372,0
                103.658436386,16.7232554660001,0
                103.658457895,16.7232259620001,0
                103.658479059,16.723207256,0
                103.658507069,16.7231923030001,0
                103.658529896,16.723186576,0
                103.658544785,16.7231875430001,0
                103.658554829,16.723193392,0
                103.658562386,16.7232030970001,0
                103.658567084,16.723215683,0
                103.65857023,16.7232277140001,0
                103.65858077,16.723333854,0
                103.658586549,16.7233493460001,0
                103.658592142,16.723358906,0
                103.658606249,16.723376364,0
                103.658628234,16.7233965790001,0
                103.658659959,16.723423199,0
                103.658671352,16.723428729,0
                103.658687163,16.723433001,0
                103.658707476,16.7234325420001,0
                103.658722233,16.723428305,0
                103.658738151,16.723416226,0
                103.658747776,16.7234050060001,0
                103.658764714,16.723371404,0
                103.658765343,16.723369785,0
                103.658778338,16.7233392380001,0
                103.658798809,16.7232911020001,0
                103.658807628,16.723267933,0
                103.658816797,16.7232428,0
                103.65883983,16.7231770720001,0
                103.658848916,16.723152581,0
                103.658855446,16.723136423,0
                103.658858942,16.723128429,0
                103.658862684,16.723120393,0
                103.658874245,16.7230964510001,0
                103.658877875,16.7230884090001,0
                103.658880997,16.723080811,0
                103.658883781,16.723073135,0
                103.658885802,16.7230666350001,0
                103.658887505,16.723060097,0
                103.658888856,16.7230535260001,0
                103.658889794,16.723046938,0
                103.6588903,16.72303907,0
                103.658890133,16.723031244,0
                103.658889267,16.72302352,0
                103.658887614,16.7230159580001,0
                103.658885416,16.723009432,0
                103.658882572,16.723003109,0
                103.65887914,16.722997016,0
                103.658874684,16.7229905450001,0
                103.658869687,16.722984329,0
                103.658864279,16.722978326,0
                103.658858562,16.7229724970001,0
                103.6588526,16.722966817,0
                103.658846436,16.722961281,0
                103.658840102,16.722955885,0
                103.658833465,16.7229505180001,0
                103.658806513,16.7229295550001,0
                103.658799979,16.7229241850001,0
                103.65879366,16.72291864,0
                103.658787659,16.722912853,0
                103.658782123,16.722906816,0
                103.658777002,16.7229004870001,0
                103.658772309,16.722893877,0
                103.658768701,16.7228880810001,0
                103.658765427,16.722882101,0
                103.658762494,16.7228759560001,0
                103.658760492,16.722871147,0
                103.658758684,16.7228662570001,0
                103.658756034,16.7228578520001,0
                103.658753767,16.7228492990001,0
                103.658751775,16.7228406400001,0
                103.658748327,16.7228231300001,0
                103.658743898,16.722796632,0
                103.658740182,16.7227707860001,0
                103.658736951,16.722745279,0
                103.658735035,16.7227282580001,0
                103.658729965,16.722674442,0
                103.658728024,16.7226565460001,0
                103.658726936,16.7226479940001,0
                103.658724524,16.722630929,0
                103.65872191,16.7226138830001,0
                103.658705424,16.7225116770001,0
                103.658702866,16.722494607,0
                103.658700541,16.7224774910001,0
                103.658698569,16.7224604520001,0
                103.658696834,16.7224433640001,0
                103.658691228,16.7223833080001,0
                103.658689273,16.722366197,0
                103.65868808,16.722357705,0
                103.658685752,16.7223445240001,0
                103.658684332,16.722338048,0
                103.658682155,16.7223297310001,0
                103.658679592,16.7223216670001,0
                103.658676593,16.722313942,0
                103.658673054,16.722306684,0
                103.658668828,16.722300063,0
                103.658663706,16.7222943100001,0
                103.658657473,16.722289588,0
                103.658650355,16.722285759,0
                103.658642584,16.7222826130001,0
                103.658634344,16.7222799960001,0
                103.658625768,16.72227781,0
                103.658616958,16.722275994,0
                103.658607989,16.7222745290001,0
                103.658599163,16.722273403,0
                103.658572848,16.722270527,0
                103.658564392,16.7222692440001,0
                103.658556268,16.722267512,0
                103.658548604,16.7222651210001,0
                103.658541581,16.7222617950001,0
                103.658535493,16.722257434,0
                103.658530055,16.7222521530001,0
                103.658525144,16.7222461700001,0
                103.658520677,16.7222396450001,0
                103.658516616,16.7222327050001,0
                103.658512955,16.7222254320001,0
                103.658509726,16.722217874,0
                103.658507276,16.722210997,0
                103.65850514,16.7222039640001,0
                103.658503278,16.7221968170001,0
                103.658501656,16.722189579,0
                103.658500262,16.722182268,0
                103.65849892,16.7221738110001,0
                103.658496821,16.722156753,0
                103.658494418,16.722131043,0
                103.658492487,16.722105318,0
                103.658491575,16.722088206,0
                103.658491339,16.72207967,0
                103.658491328,16.72207116,0
                103.658491641,16.72206268,0
                103.65849221,16.722055685,0
                103.658493075,16.7220487330001,0
                103.65849423,16.722041829,0
                103.658495701,16.7220349850001,0
                103.658497952,16.72202678,0
                103.658500703,16.7220187080001,0
                103.65850397,16.7220107380001,0
                103.658507681,16.7220029150001,0
                103.658510936,16.7219967520001,0
                103.658517984,16.721984612,0
                103.658526573,16.7219708100001,0
                103.658531562,16.7219630660001,0
                103.658541866,16.721947829,0
                103.658547252,16.7219404460001,0
                103.658552865,16.721933328,0
                103.658558806,16.721926604,0
                103.658565186,16.7219204510001,0
                103.658571377,16.7219155650001,0
                103.658577948,16.721911302,0
                103.65858481,16.7219076850001,0
                103.658591901,16.721904802,0
                103.658599173,16.7219027850001,0
                103.658605124,16.7219019120001,0
                103.658611102,16.721901727,0
                103.658617037,16.7219022470001,0
                103.658624205,16.721903883,0
                103.658631117,16.721906539,0
                103.658637763,16.7219101480001,0
                103.658644053,16.721914514,0
                103.658649974,16.7219195000001,0
                103.658655469,16.7219250100001,0
                103.65866047,16.721931,0
                103.658664855,16.721937468,0
                103.658668635,16.721944599,0
                103.658671817,16.7219521270001,0
                103.658674561,16.721959939,0
                103.65867701,16.7219679470001,0
                103.658685792,16.722000725,0
                103.65868817,16.72200887,0
                103.658690807,16.7220168920001,0
                103.658693813,16.722024735,0
                103.658697074,16.722031873,0
                103.658700727,16.722038777,0
                103.658704729,16.7220454160001,0
                103.658709069,16.72205175,0
                103.658713756,16.7220576930001,0
                103.658718814,16.72206314,0
                103.6587243,16.722067947,0
                103.65873033,16.722071994,0
                103.658736754,16.722075171,0
                103.65874346,16.722077413,0
                103.65875036,16.722078577,0
                103.658757805,16.722078508,0
                103.658765258,16.7220772630001,0
                103.658772594,16.722075019,0
                103.658779679,16.7220718840001,0
                103.658786359,16.722067866,0
                103.658791715,16.722063661,0
                103.658796651,16.722058884,0
                103.658801158,16.7220536310001,0
                103.658805216,16.722047972,0
                103.658808765,16.722041943,0
                103.658812116,16.722034718,0
                103.658814906,16.722027155,0
                103.65881728,16.7220193580001,0
                103.658819345,16.722011396,0
                103.658821203,16.7220033310001,0
                103.658830975,16.7219543680001,0
                103.658833414,16.7219436660001,0
                103.658835419,16.721935936,0
                103.658837604,16.721928264,0
                103.658842441,16.7219130780001,0
                103.658847838,16.7218980910001,0
                103.658850769,16.7218906910001,0
                103.658856959,16.721876547,0
                103.658860307,16.72186958,0
                103.658864379,16.721861609,0
                103.658868621,16.7218537150001,0
                103.658877437,16.7218380780001,0
                103.658891076,16.721814823,0
                103.658904957,16.7217917020001,0
                103.658914365,16.7217763900001,0
                103.658924035,16.7217612430001,0
                103.658929031,16.721753774,0
                103.658934098,16.7217465200001,0
                103.65894456,16.721732225,0
                103.658955287,16.7217181,0
                103.658966182,16.7217040840001,0
                103.65898278,16.7216832460001,0
                103.658999799,16.7216627810001,0
                103.659017157,16.7216425880001,0
                103.659034681,16.7216224950001,0
                103.659099622,16.7215488420001,0
                103.659111162,16.7215352480001,0
                103.659116729,16.7215283570001,0
                103.659122065,16.721521372,0
                103.659127065,16.7215142540001,0
                103.659131579,16.7215069590001,0
                103.659135418,16.721499421,0
                103.659138181,16.721492251,0
                103.659140176,16.7214848680001,0
                103.659141212,16.721478823,0
                103.659141756,16.721472707,0
                103.65914176,16.7214644320001,0
                103.659141049,16.721456141,0
                103.659139697,16.7214479,0
                103.659137732,16.721439773,0
                103.659135239,16.721432108,0
                103.659132196,16.7214246720001,0
                103.659128594,16.7214175460001,0
                103.659124384,16.7214108220001,0
                103.659119472,16.721404636,0
                103.65911336,16.7213987430001,0
                103.659106529,16.7213934530001,0
                103.65909917,16.7213886160001,0
                103.659091437,16.7213841340001,0
                103.65908343,16.721379934,0
                103.659075218,16.721375982,0
                103.659066849,16.7213722770001,0
                103.659058341,16.7213688320001,0
                103.659049691,16.7213656960001,0
                103.659040815,16.7213628860001,0
                103.659031834,16.7213603660001,0
                103.659022782,16.7213580420001,0
                103.659004558,16.7213537480001,0
                103.658968031,16.721345451,0
                103.65895894,16.721343249,0
                103.658941227,16.7213386280001,0
                103.658923611,16.721333622,0
                103.658914842,16.721330971,0
                103.65889742,16.7213252620001,0
                103.658888902,16.7213221960001,0
                103.65887198,16.7213156770001,0
                103.658846793,16.72130537,0
                103.65883025,16.721298298,0
                103.658814273,16.721291041,0
                103.658806703,16.7212872910001,0
                103.658799583,16.7212834220001,0
                103.658793109,16.721279372,0
                103.658787551,16.721275076,0
                103.658783242,16.7212704360001,0
                103.658780644,16.7212653300001,0
                103.658780101,16.7212599420001,0
                103.658781115,16.721254118,0
                103.65878329,16.721247971,0
                103.658786306,16.7212415830001,0
                103.658789925,16.721235006,0
                103.658793957,16.7212282890001,0
                103.658811516,16.721200402,0
                103.65881576,16.721193171,0
                103.658819678,16.7211859880001,0
                103.658823378,16.721178697,0
                103.658826871,16.721171316,0
                103.65883015,16.72116385,0
                103.658833199,16.721156304,0
                103.658836124,16.721148323,0
                103.658838819,16.721140275,0
                103.65884133,16.7211321720001,0
                103.658845882,16.721115866,0
                103.658849791,16.721099452,0
                103.658851438,16.721091206,0
                103.658852794,16.7210829410001,0
                103.658853589,16.7210765770001,0
                103.658854159,16.721070195,0
                103.658854476,16.721063805,0
                103.658854499,16.721055349,0
                103.658854134,16.721046883,0
                103.65885346,16.7210384250001,0
                103.658852521,16.7210299810001,0
                103.658851324,16.721021561,0
                103.658849867,16.7210131840001,0
                103.658848178,16.7210051000001,0
                103.658846229,16.7209970800001,0
                103.658844015,16.720989134,0
                103.658841513,16.72098128,0
                103.658838673,16.720973551,0
                103.658835582,16.7209662830001,0
                103.658832176,16.7209591480001,0
                103.658828488,16.7209521410001,0
                103.658824542,16.720945262,0
                103.658820336,16.7209385240001,0
                103.65881585,16.720931959,0
                103.658810417,16.720924757,0
                103.658804676,16.720917747,0
                103.658798727,16.7209108770001,0
                103.658786412,16.720897413,0
                103.658773788,16.7208841620001,0
                103.658760989,16.7208710510001,0
                103.658748021,16.720858074,0
                103.658728318,16.7208387910001,0
                103.658701815,16.720813175,0
                103.658641427,16.7207554120001,0
                103.658628323,16.7207426140001,0
                103.65862205,16.7207362560001,0
                103.658616106,16.720729949,0
                103.658610654,16.720723713,0
                103.658605917,16.720717581,0
                103.658602198,16.720711599,0
                103.65859991,16.7207058270001,0
                103.658599585,16.720700349,0
                103.65860156,16.7206953950001,0
                103.658605389,16.720690716,0
                103.658610585,16.7206862350001,0
                103.65861677,16.7206819080001,0
                103.658623665,16.720677687,0
                103.658631062,16.7206735400001,0
                103.658638797,16.720669448,0
                103.658654892,16.7206613590001,0
                103.65868784,16.720645217,0
                103.658704037,16.720636932,0
                103.658711899,16.7206326530001,0
                103.6587195,16.7206282220001,0
                103.658726725,16.7206235740001,0
                103.658733425,16.720618631,0
                103.658739389,16.720613272,0
                103.658744348,16.72060735,0
                103.658748006,16.720600835,0
                103.658750454,16.720593776,0
                103.658751514,16.72058832,0
                103.658751967,16.7205827120001,0
                103.658751854,16.720577103,0
                103.65875123,16.720571438,0
                103.658750128,16.720565747,0
                103.658747905,16.7205580400001,0
                103.658695906,16.720476911,0
                103.658671903,16.7204344850001,0
                103.658661786,16.720407371,0
                103.658655722,16.720380171,0
                103.658656503,16.720356715,0
                103.658657311,16.7203345660001,0
                103.658665877,16.720297917,0
                103.658674475,16.72026257,0
                103.658679196,16.7202378440001,0
                103.658679888,16.720207246,0
                103.658679837,16.72020516,0
                103.65867895,16.7201687250001,0
                103.658673188,16.720031061,0
                103.658672167,16.7200066180001,0
                103.658672169,16.72000495,0
                103.658672541,16.7199979280001,0
                103.658673317,16.7199910190001,0
                103.658674556,16.719984261,0
                103.658676343,16.7199777120001,0
                103.658678795,16.7199714230001,0
                103.658682647,16.7199644080001,0
                103.658687349,16.7199577580001,0
                103.658692681,16.719951372,0
                103.658698471,16.7199451880001,0
                103.658704601,16.719939163,0
                103.658710983,16.719933263,0
                103.658717554,16.7199274660001,0
                103.658731129,16.7199161840001,0
                103.658745327,16.7199052940001,0
                103.658782056,16.719879065,0
                103.658789271,16.7198737730001,0
                103.658796334,16.71986838,0
                103.658803164,16.719862839,0
                103.658809665,16.719857081,0
                103.658815701,16.719851013,0
                103.65882111,16.719844526,0
                103.658825662,16.71983764,0
                103.658829544,16.719830331,0
                103.658832857,16.719822702,0
                103.658835663,16.719814818,0
                103.658837974,16.7198067300001,0
                103.658839635,16.7197992870001,0
                103.658841005,16.719791742,0
                103.65884219,16.719784125,0
                103.658844384,16.7197687820001,0
                103.658848293,16.7197433210001,0
                103.658847812,16.719723545,0
                103.65884027,16.7196911680001,0
                103.658832728,16.719658786,0
                103.658819908,16.7196317340001,0
                103.65880285,16.719596967,0
                103.658781961,16.7195713990001,0
                103.658759689,16.7195445610001,0
                103.658680642,16.7194816100001,0
                103.658670246,16.719473328,0
                103.658659723,16.7194649480001,0
                103.658650748,16.7194324860001,0
                103.658649825,16.7194216620001,0
                103.658605819,16.719209327,0
                103.658601441,16.71918821,0
                103.658608877,16.719142775,0
                103.658632261,16.719129788,0
                103.658655221,16.7191170410001,0
                103.658791391,16.719097504,0
                103.65926601,16.7191238130001,0
                103.659544014,16.7191422230001,0
                103.660297238,16.719211612,0
                103.660408695,16.7192296700001,0
                103.660516189,16.7192601570001,0
                103.661192332,16.7194958800001,0
                103.662058657,16.719826061,0
                103.662511044,16.72000812,0
                103.66255011,16.7200185090001,0
                103.662570156,16.7200238390001,0
                103.662588832,16.7200297540001,0
                103.662605943,16.7200351720001,0
                103.662617888,16.7200317410001,0
                103.662618456,16.720031577,0
                103.662643107,16.720008942,0
                103.662667865,16.719990723,0
                103.662692784,16.719979116,0
                103.662716665,16.7199719550001,0
                103.662748725,16.7199712300001,0
                103.662786668,16.719976993,0
                103.662830526,16.7199903530001,0
                103.66293709,16.7200387230001,0
                103.662972909,16.72005116,0
                103.662998177,16.720053901,0
                103.66302443,16.7200499950001,0
                103.663081377,16.7200365640001,0
                103.663203026,16.719998489,0
                103.663238302,16.719988862,0
                103.663272648,16.7199880850001,0
                103.663309424,16.71999277,0
                103.663345103,16.719999693,0
                103.663378572,16.720009975,0
                103.663428313,16.7200298230001,0
                103.663610135,16.7201599210001,0
                103.663713953,16.720234206,0
                103.663740636,16.7202479540001,0
                103.663771707,16.720253873,0
                103.663803686,16.7202498410001,0
                103.663830923,16.720239286,0
                103.663856745,16.7202177300001,0
                103.663879672,16.7201886660001,0
                103.663944533,16.7201064600001,0
                103.664033574,16.719999574,0
                103.66409078,16.719949709,0
                103.664134762,16.719921116,0
                103.664174404,16.719902559,0
                103.664211864,16.7198884650001,0
                103.664263089,16.719875163,0
                103.664328188,16.7198670650001,0
                103.664396933,16.719867719,0
                103.664457751,16.719871864,0
                103.664529029,16.7198823950001,0
                103.664625957,16.7199111090001,0
                103.66467687,16.7199320390001,0
                103.664719793,16.7199542490001,0
                103.664763946,16.7199797440001,0
                103.664803572,16.720007546,0
                103.66483753,16.720037689,0
                103.664862244,16.7200647280001,0
                103.664910689,16.7201254500001,0
                103.664940281,16.7201645170001,0
                103.664960421,16.7201958110001,0
                103.664975205,16.7202304890001,0
                103.66499426,16.7203176310001,0
                103.664997207,16.7203339440001,0
                103.665002164,16.7203613900001,0
                103.665024287,16.720433502,0
                103.66504952,16.7204662940001,0
                103.665097151,16.72049858,0
                103.665225015,16.72056437,0
                103.665558051,16.720692248,0
                103.665816758,16.7207786320001,0
                103.665937609,16.720807295,0
                103.666019408,16.720821143,0
                103.666070437,16.7208258750001,0
                103.666139643,16.720824309,0
                103.666210692,16.720814854,0
                103.666279606,16.7208015160001,0
                103.666360736,16.720787907,0
                103.666498808,16.7207710440001,0
                103.666584058,16.720759303,0
                103.66660635,16.720756797,0
                103.66693338,16.720719998,0
                103.66698015,16.720716979,0
                103.667065729,16.7207189640001,0
                103.667152047,16.7207285850001,0
                103.667153538,16.720728754,0
                103.667237327,16.720740591,0
                103.667290437,16.720747241,0
                103.667337203,16.7207442210001,0
                103.667367495,16.720733723,0
                103.667397492,16.7207205230001,0
                103.667436115,16.7206965890001,0
                103.667549026,16.720617125,0
                103.667646068,16.7205488290001,0
                103.667740342,16.720489785,0
                103.66784707,16.7204402680001,0
                103.667929807,16.7204089580001,0
                103.667994506,16.7203898340001,0
                103.66807753,16.7203702900001,0
                103.668140434,16.7203610190001,0
                103.668211626,16.720357442,0
                103.668276903,16.7203618500001,0
                103.668292253,16.720363143,0
                103.668322891,16.7203687470001,0
                103.668358893,16.7203835450001,0
                103.668366425,16.7203876200001,0
                103.668376435,16.7203930370001,0
                103.668401645,16.7204092920001,0
                103.668464323,16.7204532700001,0
                103.668476916,16.720463298,0
                103.66853302,16.720509124,0
                103.668566642,16.720551539,0
                103.668623889,16.7206444400001,0
                103.668666231,16.720700148,0
                103.668684133,16.720714598,0
                103.668706021,16.7207265920001,0
                103.668720251,16.7207328060001,0
                103.66874656,16.720741017,0
                103.668767526,16.7207437650001,0
                103.668820568,16.7207447370001,0
                103.66939482,16.7207626490001,0
                103.669531349,16.7207669090001,0
                103.669601749,16.720772675,0
                103.669658552,16.720784635,0
                103.669918677,16.720846178,0
                103.669919714,16.720846425,0
                103.670011774,16.7208634730001,0
                103.670088247,16.7208676280001,0
                103.670274837,16.7208777660001,0
                103.670317659,16.720880096,0
                103.670364982,16.7208790240001,0
                103.670416778,16.7208734330001,0
                103.67044512,16.720868153,0
                103.670626342,16.7208592210001,0
                103.670691028,16.7208560340001,0
                103.67082175,16.720847588,0
                103.670930251,16.7208615860001,0
                103.670967814,16.7208718910001,0
                103.671096452,16.7209071890001,0
                103.671796445,16.721132696,0
                103.671939086,16.72114592,0
                103.672040293,16.7211226590001,0
                103.67216127,16.7210684620001,0
                103.672302303,16.720982265,0
                103.672346381,16.7209532800001,0
                103.672682261,16.7207324340001,0
                103.672706375,16.7207173470001,0
                103.672917519,16.7206220470001,0
                103.672998091,16.7205996500001,0
                103.67307063,16.720598006,0
                103.673079775,16.7205982400001,0
                103.67309093,16.7206005470001,0
                103.673090959,16.7206005520001,0
                103.673210442,16.7206252930001,0
                103.673410838,16.720717838,0
                103.673612207,16.720833194,0
                103.673964872,16.721035221,0
                103.674025696,16.7210700630001,0
                103.674042036,16.721084913,0
                103.674350413,16.7213651490001,0
                103.674405561,16.721415268,0
                103.674460076,16.7214417160001,0
                103.674490623,16.721447432,0
                103.674611386,16.721451744,0
                103.674871271,16.7214293960001,0
                103.674910818,16.7214269080001,0
                103.675178201,16.7214100950001,0
                103.675352446,16.721377343,0
                103.675686632,16.721250453,0
                103.676118255,16.721092556,0
                103.67622423,16.7210613560001,0
                103.676305505,16.721067738,0
                103.67634888,16.721095556,0
                103.676440193,16.7211634240001,0
                103.67650907,16.721186548,0
                103.676564741,16.721193511,0
                103.676662883,16.721191285,0
                103.676742961,16.7211810050001,0
                103.677016993,16.721145816,0
                103.677038396,16.7211479040001,0
                103.677063528,16.7211567410001,0
                103.677093853,16.7211815100001,0
                103.677143806,16.7213038040001,0
                103.677188084,16.721368623,0
                103.677253095,16.721408291,0
                103.677725784,16.7215333350001,0
                103.677816595,16.7215806470001,0
                103.677840008,16.721594931,0
                103.677878224,16.7216308120001,0
                103.677908918,16.721689634,0
                103.677936375,16.7217602970001,0
                103.677945364,16.7217834320001,0
                103.677993509,16.721831708,0
                103.678062482,16.7218589440001,0
                103.678964059,16.7219729460001,0
                103.679058088,16.7219695370001,0
                103.67910676,16.7219627850001,0
                103.679251137,16.721930711,0
                103.679354741,16.721916574,0
                103.679395812,16.721910967,0
                103.679472618,16.7219092240001,0
                103.679537228,16.7219324440001,0
                103.679544582,16.721937487,0
                103.679674608,16.7220266640001,0
                103.680036585,16.722274928,0
                103.680299917,16.722438783,0
                103.680608076,16.722599313,0
                103.680814906,16.7226769010001,0
                103.680947988,16.7227067920001,0
                103.681097739,16.7227198470001,0
                103.681225949,16.722725167,0
                103.68137926,16.7227093400001,0
                103.681520073,16.722706143,0
                103.681657025,16.722719489,0
                103.681905919,16.722771435,0
                103.682047738,16.722809356,0
                103.682164355,16.7228643060001,0
                103.682281878,16.722956262,0
                103.682382534,16.7230568310001,0
                103.682460753,16.7231126520001,0
                103.682542527,16.7231395960001,0
                103.682744285,16.7231843810001,0
                103.682820803,16.723200487,0
                103.682926449,16.7232111060001,0
                103.683069075,16.723225443,0
                103.683142429,16.72322882,0
                103.683304578,16.723225137,0
                103.683449659,16.7232218410001,0
                103.68355684,16.723239977,0
                103.683651518,16.7232707380001,0
                103.68371643,16.72330629,0
                103.68378621,16.7233664180001,0
                103.68422364,16.7239694830001,0
                103.68447637,16.7244137640001,0
                103.685276063,16.725819518,0
                103.685408634,16.7260453760001,0
                103.686518476,16.725197145,0
                103.687277752,16.7246132230001,0
                103.688647556,16.723661253,0
                103.689666135,16.722946633,0
                103.691235146,16.7218581540001,0
                103.692298519,16.721115517,0
                103.693026567,16.7206157740001,0
                103.693766921,16.7200828650001,0
                103.694530888,16.7195494110001,0
                103.695292351,16.7190210750001,0
                103.69631714,16.7183121910001,0
                103.696418359,16.718221816,0
                103.696315201,16.718082042,0
                103.695988024,16.717789451,0
                103.695622161,16.717447738,0
                103.695244028,16.717075745,0
                103.694942308,16.7167631240001,0
                103.694761378,16.7165561050001,0
                103.694612544,16.716365022,0
                103.694457481,16.716154638,0
                103.694314481,16.7159662030001,0
                103.694219763,16.7158655640001,0
                103.694154874,16.7158059230001,0
                103.694037447,16.7157196970001,0
                103.693929479,16.7156665900001,0
                103.693684647,16.715599055,0
                103.693190489,16.715511522,0
                103.692655349,16.715424919,0
                103.69225713,16.7153483700001,0
                103.691714194,16.7152224320001,0
                103.691329474,16.715138988,0
                103.691116144,16.715077991,0
                103.690821335,16.7150386010001,0
                103.690349116,16.715009826,0
                103.689986335,16.7149851500001,0
                103.689465182,16.7149113900001,0
                103.688437014,16.714783305,0
                103.688486723,16.714301451,0
                103.688603824,16.713501971,0
                103.688707105,16.7126962200001,0
                103.688717026,16.7119847860001,0
                103.688745921,16.711490231,0
                103.688752539,16.710698865,0
                103.688751668,16.7106518210001,0
                103.688743263,16.710197506,0
                103.687751176,16.7100327360001,0
                103.686485245,16.7096941140001,0
                103.686300803,16.709588765,0
                103.685568296,16.709150805,0
                103.684818624,16.70870775,0
                103.684674252,16.708647215,0
                103.684512791,16.708588181,0
                103.684377097,16.7085479880001,0
                103.683836517,16.7084025980001,0
                103.683827934,16.708400292,0
                103.683513223,16.7083156510001,0
                103.683147293,16.7082376930001,0
                103.682232018,16.70798324,0
                103.682182308,16.7079691430001,0
                103.681822374,16.7078491830001,0
                103.681513669,16.70771691,0
                103.681399486,16.7076591260001,0
                103.681249999,16.707575595,0
                103.680131308,16.706854262,0
                103.67888757,16.7059326730001,0
                103.678538409,16.705672174,0
                103.678183208,16.7051640340001,0
                103.677870832,16.704654922,0
                103.67757433,16.703918324,0
                103.677243831,16.702666306,0
                103.677004527,16.701639346,0
                103.676822148,16.701189227,0
                103.676487364,16.7006393230001,0
                103.676178525,16.70027466,0
                103.675913021,16.699929662,0
                103.675324813,16.6995300340001,0
                103.674977682,16.699352065,0
                103.674654479,16.699276793,0
                103.674012099,16.6992913390001,0
                103.672834908,16.699338638,0
                103.671596995,16.6995318400001,0
                103.671019855,16.699586196,0
                103.670458808,16.699565127,0
                103.670333639,16.6995604270001,0
                103.670255303,16.6995358770001,0
                103.669566293,16.699319933,0
                103.669534835,16.699310075,0
                103.66873452,16.69899781,0
                103.668233483,16.6986581250001,0
                103.667464449,16.697870247,0
                103.666801977,16.6970593030001,0
                103.666420887,16.696365884,0
                103.666014874,16.6955284950001,0
                103.665108181,16.6934841820001,0
                103.664607913,16.692573861,0
                103.664502949,16.6923828590001,0
                103.664095451,16.691483552,0
                103.663452267,16.689701697,0
                103.663086106,16.688739503,0
                103.662891741,16.687794082,0
                103.662363019,16.6854314870001,0
                103.662161647,16.6841971430001,0
                103.661805107,16.6809840870001,0
                103.661356571,16.678392542,0
                103.661303729,16.677980775,0
                103.661269266,16.677705996,0
                103.661237237,16.6776869170001,0
                103.661195026,16.677670818,0
                103.661065702,16.677644275,0
                103.660756959,16.677581473,0
                103.660619597,16.6775551150001,0
                103.660562953,16.6775408870001,0
                103.660517413,16.6775202110001,0
                103.660487988,16.677500718,0
                103.660463307,16.6774780210001,0
                103.660451456,16.6774534800001,0
                103.660440944,16.677418059,0
                103.660439552,16.67736073,0
                103.660438076,16.6772336330001,0
                103.660440549,16.677004122,0
                103.660437615,16.6768832600001,0
                103.660429962,16.6767004930001,0
                103.660417551,16.6764542660001,0
                103.660376346,16.6758831120001,0
                103.660353396,16.6754014690001,0
                103.660330201,16.675042305,0
                103.660320199,16.674630135,0
                103.660315855,16.674583726,0
                103.660307252,16.674560662,0
                103.660294056,16.674547005,0
                103.660263283,16.6745384000001,0
                103.660027976,16.674518897,0
                103.659919857,16.674504283,0
                103.65986815,16.6744945950001,0
                103.65985968,16.6744918690001,0
                103.659827622,16.6744815540001,0
                103.659806458,16.674471182,0
                103.65978668,16.6744514700001,0
                103.659766598,16.674419367,0
                103.659742928,16.6743718380001,0
                103.65972561,16.6743210660001,0
                103.659687198,16.674196352,0
                103.659667483,16.6741130770001,0
                103.659658241,16.674063677,0
                103.659651843,16.673998704,0
                103.659643081,16.673902782,0
                103.659631517,16.6738239700001,0
                103.659614716,16.6737282290001,0
                103.659598935,16.673674321,0
                103.659569611,16.673592813,0
                103.659500319,16.673454845,0
                103.659432404,16.6733075380001,0
                103.659365689,16.6731431530001,0
                103.659293845,16.672966484,0
                103.659132396,16.672559687,0
                103.6591054,16.672491666,0
                103.659066129,16.6723979820001,0
                103.659044003,16.672349851,0
                103.658889936,16.672069423,0
                103.658832194,16.6719707010001,0
                103.65878706,16.6719004030001,0
                103.658725361,16.6718103210001,0
                103.658650842,16.6717220780001,0
                103.658573211,16.671631034,0
                103.65816577,16.6711531720001,0
                103.657975262,16.670924911,0
                103.657773881,16.6707123960001,0
                103.657613939,16.6705323910001,0
                103.657515926,16.670422091,0
                103.657483137,16.6703964710001,0
                103.657434008,16.670360369,0
                103.657294848,16.670259631,0
                103.657227808,16.67021463,0
                103.657202908,16.6701988290001,0
                103.657185336,16.6701876820001,0
                103.657146041,16.6701591070001,0
                103.65711471,16.6701272560001,0
                103.657071786,16.670081711,0
                103.657000522,16.669994945,0
                103.656960514,16.6699369340001,0
                103.65692077,16.669878458,0
                103.656824749,16.6696718800001,0
                103.656712023,16.6693735470001,0
                103.656679264,16.6692828130001,0
                103.656646238,16.66918123,0
                103.656625861,16.6691367280001,0
                103.656600811,16.6690985330001,0
                103.656564014,16.6690404500001,0
                103.656520602,16.66897476,0
                103.656459285,16.6689001730001,0
                103.656399722,16.668831749,0
                103.656342104,16.668777232,0
                103.656307408,16.6687392540001,0
                103.65627761,16.6687042680001,0
                103.656225897,16.6686279140001,0
                103.655927332,16.6681881320001,0
                103.655897196,16.6681391980001,0
                103.65582843,16.6680229190001,0
                103.655749873,16.6679006580001,0
                103.655674944,16.6677953720001,0
                103.655564939,16.66763661,0
                103.655454826,16.6674732000001,0
                103.655368681,16.667369712,0
                103.655219645,16.667193227,0
                103.655094094,16.667056518,0
                103.654973141,16.666910407,0
                103.654852709,16.6667859880001,0
                103.654792256,16.6667185970001,0
                103.65449901,16.6663693580001,0
                103.654328513,16.666128025,0
                103.65421409,16.6659535680001,0
                103.654165731,16.6658694710001,0
                103.654095392,16.665727143,0
                103.653757914,16.6648060160001,0
                103.652598779,16.6622187890001,0
                103.652519783,16.661941815,0
                103.652214983,16.6607988150001,0
                103.65201243,16.6598974230001,0
                103.651979915,16.659549714,0
                103.651936168,16.658737667,0
                103.651794831,16.6557318340001,0
                103.651845678,16.65518323,0
                103.651891083,16.654882603,0
                103.652096384,16.654037771,0
                103.652304631,16.653267602,0
                103.652548989,16.652530891,0
                103.652806646,16.651818442,0
                103.653079542,16.651108751,0
                103.654204936,16.6484308830001,0
                103.654766052,16.6472219550001,0
                103.655791409,16.6452824780001,0
                103.656250595,16.6443429770001,0
                103.656842757,16.6429242890001,0
                103.657839741,16.6403118010001,0
                103.658696146,16.6378650790001,0
                103.659348969,16.6354694,0
                103.660034852,16.6334446430001,0
                103.661410288,16.630045468,0
                103.661495103,16.62981144,0
                103.661397575,16.62979025,0
                103.660103209,16.629421854,0
                103.6588004,16.629205626,0
                103.658398448,16.6291328230001,0
                103.658200347,16.629137277,0
                103.657990019,16.6291973420001,0
                103.656284201,16.6299636840001,0
                103.654997768,16.6304251820001,0
                103.654612175,16.6305273780001,0
                103.654285487,16.6305581020001,0
                103.653981629,16.6305298510001,0
                103.653517379,16.6303882890001,0
                103.652430187,16.6300619530001,0
                103.65098925,16.6296500220001,0
                103.650784462,16.6295892790001,0
                103.650621395,16.629540906,0
                103.650294196,16.6294741840001,0
                103.650244397,16.629473304,0
                103.650038992,16.629501443,0
                103.649832643,16.62958787,0
                103.649795476,16.629613878,0
                103.64974211,16.629667781,0
                103.649664527,16.6298448970001,0
                103.649536002,16.630172229,0
                103.649412544,16.630332836,0
                103.649225029,16.6304773460001,0
                103.64895655,16.6306587460001,0
                103.648074783,16.631055589,0
                103.647671682,16.631207369,0
                103.646791105,16.631570078,0
                103.646281478,16.631893292,0
                103.645499738,16.6323317270001,0
                103.644986825,16.632588131,0
                103.644978759,16.632591747,0
                103.644442743,16.6327548940001,0
                103.644226542,16.6328415830001,0
                103.643649349,16.6332575380001,0
                103.643169163,16.6335843320001,0
                103.642897429,16.633715135,0
                103.642607281,16.633752816,0
                103.642477987,16.6337291240001,0
                103.642250382,16.6336547440001,0
                103.642190993,16.633628882,0
                103.641850945,16.633424728,0
                103.641270436,16.6329016350001,0
                103.641177973,16.632818317,0
                103.641023901,16.632676525,0
                103.640799695,16.6323467870001,0
                103.640417915,16.631581037,0
                103.640310163,16.631364911,0
                103.640219431,16.6312319310001,0
                103.64005238,16.6310663720001,0
                103.639468544,16.630642375,0
                103.639090111,16.630401206,0
                103.637308422,16.629262727,0
                103.636165764,16.6283871910001,0
                103.634834618,16.627446551,0
                103.63294395,16.626383291,0
                103.631816163,16.625815618,0
                103.629290785,16.624619447,0
                103.629222491,16.624589943,0
                103.62866947,16.6243262080001,0
                103.628512998,16.624278276,0
                103.62838488,16.624264333,0
                103.628229587,16.624261991,0
                103.627447726,16.624250186,0
                103.6268744,16.6242366750001,0
                103.626029626,16.6242818420001,0
                103.625529863,16.6243017640001,0
                103.625212748,16.6243526860001,0
                103.624838109,16.6244336620001,0
                103.624559557,16.6245201300001,0
                103.623475358,16.624937523,0
                103.622335403,16.625403799,0
                103.621948123,16.625583566,0
                103.62178562,16.6256537620001,0
                103.620957145,16.6260345330001,0
                103.620493828,16.626262475,0
                103.620201598,16.626402104,0
                103.619995169,16.626486544,0
                103.619884909,16.626531121,0
                103.619807416,16.626560786,0
                103.619416752,16.626711001,0
                103.619094521,16.6268347180001,0
                103.618880457,16.626908852,0
                103.618766204,16.6269446960001,0
                103.618397578,16.627040526,0
                103.617940871,16.627146436,0
                103.616647063,16.6274560000001,0
                103.616172114,16.627571856,0
                103.615951091,16.627621242,0
                103.61582156,16.627639791,0
                103.614822838,16.6280842080001,0
                103.614351251,16.628294059,0
                103.611678581,16.6290699940001,0
                103.610178131,16.629435964,0
                103.609075247,16.6296396020001,0
                103.606722196,16.6300740560001,0
                103.604916556,16.630301275,0
                103.600955008,16.6305347850001,0
                103.600331573,16.6306109870001,0
                103.597668401,16.6310442610001,0
                103.595173142,16.6312866960001,0
                103.594658433,16.6314020450001,0
                103.593064314,16.631912018,0
                103.592182841,16.632331311,0
                103.591572873,16.632670343,0
                103.591304351,16.632846848,0
                103.590564771,16.6334446450001,0
                103.589731296,16.6343971470001,0
                103.589261975,16.6352113020001,0
                103.588772974,16.636125464,0
                103.588735908,16.636374517,0
                103.588741573,16.63661218,0
                103.588761053,16.6367273810001,0
                103.588828006,16.6369488550001,0
                103.588893085,16.6372119810001,0
                103.588937898,16.637447208,0
                103.588904341,16.6376841700001,0
                103.588767983,16.638131285,0
                103.58870504,16.6383688990001,0
                103.588670136,16.638549202,0
                103.588674188,16.638719189,0
                103.588708527,16.6389263030001,0
                103.588763362,16.6391707600001,0
                103.58876809,16.639369077,0
                103.588673615,16.639928652,0
                103.588610245,16.640169954,0
                103.588520213,16.640387306,0
                103.58841159,16.6405864440001,0
                103.588405295,16.640596014,0
                103.588330898,16.6407190200001,0
                103.588093009,16.6410602930001,0
                103.587853663,16.641403659,0
                103.587456012,16.6419909250001,0
                103.58725635,16.642291589,0
                103.587001572,16.642719361,0
                103.586784802,16.6431256500001,0
                103.586657214,16.6433647870001,0
                103.586510666,16.6436351080001,0
                103.586493047,16.6436692620001,0
                103.586448178,16.643812133,0
                103.586336055,16.644302436,0
                103.58628291,16.644534821,0
                103.586145706,16.6449975250001,0
                103.586106588,16.645071133,0
                103.586048575,16.645139493,0
                103.585993287,16.6451840600001,0
                103.585924314,16.645230629,0
                103.584614976,16.646120705,0
                103.583489793,16.6469898290001,0
                103.583300498,16.6471498270001,0
                103.582746867,16.647628345,0
                103.582228404,16.6480496140001,0
                103.581969967,16.6482934580001,0
                103.58182871,16.648430015,0
                103.581804174,16.648459029,0
                103.581603033,16.6486946850001,0
                103.581321072,16.649099418,0
                103.580827092,16.6497832900001,0
                103.580814752,16.6498003770001,0
                103.580750166,16.649881522,0
                103.580677742,16.6499806690001,0
                103.580626602,16.650067962,0
                103.580480433,16.6503667320001,0
                103.579917465,16.6516837030001,0
                103.579771218,16.652190567,0
                103.579666318,16.6525917870001,0
                103.579581819,16.6530901850001,0
                103.579488636,16.654047668,0
                103.579445719,16.6548063010001,0
                103.579447502,16.654881167,0
                103.579453844,16.654975646,0
                103.579463168,16.655023731,0
                103.579474347,16.6550638960001,0
                103.579525823,16.6552076420001,0
                103.57954451,16.6552624220001,0
                103.579564032,16.6553092990001,0
                103.579594912,16.6553608520001,0
                103.579628947,16.6554162790001,0
                103.579629513,16.6554164570001,0
                103.580522311,16.6556974820001,0
                103.580522882,16.655697662,0
                103.580739418,16.655741485,0
                103.58089596,16.6557689570001,0
                103.581079503,16.6557781500001,0
                103.581079578,16.655778153,0
                103.581203439,16.6557738650001,0
                103.582142405,16.655741359,0
                103.582297684,16.655715823,0
                103.582452437,16.6556681970001,0
                103.582597713,16.6556075240001,0
                103.582824731,16.655514103,0
                103.582956572,16.655466985,0
                103.583106845,16.6554238800001,0
                103.583166699,16.655405952,0
                103.583366041,16.655367246,0
                103.583421671,16.655359451,0
                103.583636416,16.655328175,0
                103.58417085,16.655269956,0
                103.584756808,16.655206122,0
                103.584852531,16.6552040010001,0
                103.58485304,16.655203989,0
                103.58493168,16.6552331840001,0
                103.585238758,16.6554208490001,0
                103.585410209,16.655496602,0
                103.585515835,16.6555251990001,0
                103.58564446,16.6555356100001,0
                103.585782381,16.655541376,0
                103.585782654,16.655541387,0
                103.586020011,16.6555184470001,0
                103.586306862,16.655469699,0
                103.586357033,16.6554610860001,0
                103.586408152,16.6554523890001,0
                103.58644281,16.655460352,0
                103.58647782,16.6554685240001,0
                103.586538345,16.655506959,0
                103.586581272,16.655576721,0
                103.587008398,16.656376064,0
                103.587024369,16.6564082740001,0
                103.587039516,16.6564398670001,0
                103.587051685,16.656482281,0
                103.587053364,16.6565216820001,0
                103.587053978,16.656578358,0
                103.587055451,16.656591894,0
                103.58706778,16.6567725210001,0
                103.587075454,16.657094181,0
                103.587076843,16.6571524130001,0
                103.587075508,16.6572673590001,0
                103.58708127,16.6573379440001,0
                103.587085407,16.6573457320001,0
                103.587120443,16.65742105,0
                103.587297877,16.6577933020001,0
                103.587656192,16.6585450380001,0
                103.587934595,16.659013697,0
                103.588064384,16.6591976280001,0
                103.588170064,16.6593255540001,0
                103.588242266,16.659395116,0
                103.588306232,16.659428367,0
                103.588365611,16.659453028,0
                103.588517782,16.6594894290001,0
                103.588959961,16.6595919000001,0
                103.591368592,16.660150075,0
                103.59153916,16.6601721690001,0
                103.591954625,16.6601777770001,0
                103.591964863,16.6601856680001,0
                103.592039317,16.6602771680001,0
                103.592128542,16.660385487,0
                103.592180543,16.6604410570001,0
                103.592272208,16.6605146580001,0
                103.59247916,16.6606928470001,0
                103.592724932,16.660922171,0
                103.592925126,16.661091057,0
                103.593184235,16.6613311140001,0
                103.593486988,16.6616190510001,0
                103.593812051,16.6618828540001,0
                103.593865123,16.661914762,0
                103.593912991,16.661934187,0
                103.593972226,16.6619502030001,0
                103.594105089,16.661969313,0
                103.594731792,16.6620641150001,0
                103.595468447,16.662157211,0
                103.595548321,16.662167305,0
                103.596209147,16.6622534690001,0
                103.596873546,16.6623521540001,0
                103.597221414,16.6624074540001,0
                103.597306898,16.6624276150001,0
                103.597382618,16.6624495660001,0
                103.597427069,16.6624627590001,0
                103.597493215,16.6624943800001,0
                103.597756529,16.6626366410001,0
                103.597907234,16.662718383,0
                103.598039823,16.6627942210001,0
                103.598116184,16.6628429420001,0
                103.598250931,16.662940792,0
                103.598457141,16.663087477,0
                103.598558762,16.6631671540001,0
                103.598635608,16.663236351,0
                103.59874281,16.663344266,0
                103.598781594,16.663393827,0
                103.598813919,16.663446682,0
                103.598839705,16.6634996820001,0
                103.599091681,16.6641243620001,0
                103.599230338,16.664453752,0
                103.599283887,16.66457389,0
                103.599366343,16.664740657,0
                103.599511913,16.6650340300001,0
                103.59908233,16.665539113,0
                103.598649905,16.666271603,0
                103.597690544,16.6684886620001,0
                103.597462593,16.6690551720001,0
                103.597358519,16.6693434810001,0
                103.597228538,16.669790117,0
                103.597066807,16.670424375,0
                103.596855629,16.67159751,0
                103.596809356,16.6720141930001,0
                103.596807122,16.6723124270001,0
                103.596840195,16.6725250590001,0
                103.596859533,16.6726493520001,0
                103.596905622,16.6728485140001,0
                103.597024628,16.673175042,0
                103.597125894,16.67340985,0
                103.597222611,16.673613399,0
                103.597426334,16.673899826,0
                103.597513643,16.67402258,0
                103.597574914,16.6740857990001,0
                103.597830837,16.674349852,0
                103.597985064,16.6744884180001,0
                103.598722293,16.6749838970001,0
                103.59876037,16.6750094880001,0
                103.599022157,16.675207974,0
                103.59918576,16.6753407680001,0
                103.59930505,16.67546881,0
                103.599445484,16.6756292600001,0
                103.599580725,16.6757837750001,0
                103.599658497,16.67589951,0
                103.599719256,16.676087914,0
                103.599752774,16.676313065,0
                103.599758183,16.6765388430001,0
                103.599763807,16.676773649,0
                103.599743626,16.6769274270001,0
                103.599662932,16.677186201,0
                103.598807139,16.679188534,0
                103.598729669,16.6794280880001,0
                103.598706357,16.679555674,0
                103.598687832,16.679662824,0
                103.598680333,16.679790058,0
                103.598693672,16.6799066630001,0
                103.598748565,16.679996929,0
                103.599663413,16.6808278030001,0
                103.599977637,16.6811131810001,0
                103.600107293,16.681242442,0
                103.60030693,16.6814311420001,0
                103.600693483,16.681807469,0
                103.600953645,16.6820114180001,0
                103.601069275,16.6820910500001,0
                103.601239485,16.6821848060001,0
                103.601254038,16.682190044,0
                103.601399318,16.6822746770001,0
                103.601459334,16.6823331570001,0
                103.601524488,16.682467063,0
                103.601577597,16.6825842600001,0
                103.601593006,16.6826187610001,0
                103.601599901,16.6826346230001,0
                103.601609987,16.682658519,0
                103.601619757,16.68268254,0
                103.601626186,16.682699057,0
                103.601635598,16.682723923,0
                103.601682408,16.6828485720001,0
                103.601691568,16.682873656,0
                103.601697234,16.6828905200001,0
                103.601699789,16.68289896,0
                103.601702148,16.6829074360001,0
                103.601704297,16.6829159480001,0
                103.601706186,16.6829244840001,0
                103.601707542,16.6829316980001,0
                103.60170866,16.6829389070001,0
                103.601709515,16.682946105,0
                103.601710061,16.6829532690001,0
                103.601710231,16.6829605680001,0
                103.60170995,16.682967782,0
                103.601709129,16.682974868,0
                103.601707644,16.682981784,0
                103.601706262,16.682986165,0
                103.60170454,16.6829904410001,0
                103.601700685,16.6829977840001,0
                103.601696003,16.6830048030001,0
                103.601690679,16.6830115390001,0
                103.60168519,16.6830176610001,0
                103.601667658,16.6830356720001,0
                103.601661668,16.68304217,0
                103.601655856,16.6830488310001,0
                103.601650215,16.683055632,0
                103.601644764,16.683062551,0
                103.601639536,16.683069592,0
                103.601634595,16.683076747,0
                103.601630033,16.6830840380001,0
                103.601625974,16.68309149,0
                103.601622594,16.683099143,0
                103.601621076,16.683103526,0
                103.601619038,16.6831117670001,0
                103.601617874,16.6831201590001,0
                103.60161752,16.683128627,0
                103.601617994,16.683137091,0
                103.601618829,16.6831428520001,0
                103.601620093,16.683148557,0
                103.601622213,16.6831554520001,0
                103.601624878,16.683162226,0
                103.601627993,16.6831688820001,0
                103.601631498,16.683175412,0
                103.601635365,16.6831817950001,0
                103.601640382,16.6831891570001,0
                103.60164575,16.683196353,0
                103.601657088,16.6832104480001,0
                103.601680212,16.683238417,0
                103.601702814,16.683266646,0
                103.60173064,16.6833021190001,0
                103.601830155,16.683429958,0
                103.601846405,16.6834514940001,0
                103.601855896,16.6834648550001,0
                103.601864077,16.6834771910001,0
                103.60187194,16.6834900970001,0
                103.601879372,16.683503612,0
                103.601882834,16.683510486,0
                103.601886083,16.683517436,0
                103.601889086,16.6835244920001,0
                103.601892069,16.683532422,0
                103.601894759,16.6835404670001,0
                103.601897222,16.6835485890001,0
                103.601899499,16.683556778,0
                103.601903604,16.683573288,0
                103.60190544,16.683581605,0
                103.60190873,16.6835984530001,0
                103.601913099,16.683623851,0
                103.601921316,16.6836747630001,0
                103.601926434,16.68370874,0
                103.601928521,16.683725764,0
                103.601929348,16.683734531,0
                103.601929989,16.6837433110001,0
                103.601930429,16.6837520920001,0
                103.601930644,16.6837608720001,0
                103.601930578,16.683769646,0
                103.601930187,16.683778273,0
                103.6019295,16.6837868800001,0
                103.60192855,16.683795466,0
                103.601927338,16.6838040170001,0
                103.601925845,16.683812529,0
                103.601924032,16.6838210070001,0
                103.601921928,16.6838294250001,0
                103.601919542,16.683837781,0
                103.601916941,16.683845917,0
                103.601911163,16.6838620340001,0
                103.601904924,16.683878022,0
                103.601898393,16.6838939130001,0
                103.601891587,16.683909693,0
                103.60188438,16.683925287,0
                103.601880542,16.683932977,0
                103.60187233,16.6839480130001,0
                103.601863612,16.68396283,0
                103.601836644,16.68400702,0
                103.60182798,16.684021962,0
                103.601823869,16.684029536,0
                103.601819979,16.6840372140001,0
                103.601816369,16.6840450290001,0
                103.601813009,16.684052938,0
                103.601809851,16.6840609110001,0
                103.601806882,16.684068919,0
                103.601804109,16.684076928,0
                103.60180156,16.684084914,0
                103.60179929,16.6840928390001,0
                103.601797401,16.684100662,0
                103.601796027,16.684108324,0
                103.601795354,16.6841157580001,0
                103.601795637,16.684122879,0
                103.601797205,16.684129569,0
                103.601800507,16.684136014,0
                103.601805196,16.6841419900001,0
                103.601810897,16.6841476280001,0
                103.601817317,16.684153021,0
                103.601824242,16.68415824,0
                103.601831515,16.684163343,0
                103.601846674,16.6841733370001,0
                103.601901325,16.684207766,0
                103.601932385,16.6842275120001,0
                103.602032463,16.684292181,0
                103.602048029,16.684301787,0
                103.602055912,16.6843064030001,0
                103.602063903,16.6843108140001,0
                103.602071257,16.684314581,0
                103.602078726,16.6843181020001,0
                103.602086306,16.6843213540001,0
                103.602094018,16.684324288,0
                103.602102748,16.684327132,0
                103.602111613,16.684329599,0
                103.602120584,16.684331774,0
                103.602129624,16.6843337010001,0
                103.602138724,16.6843354000001,0
                103.602147874,16.684336855,0
                103.602157059,16.68433803,0
                103.602166157,16.6843388770001,0
                103.602175277,16.6843394410001,0
                103.602184408,16.6843397380001,0
                103.602193543,16.684339773,0
                103.602202666,16.6843395070001,0
                103.602210338,16.684339016,0
                103.602217991,16.6843383090001,0
                103.602225625,16.6843373950001,0
                103.602233231,16.6843362880001,0
                103.602240809,16.684334979,0
                103.602249629,16.684333182,0
                103.602267151,16.6843289920001,0
                103.602284587,16.6843243440001,0
                103.602406102,16.6842898620001,0
                103.602449516,16.6842777480001,0
                103.602475652,16.684270805,0
                103.602493461,16.6842664600001,0
                103.602511644,16.6842623630001,0
                103.602538999,16.684256507,0
                103.602758176,16.684210739,0
                103.602858759,16.68418903,0
                103.60287702,16.6841852060001,0
                103.602895205,16.6841817860001,0
                103.60290424,16.684180376,0
                103.602913208,16.6841793020001,0
                103.602922089,16.684178694,0
                103.60293084,16.684178747,0
                103.602939413,16.684179714,0
                103.602947632,16.6841817490001,0
                103.602955676,16.684184671,0
                103.602963595,16.6841882360001,0
                103.602971427,16.6841922670001,0
                103.602979193,16.684196624,0
                103.602986916,16.6842012120001,0
                103.60300229,16.684210782,0
                103.603032973,16.6842304150001,0
                103.603048409,16.684240082,0
                103.603064019,16.6842493990001,0
                103.603071941,16.6842538340001,0
                103.603079974,16.68425805,0
                103.603093404,16.684264426,0
                103.603137418,16.6842841180001,0
                103.603152711,16.6842907280001,0
                103.603160424,16.684293874,0
                103.603168193,16.684296852,0
                103.603176885,16.684299894,0
                103.603185656,16.684302706,0
                103.603194488,16.6843053040001,0
                103.60320337,16.6843076980001,0
                103.603212294,16.684309865,0
                103.603221254,16.684311757,0
                103.603230257,16.6843133100001,0
                103.6032393,16.684314402,0
                103.603248438,16.684314956,0
                103.603257611,16.684315054,0
                103.603266795,16.6843148130001,0
                103.603275973,16.684314306,0
                103.603285137,16.684313597,0
                103.603303311,16.684311655,0
                103.603340239,16.6843063790001,0
                103.603366308,16.6843028770001,0
                103.603392579,16.6842995920001,0
                103.603410168,16.6842976090001,0
                103.603428003,16.684295945,0
                103.603437031,16.684295266,0
                103.603455116,16.684294272,0
                103.603464164,16.684294003,0
                103.603473208,16.68429395,0
                103.603482371,16.6842941740001,0
                103.603491508,16.6842947100001,0
                103.603500391,16.684295567,0
                103.603509212,16.6842967320001,0
                103.60351795,16.684298191,0
                103.603526575,16.6842999730001,0
                103.603535031,16.6843021380001,0
                103.603543255,16.6843047720001,0
                103.603550339,16.6843076160001,0
                103.603557134,16.6843109180001,0
                103.603563589,16.6843146690001,0
                103.603569626,16.684318906,0
                103.603575138,16.6843236920001,0
                103.603580548,16.6843297200001,0
                103.603585328,16.684336344,0
                103.603589613,16.6843434200001,0
                103.60359349,16.684350825,0
                103.603597023,16.6843584860001,0
                103.603600218,16.6843663440001,0
                103.603603072,16.684374372,0
                103.603605254,16.684381499,0
                103.603607186,16.684388718,0
                103.603608885,16.684396001,0
                103.603610366,16.6844033470001,0
                103.603611628,16.684410734,0
                103.603612791,16.684419227,0
                103.603613701,16.684427758,0
                103.603614403,16.68443632,0
                103.603615279,16.684451983,0
                103.603616334,16.6844754850001,0
                103.603617437,16.6844910880001,0
                103.60361838,16.6844997810001,0
                103.603619593,16.684508422,0
                103.603621089,16.684516989,0
                103.603622746,16.6845248230001,0
                103.603624666,16.684532556,0
                103.603626846,16.684540156,0
                103.603629302,16.6845475980001,0
                103.603632099,16.6845548150001,0
                103.6036353,16.6845617450001,0
                103.603639025,16.684568288,0
                103.603643426,16.68457432,0
                103.603648861,16.684579973,0
                103.603655007,16.684585079,0
                103.603661677,16.6845897850001,0
                103.603668723,16.6845942030001,0
                103.60367604,16.6845984130001,0
                103.603683542,16.6846024870001,0
                103.603714256,16.6846183550001,0
                103.603729485,16.684626585,0
                103.603736941,16.6846309220001,0
                103.60374423,16.684635488,0
                103.603751195,16.68464025,0
                103.603757994,16.684645238,0
                103.603764665,16.6846503990001,0
                103.603771227,16.684655698,0
                103.603784121,16.6846665900001,0
                103.603796769,16.6846777750001,0
                103.603829489,16.684707631,0
                103.603836152,16.684713437,0
                103.603842938,16.6847190870001,0
                103.603849896,16.6847245120001,0
                103.603856973,16.6847295920001,0
                103.603864231,16.6847344390001,0
                103.603871633,16.6847390880001,0
                103.603879158,16.684743568,0
                103.603886791,16.6847478780001,0
                103.603894528,16.684752024,0
                103.603902377,16.684755969,0
                103.60390995,16.6847595190001,0
                103.603925332,16.6847661680001,0
                103.60394093,16.6847724190001,0
                103.603964574,16.684781286,0
                103.603980491,16.684786832,0
                103.603996597,16.684792036,0
                103.604029008,16.6848019920001,0
                103.604045163,16.6848071090001,0
                103.604062129,16.684812906,0
                103.604070514,16.6848159740001,0
                103.604078803,16.684819175,0
                103.604086956,16.684822545,0
                103.604094918,16.684826145,0
                103.604102621,16.6848300570001,0
                103.604109955,16.6848343830001,0
                103.604116789,16.6848392800001,0
                103.604122744,16.6848445970001,0
                103.604128197,16.684850452,0
                103.604133226,16.6848567230001,0
                103.604137865,16.684863336,0
                103.604142132,16.684870232,0
                103.604145998,16.684877381,0
                103.604149412,16.6848847790001,0
                103.604152552,16.684893066,0
                103.604155253,16.6849015610001,0
                103.604157682,16.6849101980001,0
                103.604164601,16.6849363860001,0
                103.60416709,16.684944823,0
                103.604169769,16.684953179,0
                103.604172619,16.684961437,0
                103.604175653,16.684969564,0
                103.604178888,16.6849775110001,0
                103.60418238,16.684985209,0
                103.604186199,16.684992557,0
                103.604190447,16.684999427,0
                103.604195273,16.6850056390001,0
                103.604200877,16.6850109640001,0
                103.604207163,16.6850150700001,0
                103.604214168,16.6850183400001,0
                103.604221714,16.6850209840001,0
                103.604229652,16.6850231600001,0
                103.60423788,16.685024992,0
                103.604246308,16.685026576,0
                103.604254873,16.68502798,0
                103.604280497,16.6850316690001,0
                103.604288916,16.6850330730001,0
                103.60429692,16.685034693,0
                103.604304785,16.6850365870001,0
                103.604312465,16.6850387640001,0
                103.604319905,16.685041244,0
                103.604327021,16.685044088,0
                103.604333703,16.6850473640001,0
                103.604339814,16.685051195,0
                103.60434517,16.685055719,0
                103.604349925,16.685061504,0
                103.604353796,16.685068067,0
                103.604356974,16.6850752130001,0
                103.604359597,16.6850827860001,0
                103.604361742,16.68509068,0
                103.604363447,16.6850988100001,0
                103.604364765,16.6851073450001,0
                103.604365731,16.6851160140001,0
                103.604366437,16.6851247660001,0
                103.604367234,16.6851423910001,0
                103.604367352,16.685151219,0
                103.604367255,16.685160034,0
                103.604366881,16.6851688140001,0
                103.604366136,16.6851775390001,0
                103.60436516,16.685184823,0
                103.604363856,16.685192042,0
                103.604362222,16.6851991780001,0
                103.604360234,16.6852062130001,0
                103.604357851,16.6852131270001,0
                103.604354368,16.685221337,0
                103.604350384,16.685229372,0
                103.604346032,16.6852372770001,0
                103.604341421,16.685245078,0
                103.604336625,16.68525279,0
                103.604326643,16.685267937,0
                103.604321489,16.6852753270001,0
                103.604316213,16.6852825170001,0
                103.604310785,16.6852894360001,0
                103.604305147,16.6852959620001,0
                103.60429922,16.6853019320001,0
                103.604292886,16.6853071310001,0
                103.604286003,16.68531126,0
                103.604278642,16.685314029,0
                103.604270752,16.6853157780001,0
                103.60426247,16.6853167790001,0
                103.604253913,16.6853172400001,0
                103.604245155,16.685317318,0
                103.604236255,16.6853171240001,0
                103.604218209,16.6853162420001,0
                103.604135827,16.685310401,0
                103.60411747,16.685309435,0
                103.604108306,16.685309139,0
                103.604099174,16.6853090450001,0
                103.604090087,16.685309239,0
                103.604081084,16.685309831,0
                103.604075739,16.6853104370001,0
                103.604070455,16.6853112540001,0
                103.604062595,16.6853128980001,0
                103.604054929,16.6853149990001,0
                103.604047507,16.685317535,0
                103.604040395,16.6853205150001,0
                103.604033701,16.685323973,0
                103.604027558,16.685328,0
                103.604022148,16.6853327050001,0
                103.604017509,16.685338362,0
                103.604013704,16.68534469,0
                103.604010608,16.68535152,0
                103.604008166,16.6853587150001,0
                103.604006362,16.685366156,0
                103.604005258,16.685373758,0
                103.604004936,16.6853802480001,0
                103.604005223,16.6853867500001,0
                103.604005906,16.6853918240001,0
                103.604006981,16.685396849,0
                103.604009577,16.685405071,0
                103.604013001,16.685413064,0
                103.604017114,16.6854207700001,0
                103.604021851,16.685428121,0
                103.604027221,16.685435001,0
                103.604033292,16.685441258,0
                103.60403994,16.6854466140001,0
                103.604047177,16.6854513700001,0
                103.604054842,16.6854556480001,0
                103.604062816,16.6854595500001,0
                103.604071016,16.685463118,0
                103.604079396,16.685466375,0
                103.604087922,16.685469304,0
                103.604096579,16.6854718610001,0
                103.604103303,16.6854735320001,0
                103.604110086,16.6854749720001,0
                103.604116916,16.685476199,0
                103.604125988,16.685477534,0
                103.604153264,16.6854808840001,0
                103.604162267,16.685482225,0
                103.604171175,16.685483924,0
                103.604180001,16.6854861030001,0
                103.604188711,16.6854886950001,0
                103.60419733,16.6854916080001,0
                103.604205866,16.685494776,0
                103.604214324,16.685498158,0
                103.604222706,16.6855017390001,0
                103.604230991,16.685505517,0
                103.604239164,16.6855095130001,0
                103.604247198,16.6855137700001,0
                103.604254554,16.685518019,0
                103.604261797,16.685522469,0
                103.60429733,16.685545775,0
                103.604304486,16.6855502940001,0
                103.604311727,16.685554632,0
                103.604319088,16.6855587090001,0
                103.604326618,16.6855624130001,0
                103.604334451,16.685565701,0
                103.604342479,16.6855685370001,0
                103.604350666,16.685570951,0
                103.604358202,16.68557278,0
                103.604365829,16.685574323,0
                103.604373531,16.6855756300001,0
                103.604381284,16.6855767330001,0
                103.604389088,16.6855776410001,0
                103.604396925,16.6855783680001,0
                103.604405544,16.68557896,0
                103.604440178,16.685580573,0
                103.60444882,16.685581137,0
                103.604458011,16.6855819510001,0
                103.60446716,16.6855829690001,0
                103.604476262,16.685584168,0
                103.604485298,16.6855855530001,0
                103.604494237,16.6855871440001,0
                103.604503036,16.68558898,0
                103.604511637,16.6855911370001,0
                103.604519968,16.6855937240001,0
                103.604527919,16.685596891,0
                103.604535347,16.6856008410001,0
                103.604541962,16.685605593,0
                103.604548085,16.685611087,0
                103.604553851,16.6856171160001,0
                103.60455937,16.6856235290001,0
                103.604564717,16.685630207,0
                103.604569956,16.6856370680001,0
                103.60461401,16.6856964350001,0
                103.60462338,16.6857099750001,0
                103.604632623,16.6857242740001,0
                103.604645964,16.6857460420001,0
                103.604658738,16.685768115,0
                103.604670616,16.6857902670001,0
                103.604682064,16.685812653,0
                103.6046931,16.6858352250001,0
                103.604699994,16.685850443,0
                103.604703182,16.6858581430001,0
                103.604705958,16.6858654600001,0
                103.604708529,16.685872836,0
                103.604710901,16.685880261,0
                103.604713068,16.685887727,0
                103.604714997,16.685895225,0
                103.604716641,16.6859027570001,0
                103.604717967,16.6859104490001,0
                103.6047189,16.6859181500001,0
                103.604719398,16.685925856,0
                103.604719368,16.685933547,0
                103.604718662,16.685941757,0
                103.604717338,16.6859499190001,0
                103.604715465,16.6859580020001,0
                103.604713079,16.6859659890001,0
                103.604710743,16.6859725140001,0
                103.604699801,16.6859992990001,0
                103.604694168,16.6860142,0
                103.604688955,16.686029282,0
                103.604683584,16.686046549,0
                103.604678646,16.686063941,0
                103.604674103,16.686081415,0
                103.604670086,16.6860989800001,0
                103.604668381,16.686107808,0
                103.604667064,16.686115902,0
                103.604665964,16.6861240220001,0
                103.604665079,16.6861321650001,0
                103.604664409,16.6861403250001,0
                103.604663983,16.686148498,0
                103.604663806,16.6861635390001,0
                103.604663965,16.6861964780001,0
                103.604663627,16.686223333,0
                103.604662977,16.686250204,0
                103.604662269,16.6862680880001,0
                103.604661753,16.686276993,0
                103.604661064,16.686285861,0
                103.60466012,16.686294672,0
                103.604658823,16.6863033870001,0
                103.604657032,16.686311978,0
                103.604654755,16.686319999,0
                103.604651983,16.686327868,0
                103.604648787,16.6863355840001,0
                103.604645208,16.686343128,0
                103.60464125,16.686350469,0
                103.604636874,16.686357549,0
                103.604632008,16.6863642980001,0
                103.604627323,16.6863698070001,0
                103.604621116,16.686376017,0
                103.604614433,16.686381854,0
                103.60460741,16.6863874160001,0
                103.604600145,16.6863927840001,0
                103.60458519,16.686403178,0
                103.6045547,16.6864235790001,0
                103.604539586,16.686434008,0
                103.604525324,16.6864444140001,0
                103.604511302,16.6864551310001,0
                103.60449754,16.68646612,0
                103.604484203,16.6864774800001,0
                103.604477811,16.686483374,0
                103.604471699,16.686489474,0
                103.604465988,16.6864958530001,0
                103.604461386,16.6865017390001,0
                103.60445717,16.6865078550001,0
                103.604453332,16.686514179,0
                103.604449891,16.6865206750001,0
                103.604446903,16.686527332,0
                103.604444453,16.686534157,0
                103.604442835,16.6865401970001,0
                103.604441705,16.6865463440001,0
                103.604440995,16.68655377,0
                103.604440885,16.6865612600001,0
                103.604441299,16.686568783,0
                103.604442195,16.6865762950001,0
                103.60444358,16.6865837600001,0
                103.604445342,16.6865907260001,0
                103.604447514,16.6865976010001,0
                103.604450066,16.6866043640001,0
                103.604452994,16.6866110020001,0
                103.604456913,16.6866185960001,0
                103.604461299,16.6866259670001,0
                103.604466101,16.686633117,0
                103.604471313,16.6866400110001,0
                103.604477068,16.6866467790001,0
                103.604483156,16.6866533150001,0
                103.604489477,16.6866596780001,0
                103.60449596,16.686665926,0
                103.604509209,16.6866781840001,0
                103.604549361,16.6867145040001,0
                103.604562407,16.6867268400001,0
                103.604568755,16.6867331400001,0
                103.604574933,16.6867395740001,0
                103.604580868,16.686746199,0
                103.60458646,16.6867529800001,0
                103.604591823,16.686759937,0
                103.604597017,16.6867670340001,0
                103.604607064,16.686781496,0
                103.604621647,16.6868035690001,0
                103.604635706,16.68682597,0
                103.604640185,16.686833537,0
                103.604644489,16.686841186,0
                103.604648012,16.686847851,0
                103.604651349,16.686854587,0
                103.604654478,16.6868614050001,0
                103.604657361,16.6868683050001,0
                103.604659956,16.686875297,0
                103.604662493,16.686883364,0
                103.604664653,16.6868915330001,0
                103.604666506,16.6868997770001,0
                103.604668075,16.686908063,0
                103.604669374,16.686916382,0
                103.604670374,16.6869247120001,0
                103.604671013,16.6869330330001,0
                103.604671203,16.6869413320001,0
                103.604670807,16.6869495940001,0
                103.60466971,16.6869578720001,0
                103.604668028,16.6869661000001,0
                103.6046659,16.686974284,0
                103.604663439,16.6869824340001,0
                103.604660706,16.6869905460001,0
                103.604657756,16.686998622,0
                103.604654605,16.687006652,0
                103.604651284,16.687014601,0
                103.604644292,16.6870304080001,0
                103.604629996,16.687062032,0
                103.604620069,16.6870855170001,0
                103.604613827,16.6871013700001,0
                103.604610853,16.687109365,0
                103.60460802,16.6871174070001,0
                103.604602562,16.6871345500001,0
                103.604597698,16.687151715,0
                103.604595498,16.6871602160001,0
                103.604593505,16.687168581,0
                103.604591793,16.6871767420001,0
                103.604590475,16.687184583,0
                103.604589722,16.6871919700001,0
                103.604589743,16.6871987000001,0
                103.60459085,16.6872045170001,0
                103.60459343,16.6872090890001,0
                103.604597777,16.68721212,0
                103.604603587,16.687213915,0
                103.60461046,16.687214808,0
                103.604618103,16.687215048,0
                103.604626287,16.6872148250001,0
                103.604634851,16.6872142780001,0
                103.604652654,16.6872126100001,0
                103.60474423,16.6872019910001,0
                103.604807865,16.687195005,0
                103.604834751,16.6871924180001,0
                103.604869695,16.6871896420001,0
                103.604895922,16.687188034,0
                103.604913724,16.687187484,0
                103.604922768,16.6871874670001,0
                103.604931767,16.6871876720001,0
                103.604940707,16.687188167,0
                103.604949558,16.687189043,0
                103.604958281,16.687190426,0
                103.604966338,16.687192306,0
                103.604974216,16.687194741,0
                103.604981882,16.687197703,0
                103.6049893,16.687201229,0
                103.604996889,16.687205631,0
                103.605004214,16.6872105520001,0
                103.605011352,16.6872158470001,0
                103.605018351,16.687221402,0
                103.605032103,16.6872330090001,0
                103.605052384,16.687250985,0
                103.605065635,16.687263144,0
                103.605072106,16.6872692790001,0
                103.60507839,16.6872754670001,0
                103.60508441,16.687281743,0
                103.605090045,16.687288144,0
                103.605095133,16.6872947200001,0
                103.605099463,16.6873015480001,0
                103.605102755,16.6873087180001,0
                103.605104774,16.687316273,0
                103.605105764,16.6873241710001,0
                103.605106001,16.6873323200001,0
                103.605105696,16.687340648,0
                103.605105001,16.6873491060001,0
                103.605102906,16.687366255,0
                103.605100323,16.687383568,0
                103.605089289,16.687453056,0
                103.6050794,16.687517483,0
                103.605069016,16.6875630430001,0
                103.605026638,16.6876891110001,0
                103.604970352,16.687856545,0
                103.604969963,16.6878580910001,0
                103.604967988,16.687866614,0
                103.604964615,16.687883331,0
                103.604961922,16.6878997360001,0
                103.604958568,16.687924459,0
                103.604956734,16.687940984,0
                103.604955974,16.687949259,0
                103.604954872,16.6879664850001,0
                103.604954361,16.687984387,0
                103.604954361,16.688011266,0
                103.604954861,16.6880291680001,0
                103.604955333,16.68803811,0
                103.604956749,16.688055433,0
                103.604958591,16.6880727330001,0
                103.604960638,16.6880900190001,0
                103.604966048,16.688133221,0
                103.604969457,16.688159114,0
                103.604971951,16.6881763270001,0
                103.60497334,16.6881849060001,0
                103.604974874,16.688193454,0
                103.604976612,16.688201957,0
                103.604980286,16.68821689,0
                103.604984607,16.6882316690001,0
                103.604989517,16.688246282,0
                103.604992586,16.688254489,0
                103.604995817,16.688262648,0
                103.605002595,16.6882788560001,0
                103.605013156,16.6883030430001,0
                103.605070217,16.688431758,0
                103.605080671,16.688455978,0
                103.605090815,16.6884805220001,0
                103.605110413,16.6885300750001,0
                103.605126359,16.688571505,0
                103.605135231,16.688595649,0
                103.605157842,16.688659108,0
                103.605166656,16.6886827880001,0
                103.605176377,16.688707229,0
                103.605196319,16.6887559260001,0
                103.605202659,16.6887722330001,0
                103.605205648,16.688780438,0
                103.605208452,16.6887886920001,0
                103.605210999,16.688797015,0
                103.60521321,16.6888053370001,0
                103.60521517,16.6888137220001,0
                103.605218569,16.688830636,0
                103.605221536,16.688847658,0
                103.605225439,16.688873292,0
                103.605227585,16.688890423,0
                103.605228427,16.688899,0
                103.605229045,16.688907591,0
                103.605229373,16.68891581,0
                103.605229408,16.688932272,0
                103.605228802,16.6889487290001,0
                103.605228275,16.688956949,0
                103.605227578,16.6889651550001,0
                103.60522668,16.688973343,0
                103.605225444,16.688982219,0
                103.605223987,16.6889910730001,0
                103.605222365,16.688999908,0
                103.605218789,16.689017527,0
                103.605214856,16.6890350730001,0
                103.605212746,16.689043811,0
                103.605208107,16.689061156,0
                103.605205469,16.689069734,0
                103.605202803,16.689077506,0
                103.605199915,16.6890852110001,0
                103.605196829,16.6890928440001,0
                103.605193549,16.689100404,0
                103.605189774,16.6891085520001,0
                103.605185829,16.689116632,0
                103.605177613,16.68913266,0
                103.605147763,16.689188319,0
                103.605135195,16.689212255,0
                103.605127262,16.68922838,0
                103.605123547,16.6892365310001,0
                103.605120097,16.689244785,0
                103.605117064,16.689252863,0
                103.605114281,16.6892610300001,0
                103.605111682,16.6892692600001,0
                103.60510687,16.689285865,0
                103.605100326,16.6893109750001,0
                103.605096456,16.6893278200001,0
                103.605094756,16.689336278,0
                103.605093336,16.689344356,0
                103.605092127,16.6893524560001,0
                103.605091144,16.689360579,0
                103.605090418,16.6893685420001,0
                103.605089936,16.6893765180001,0
                103.605089693,16.6893845010001,0
                103.605089721,16.6893924840001,0
                103.605090087,16.689401108,0
                103.605090747,16.6894097160001,0
                103.605091678,16.689418314,0
                103.605092848,16.6894269200001,0
                103.605095664,16.6894440900001,0
                103.605108529,16.689511855,0
                103.605123256,16.689639044,0
                103.605131256,16.6897081430001,0
                103.605136094,16.6897499300001,0
                103.605139321,16.6897670450001,0
                103.605146279,16.689783172,0
                103.605158887,16.6898000780001,0
                103.605178954,16.6898150110001,0
                103.605218294,16.689836127,0
                103.605271184,16.689864518,0
                103.605278185,16.6898693380001,0
                103.605288295,16.6898780600001,0
                103.605296227,16.6898910950001,0
                103.605300366,16.6899072890001,0
                103.605302131,16.6899416250001,0
                103.605301159,16.6899636800001,0
                103.605301516,16.6899709570001,0
                103.605301408,16.689979523,0
                103.605300947,16.6899881790001,0
                103.605299122,16.690014455,0
                103.605298891,16.6900221720001,0
                103.605298862,16.6900298950001,0
                103.605299024,16.690037622,0
                103.605299373,16.69004534,0
                103.605299922,16.690053031,0
                103.605300695,16.690060686,0
                103.605301733,16.690068281,0
                103.605303115,16.690075958,0
                103.605304845,16.6900835330001,0
                103.605306936,16.690090969,0
                103.605309444,16.6900982330001,0
                103.605312457,16.690105266,0
                103.605315769,16.690111534,0
                103.605319552,16.690117549,0
                103.605323759,16.690123306,0
                103.60532838,16.690128783,0
                103.605334574,16.690135082,0
                103.605341232,16.690141028,0
                103.605348216,16.690146719,0
                103.605355429,16.6901522370001,0
                103.605362794,16.690157631,0
                103.605377799,16.6901681960001,0
                103.605446116,16.6902149680001,0
                103.605468746,16.6902306910001,0
                103.605483738,16.690241305,0
                103.605505002,16.690256784,0
                103.605533256,16.6902776640001,0
                103.605554424,16.6902934290001,0
                103.605568401,16.6903040710001,0
                103.605582039,16.6903149680001,0
                103.605588605,16.690320587,0
                103.60559489,16.690326392,0
                103.605600788,16.690332445,0
                103.605606142,16.690338835,0
                103.605610153,16.690344601,0
                103.605613642,16.690350645,0
                103.605616599,16.6903569250001,0
                103.605618854,16.6903629780001,0
                103.605620611,16.690369178,0
                103.605621857,16.690375497,0
                103.605622618,16.690382845,0
                103.605622764,16.6903902660001,0
                103.605622358,16.6903977220001,0
                103.605621438,16.6904051710001,0
                103.605619997,16.690412564,0
                103.605618164,16.690419375,0
                103.605615869,16.6904260800001,0
                103.605613132,16.6904326540001,0
                103.605610595,16.6904378450001,0
                103.605607775,16.6904429210001,0
                103.605603677,16.690449471,0
                103.605599261,16.690455881,0
                103.605585439,16.6904749,0
                103.605580501,16.6904821410001,0
                103.605575879,16.690489515,0
                103.605571696,16.6904970370001,0
                103.605568092,16.690504731,0
                103.605565424,16.690512025,0
                103.605563423,16.690519449,0
                103.605562135,16.6905269650001,0
                103.605561642,16.6905340980001,0
                103.605561836,16.6905412150001,0
                103.60556273,16.690548259,0
                103.605564474,16.6905556580001,0
                103.605566925,16.690562874,0
                103.605569974,16.6905698690001,0
                103.605573568,16.6905765870001,0
                103.605577692,16.6905829410001,0
                103.605582393,16.6905888220001,0
                103.605587753,16.6905940890001,0
                103.605594138,16.690598806,0
                103.605631775,16.6906152130001,0
                103.605721728,16.6906544300001,0
                103.605771739,16.6906762310001,0
                103.605863224,16.690716117,0
                103.605884975,16.690722866,0
                103.60590664,16.6907260030001,0
                103.605929152,16.690725501,0
                103.605982471,16.6907179780001,0
                103.606003313,16.6907166390001,0
                103.606008059,16.6907167860001,0
                103.606016748,16.6907175430001,0
                103.606024807,16.690718734,0
                103.606032736,16.6907203420001,0
                103.606040496,16.690722328,0
                103.606048026,16.6907246980001,0
                103.606055258,16.6907274710001,0
                103.60606209,16.6907307130001,0
                103.606068378,16.69073453,0
                103.606073959,16.690739062,0
                103.606079179,16.690745099,0
                103.606083515,16.6907519750001,0
                103.606087184,16.6907594620001,0
                103.606090335,16.690767388,0
                103.606093049,16.690775635,0
                103.606095386,16.6907841120001,0
                103.606097343,16.6907927680001,0
                103.606098869,16.6908012170001,0
                103.606100117,16.6908097580001,0
                103.606102102,16.690826983,0
                103.606103734,16.6908442870001,0
                103.606110446,16.690922057,0
                103.606111786,16.690939287,0
                103.606112755,16.690956493,0
                103.606112997,16.690965363,0
                103.60611298,16.6909742120001,0
                103.606112644,16.6909830230001,0
                103.606111958,16.6909912470001,0
                103.606110867,16.690999398,0
                103.606109316,16.691007461,0
                103.606107377,16.6910149330001,0
                103.606104991,16.6910222930001,0
                103.606102261,16.691029368,0
                103.606099192,16.6910363330001,0
                103.606095844,16.691043205,0
                103.606092256,16.6910499750001,0
                103.606088431,16.691056641,0
                103.606084037,16.6910637350001,0
                103.606079405,16.691070699,0
                103.60607456,16.6910775370001,0
                103.606069497,16.6910842400001,0
                103.606064015,16.691091047,0
                103.606058348,16.6910977270001,0
                103.606046686,16.691110861,0
                103.606017084,16.691143364,0
                103.606005621,16.691156633,0
                103.605995527,16.691169227,0
                103.605985879,16.691182118,0
                103.605981224,16.6911886670001,0
                103.605976706,16.691195291,0
                103.605972354,16.6912020090001,0
                103.605968215,16.691208832,0
                103.605964112,16.6912162030001,0
                103.605960317,16.691223721,0
                103.605956657,16.691231794,0
                103.605953267,16.6912399880001,0
                103.605950075,16.6912482770001,0
                103.60594406,16.691265017,0
                103.605935491,16.691290329,0
                103.605898951,16.6914002520001,0
                103.605890312,16.691425543,0
                103.605878732,16.6914582970001,0
                103.605866856,16.691490963,0
                103.605857648,16.691515356,0
                103.605851252,16.691531438,0
                103.605834749,16.6915712430001,0
                103.605828375,16.6915872390001,0
                103.605822989,16.691601936,0
                103.605818159,16.6916167840001,0
                103.605816037,16.6916242830001,0
                103.605813991,16.691632541,0
                103.605812212,16.691640857,0
                103.605810664,16.6916492170001,0
                103.605809345,16.6916576080001,0
                103.60580827,16.6916660250001,0
                103.605807479,16.691674188,0
                103.605806941,16.691682359,0
                103.605806656,16.691690529,0
                103.60580666,16.691698683,0
                103.605807004,16.6917068070001,0
                103.605807769,16.6917148900001,0
                103.605809151,16.691723568,0
                103.605810996,16.6917322,0
                103.605813166,16.6917407880001,0
                103.605815575,16.691749353,0
                103.605820807,16.6917664370001,0
                103.605834492,16.6918091220001,0
                103.605839402,16.691825226,0
                103.605848755,16.6918575490001,0
                103.605853228,16.691873758,0
                103.605857509,16.691890012,0
                103.605861474,16.691906331,0
                103.605864918,16.6919227430001,0
                103.60587211,16.6919640260001,0
                103.605875237,16.6919804680001,0
                103.605877046,16.691988623,0
                103.605879115,16.6919966990001,0
                103.60588114,16.692003497,0
                103.605883392,16.692010221,0
                103.605885862,16.692016869,0
                103.605888536,16.6920234360001,0
                103.605891941,16.692031018,0
                103.605895609,16.6920384690001,0
                103.60589953,16.692045765,0
                103.605903718,16.6920528840001,0
                103.605908205,16.6920597660001,0
                103.605913064,16.6920663560001,0
                103.605918385,16.6920725520001,0
                103.605924563,16.692078559,0
                103.605931222,16.692084148,0
                103.605938233,16.692089433,0
                103.605945501,16.6920945040001,0
                103.605960505,16.692104221,0
                103.605975847,16.6921136340001,0
                103.605999111,16.6921274810001,0
                103.606022568,16.69214099,0
                103.606038409,16.692149584,0
                103.606046449,16.6921536560001,0
                103.606054496,16.69215747,0
                103.606062633,16.6921611240001,0
                103.606087347,16.692171477,0
                103.606153798,16.692197983,0
                103.606170227,16.6922049230001,0
                103.606178345,16.69220856,0
                103.606186368,16.6922123620001,0
                103.606194266,16.692216391,0
                103.606202069,16.6922207380001,0
                103.606209742,16.692225314,0
                103.60621732,16.6922300580001,0
                103.606239733,16.6922448710001,0
                103.606276679,16.692270304,0
                103.606291309,16.6922806380001,0
                103.606305678,16.692291203,0
                103.606312675,16.692296646,0
                103.606319474,16.6923022550001,0
                103.606325994,16.6923081050001,0
                103.606332124,16.692314283,0
                103.606337888,16.6923209880001,0
                103.60634324,16.6923280400001,0
                103.606348261,16.692335352,0
                103.606353025,16.6923428600001,0
                103.606357558,16.6923505250001,0
                103.606361866,16.692358326,0
                103.606365929,16.692366255,0
                103.606369705,16.6923743200001,0
                103.606373064,16.692382341,0
                103.606376127,16.6923904810001,0
                103.606378925,16.6923987170001,0
                103.606381459,16.692407041,0
                103.606383769,16.6924155900001,0
                103.606385865,16.692424202,0
                103.606389658,16.6924415400001,0
                103.606400094,16.692493789,0
                103.606405579,16.6925198610001,0
                103.606409269,16.69253602,0
                103.606418862,16.692576338,0
                103.6064225,16.6925924940001,0
                103.606424173,16.6926005880001,0
                103.606425687,16.6926087040001,0
                103.60642701,16.692616888,0
                103.606428119,16.692625085,0
                103.606429008,16.6926332960001,0
                103.60642965,16.6926415080001,0
                103.606429988,16.6926497220001,0
                103.606429946,16.6926579230001,0
                103.606429463,16.692666047,0
                103.606428605,16.692674153,0
                103.606427448,16.6926822390001,0
                103.606426037,16.6926902980001,0
                103.606424401,16.692698331,0
                103.606422544,16.6927063200001,0
                103.606420457,16.6927142540001,0
                103.606418092,16.6927221190001,0
                103.606415509,16.6927296590001,0
                103.606412663,16.6927371200001,0
                103.606409594,16.6927445040001,0
                103.606406323,16.692751812,0
                103.606402843,16.692759043,0
                103.606398785,16.6927668910001,0
                103.606394547,16.692774667,0
                103.606376982,16.692805499,0
                103.60636854,16.6928210720001,0
                103.606364581,16.692828994,0
                103.606360803,16.6928369940001,0
                103.606353708,16.692853181,0
                103.606350401,16.6928613600001,0
                103.606347288,16.6928695930001,0
                103.606344405,16.6928778920001,0
                103.606341823,16.692886276,0
                103.606339595,16.6928947640001,0
                103.606337659,16.692903331,0
                103.606335939,16.692911952,0
                103.606332909,16.6929293060001,0
                103.606330222,16.692946743,0
                103.606326619,16.692972981,0
                103.606324646,16.6929901410001,0
                103.606323095,16.6930069530001,0
                103.606322021,16.693023795,0
                103.606321545,16.693041556,0
                103.606321546,16.6930593390001,0
                103.606321908,16.6930771130001,0
                103.606322703,16.693094865,0
                103.606323346,16.693103713,0
                103.606324236,16.693112537,0
                103.606325369,16.69312095,0
                103.60632674,16.69312933,0
                103.606330054,16.693146002,0
                103.60633196,16.693154276,0
                103.606334047,16.6931625010001,0
                103.606336347,16.693170654,0
                103.606338912,16.693178711,0
                103.606341824,16.693186633,0
                103.606345296,16.6931946830001,0
                103.606349161,16.6932025620001,0
                103.606353374,16.693210284,0
                103.606357905,16.6932178320001,0
                103.606362758,16.693225184,0
                103.60636798,16.6932322980001,0
                103.606373607,16.6932391460001,0
                103.606379561,16.69324577,0
                103.606385741,16.693252231,0
                103.606398536,16.693264851,0
                103.606411635,16.6932772440001,0
                103.60650414,16.6933632550001,0
                103.606550139,16.693406467,0
                103.606609181,16.693462343,0
                103.606629105,16.693480826,0
                103.606642718,16.693492801,0
                103.606649717,16.6934985680001,0
                103.606656189,16.693503594,0
                103.606662793,16.693508454,0
                103.60666951,16.6935131500001,0
                103.606676326,16.693517682,0
                103.60668324,16.693522022,0
                103.606690265,16.6935261150001,0
                103.606697409,16.6935299,0
                103.606704844,16.693533363,0
                103.606712413,16.693536341,0
                103.606720118,16.693538747,0
                103.606726673,16.693540233,0
                103.6067333,16.693541162,0
                103.606739818,16.69354149,0
                103.606746361,16.6935412760001,0
                103.606754798,16.693540281,0
                103.606763223,16.6935386370001,0
                103.606771609,16.693536485,0
                103.606779938,16.693533915,0
                103.606788184,16.693530986,0
                103.606796313,16.6935276940001,0
                103.606804283,16.693524027,0
                103.606811646,16.693520171,0
                103.606818847,16.6935160030001,0
                103.606825915,16.6935115900001,0
                103.606832853,16.6935069780001,0
                103.60683966,16.6935021780001,0
                103.606846331,16.6934972020001,0
                103.606852844,16.6934920350001,0
                103.606859815,16.6934860960001,0
                103.606866599,16.6934799540001,0
                103.60687322,16.693473645,0
                103.606879697,16.693467189,0
                103.606902282,16.693443449,0
                103.606913512,16.6934321630001,0
                103.606924801,16.693421576,0
                103.606936392,16.6934112920001,0
                103.606948811,16.6934008640001,0
                103.606962041,16.693390273,0
                103.60698221,16.6933747630001,0
                103.606995844,16.6933646640001,0
                103.60700971,16.693354862,0
                103.607017337,16.6933497370001,0
                103.607032803,16.6933397820001,0
                103.607048448,16.693330062,0
                103.607064205,16.6933205240001,0
                103.60708009,16.693311222,0
                103.607088101,16.6933067250001,0
                103.607096191,16.693302384,0
                103.60710438,16.6932982660001,0
                103.607112712,16.6932944600001,0
                103.607122534,16.6932905670001,0
                103.607130731,16.693287766,0
                103.607139037,16.6932852360001,0
                103.607155879,16.693280745,0
                103.60716438,16.6932787120001,0
                103.607181478,16.6932749860001,0
                103.607198692,16.6932717890001,0
                103.60720674,16.693270554,0
                103.607214811,16.6932695040001,0
                103.607222896,16.693268661,0
                103.607231006,16.69326807,0
                103.607240314,16.6932677360001,0
                103.607249635,16.6932677130001,0
                103.607258957,16.6932679380001,0
                103.60726828,16.6932683840001,0
                103.607277584,16.693269032,0
                103.607286861,16.6932699160001,0
                103.607296089,16.693271076,0
                103.60730525,16.6932725940001,0
                103.607311008,16.6932737770001,0
                103.607316719,16.6932751460001,0
                103.607324949,16.693277433,0
                103.607333102,16.6932800050001,0
                103.60734119,16.6932827950001,0
                103.607349222,16.6932857580001,0
                103.607365103,16.693292102,0
                103.607372925,16.693295479,0
                103.607380633,16.6932990130001,0
                103.607388183,16.6933027430001,0
                103.607395514,16.6933067360001,0
                103.607402559,16.693311077,0
                103.607409213,16.6933158740001,0
                103.607415642,16.693321468,0
                103.607421644,16.6933275590001,0
                103.607427314,16.6933340140001,0
                103.607432718,16.693340741,0
                103.607437908,16.69334767,0
                103.607442891,16.6933547620001,0
                103.607447662,16.693361985,0
                103.607452188,16.6933693350001,0
                103.607456404,16.693376814,0
                103.607460212,16.693384451,0
                103.607463478,16.6933922750001,0
                103.607465834,16.6933994390001,0
                103.607467731,16.6934067490001,0
                103.607469256,16.693414175,0
                103.607470465,16.693421689,0
                103.6074714,16.693429264,0
                103.607472065,16.693436885,0
                103.607472528,16.6934458540001,0
                103.607472774,16.693463874,0
                103.607472513,16.693508492,0
                103.607472765,16.693525417,0
                103.607473459,16.693550784,0
                103.607474423,16.6935761230001,0
                103.607475743,16.693601701,0
                103.607477492,16.6936277790001,0
                103.607479549,16.693653828,0
                103.607482096,16.6936798260001,0
                103.607485496,16.6937060880001,0
                103.607490666,16.693741028,0
                103.607505381,16.6938370730001,0
                103.60751091,16.693871965,0
                103.607513901,16.69388937,0
                103.607517185,16.693906525,0
                103.607520757,16.693923421,0
                103.607532228,16.693973989,0
                103.607553862,16.69406658,0
                103.607568514,16.6941259160001,0
                103.60759004,16.694210675,0
                103.607596203,16.6942361500001,0
                103.607599755,16.694253163,0
                103.607601195,16.694261682,0
                103.607602283,16.694270213,0
                103.607602768,16.694276175,0
                103.607602996,16.6942821380001,0
                103.607602896,16.694289285,0
                103.607602422,16.694296418,0
                103.607601592,16.694303522,0
                103.607600424,16.69431058,0
                103.607598889,16.694317583,0
                103.607596653,16.6943255530001,0
                103.607593994,16.694333428,0
                103.607590978,16.694341217,0
                103.607587655,16.694348914,0
                103.60758403,16.694356509,0
                103.607580001,16.6943642260001,0
                103.607571344,16.694379429,0
                103.607553529,16.6944095860001,0
                103.60754933,16.6944172080001,0
                103.60754538,16.694424914,0
                103.607541789,16.6944327470001,0
                103.607538976,16.694439855,0
                103.607536511,16.694447068,0
                103.607534372,16.694454373,0
                103.607532561,16.694461748,0
                103.607531103,16.6944691910001,0
                103.607530048,16.6944766880001,0
                103.607529383,16.694485222,0
                103.607529169,16.69449381,0
                103.607529278,16.6945024350001,0
                103.607530124,16.694519757,0
                103.60753144,16.6945371310001,0
                103.60753298,16.6945545190001,0
                103.6075355,16.6945805980001,0
                103.607538329,16.694606643,0
                103.60754059,16.6946242490001,0
                103.607548415,16.6946778010001,0
                103.607550579,16.6946956570001,0
                103.607551374,16.6947045960001,0
                103.607551853,16.6947126760001,0
                103.607552103,16.6947207530001,0
                103.60755212,16.6947288210001,0
                103.607551883,16.6947368730001,0
                103.60755135,16.694744895,0
                103.607550457,16.6947528750001,0
                103.607549121,16.6947609420001,0
                103.607547425,16.6947689630001,0
                103.607545456,16.6947769450001,0
                103.60754327,16.694784891,0
                103.607538398,16.694800695,0
                103.607532955,16.694816345,0
                103.607526947,16.6948315980001,0
                103.607510634,16.6948694160001,0
                103.607500846,16.694893768,0
                103.607494974,16.6949094460001,0
                103.607486515,16.6949330790001,0
                103.607478301,16.694956801,0
                103.607470361,16.694980603,0
                103.607464965,16.694997604,0
                103.607457128,16.695023184,0
                103.607449517,16.695048822,0
                103.607444685,16.695065969,0
                103.607440268,16.695083201,0
                103.607438334,16.695091872,0
                103.607436753,16.695100016,0
                103.607434087,16.695116398,0
                103.607431878,16.6951328640001,0
                103.60743002,16.695149381,0
                103.607428575,16.695165925,0
                103.607428077,16.695174203,0
                103.607427794,16.695182485,0
                103.607427777,16.695190928,0
                103.607428008,16.6951993660001,0
                103.607428454,16.6952077990001,0
                103.607429105,16.695216214,0
                103.607429975,16.6952246010001,0
                103.607431092,16.695232956,0
                103.607432517,16.6952412540001,0
                103.607434086,16.695248544,0
                103.607435911,16.695255778,0
                103.607437968,16.695262954,0
                103.607440244,16.695270066,0
                103.607442742,16.6952771050001,0
                103.607446018,16.695285353,0
                103.607449608,16.695293468,0
                103.607453517,16.6953014220001,0
                103.607457792,16.695309179,0
                103.607462495,16.695316683,0
                103.607467565,16.695323719,0
                103.607473018,16.6953305210001,0
                103.607478748,16.6953371540001,0
                103.607484671,16.695343667,0
                103.607496887,16.695356453,0
                103.607509355,16.69536908,0
                103.607609702,16.6954695200001,0
                103.607628776,16.695488058,0
                103.607635259,16.6954941110001,0
                103.60764871,16.6955061670001,0
                103.60766927,16.69552386,0
                103.607690022,16.695541373,0
                103.607710874,16.695558754,0
                103.607724893,16.6955701520001,0
                103.607739134,16.6955811980001,0
                103.607746403,16.6955864760001,0
                103.607753829,16.6955915080001,0
                103.607761467,16.695596192,0
                103.607769333,16.6956004470001,0
                103.607777407,16.695604369,0
                103.607785629,16.6956080530001,0
                103.607793954,16.6956115730001,0
                103.607827683,16.695625082,0
                103.607844486,16.6956320370001,0
                103.607885699,16.6956504730001,0
                103.607893992,16.6956539880001,0
                103.60790235,16.6956573000001,0
                103.607910356,16.6956601640001,0
                103.607918448,16.6956627370001,0
                103.60792664,16.6956649800001,0
                103.607935383,16.6956669570001,0
                103.607944211,16.695668604,0
                103.607953103,16.6956700100001,0
                103.607971015,16.6956723060001,0
                103.607989028,16.695674099,0
                103.607998058,16.6956748170001,0
                103.608007103,16.6956754,0
                103.608023741,16.695676061,0
                103.608048709,16.6956763150001,0
                103.608065338,16.695676002,0
                103.608073636,16.695675646,0
                103.60808192,16.6956751050001,0
                103.608090922,16.6956742730001,0
                103.608108865,16.695672002,0
                103.608126728,16.6956691190001,0
                103.608144483,16.6956656670001,0
                103.608153303,16.695663676,0
                103.60817071,16.69565915,0
                103.608214023,16.695646815,0
                103.608222743,16.695644569,0
                103.608231771,16.695642465,0
                103.608240846,16.695640591,0
                103.608249965,16.695638967,0
                103.608259119,16.695637645,0
                103.608267124,16.695636786,0
                103.608275146,16.6956361960001,0
                103.608283183,16.695635882,0
                103.608291222,16.6956358690001,0
                103.60829934,16.6956361970001,0
                103.608307442,16.695636828,0
                103.608315522,16.6956377290001,0
                103.608323576,16.695638902,0
                103.608331581,16.695640355,0
                103.608340139,16.6956422420001,0
                103.608348633,16.6956444100001,0
                103.608357067,16.6956467960001,0
                103.608365431,16.695649368,0
                103.608373709,16.695652104,0
                103.608381875,16.695655018,0
                103.608389887,16.695658139,0
                103.608397695,16.6956615170001,0
                103.608405216,16.69566523,0
                103.608412341,16.6956693980001,0
                103.608418943,16.695674173,0
                103.608425244,16.695680028,0
                103.608430962,16.6956865490001,0
                103.608436256,16.6956935480001,0
                103.60844124,16.695700888,0
                103.608446006,16.695708472,0
                103.608450612,16.695716217,0
                103.608459467,16.695732035,0
                103.608467884,16.6957481330001,0
                103.608471882,16.6957562700001,0
                103.608475681,16.6957644930001,0
                103.608479197,16.695772812,0
                103.608482269,16.695780961,0
                103.608485077,16.695789206,0
                103.608490127,16.695805889,0
                103.608494634,16.6958227320001,0
                103.608498619,16.6958396960001,0
                103.608500368,16.6958482260001,0
                103.608501893,16.695856797,0
                103.608503096,16.695865014,0
                103.608504971,16.6958815510001,0
                103.608506419,16.695898184,0
                103.60850897,16.6959315820001,0
                103.608510498,16.6959482400001,0
                103.608512472,16.695964396,0
                103.608513668,16.6959723530001,0
                103.608515035,16.69598017,0
                103.608516616,16.695987793,0
                103.608518481,16.6959951440001,0
                103.608520721,16.696002122,0
                103.608523463,16.6960085740001,0
                103.60852688,16.696014335,0
                103.608531182,16.696019161,0
                103.608536679,16.6960229380001,0
                103.608543103,16.6960257420001,0
                103.608550206,16.696027815,0
                103.608557814,16.696029331,0
                103.608565787,16.696030433,0
                103.608574019,16.6960312140001,0
                103.608582427,16.696031743,0
                103.608590961,16.6960320580001,0
                103.60859957,16.6960321720001,0
                103.608608225,16.696032082,0
                103.608616903,16.696031767,0
                103.60862444,16.696031297,0
                103.608647072,16.69602953,0
                103.60865624,16.696028987,0
                103.608665413,16.696028633,0
                103.608674572,16.696028487,0
                103.608683709,16.6960285860001,0
                103.608692811,16.696028986,0
                103.608701856,16.696029776,0
                103.608710763,16.6960310200001,0
                103.608719596,16.696032657,0
                103.608728333,16.6960346170001,0
                103.608736964,16.6960368540001,0
                103.608745448,16.696039365,0
                103.608753733,16.6960421640001,0
                103.608761732,16.6960453070001,0
                103.608769339,16.696048892,0
                103.608776407,16.6960530480001,0
                103.608782732,16.696057969,0
                103.608787695,16.696063241,0
                103.608792009,16.6960691570001,0
                103.608795816,16.6960755540001,0
                103.608799215,16.6960823260001,0
                103.60880227,16.696089375,0
                103.608805012,16.696096643,0
                103.608807455,16.696104076,0
                103.608809568,16.6961116470001,0
                103.608811493,16.696120127,0
                103.608813023,16.6961287030001,0
                103.608814194,16.6961373400001,0
                103.608814982,16.6961460090001,0
                103.608815341,16.696154687,0
                103.608815174,16.69616353,0
                103.608814422,16.696172333,0
                103.608813105,16.6961807640001,0
                103.608811299,16.696189126,0
                103.608809113,16.6961973960001,0
                103.608806597,16.696205575,0
                103.608803778,16.69621363,0
                103.608800638,16.6962215300001,0
                103.608797132,16.6962292170001,0
                103.608793176,16.696236626,0
                103.608788635,16.6962436600001,0
                103.608783196,16.696250493,0
                103.608777158,16.6962569300001,0
                103.608770688,16.6962630780001,0
                103.608763918,16.696269022,0
                103.608756934,16.696274821,0
                103.6087426,16.6962861490001,0
                103.608691484,16.6963250910001,0
                103.608669809,16.696341987,0
                103.608648481,16.696359263,0
                103.608613366,16.6963884900001,0
                103.608585578,16.6964121840001,0
                103.60857328,16.696423016,0
                103.608561117,16.696433988,0
                103.608543059,16.6964509520001,0
                103.608512951,16.6964802970001,0
                103.608500659,16.696491746,0
                103.608494352,16.6964972920001,0
                103.608483676,16.6965061120001,0
                103.608466359,16.696519869,0
                103.608454285,16.6965290900001,0
                103.608448125,16.6965335460001,0
                103.608441066,16.6965383960001,0
                103.608426617,16.6965476620001,0
                103.608419274,16.696552135,0
                103.608404408,16.6965608100001,0
                103.608389312,16.696569072,0
                103.608381661,16.6965729880001,0
                103.608373921,16.6965767080001,0
                103.608366067,16.6965801650001,0
                103.608358069,16.696583278,0
                103.608349926,16.6965859750001,0
                103.608341653,16.6965883510001,0
                103.608333299,16.696590498,0
                103.60830004,16.69659847,0
                103.608292063,16.6966007090001,0
                103.608284388,16.696603237,0
                103.608277144,16.696606198,0
                103.608270504,16.6966097500001,0
                103.608264678,16.6966141120001,0
                103.608259676,16.696619674,0
                103.608255561,16.696626103,0
                103.608252115,16.696633176,0
                103.608249186,16.6966407150001,0
                103.608246658,16.696648592,0
                103.608244477,16.6966567050001,0
                103.608242623,16.696664986,0
                103.608241113,16.696673382,0
                103.608240002,16.696681858,0
                103.608239384,16.6966903920001,0
                103.608239325,16.6966980780001,0
                103.60823967,16.696705783,0
                103.608240341,16.6967134940001,0
                103.60824128,16.696721199,0
                103.608242465,16.69672889,0
                103.608243875,16.696736549,0
                103.608245522,16.696744175,0
                103.608247416,16.6967517730001,0
                103.60824952,16.6967593260001,0
                103.608251787,16.6967668390001,0
                103.608256733,16.696781753,0
                103.608262167,16.6967965110001,0
                103.608274964,16.6968280400001,0
                103.608278011,16.696835919,0
                103.60828082,16.696843835,0
                103.60828329,16.696851813,0
                103.608285051,16.6968587600001,0
                103.60828645,16.696865756,0
                103.608287465,16.6968727830001,0
                103.608288046,16.6968798290001,0
                103.608288126,16.696887459,0
                103.608287669,16.696895069,0
                103.608286681,16.6969026370001,0
                103.608285135,16.696910127,0
                103.608282803,16.696918162,0
                103.608279911,16.6969260930001,0
                103.608276606,16.696933933,0
                103.60827298,16.6969416900001,0
                103.608269115,16.696949381,0
                103.608256685,16.6969730120001,0
                103.608253021,16.696980748,0
                103.60824965,16.696988784,0
                103.608246731,16.696996922,0
                103.608244329,16.6970051660001,0
                103.608242569,16.697013504,0
                103.60824164,16.6970209580001,0
                103.608241231,16.697028463,0
                103.608241267,16.697035995,0
                103.608241705,16.6970435260001,0
                103.608242531,16.6970510260001,0
                103.608243753,16.697058482,0
                103.608245422,16.697065851,0
                103.608247764,16.6970735960001,0
                103.608250847,16.6970815780001,0
                103.608254407,16.697089423,0
                103.608258298,16.6970971800001,0
                103.608270738,16.697120292,0
                103.60827482,16.6971280490001,0
                103.608278718,16.6971358910001,0
                103.608281995,16.6971430340001,0
                103.608288008,16.6971575540001,0
                103.608290794,16.697164903,0
                103.608296001,16.697179738,0
                103.608298426,16.697187216,0
                103.60830262,16.697201362,0
                103.608320743,16.697322006,0
                103.608330011,16.697356174,0
                103.608332986,16.6973641540001,0
                103.608338639,16.6973749900001,0
                103.608340729,16.6973771300001,0
                103.60835062,16.6973827150001,0
                103.608360748,16.6973853420001,0
                103.608377698,16.6973876770001,0
                103.608409598,16.6973869650001,0
                103.608500284,16.69739012,0
                103.60850166,16.697390338,0
                103.608524761,16.69739565,0
                103.608543233,16.697402513,0
                103.608556616,16.697411726,0
                103.608570225,16.697431323,0
                103.608579171,16.697451926,0
                103.608580519,16.697469084,0
                103.608577248,16.697489058,0
                103.608569192,16.6975055240001,0
                103.608549558,16.697528108,0
                103.608527629,16.6975533310001,0
                103.608492015,16.6975942980001,0
                103.608488612,16.697599832,0
                103.608485438,16.6976057090001,0
                103.608481762,16.697613733,0
                103.608478574,16.697621972,0
                103.608475745,16.697630379,0
                103.608473191,16.697638897,0
                103.608470858,16.6976475050001,0
                103.608468704,16.6976561710001,0
                103.608464915,16.6976736510001,0
                103.608463316,16.6976824490001,0
                103.608460869,16.6976991330001,0
                103.608456912,16.6977326360001,0
                103.608454779,16.697749344,0
                103.608453538,16.697757665,0
                103.60845211,16.697765955,0
                103.608450385,16.697774554,0
                103.608446418,16.6977916590001,0
                103.608437956,16.697825853,0
                103.608431987,16.6978517160001,0
                103.608420648,16.697903599,0
                103.608417182,16.697920923,0
                103.608415609,16.6979295900001,0
                103.608414213,16.697938267,0
                103.60841306,16.697946947,0
                103.608412254,16.6979556380001,0
                103.60841191,16.697963714,0
                103.608411992,16.6979717900001,0
                103.608412523,16.697979865,0
                103.608413442,16.697987918,0
                103.608414673,16.6979959450001,0
                103.608416184,16.69800394,0
                103.608417951,16.6980118920001,0
                103.608419984,16.6980197890001,0
                103.608422309,16.6980276210001,0
                103.608424941,16.698035329,0
                103.608430854,16.698050568,0
                103.608440315,16.6980732920001,0
                103.608446681,16.6980892730001,0
                103.608452942,16.6981061320001,0
                103.608468098,16.6981484400001,0
                103.608474484,16.6981652330001,0
                103.608477715,16.69817318,0
                103.608484455,16.6981889680001,0
                103.608508955,16.698243883,0
                103.60851901,16.6982675850001,0
                103.608525515,16.698284308,0
                103.608543994,16.6983348630001,0
                103.608553592,16.698359995,0
                103.608560588,16.6983765040001,0
                103.608564306,16.6983846700001,0
                103.608572011,16.6984008920001,0
                103.608591978,16.698441186,0
                103.608616397,16.6984894140001,0
                103.608628878,16.6985134450001,0
                103.608637436,16.698529364,0
                103.608646323,16.698545127,0
                103.608662533,16.698572519,0
                103.608666384,16.698579406,0
                103.608669993,16.6985863530001,0
                103.608673263,16.698593397,0
                103.608675743,16.698599653,0
                103.608677799,16.698606007,0
                103.608679606,16.698613666,0
                103.608680775,16.698621416,0
                103.608681337,16.6986292190001,0
                103.608681272,16.698637024,0
                103.608680513,16.6986447850001,0
                103.608678889,16.6986529210001,0
                103.608676566,16.69866096,0
                103.608673694,16.698668899,0
                103.608670378,16.6986767170001,0
                103.608666672,16.6986844,0
                103.608662577,16.698691898,0
                103.60865807,16.698699161,0
                103.608653073,16.698706106,0
                103.608647743,16.6987124360001,0
                103.608642005,16.698718478,0
                103.608635957,16.6987243020001,0
                103.60862969,16.6987299640001,0
                103.608623266,16.698735503,0
                103.608610107,16.698746326,0
                103.608589901,16.6987620850001,0
                103.608576151,16.6987722370001,0
                103.608561279,16.698782576,0
                103.608546207,16.6987926350001,0
                103.608493098,16.698827259,0
                103.608478034,16.6988372590001,0
                103.608463201,16.698847512,0
                103.608455943,16.698852808,0
                103.608448844,16.6988582810001,0
                103.608441965,16.698863988,0
                103.608435283,16.69887006,0
                103.60842883,16.6988763750001,0
                103.608416387,16.698889504,0
                103.608410323,16.698896238,0
                103.608398454,16.6989099410001,0
                103.608386986,16.6989239490001,0
                103.608381489,16.6989311040001,0
                103.608376229,16.6989383970001,0
                103.608371297,16.6989458780001,0
                103.608367266,16.6989527330001,0
                103.608363534,16.69895975,0
                103.608360077,16.6989668950001,0
                103.608356879,16.6989741470001,0
                103.608353954,16.698981496,0
                103.608351336,16.6989889340001,0
                103.60834909,16.698996467,0
                103.608347177,16.6990046500001,0
                103.608345776,16.6990129210001,0
                103.608344961,16.699020445,0
                103.608344548,16.6990279950001,0
                103.608344524,16.6990355500001,0
                103.608344906,16.699043074,0
                103.60834574,16.699050556,0
                103.608346845,16.699056833,0
                103.608348309,16.6990630440001,0
                103.608350727,16.6990710220001,0
                103.608353642,16.6990788680001,0
                103.608356994,16.699086564,0
                103.608360762,16.699094103,0
                103.608364956,16.6991014330001,0
                103.608369463,16.699108342,0
                103.608374302,16.6991150760001,0
                103.608379372,16.6991216930001,0
                103.608405352,16.69915373,0
                103.608414761,16.699165921,0
                103.60842375,16.6991783780001,0
                103.608428528,16.6991854830001,0
                103.60843314,16.699192683,0
                103.608441948,16.69920733,0
                103.608446374,16.699215151,0
                103.608450674,16.6992230380001,0
                103.608458999,16.6992389490001,0
                103.608466948,16.6992550210001,0
                103.60847073,16.6992631320001,0
                103.608474322,16.6992713000001,0
                103.608477659,16.699279556,0
                103.608481531,16.699290626,0
                103.608483897,16.699298745,0
                103.608485951,16.6993069490001,0
                103.608487754,16.6993152160001,0
                103.608489338,16.699323524,0
                103.608490707,16.69933186,0
                103.608491858,16.699340218,0
                103.608492746,16.6993485830001,0
                103.608493303,16.699356945,0
                103.608493443,16.699365308,0
                103.608493254,16.69937069,0
                103.608492527,16.699379154,0
                103.60849134,16.699387582,0
                103.608489746,16.6993959660001,0
                103.608487766,16.6994042860001,0
                103.608485307,16.699412888,0
                103.608482528,16.699421424,0
                103.608479533,16.699429911,0
                103.608473133,16.6994468,0
                103.608466438,16.699463614,0
                103.608452621,16.6994970850001,0
                103.608446234,16.699511941,0
                103.608439652,16.69952671,0
                103.608432141,16.699542848,0
                103.608424454,16.6995589090001,0
                103.608397072,16.6996148740001,0
                103.608389077,16.6996307750001,0
                103.608380841,16.699646547,0
                103.60837214,16.6996620670001,0
                103.608367443,16.6996698030001,0
                103.608357604,16.6996850510001,0
                103.608347404,16.699700109,0
                103.608310773,16.6997524760001,0
                103.608300392,16.699767551,0
                103.608290343,16.6997828180001,0
                103.608285916,16.699789948,0
                103.60827755,16.699804402,0
                103.608273666,16.6998117140001,0
                103.608270055,16.6998190840001,0
                103.6082668,16.6998265170001,0
                103.608264034,16.6998340260001,0
                103.60826192,16.6998416230001,0
                103.608260544,16.699849961,0
                103.608260096,16.699858342,0
                103.608260563,16.699866689,0
                103.608262014,16.6998749140001,0
                103.608263387,16.6998796890001,0
                103.608266533,16.699887593,0
                103.608270479,16.6998953030001,0
                103.608275028,16.699902842,0
                103.608280033,16.6999102400001,0
                103.608285245,16.699917326,0
                103.60829068,16.6999243270001,0
                103.608307537,16.6999451500001,0
                103.608318288,16.6999586900001,0
                103.608328345,16.69997197,0
                103.608333253,16.6999786810001,0
                103.608342785,16.699992266,0
                103.608347361,16.6999991600001,0
                103.608351762,16.7000061470001,0
                103.608356223,16.700013702,0
                103.608360472,16.7000213640001,0
                103.608364512,16.700029122,0
                103.608368354,16.70003697,0
                103.608371959,16.7000449080001,0
                103.608375291,16.700052952,0
                103.608378383,16.7000613710001,0
                103.608381165,16.700069887,0
                103.608383678,16.7000784850001,0
                103.60838593,16.700087148,0
                103.608387889,16.7000958680001,0
                103.608389507,16.7001046390001,0
                103.608390538,16.700111905,0
                103.608391307,16.700119204,0
                103.608391825,16.7001265170001,0
                103.60839208,16.700133845,0
                103.608392065,16.7001415720001,0
                103.608391783,16.7001492950001,0
                103.608391266,16.700157001,0
                103.60839052,16.7001646900001,0
                103.608389545,16.700172348,0
                103.608388296,16.700179962,0
                103.608386733,16.700187515,0
                103.608384559,16.700195921,0
                103.608382028,16.700204254,0
                103.608379234,16.7002125330001,0
                103.608376261,16.700220772,0
                103.608369976,16.700237171,0
                103.608330468,16.7003350850001,0
                103.608320801,16.700359619,0
                103.608314554,16.70037604,0
                103.608300168,16.7004157850001,0
                103.608288874,16.7004458370001,0
                103.60828349,16.700460616,0
                103.608280984,16.700468051,0
                103.60827869,16.7004755350001,0
                103.60827695,16.70048193,0
                103.608275406,16.7004883650001,0
                103.608274065,16.700494845,0
                103.608272642,16.700503149,0
                103.608271491,16.7005114950001,0
                103.608270546,16.700519878,0
                103.608269183,16.7005367,0
                103.608268488,16.700553542,0
                103.608268457,16.7005619490001,0
                103.6082687,16.700570342,0
                103.608269308,16.7005787030001,0
                103.608270322,16.700586822,0
                103.608271686,16.7005949050001,0
                103.608273324,16.700602959,0
                103.608275182,16.7006109870001,0
                103.608279425,16.7006269440001,0
                103.608281771,16.700634861,0
                103.60828902,16.700657805,0
                103.608291262,16.700665427,0
                103.608293232,16.700673055,0
                103.608294888,16.700681064,0
                103.608296077,16.7006890700001,0
                103.608296752,16.700698264,0
                103.60829675,16.700706193,0
                103.608296287,16.7007141460001,0
                103.608295383,16.7007220900001,0
                103.608294034,16.7007299950001,0
                103.608292193,16.7007378210001,0
                103.608289823,16.700745501,0
                103.608286993,16.700753069,0
                103.608283786,16.7007605330001,0
                103.608280249,16.700767897,0
                103.608276406,16.7007751410001,0
                103.6082719,16.7007828640001,0
                103.608267135,16.7007904710001,0
                103.608257121,16.7008054610001,0
                103.608226,16.7008499030001,0
                103.608215724,16.700864885,0
                103.608200528,16.7008874700001,0
                103.608185503,16.70091015,0
                103.608161264,16.70094764,0
                103.60811375,16.701022251,0
                103.608099706,16.701044715,0
                103.608090776,16.7010598210001,0
                103.608086586,16.701067456,0
                103.608082684,16.701075179,0
                103.608079191,16.7010830150001,0
                103.608076254,16.701091014,0
                103.608074098,16.701098797,0
                103.608072488,16.701106726,0
                103.608071325,16.701114757,0
                103.608070542,16.701122866,0
                103.608070121,16.7011310250001,0
                103.608070055,16.701139208,0
                103.608070379,16.701147405,0
                103.608071131,16.7011557590001,0
                103.608072207,16.70116411,0
                103.608073488,16.701172452,0
                103.608077551,16.7011974960001,0
                103.608078659,16.7012058510001,0
                103.608079484,16.701214307,0
                103.608079954,16.701222757,0
                103.608080002,16.70123119,0
                103.608079621,16.7012386760001,0
                103.608078846,16.7012461310001,0
                103.608077677,16.7012535320001,0
                103.608076414,16.70125956,0
                103.608074878,16.7012655350001,0
                103.608072722,16.701272552,0
                103.608070261,16.7012794990001,0
                103.608067559,16.7012863840001,0
                103.608064655,16.7012932150001,0
                103.608061586,16.7012999950001,0
                103.608048806,16.7013263700001,0
                103.608045733,16.7013330070001,0
                103.608042852,16.701339634,0
                103.608040169,16.701346325,0
                103.608037717,16.701353082,0
                103.608035711,16.7013593030001,0
                103.608033935,16.7013655850001,0
                103.608032389,16.701371921,0
                103.608030739,16.7013801530001,0
                103.608029405,16.70138845,0
                103.608028296,16.7013968000001,0
                103.608026538,16.701413594,0
                103.608024565,16.7014389170001,0
                103.608023159,16.7014642950001,0
                103.608022511,16.701489687,0
                103.608022605,16.7015066020001,0
                103.608022878,16.701515048,0
                103.608023375,16.7015238540001,0
                103.608024077,16.701532646,0
                103.608024985,16.7015414200001,0
                103.608026107,16.7015501720001,0
                103.608027481,16.7015590570001,0
                103.608030755,16.701576753,0
                103.608036455,16.7016031800001,0
                103.60804067,16.7016207070001,0
                103.608042942,16.701629428,0
                103.608045368,16.701638109,0
                103.60805055,16.701654821,0
                103.608056145,16.7016714230001,0
                103.60807635,16.7017293600001,0
                103.608081722,16.701746026,0
                103.608084041,16.701753786,0
                103.608088383,16.701769385,0
                103.608094285,16.701792932,0
                103.608097733,16.701808726,0
                103.60810045,16.701823495,0
                103.608102739,16.7018383380001,0
                103.608104584,16.70185323,0
                103.608105991,16.7018691650001,0
                103.608106918,16.701885142,0
                103.608107218,16.701893136,0
                103.608107506,16.7019101860001,0
                103.608107504,16.7019272480001,0
                103.608107117,16.7019784450001,0
                103.608107315,16.7020040310001,0
                103.608107891,16.702021368,0
                103.608108789,16.7020386930001,0
                103.608110024,16.7020560020001,0
                103.608111646,16.7020734550001,0
                103.608114477,16.702099613,0
                103.608124534,16.702186823,0
                103.608127828,16.7022129430001,0
                103.608130475,16.7022302610001,0
                103.608132071,16.702238853,0
                103.608133891,16.702247228,0
                103.608135971,16.7022555340001,0
                103.608138334,16.702263744,0
                103.608141021,16.7022718470001,0
                103.608144098,16.7022797980001,0
                103.608146851,16.702285934,0
                103.608149877,16.7022919560001,0
                103.60815389,16.7022991650001,0
                103.608158177,16.7023062540001,0
                103.608167305,16.702320177,0
                103.608176872,16.702333901,0
                103.60819166,16.702354256,0
                103.608201762,16.702367667,0
                103.608212488,16.702381315,0
                103.608223855,16.7023951790001,0
                103.608235405,16.702408899,0
                103.608247112,16.702422486,0
                103.608259038,16.702435877,0
                103.608271358,16.7024489090001,0
                103.608277787,16.7024552560001,0
                103.60828435,16.702461488,0
                103.60829774,16.702473707,0
                103.60831819,16.7024916730001,0
                103.608332004,16.70250344,0
                103.608346036,16.702514906,0
                103.608353185,16.7025204440001,0
                103.608360474,16.7025257710001,0
                103.608367952,16.70253082,0
                103.608375429,16.702535368,0
                103.608383112,16.7025395950001,0
                103.60839098,16.702543513,0
                103.608399146,16.702547184,0
                103.608407459,16.7025505820001,0
                103.608415889,16.7025537430001,0
                103.60842442,16.7025566720001,0
                103.608433102,16.7025594130001,0
                103.608459341,16.7025671660001,0
                103.608468036,16.702569888,0
                103.608476638,16.702572838,0
                103.608484933,16.7025760290001,0
                103.608493121,16.7025794750001,0
                103.608501217,16.7025831350001,0
                103.608509223,16.702586968,0
                103.608517134,16.7025909650001,0
                103.608524933,16.7025951270001,0
                103.608532587,16.702599482,0
                103.608540055,16.702604066,0
                103.608547267,16.7026089450001,0
                103.608554125,16.7026142140001,0
                103.608560419,16.702619826,0
                103.608566345,16.7026258240001,0
                103.608571945,16.702632131,0
                103.608577253,16.7026386970001,0
                103.608582253,16.7026455050001,0
                103.608587203,16.7026529670001,0
                103.608591812,16.7026606310001,0
                103.608596093,16.7026684690001,0
                103.608600013,16.702676454,0
                103.608603511,16.7026845940001,0
                103.60860647,16.702692907,0
                103.608608627,16.7027007250001,0
                103.608610306,16.7027086800001,0
                103.608611584,16.702716733,0
                103.608612571,16.7027252940001,0
                103.608613274,16.702733919,0
                103.608613777,16.7027425800001,0
                103.608614629,16.702768674,0
                103.60861624,16.7028557350001,0
                103.6086175,16.702899169,0
                103.608618287,16.702916357,0
                103.608619257,16.70293337,0
                103.608624871,16.7030184110001,0
                103.60862718,16.703061764,0
                103.608628753,16.703096627,0
                103.608629104,16.703106355,0
                103.608633457,16.703182198,0
                103.608631643,16.7031944500001,0
                103.608628367,16.7032047010001,0
                103.608622282,16.7032150110001,0
                103.608614068,16.7032246960001,0
                103.608600334,16.7032392470001,0
                103.608591394,16.7032498770001,0
                103.608588702,16.703253079,0
                103.608581368,16.7032702010001,0
                103.608581122,16.703272794,0
                103.608580342,16.7032755700001,0
                103.608579532,16.7032813930001,0
                103.608579449,16.7032872730001,0
                103.608580058,16.703293156,0
                103.60858182,16.703300676,0
                103.608584501,16.703308103,0
                103.608587883,16.703315312,0
                103.608591842,16.7033223990001,0
                103.608596256,16.7033293640001,0
                103.60860106,16.7033361810001,0
                103.608606211,16.703342827,0
                103.608611721,16.7033492630001,0
                103.608617686,16.7033555530001,0
                103.608623941,16.703361634,0
                103.608637001,16.7033733640001,0
                103.608654219,16.70338817,0
                103.608659854,16.703393197,0
                103.608665342,16.703398344,0
                103.608671569,16.703404628,0
                103.608677553,16.703411116,0
                103.608683307,16.7034177800001,0
                103.608688836,16.703424608,0
                103.608694112,16.7034315940001,0
                103.608699083,16.7034387630001,0
                103.608702915,16.703444839,0
                103.60870646,16.7034510570001,0
                103.608710257,16.703458599,0
                103.608713637,16.703466313,0
                103.608716595,16.7034741620001,0
                103.608719092,16.7034821350001,0
                103.60872105,16.7034902230001,0
                103.608722285,16.7034976150001,0
                103.608723054,16.7035050760001,0
                103.608723421,16.703512586,0
                103.608723401,16.7035201190001,0
                103.608722989,16.7035276560001,0
                103.60872209,16.7035357940001,0
                103.608720821,16.703543918,0
                103.608719257,16.7035520220001,0
                103.608717464,16.7035600990001,0
                103.608713322,16.703576162,0
                103.608710979,16.7035841250001,0
                103.608708437,16.70359203,0
                103.60870565,16.7035998490001,0
                103.608702929,16.7036067170001,0
                103.608700011,16.7036135160001,0
                103.608696927,16.7036202520001,0
                103.608690324,16.7036335440001,0
                103.608682117,16.703648602,0
                103.608660795,16.703685824,0
                103.608652676,16.703700849,0
                103.608648874,16.7037084620001,0
                103.608645332,16.7037161810001,0
                103.608642005,16.7037243020001,0
                103.608638952,16.703732533,0
                103.608633404,16.703749223,0
                103.608625804,16.703774545,0
                103.608601498,16.703859457,0
                103.608594487,16.703884955,0
                103.608590327,16.703901983,0
                103.608588558,16.70391052,0
                103.608587122,16.703919071,0
                103.608586145,16.7039276530001,0
                103.608585763,16.7039356720001,0
                103.608585931,16.7039444220001,0
                103.608586586,16.7039531790001,0
                103.608587601,16.703961942,0
                103.608588888,16.703970703,0
                103.608590389,16.703979464,0
                103.608593905,16.703996933,0
                103.608598019,16.7040139430001,0
                103.608600252,16.704022219,0
                103.608605036,16.7040387000001,0
                103.608610168,16.7040550840001,0
                103.60861288,16.7040632310001,0
                103.608618799,16.7040796650001,0
                103.608628675,16.704104439,0
                103.608635543,16.704120851,0
                103.608652774,16.704161121,0
                103.608655977,16.7041690500001,0
                103.60865875,16.704176417,0
                103.608663855,16.704191295,0
                103.608668464,16.7042063380001,0
                103.608672702,16.7042219250001,0
                103.60867663,16.704238043,0
                103.608687783,16.704286562,0
                103.60869179,16.7043026590001,0
                103.608693961,16.704310666,0
                103.608696368,16.7043189460001,0
                103.608701544,16.704335423,0
                103.608707004,16.704351826,0
                103.608726609,16.704409109,0
                103.608731948,16.704425551,0
                103.608734485,16.7044338110001,0
                103.608739007,16.704449707,0
                103.608743217,16.704465692,0
                103.608747214,16.704481731,0
                103.608750987,16.7044978110001,0
                103.608754438,16.7045139520001,0
                103.608755976,16.7045220540001,0
                103.608758428,16.704537465,0
                103.608760301,16.704552952,0
                103.608761543,16.704568796,0
                103.608761915,16.7045768880001,0
                103.608762188,16.704593086,0
                103.608761819,16.704609286,0
                103.608761336,16.7046173750001,0
                103.608760646,16.704625278,0
                103.608757024,16.7046568810001,0
                103.608756269,16.704664795,0
                103.608755674,16.7046734950001,0
                103.608755322,16.7046822020001,0
                103.608755213,16.7046908950001,0
                103.608755379,16.7046995690001,0
                103.608755867,16.704708199,0
                103.60875677,16.704716761,0
                103.608758072,16.704724621,0
                103.608759882,16.704732365,0
                103.608762193,16.7047398010001,0
                103.608764997,16.704747076,0
                103.608768301,16.7047543360001,0
                103.608771984,16.7047614260001,0
                103.608775986,16.7047683500001,0
                103.608780278,16.7047750840001,0
                103.608784863,16.704781585,0
                103.608789769,16.7047877950001,0
                103.608795055,16.7047936270001,0
                103.608800805,16.7047989660001,0
                103.608807098,16.7048037210001,0
                103.608813837,16.704807965,0
                103.608820923,16.70481181,0
                103.608828261,16.70481532,0
                103.608835804,16.7048185410001,0
                103.608843504,16.7048214930001,0
                103.608851342,16.704824171,0
                103.608859308,16.7048265400001,0
                103.608867445,16.7048285990001,0
                103.608875673,16.7048303980001,0
                103.608883963,16.7048320160001,0
                103.608917335,16.7048378160001,0
                103.608933931,16.7048409930001,0
                103.608942161,16.704842833,0
                103.608950971,16.7048450790001,0
                103.608959711,16.704847553,0
                103.608968405,16.704850207,0
                103.608985652,16.7048559350001,0
                103.609002719,16.7048621390001,0
                103.609018938,16.704868678,0
                103.60902663,16.704872063,0
                103.609034232,16.704875621,0
                103.609041849,16.7048794400001,0
                103.609049373,16.704883432,0
                103.609064146,16.7048918740001,0
                103.60907139,16.7048963190001,0
                103.609078802,16.7049011080001,0
                103.609093285,16.7049111200001,0
                103.609100351,16.7049163130001,0
                103.609107271,16.7049216400001,0
                103.609114012,16.7049271240001,0
                103.6091205,16.704932812,0
                103.609126668,16.7049387590001,0
                103.60913239,16.70494505,0
                103.609137628,16.7049518260001,0
                103.609142425,16.7049589490001,0
                103.6091469,16.7049663220001,0
                103.609151142,16.704973877,0
                103.609155223,16.7049815610001,0
                103.609163096,16.704997162,0
                103.609186166,16.705044478,0
                103.60920449,16.705081369,0
                103.609211201,16.7050955490001,0
                103.609214334,16.7051027000001,0
                103.609217244,16.705109915,0
                103.609220114,16.705118005,0
                103.609222607,16.705126185,0
                103.609224686,16.705134446,0
                103.60922629,16.705142794,0
                103.609227272,16.7051503770001,0
                103.609227816,16.7051580090001,0
                103.609227961,16.705166589,0
                103.609227738,16.7051752030001,0
                103.609227272,16.7051838410001,0
                103.609224842,16.7052177480001,0
                103.60922334,16.7052426540001,0
                103.609222284,16.7052675780001,0
                103.609221982,16.7052842000001,0
                103.609222018,16.705293097,0
                103.609222395,16.705310889,0
                103.60922405,16.7053553920001,0
                103.609224538,16.705373191,0
                103.609224517,16.705390956,0
                103.60922422,16.7053988330001,0
                103.609223712,16.705406687,0
                103.609222955,16.7054145070001,0
                103.609221911,16.7054222740001,0
                103.609220484,16.7054302170001,0
                103.609218718,16.7054380770001,0
                103.609216622,16.705445841,0
                103.609214182,16.7054534960001,0
                103.60921136,16.7054609960001,0
                103.609208084,16.705468309,0
                103.609204539,16.705474946,0
                103.609200601,16.7054813990001,0
                103.609196342,16.705487697,0
                103.609191808,16.7054938520001,0
                103.609187037,16.7054998720001,0
                103.609182047,16.7055057490001,0
                103.609176735,16.705511615,0
                103.609154813,16.7055346110001,0
                103.609149543,16.7055405030001,0
                103.60914453,16.7055465650001,0
                103.609139275,16.705553669,0
                103.609134438,16.7055610210001,0
                103.609129998,16.7055685940001,0
                103.60912598,16.705576364,0
                103.609122453,16.7055843270001,0
                103.609119694,16.705591934,0
                103.609117467,16.705599697,0
                103.609115804,16.70560755,0
                103.60911462,16.7056154960001,0
                103.60911384,16.705623497,0
                103.609113438,16.7056315200001,0
                103.609113421,16.705639535,0
                103.609113823,16.7056475050001,0
                103.609114733,16.705655386,0
                103.609116271,16.7056631410001,0
                103.60911867,16.7056710840001,0
                103.609121728,16.705678855,0
                103.609125293,16.7056864790001,0
                103.609129257,16.705693958,0
                103.609133549,16.705701273,0
                103.609138136,16.705708401,0
                103.609143021,16.7057152780001,0
                103.609148244,16.705721838,0
                103.609153878,16.7057279640001,0
                103.609160031,16.7057335150001,0
                103.609166899,16.705738433,0
                103.609174276,16.7057427620001,0
                103.609182031,16.705746646,0
                103.609190059,16.7057501940001,0
                103.609198281,16.705753481,0
                103.609206638,16.7057565580001,0
                103.609215108,16.705759443,0
                103.609223658,16.705762146,0
                103.609232287,16.705764636,0
                103.609240989,16.7057668800001,0
                103.609250051,16.7057688950001,0
                103.609259172,16.70577067,0
                103.609277535,16.7057737490001,0
                103.60933284,16.70578175,0
                103.60935121,16.7057845580001,0
                103.609369464,16.705787779,0
                103.609378508,16.7057896600001,0
                103.609387471,16.7057918260001,0
                103.609395896,16.705794203,0
                103.609404233,16.705796847,0
                103.609412497,16.705799714,0
                103.60942069,16.7058027680001,0
                103.609428813,16.7058059940001,0
                103.609436851,16.705809394,0
                103.609444786,16.705812994,0
                103.609452577,16.7058168360001,0
                103.609459889,16.705820788,0
                103.609467044,16.7058249830001,0
                103.609474035,16.7058293970001,0
                103.609480849,16.705834032,0
                103.609487444,16.705838897,0
                103.609493784,16.7058440430001,0
                103.609499786,16.705849517,0
                103.60950562,16.7058556110001,0
                103.60951113,16.7058620290001,0
                103.609516411,16.705868663,0
                103.609536936,16.705895904,0
                103.609541874,16.7059020770001,0
                103.609546977,16.705908107,0
                103.609552277,16.7059139570001,0
                103.609557828,16.705919576,0
                103.609564184,16.705925375,0
                103.609570818,16.7059309150001,0
                103.609577645,16.705936271,0
                103.609584614,16.705941497,0
                103.609612915,16.705962056,0
                103.60961988,16.7059673320001,0
                103.609626699,16.7059727600001,0
                103.609633384,16.705978439,0
                103.609639877,16.7059843070001,0
                103.609646192,16.7059903320001,0
                103.609652318,16.705996511,0
                103.609658223,16.706002847,0
                103.609663857,16.706009366,0
                103.609669146,16.7060160990001,0
                103.609673968,16.7060231040001,0
                103.6096772,16.706028545,0
                103.609680141,16.7060341500001,0
                103.609682824,16.706039887,0
                103.609686207,16.7060481280001,0
                103.60968923,16.7060565350001,0
                103.609691965,16.70606507,0
                103.609694456,16.7060737050001,0
                103.609696695,16.706082413,0
                103.609698679,16.7060911900001,0
                103.609700358,16.7060999330001,0
                103.609701823,16.7061087220001,0
                103.609703129,16.706117541,0
                103.60970544,16.706135236,0
                103.609708442,16.706161841,0
                103.609710141,16.7061795990001,0
                103.609712011,16.7062052100001,0
                103.609713263,16.7062308390001,0
                103.60971363,16.706248014,0
                103.609713509,16.7062739090001,0
                103.609712911,16.7062998050001,0
                103.60971185,16.7063256980001,0
                103.609709615,16.706364432,0
                103.609709183,16.706379934,0
                103.609709234,16.706388088,0
                103.609709823,16.7064044050001,0
                103.609710866,16.7064207220001,0
                103.609712282,16.706437017,0
                103.609714178,16.706453229,0
                103.609715391,16.706461275,0
                103.609716876,16.706469333,0
                103.609718658,16.706477304,0
                103.609720806,16.7064851440001,0
                103.609723414,16.706492816,0
                103.609726553,16.706500229,0
                103.609730224,16.706507404,0
                103.609734836,16.706515005,0
                103.609739933,16.7065223330001,0
                103.609745408,16.7065294180001,0
                103.609751208,16.7065362440001,0
                103.609757305,16.7065427790001,0
                103.609763712,16.7065489510001,0
                103.609770486,16.706554651,0
                103.609777713,16.706559714,0
                103.609785043,16.7065638010001,0
                103.609792765,16.7065673060001,0
                103.609800772,16.706570377,0
                103.60980899,16.70657311,0
                103.609817356,16.7065755690001,0
                103.609825838,16.706577796,0
                103.609834409,16.7065798090001,0
                103.609843054,16.7065815990001,0
                103.609852129,16.7065832220001,0
                103.609861256,16.7065846450001,0
                103.60987959,16.7065871200001,0
                103.609916348,16.7065913390001,0
                103.609943925,16.7065940090001,0
                103.60996232,16.706595329,0
                103.60997139,16.7065957570001,0
                103.609989537,16.706596276,0
                103.610016766,16.706596754,0
                103.610034884,16.7065972460001,0
                103.610043921,16.706597657,0
                103.610052934,16.706598258,0
                103.610061908,16.7065991220001,0
                103.610070288,16.7066002280001,0
                103.610078627,16.706601575,0
                103.610095222,16.706604832,0
                103.61011169,16.7066086840001,0
                103.610119866,16.7066108220001,0
                103.61012799,16.7066131340001,0
                103.610136044,16.7066156490001,0
                103.610149542,16.706620468,0
                103.610162815,16.706625869,0
                103.610179386,16.7066334150001,0
                103.610195762,16.7066414190001,0
                103.610236379,16.706662158,0
                103.610276823,16.7066833100001,0
                103.610300916,16.706696331,0
                103.610330369,16.706712865,0
                103.610337586,16.706716742,0
                103.610344887,16.706720429,0
                103.610352308,16.706723837,0
                103.61036003,16.7067269460001,0
                103.610367885,16.7067297190001,0
                103.610375835,16.706732201,0
                103.610383854,16.7067344110001,0
                103.610391922,16.7067363400001,0
                103.61040001,16.7067379580001,0
                103.610408113,16.706739197,0
                103.610416205,16.706739962,0
                103.610424263,16.7067401200001,0
                103.610432131,16.7067395660001,0
                103.610439923,16.706738364,0
                103.610447593,16.7067365930001,0
                103.610455101,16.706734275,0
                103.610462394,16.706731403,0
                103.610469396,16.7067279290001,0
                103.610476802,16.7067233230001,0
                103.610483919,16.7067181790001,0
                103.610497864,16.7067073600001,0
                103.61050498,16.706702207,0
                103.610512386,16.7066975880001,0
                103.610520291,16.70669371,0
                103.610528546,16.7066906090001,0
                103.610537054,16.706688238,0
                103.610545748,16.7066866320001,0
                103.610554551,16.7066858950001,0
                103.610563331,16.7066861180001,0
                103.610572131,16.706687147,0
                103.610580909,16.706688844,0
                103.610589617,16.7066911250001,0
                103.610598203,16.706693971,0
                103.610606715,16.7066974270001,0
                103.610615069,16.7067013380001,0
                103.610623282,16.706705599,0
                103.610631352,16.7067101380001,0
                103.610639255,16.706714925,0
                103.610646953,16.7067199540001,0
                103.610654382,16.706725265,0
                103.610661441,16.7067309220001,0
                103.610667996,16.706737037,0
                103.610673403,16.706743064,0
                103.610678365,16.7067494670001,0
                103.610682956,16.7067561530001,0
                103.610687224,16.7067630670001,0
                103.610691188,16.7067701500001,0
                103.610694842,16.7067773800001,0
                103.610698143,16.7067847430001,0
                103.610701018,16.706792234,0
                103.610703358,16.706799867,0
                103.610704389,16.7068042390001,0
                103.610705211,16.7068086560001,0
                103.610706204,16.7068170900001,0
                103.610706625,16.7068256320001,0
                103.610706636,16.70683425,0
                103.610706344,16.70684292,0
                103.610705842,16.706851627,0
                103.610704448,16.70686912,0
                103.610696569,16.706948148,0
                103.610695336,16.706965332,0
                103.610695023,16.706973691,0
                103.610695049,16.706981795,0
                103.610695544,16.7069895330001,0
                103.610696714,16.7069967510001,0
                103.610698797,16.7070032450001,0
                103.610702139,16.7070087500001,0
                103.610707099,16.7070131200001,0
                103.610713357,16.707016438,0
                103.610720555,16.7070189410001,0
                103.610728435,16.707020798,0
                103.610736787,16.707022103,0
                103.610745478,16.707022914,0
                103.610754391,16.7070232200001,0
                103.610762531,16.70702306,0
                103.610770752,16.707022588,0
                103.610803961,16.707019669,0
                103.610812283,16.707019136,0
                103.610820873,16.70701884,0
                103.610829441,16.7070188110001,0
                103.610837974,16.7070190580001,0
                103.610846458,16.707019598,0
                103.61085487,16.7070204790001,0
                103.610863185,16.707021781,0
                103.610871023,16.707023485,0
                103.610878745,16.707025607,0
                103.610886336,16.707028128,0
                103.610893773,16.7070310410001,0
                103.610901875,16.70703475,0
                103.610909803,16.707038846,0
                103.610917607,16.7070432240001,0
                103.610925309,16.7070478210001,0
                103.610932931,16.7070525780001,0
                103.610947936,16.7070624880001,0
                103.61095531,16.7070676330001,0
                103.61096257,16.707072925,0
                103.61097698,16.7070841840001,0
                103.61099105,16.707095859,0
                103.611004887,16.7071077700001,0
                103.611018463,16.7071199120001,0
                103.611025104,16.7071260970001,0
                103.611031603,16.7071324020001,0
                103.6110379,16.707138865,0
                103.611043921,16.707145546,0
                103.611049468,16.70715231,0
                103.611054748,16.7071592830001,0
                103.611059835,16.707166408,0
                103.61106478,16.7071736500001,0
                103.611074395,16.7071883460001,0
                103.611088408,16.7072106840001,0
                103.61110212,16.7072331540001,0
                103.61114591,16.7072932310001,0
                103.611272301,16.707466632,0
                103.611304391,16.7075042700001,0
                103.611316298,16.707515088,0
                103.611329648,16.7075263880001,0
                103.611336469,16.707531875,0
                103.611343393,16.7075372240001,0
                103.611350445,16.7075423850001,0
                103.611357663,16.707547295,0
                103.611365093,16.7075518620001,0
                103.611372377,16.7075558010001,0
                103.611379868,16.7075594020001,0
                103.611387516,16.707562706,0
                103.611395297,16.7075657460001,0
                103.611403194,16.707568522,0
                103.611411196,16.7075710070001,0
                103.611418144,16.707572876,0
                103.611425167,16.7075744860001,0
                103.611432252,16.7075758240001,0
                103.611441113,16.707577078,0
                103.611450035,16.7075779240001,0
                103.611458984,16.7075783820001,0
                103.611467933,16.707578439,0
                103.611476858,16.707578046,0
                103.61148375,16.7075773780001,0
                103.611490597,16.7075763870001,0
                103.611497366,16.7075750540001,0
                103.6115059,16.7075728400001,0
                103.611514279,16.7075701640001,0
                103.611522499,16.707567123,0
                103.611530519,16.7075637790001,0
                103.61153829,16.7075601660001,0
                103.611545732,16.707556272,0
                103.611552712,16.707552064,0
                103.61155907,16.7075474640001,0
                103.611564579,16.7075423690001,0
                103.611568945,16.707536609,0
                103.611572031,16.707529752,0
                103.611573898,16.7075221960001,0
                103.611574882,16.707514142,0
                103.611575241,16.707505731,0
                103.611575183,16.7074970740001,0
                103.611574858,16.707488255,0
                103.611573476,16.707461321,0
                103.611573217,16.7074522980001,0
                103.611573234,16.7074432960001,0
                103.611573673,16.7074343300001,0
                103.611574479,16.7074266400001,0
                103.611575656,16.7074189910001,0
                103.611577153,16.7074113940001,0
                103.611578945,16.7074038580001,0
                103.611581034,16.7073963870001,0
                103.611583433,16.707388995,0
                103.61158648,16.7073809030001,0
                103.611589843,16.707372908,0
                103.611593441,16.707364985,0
                103.611601094,16.7073493030001,0
                103.611609146,16.7073338380001,0
                103.611613294,16.707326231,0
                103.611617539,16.707318748,0
                103.611621905,16.7073114470001,0
                103.611626446,16.707304413,0
                103.611631225,16.707297748,0
                103.611636334,16.7072916110001,0
                103.611641896,16.707286191,0
                103.611648076,16.7072817480001,0
                103.611655102,16.7072784580001,0
                103.611662759,16.7072761680001,0
                103.611670875,16.707274608,0
                103.61167933,16.707273576,0
                103.611688014,16.7072729170001,0
                103.611696863,16.707272517,0
                103.611714858,16.7072721870001,0
                103.611769498,16.7072721280001,0
                103.611796785,16.7072717300001,0
                103.611813936,16.7072710950001,0
                103.611854233,16.707268824,0
                103.61187079,16.7072680260001,0
                103.611904812,16.707267013,0
                103.611930335,16.7072667310001,0
                103.611957091,16.70726698,0
                103.612001681,16.7072679940001,0
                103.612037333,16.707269221,0
                103.612062387,16.7072706810001,0
                103.612086559,16.707272791,0
                103.612104628,16.7072749110001,0
                103.612131668,16.707278634,0
                103.612158653,16.707282746,0
                103.612185559,16.70728731,0
                103.612203514,16.707290759,0
                103.612248315,16.7072997600001,0
                103.612266284,16.707302973,0
                103.612275302,16.7073043450001,0
                103.612290092,16.7073060920001,0
                103.612297516,16.7073067330001,0
                103.612313725,16.707307601,0
                103.612329973,16.707307928,0
                103.612346238,16.707307821,0
                103.612354367,16.7073076030001,0
                103.612371601,16.7073067490001,0
                103.612397431,16.707304869,0
                103.61241464,16.7073033670001,0
                103.612431831,16.7073016800001,0
                103.612457643,16.70729866,0
                103.612483419,16.7072951220001,0
                103.612509087,16.70729119,0
                103.612540227,16.7072858600001,0
                103.612547287,16.707284787,0
                103.612554157,16.7072839620001,0
                103.61256102,16.707283408,0
                103.612567876,16.7072831730001,0
                103.612574713,16.707283336,0
                103.612583589,16.7072842150001,0
                103.612592427,16.707285708,0
                103.612601249,16.707287638,0
                103.612610045,16.707289889,0
                103.612627619,16.707294991,0
                103.612662734,16.7073061830001,0
                103.612697825,16.7073176820001,0
                103.612715277,16.707323553,0
                103.612732535,16.7073297160001,0
                103.612741029,16.7073330060001,0
                103.612749378,16.7073365200001,0
                103.61275752,16.707340355,0
                103.612765383,16.707344628,0
                103.612772789,16.707349358,0
                103.61277992,16.7073545170001,0
                103.612786857,16.7073599880001,0
                103.612793645,16.707365687,0
                103.61280033,16.707371546,0
                103.612813515,16.707383571,0
                103.61282656,16.707395806,0
                103.612891436,16.7074576380001,0
                103.612911033,16.7074760680001,0
                103.612924311,16.707488073,0
                103.612931079,16.707493889,0
                103.612937982,16.7074995090001,0
                103.612945071,16.7075048460001,0
                103.612952421,16.707509789,0
                103.612959826,16.7075141080001,0
                103.612967479,16.7075180210001,0
                103.612975316,16.7075216000001,0
                103.612983304,16.707524875,0
                103.612991402,16.707527849,0
                103.612999595,16.7075304970001,0
                103.613007877,16.707532755,0
                103.613016245,16.707534519,0
                103.613023834,16.7075355850001,0
                103.613031471,16.7075361170001,0
                103.613039468,16.707536078,0
                103.613047476,16.7075355160001,0
                103.613055478,16.7075345170001,0
                103.613063453,16.7075331390001,0
                103.613071381,16.707531407,0
                103.61307924,16.707529311,0
                103.613087981,16.7075265240001,0
                103.613096623,16.7075233740001,0
                103.613105195,16.707519964,0
                103.613113705,16.707516379,0
                103.613139151,16.7075051360001,0
                103.61314769,16.707501565,0
                103.61315633,16.707498302,0
                103.613164118,16.7074957790001,0
                103.613172087,16.7074936130001,0
                103.613180144,16.707491783,0
                103.613188274,16.70749024,0
                103.613196452,16.7074889580001,0
                103.613204669,16.70748794,0
                103.613212916,16.707487201,0
                103.613221185,16.7074867860001,0
                103.613230057,16.70748675,0
                103.613238929,16.707487106,0
                103.613247791,16.7074878230001,0
                103.613256723,16.70748889,0
                103.613265628,16.707490228,0
                103.613274519,16.70749177,0
                103.613292251,16.7074952680001,0
                103.613309905,16.7074992,0
                103.61332742,16.7075036050001,0
                103.613336095,16.7075060660001,0
                103.613344403,16.7075086610001,0
                103.613352651,16.707511443,0
                103.61336897,16.7075174610001,0
                103.613385032,16.7075240660001,0
                103.613392939,16.7075276300001,0
                103.613400752,16.707531418,0
                103.613408481,16.707535379,0
                103.613423764,16.7075436370001,0
                103.613446409,16.7075565280001,0
                103.613468714,16.7075698850001,0
                103.6134832,16.70757923,0
                103.613490232,16.7075841440001,0
                103.613497054,16.7075892930001,0
                103.613503511,16.70759467,0
                103.6135097,16.707600337,0
                103.613515927,16.707606608,0
                103.613521921,16.707613118,0
                103.613527742,16.707619799,0
                103.613533439,16.7076266,0
                103.613544609,16.7076404320001,0
                103.613632175,16.707752769,0
                103.613648695,16.7077737290001,0
                103.61365987,16.7077875520001,0
                103.613671356,16.7078010930001,0
                103.613677296,16.7078076810001,0
                103.613683432,16.7078140850001,0
                103.61368984,16.7078202920001,0
                103.613696454,16.707826315,0
                103.61370321,16.707832205,0
                103.613717,16.707843724,0
                103.613730996,16.7078550590001,0
                103.613759213,16.707877534,0
                103.613787616,16.707899743,0
                103.613802033,16.707910505,0
                103.613809366,16.707915692,0
                103.613816825,16.7079206770001,0
                103.613824454,16.7079253840001,0
                103.613831917,16.707929544,0
                103.613839541,16.7079334490001,0
                103.613847283,16.7079371570001,0
                103.613863018,16.7079441660001,0
                103.613886979,16.7079540290001,0
                103.61390312,16.7079602090001,0
                103.613919426,16.7079659070001,0
                103.613927669,16.707968481,0
                103.613936522,16.7079709560001,0
                103.613954425,16.7079753200001,0
                103.614008573,16.7079870910001,0
                103.614070126,16.708001843,0
                103.614105554,16.7080098590001,0
                103.614132176,16.7080156280001,0
                103.614149968,16.7080192780001,0
                103.614167837,16.708022633,0
                103.61423064,16.708033152,0
                103.614248494,16.708036453,0
                103.614257369,16.708038301,0
                103.614266184,16.708040349,0
                103.614273145,16.7080421580001,0
                103.614286934,16.7080462220001,0
                103.614302497,16.708051536,0
                103.614311181,16.708054772,0
                103.614328431,16.7080615670001,0
                103.614379876,16.7080828690001,0
                103.614431237,16.7081043800001,0
                103.61445685,16.708115261,0
                103.614473844,16.7081226880001,0
                103.614490079,16.7081300420001,0
                103.614554639,16.708160278,0
                103.614570824,16.708167718,0
                103.614587125,16.708174904,0
                103.614595346,16.7081783260001,0
                103.61461051,16.7081841670001,0
                103.614625846,16.7081895580001,0
                103.614641348,16.7081944670001,0
                103.614649171,16.708196694,0
                103.614658156,16.708199022,0
                103.614667202,16.7082011590001,0
                103.61469453,16.708206922,0
                103.614868548,16.7082401550001,0
                103.614895971,16.7082455990001,0
                103.614923275,16.7082515110001,0
                103.614940806,16.7082558070001,0
                103.614958269,16.7082603700001,0
                103.614993105,16.708269833,0
                103.6150366,16.708281873,0
                103.615080017,16.7082941680001,0
                103.61514971,16.708314768,0
                103.615167199,16.708319642,0
                103.615175982,16.708321929,0
                103.615184799,16.7083240630001,0
                103.615202489,16.708327787,0
                103.615220295,16.7083310400001,0
                103.615247109,16.7083354430001,0
                103.615273908,16.708339424,0
                103.615300562,16.7083430380001,0
                103.615336136,16.708347615,0
                103.615362842,16.708350809,0
                103.615380674,16.7083526590001,0
                103.615399065,16.70835419,0
                103.615417483,16.708355469,0
                103.615445129,16.7083571580001,0
                103.61547279,16.7083586580001,0
                103.615491234,16.708359494,0
                103.615509685,16.7083600460001,0
                103.615526995,16.708360177,0
                103.615544307,16.70836002,0
                103.615570275,16.708359398,0
                103.615596133,16.708358333,0
                103.615621975,16.7083569210001,0
                103.615647743,16.7083549930001,0
                103.61566484,16.7083531000001,0
                103.615673201,16.7083518850001,0
                103.61568154,16.708350491,0
                103.615698152,16.708347302,0
                103.615714674,16.7083436780001,0
                103.615722901,16.708341709,0
                103.615739215,16.708337391,0
                103.615747306,16.7083350460001,0
                103.615763403,16.708330066,0
                103.615779384,16.708324745,0
                103.615819847,16.7083103530001,0
                103.615836127,16.7083050530001,0
                103.615844345,16.7083027150001,0
                103.615856354,16.708299868,0
                103.61586242,16.7082987050001,0
                103.615870887,16.708297384,0
                103.615879412,16.708296337,0
                103.61589657,16.7082948120001,0
                103.615922452,16.708293354,0
                103.615939743,16.7082927330001,0
                103.615957051,16.708292414,0
                103.615975534,16.7082925230001,0
                103.615984768,16.7082927760001,0
                103.616037566,16.708295467,0
                103.616053825,16.70829587,0
                103.616086354,16.7082964000001,0
                103.616103999,16.7082970640001,0
                103.616121637,16.708298013,0
                103.616139262,16.7082991830001,0
                103.616165645,16.708301437,0
                103.616183319,16.7083035110001,0
                103.616209945,16.708307473,0
                103.616254223,16.7083149430001,0
                103.616342067,16.708330409,0
                103.616350601,16.7083317140001,0
                103.616359146,16.708332839,0
                103.616367703,16.708333698,0
                103.616376518,16.7083342220001,0
                103.61638534,16.708334408,0
                103.616394148,16.7083342650001,0
                103.61640294,16.708333784,0
                103.616411083,16.708333007,0
                103.616419181,16.7083319110001,0
                103.61642721,16.708330474,0
                103.616435155,16.7083286550001,0
                103.616443726,16.708326205,0
                103.616452203,16.708323378,0
                103.616460624,16.708320305,0
                103.61648582,16.708310596,0
                103.616501947,16.7083047400001,0
                103.616518223,16.708299255,0
                103.616526407,16.7082966560001,0
                103.616542881,16.708291816,0
                103.616551182,16.708289624,0
                103.616568881,16.7082855640001,0
                103.616604556,16.708278383,0
                103.616629545,16.7082730770001,0
                103.616654442,16.708267391,0
                103.616670962,16.708263334,0
                103.616687377,16.708258932,0
                103.616695263,16.7082566280001,0
                103.616734476,16.7082444770001,0
                103.616750255,16.7082399280001,0
                103.616766969,16.708235718,0
                103.616817466,16.708224284,0
                103.616834126,16.708219967,0
                103.616848547,16.708215529,0
                103.616855662,16.708213062,0
                103.616863816,16.7082099900001,0
                103.616871885,16.708206713,0
                103.616879865,16.708203235,0
                103.616887742,16.70819956,0
                103.61689551,16.708195663,0
                103.616903069,16.708191573,0
                103.616917911,16.7081828880001,0
                103.616954454,16.708160123,0
                103.616969193,16.7081511970001,0
                103.61698387,16.7081428540001,0
                103.616991304,16.708138847,0
                103.617006373,16.7081312120001,0
                103.617014671,16.7081273260001,0
                103.617031463,16.70811995,0
                103.61705693,16.7081094280001,0
                103.617099661,16.708092478,0
                103.617148195,16.708073939,0
                103.617194409,16.7080553660001,0
                103.617209967,16.7080495910001,0
                103.617218596,16.7080466620001,0
                103.61723601,16.7080412280001,0
                103.617253559,16.7080361650001,0
                103.617271199,16.7080313760001,0
                103.61728892,16.708026859,0
                103.617297817,16.708024731,0
                103.617330115,16.70801758,0
                103.617346185,16.7080138310001,0
                103.617354152,16.70801176,0
                103.617362053,16.7080094780001,0
                103.617370476,16.708006729,0
                103.617378809,16.70800373,0
                103.617395269,16.7079971590001,0
                103.617411491,16.7079899940001,0
                103.617419491,16.707986191,0
                103.617427403,16.707982219,0
                103.617435073,16.707978112,0
                103.61744265,16.707973845,0
                103.61745015,16.7079694450001,0
                103.617464906,16.7079603020001,0
                103.617479281,16.707950668,0
                103.61748626,16.7079456070001,0
                103.617493041,16.707940326,0
                103.617501531,16.7079329960001,0
                103.617507745,16.7079270510001,0
                103.617513747,16.7079208860001,0
                103.617525362,16.70790814,0
                103.617548084,16.7078821000001,0
                103.617559709,16.707869341,0
                103.617565725,16.7078631700001,0
                103.617571952,16.707857212,0
                103.617578727,16.7078512860001,0
                103.617585742,16.707845607,0
                103.617592934,16.7078401320001,0
                103.617600276,16.707834829,0
                103.617607748,16.70782969,0
                103.617615337,16.707824724,0
                103.617623048,16.707819967,0
                103.61763091,16.707815473,0
                103.617638958,16.7078113310001,0
                103.617644787,16.707808658,0
                103.617650719,16.7078062040001,0
                103.617656751,16.7078039680001,0
                103.617664742,16.707801369,0
                103.617672849,16.707799064,0
                103.617681036,16.707796993,0
                103.617689284,16.7077951220001,0
                103.617697578,16.707793431,0
                103.617705895,16.707791924,0
                103.617714237,16.7077906330001,0
                103.617722589,16.7077895940001,0
                103.617730949,16.707788884,0
                103.617739305,16.707788603,0
                103.617746995,16.7077888050001,0
                103.617754671,16.707789404,0
                103.617762327,16.707790355,0
                103.617769944,16.7077916310001,0
                103.617778162,16.7077933680001,0
                103.617786327,16.707795407,0
                103.617794431,16.7077976960001,0
                103.617802481,16.707800202,0
                103.617810465,16.707802917,0
                103.617818361,16.7078058550001,0
                103.617826146,16.707809044,0
                103.61783445,16.7078128200001,0
                103.617842635,16.707816861,0
                103.617858759,16.7078254470001,0
                103.617874686,16.707834431,0
                103.617890484,16.707843638,0
                103.617913988,16.7078578200001,0
                103.617984063,16.7079010840001,0
                103.618054417,16.70794404,0
                103.618069852,16.7079537330001,0
                103.618077427,16.7079586840001,0
                103.618084845,16.707963756,0
                103.618092039,16.7079690040001,0
                103.618098902,16.707974494,0
                103.618105315,16.707980332,0
                103.618111099,16.707986648,0
                103.618116101,16.7079935140001,0
                103.618120483,16.708000853,0
                103.61812441,16.708008541,0
                103.618128015,16.7080164700001,0
                103.618131391,16.7080245760001,0
                103.618134602,16.708032802,0
                103.618140738,16.7080494690001,0
                103.618149546,16.708074722,0
                103.618157931,16.7081001060001,0
                103.618163038,16.708117138,0
                103.618165321,16.7081257150001,0
                103.6181691,16.7081423710001,0
                103.618178857,16.708192678,0
                103.618180709,16.7082009980001,0
                103.618182765,16.7082092640001,0
                103.618184827,16.708216593,0
                103.618187083,16.7082238580001,0
                103.61818953,16.708231069,0
                103.618192168,16.708238222,0
                103.618195507,16.7082465500001,0
                103.618202733,16.7082630210001,0
                103.618214369,16.7082874490001,0
                103.618226654,16.7083116050001,0
                103.618235265,16.7083273010001,0
                103.618248787,16.7083502300001,0
                103.618262886,16.708372786,0
                103.61827273,16.7083874680001,0
                103.618277888,16.708394614,0
                103.61828328,16.7084015620001,0
                103.618288998,16.708408235,0
                103.618295259,16.7084147350001,0
                103.618301859,16.708420952,0
                103.618308697,16.7084269700001,0
                103.618322832,16.7084386120001,0
                103.618351918,16.708461238,0
                103.618388672,16.7084891380001,0
                103.618403528,16.708500056,0
                103.618411042,16.708505378,0
                103.618418646,16.708510545,0
                103.61842638,16.7085154920001,0
                103.618434298,16.708520143,0
                103.618441196,16.708523793,0
                103.618448234,16.708527201,0
                103.618455392,16.708530394,0
                103.618462649,16.708533392,0
                103.618469995,16.7085362070001,0
                103.61847742,16.7085388310001,0
                103.618491789,16.708543305,0
                103.618499036,16.708545311,0
                103.618522905,16.70855134,0
                103.618530697,16.708553442,0
                103.618538302,16.7085557550001,0
                103.618545639,16.708558404,0
                103.618552604,16.7085615340001,0
                103.61855907,16.7085653240001,0
                103.618565398,16.708570335,0
                103.61857115,16.70857612,0
                103.618576477,16.708582473,0
                103.618581504,16.708589235,0
                103.618586314,16.7085962850001,0
                103.618595507,16.708610919,0
                103.618603052,16.7086237450001,0
                103.618606049,16.708629155,0
                103.6186101,16.7086370960001,0
                103.618613807,16.7086451860001,0
                103.618617144,16.7086534050001,0
                103.618620053,16.7086617460001,0
                103.618621976,16.7086683750001,0
                103.61862356,16.7086750780001,0
                103.618624775,16.708681848,0
                103.61862571,16.708689954,0
                103.618626192,16.708698129,0
                103.618626325,16.7087063480001,0
                103.618626187,16.7087146000001,0
                103.61862583,16.70872287,0
                103.618625255,16.708731646,0
                103.6186237,16.7087492110001,0
                103.618618148,16.708801979,0
                103.618616533,16.7088196130001,0
                103.618615881,16.708828435,0
                103.618615007,16.7088453580001,0
                103.618614535,16.7088622590001,0
                103.618614453,16.708879047,0
                103.618614616,16.7088873500001,0
                103.618614982,16.7088955460001,0
                103.61861562,16.708903596,0
                103.618616646,16.7089114290001,0
                103.618618194,16.708918972,0
                103.618620466,16.708926106,0
                103.618623698,16.708932696,0
                103.618628299,16.7089388590001,0
                103.618633934,16.708944439,0
                103.618640326,16.7089495920001,0
                103.618647258,16.7089544360001,0
                103.618654577,16.7089590640001,0
                103.618669931,16.7089679200001,0
                103.618685774,16.7089764990001,0
                103.618741867,16.709006242,0
                103.618797592,16.709036273,0
                103.618813529,16.709044702,0
                103.618829595,16.7090527890001,0
                103.618837708,16.709056592,0
                103.618845918,16.7090601410001,0
                103.618854256,16.7090633440001,0
                103.618861903,16.7090658590001,0
                103.618869655,16.709068057,0
                103.618877498,16.7090699720001,0
                103.618885415,16.7090716340001,0
                103.618893386,16.709073043,0
                103.618901417,16.709074179,0
                103.618910443,16.7090751170001,0
                103.618919524,16.70907578,0
                103.618928632,16.709076238,0
                103.618946906,16.70907678,0
                103.61896522,16.7090770510001,0
                103.619075197,16.709077762,0
                103.61910267,16.709078076,0
                103.619120951,16.7090785460001,0
                103.619130063,16.7090789370001,0
                103.619139146,16.709079504,0
                103.619148183,16.709080311,0
                103.619157168,16.7090814530001,0
                103.619163616,16.7090825490001,0
                103.619172145,16.7090843730001,0
                103.619180602,16.7090865320001,0
                103.61918901,16.7090889400001,0
                103.619197379,16.709091534,0
                103.619214001,16.7090971120001,0
                103.61923047,16.7091030990001,0
                103.619238614,16.709106247,0
                103.619246668,16.709109529,0
                103.619254605,16.7091129890001,0
                103.619262374,16.7091166870001,0
                103.619269917,16.709120705,0
                103.619277162,16.7091251460001,0
                103.619284188,16.709130212,0
                103.619290906,16.709135706,0
                103.619297426,16.709141501,0
                103.61932283,16.7091658050001,0
                103.619329321,16.709171785,0
                103.619335652,16.709177309,0
                103.619342119,16.7091826770001,0
                103.619348719,16.7091879070001,0
                103.619355441,16.7091929900001,0
                103.619369788,16.7092031440001,0
                103.619377091,16.7092080470001,0
                103.619391872,16.7092175830001,0
                103.619399341,16.709222203,0
                103.619413091,16.7092302930001,0
                103.619419399,16.7092337130001,0
                103.619425814,16.709236914,0
                103.619434053,16.7092405290001,0
                103.619442472,16.709243784,0
                103.619451028,16.7092467530001,0
                103.619459691,16.7092494980001,0
                103.619468443,16.7092520470001,0
                103.619485806,16.7092565400001,0
                103.619528864,16.709266353,0
                103.619546443,16.709270679,0
                103.619572609,16.7092777020001,0
                103.619589814,16.709282821,0
                103.619598277,16.7092855930001,0
                103.619606595,16.7092885800001,0
                103.61961472,16.709291864,0
                103.619622564,16.709295556,0
                103.619630038,16.709299802,0
                103.619637117,16.709304764,0
                103.619643822,16.709310284,0
                103.619650247,16.709316216,0
                103.619656473,16.709322442,0
                103.619662554,16.7093288780001,0
                103.619668536,16.70933546,0
                103.619680315,16.7093488900001,0
                103.619721041,16.709396633,0
                103.619738695,16.7094168730001,0
                103.619750775,16.709430017,0
                103.619756995,16.709436392,0
                103.619763398,16.709442559,0
                103.619770051,16.70944845,0
                103.61977709,16.7094540580001,0
                103.619784384,16.7094593800001,0
                103.619791874,16.7094644860001,0
                103.6197995,16.7094694310001,0
                103.619815053,16.709478964,0
                103.619830905,16.7094880970001,0
                103.619838934,16.709492488,0
                103.619853167,16.709499823,0
                103.619867605,16.709506762,0
                103.619874902,16.709510069,0
                103.619889672,16.7095162470001,0
                103.61989679,16.7095189190001,0
                103.619903979,16.709521422,0
                103.619918522,16.7095259600001,0
                103.619927388,16.7095283850001,0
                103.619936311,16.7095306370001,0
                103.619954265,16.7095348010001,0
                103.619972297,16.7095387200001,0
                103.62010779,16.709567167,0
                103.620134864,16.7095724660001,0
                103.620161954,16.7095774850001,0
                103.620189082,16.709582282,0
                103.620207197,16.7095851940001,0
                103.62021627,16.7095864820001,0
                103.620225352,16.709587582,0
                103.620234451,16.709588433,0
                103.620243257,16.709588943,0
                103.62025207,16.709589179,0
                103.620260886,16.7095891660001,0
                103.620269688,16.7095889010001,0
                103.620278473,16.7095883710001,0
                103.620286486,16.709587619,0
                103.62029446,16.7095866070001,0
                103.620302385,16.70958532,0
                103.620310247,16.709583729,0
                103.620318848,16.709581584,0
                103.620327371,16.7095791130001,0
                103.620335842,16.709576403,0
                103.620352675,16.7095705360001,0
                103.620386133,16.7095579680001,0
                103.620419412,16.709544926,0
                103.620435918,16.70953812,0
                103.620452284,16.7095309420001,0
                103.620476563,16.70951963,0
                103.620492527,16.709511704,0
                103.620508292,16.709503242,0
                103.620516094,16.7094987850001,0
                103.620531498,16.709489552,0
                103.620546503,16.709480034,0
                103.62059048,16.7094509620001,0
                103.620605377,16.709441645,0
                103.620612747,16.709437301,0
                103.620627671,16.709428894,0
                103.620665365,16.7094084870001,0
                103.620680323,16.7094001560001,0
                103.620695015,16.709391429,0
                103.620708991,16.709382308,0
                103.620722676,16.7093727660001,0
                103.620736172,16.7093629570001,0
                103.620749518,16.709352945,0
                103.62077786,16.7093311150001,0
                103.620792251,16.709320367,0
                103.620843672,16.70928366,0
                103.620858185,16.7092729400001,0
                103.620886757,16.709250926,0
                103.62092217,16.709223029,0
                103.620943236,16.7092061130001,0
                103.620957037,16.709194612,0
                103.62096379,16.709188727,0
                103.620970394,16.709182701,0
                103.620976792,16.7091764910001,0
                103.620982988,16.7091699920001,0
                103.620988977,16.7091632990001,0
                103.620994809,16.70915647,0
                103.62100618,16.7091425310001,0
                103.621022828,16.709121265,0
                103.621039214,16.70909978,0
                103.621049946,16.7090853230001,0
                103.621060413,16.70907075,0
                103.621070676,16.709056047,0
                103.621080735,16.709041212,0
                103.621104088,16.709005458,0
                103.621113548,16.708991241,0
                103.621123366,16.7089772730001,0
                103.621128373,16.708970585,0
                103.621133504,16.708963983,0
                103.621144037,16.7089509640001,0
                103.621154827,16.7089381330001,0
                103.621165836,16.7089254860001,0
                103.621177138,16.708913108,0
                103.621182946,16.708907073,0
                103.621188913,16.708901187,0
                103.621195616,16.7088949700001,0
                103.621209504,16.7088830070001,0
                103.621223766,16.7088714010001,0
                103.621245502,16.708854348,0
                103.621260158,16.708843175,0
                103.621275007,16.708832241,0
                103.621288894,16.7088225310001,0
                103.621302984,16.7088130970001,0
                103.621317263,16.708803942,0
                103.621331785,16.708795174,0
                103.621339666,16.708790725,0
                103.621355682,16.7087822300001,0
                103.621363793,16.708778163,0
                103.621379632,16.7087706410001,0
                103.621418149,16.7087531450001,0
                103.621433882,16.708745338,0
                103.621449913,16.7087366710001,0
                103.621465719,16.708727599,0
                103.621481277,16.70871815,0
                103.621488932,16.7087132410001,0
                103.621503082,16.708703594,0
                103.621516928,16.7086935520001,0
                103.621530476,16.708683174,0
                103.621537101,16.708677833,0
                103.621543583,16.70867236,0
                103.621549874,16.708666715,0
                103.621555915,16.708660837,0
                103.62156146,16.7086548980001,0
                103.621566756,16.7086487440001,0
                103.62157186,16.7086424140001,0
                103.621581593,16.708629376,0
                103.621590754,16.708615928,0
                103.621595088,16.7086090510001,0
                103.621598954,16.7086025460001,0
                103.62160622,16.708589284,0
                103.621612867,16.7085757300001,0
                103.621615919,16.7085688330001,0
                103.621619283,16.708560522,0
                103.62162242,16.7085521170001,0
                103.621628231,16.708535129,0
                103.62163639,16.7085094240001,0
                103.621660189,16.708432073,0
                103.621665665,16.708414944,0
                103.621671442,16.70839792,0
                103.621674527,16.7083894800001,0
                103.62167781,16.708381118,0
                103.621681139,16.708373313,0
                103.621684662,16.7083655800001,0
                103.621692165,16.7083502840001,0
                103.621700188,16.708335203,0
                103.621704566,16.7083274600001,0
                103.621718288,16.7083045160001,0
                103.621732535,16.708282006,0
                103.621742397,16.7082675500001,0
                103.621747525,16.7082606650001,0
                103.621752869,16.708254144,0
                103.62175851,16.70824814,0
                103.621764556,16.7082428570001,0
                103.621771174,16.7082385530001,0
                103.621778493,16.7082354360001,0
                103.62178638,16.7082333130001,0
                103.621794676,16.7082319140001,0
                103.621803271,16.708231046,0
                103.621812071,16.7082305550001,0
                103.621821018,16.708230337,0
                103.621830059,16.7082303190001,0
                103.621848301,16.7082307000001,0
                103.6218821,16.708232277,0
                103.62189851,16.7082327750001,0
                103.621914569,16.7082326410001,0
                103.6219645,16.708230896,0
                103.622000166,16.7082301740001,0
                103.62202689,16.708230084,0
                103.622044673,16.708230493,0
                103.622053548,16.708230939,0
                103.622062216,16.7082315870001,0
                103.622079523,16.7082333500001,0
                103.62209681,16.708235469,0
                103.622148694,16.708242195,0
                103.622165893,16.708244144,0
                103.622200068,16.708247724,0
                103.62221832,16.708249939,0
                103.622227424,16.708251177,0
                103.622245557,16.7082540390001,0
                103.622254551,16.708255744,0
                103.622262253,16.7082574290001,0
                103.62226989,16.7082593220001,0
                103.622277439,16.7082614560001,0
                103.622284883,16.708263872,0
                103.622293039,16.70826694,0
                103.62230104,16.7082703400001,0
                103.622308907,16.708274008,0
                103.62231663,16.708277906,0
                103.62232418,16.7082820140001,0
                103.622331525,16.7082863480001,0
                103.622338591,16.708290936,0
                103.62234529,16.7082958440001,0
                103.622351499,16.708301154,0
                103.622357042,16.7083069980001,0
                103.622361961,16.708313726,0
                103.622366178,16.7083210100001,0
                103.62236989,16.708328694,0
                103.622373235,16.7083366690001,0
                103.622376327,16.7083448490001,0
                103.62237925,16.708353163,0
                103.622390461,16.70838688,0
                103.622393399,16.708395248,0
                103.622396508,16.708403522,0
                103.622399875,16.7084116460001,0
                103.622403602,16.708419559,0
                103.622407668,16.708426977,0
                103.62241218,16.708434088,0
                103.62241717,16.7084408420001,0
                103.622422683,16.7084471640001,0
                103.622429011,16.7084531790001,0
                103.622435862,16.708458723,0
                103.62244311,16.7084638800001,0
                103.622449775,16.7084681530001,0
                103.622456628,16.708472236,0
                103.62247068,16.7084800530001,0
                103.622514984,16.7085037300001,0
                103.622530054,16.708511673,0
                103.62254434,16.708518885,0
                103.622557861,16.708525267,0
                103.622564679,16.7085282780001,0
                103.622571553,16.708531136,0
                103.62257888,16.708533937,0
                103.622586271,16.70853649,0
                103.622593725,16.708538752,0
                103.622601245,16.7085406530001,0
                103.622608834,16.708542106,0
                103.622617643,16.7085431300001,0
                103.622626521,16.708543548,0
                103.622635434,16.7085434520001,0
                103.622644345,16.7085428830001,0
                103.62265322,16.708541832,0
                103.622662027,16.708540256,0
                103.622670392,16.7085382070001,0
                103.622678682,16.7085357450001,0
                103.622686922,16.708532991,0
                103.622695125,16.708530044,0
                103.622719698,16.7085208570001,0
                103.622727925,16.708517923,0
                103.622736199,16.708515182,0
                103.622744545,16.708512732,0
                103.622752845,16.708510694,0
                103.62276121,16.708509023,0
                103.62276962,16.7085077080001,0
                103.622778064,16.708506766,0
                103.622786517,16.708506261,0
                103.622794075,16.7085062310001,0
                103.62280161,16.708506603,0
                103.622809103,16.7085073870001,0
                103.622816433,16.7085085790001,0
                103.622823693,16.708510157,0
                103.622830868,16.7085120830001,0
                103.622837943,16.708514349,0
                103.622844901,16.7085169700001,0
                103.622852934,16.7085205270001,0
                103.62286083,16.708524461,0
                103.622892031,16.7085414630001,0
                103.622899799,16.708545476,0
                103.622907643,16.708549357,0
                103.622923497,16.70855685,0
                103.622947533,16.708567639,0
                103.622971777,16.70857799,0
                103.622988085,16.708584504,0
                103.623003755,16.70859017,0
                103.623011652,16.708592761,0
                103.6230196,16.708595143,0
                103.623027593,16.7085972580001,0
                103.623035653,16.7085990250001,0
                103.623044622,16.7086004870001,0
                103.623053654,16.708601457,0
                103.623062721,16.708601957,0
                103.6230718,16.708601947,0
                103.623079213,16.708601533,0
                103.623086613,16.7086007990001,0
                103.623093998,16.708599787,0
                103.623101353,16.708598517,0
                103.623108674,16.7085970100001,0
                103.623117183,16.7085949400001,0
                103.623125635,16.708592609,0
                103.623134045,16.7085900770001,0
                103.623149853,16.7085848140001,0
                103.623191488,16.708568015,0
                103.623394213,16.708486222,0
                103.623478372,16.7084522650001,0
                103.623520762,16.708443328,0
                103.623551208,16.708439707,0
                103.623595679,16.7084387100001,0
                103.623637536,16.7084520660001,0
                103.623655586,16.7084590490001,0
                103.623716246,16.7084970230001,0
                103.623739934,16.708515527,0
                103.623805607,16.7085831470001,0
                103.623943761,16.708725379,0
                103.624038223,16.7088290450001,0
                103.624165237,16.7089291190001,0
                103.624267498,16.7089868640001,0
                103.624360448,16.7090276650001,0
                103.624406881,16.709047877,0
                103.624445693,16.709071109,0
                103.624478015,16.70910508,0
                103.624495971,16.7091417020001,0
                103.624503992,16.7091802370001,0
                103.624509785,16.7093185210001,0
                103.624516972,16.70949016,0
                103.624526214,16.70962718,0
                103.624548552,16.7096924360001,0
                103.624576413,16.709740416,0
                103.624612959,16.7097796190001,0
                103.624684808,16.7098066,0
                103.624756313,16.709819291,0
                103.624807549,16.7098181420001,0
                103.624856843,16.7098122730001,0
                103.625025471,16.709774096,0
                103.625071174,16.7097582640001,0
                103.625146502,16.7097248740001,0
                103.625363459,16.709628697,0
                103.625420194,16.70960948,0
                103.625454195,16.7096035210001,0
                103.625489706,16.7095998670001,0
                103.625540321,16.70960731,0
                103.625573347,16.7096237210001,0
                103.625609893,16.709662929,0
                103.625736579,16.7099520140001,0
                103.625758953,16.710003079,0
                103.625785283,16.7100310120001,0
                103.625807883,16.710045516,0
                103.625858803,16.710057239,0
                103.625908263,16.7100561300001,0
                103.626014485,16.7100323060001,0
                103.626107521,16.7100152090001,0
                103.626200713,16.710004547,0
                103.62629644,16.710006687,0
                103.626343292,16.7100120690001,0
                103.626390407,16.7100281680001,0
                103.626431312,16.7100636980001,0
                103.626463689,16.710114435,0
                103.626525905,16.710203096,0
                103.626622563,16.71033601,0
                103.626693413,16.7104137580001,0
                103.626736518,16.7104446820001,0
                103.62682948,16.710491522,0
                103.62693424,16.7105339870001,0
                103.626993176,16.7105493560001,0
                103.627068507,16.7105597290001,0
                103.627132945,16.7105561380001,0
                103.627181561,16.710542183,0
                103.627240875,16.7105108330001,0
                103.627448926,16.7103732260001,0
                103.627512691,16.71034178,0
                103.627557949,16.7103249210001,0
                103.627567818,16.710321247,0
                103.62762988,16.7103112770001,0
                103.627687952,16.7103206940001,0
                103.627811242,16.710358667,0
                103.627909867,16.710388621,0
                103.627981442,16.710404166,0
                103.628011505,16.7104073460001,0
                103.628093585,16.710405505,0
                103.62814295,16.710395432,0
                103.628198944,16.710371084,0
                103.628247367,16.710331931,0
                103.628262365,16.7103157330001,0
                103.628326618,16.710227472,0
                103.628358307,16.7101726710001,0
                103.628399066,16.7101256180001,0
                103.62841775,16.710113366,0
                103.628520886,16.7100628630001,0
                103.628575338,16.7100440030001,0
                103.628722195,16.7100102110001,0
                103.628895894,16.7099961490001,0
                103.629006711,16.709998748,0
                103.629070457,16.710017646,0
                103.629121897,16.7100452770001,0
                103.629211896,16.710122825,0
                103.629267471,16.710184741,0
                103.629389348,16.7103436510001,0
                103.629422405,16.7103960210001,0
                103.629461635,16.71049171,0
                103.629550627,16.710939292,0
                103.629604793,16.711211732,0
                103.629647751,16.7114277960001,0
                103.629699615,16.7118281480001,0
                103.629721813,16.7120919430001,0
                103.629748543,16.712325139,0
                103.629755295,16.7126045260001,0
                103.629763152,16.712929629,0
                103.629740242,16.7132910010001,0
                103.629724602,16.713413357,0
                103.62971782,16.713466414,0
                103.629709861,16.7135051860001,0
                103.629684156,16.713546502,0
                103.629649249,16.7135751600001,0
                103.629609833,16.7135885480001,0
                103.629527613,16.713605764,0
                103.629456722,16.7136289960001,0
                103.629450351,16.7136310860001,0
                103.629390928,16.713658149,0
                103.629364762,16.7136801780001,0
                103.629347511,16.713697595,0
                103.62933629,16.713724698,0
                103.629339162,16.7137827490001,0
                103.629340413,16.713788274,0
                103.629354425,16.7138501270001,0
                103.62936063,16.7138775330001,0
                103.629381735,16.7139220890001,0
                103.629399153,16.7139381100001,0
                103.629429472,16.7139532200001,0
                103.629460448,16.713956775,0
                103.629536314,16.7139657910001,0
                103.629567915,16.7139843790001,0
                103.629582972,16.7139992940001,0
                103.629601045,16.7140259880001,0
                103.629604842,16.714039299,0
                103.629610272,16.7140799160001,0
                103.629606507,16.7141194320001,0
                103.629603142,16.7141547430001,0
                103.629595806,16.71420211,0
                103.629533274,16.7143051,0
                103.629521403,16.714340903,0
                103.629518813,16.71434871,0
                103.629491091,16.714575789,0
                103.629473757,16.714623607,0
                103.629356346,16.7149474880001,0
                103.629313968,16.7150237550001,0
                103.62925105,16.7151183330001,0
                103.629239608,16.7151318190001,0
                103.629212296,16.715156399,0
                103.629173453,16.7151737630001,0
                103.629028429,16.7151964230001,0
                103.628998967,16.715203268,0
                103.628916086,16.715234008,0
                103.628849863,16.7152638380001,0
                103.62864102,16.715392783,0
                103.628599439,16.715406968,0
                103.628563386,16.7154110990001,0
                103.628540659,16.715409784,0
                103.628525263,16.7154088940001,0
                103.628497429,16.7154010400001,0
                103.628434094,16.715364165,0
                103.627957464,16.715047817,0
                103.627926377,16.7150347940001,0
                103.627888548,16.7150254060001,0
                103.627854169,16.715023301,0
                103.627816956,16.7150318760001,0
                103.6277878,16.715046332,0
                103.62744839,16.715326138,0
                103.626936332,16.7159124340001,0
                103.626507045,16.7164555840001,0
                103.626449344,16.7165665650001,0
                103.626446111,16.716574661,0
                103.626427952,16.7166894600001,0
                103.626450516,16.717314324,0
                103.626464569,16.7177051630001,0
                103.626475463,16.7180081720001,0
                103.62647603,16.718023922,0
                103.626475064,16.718046846,0
                103.626478953,16.7181449060001,0
                103.626464333,16.718301438,0
                103.626443061,16.718364453,0
                103.626410139,16.7184218690001,0
                103.626366795,16.7184700170001,0
                103.62634586,16.7184888640001,0
                103.626340632,16.7184920460001,0
                103.625468104,16.7190529050001,0
                103.624634095,16.7195709690001,0
                103.624600225,16.7195888430001,0
                103.624501823,16.719645997,0
                103.624288492,16.719752719,0
                103.624256828,16.7197654510001,0
                103.624233104,16.719774989,0
                103.624223866,16.719777697,0
                103.624178715,16.7197909390001,0
                103.624143048,16.7197973150001,0
                103.62392699,16.719835925,0
                103.623783482,16.71987546,0
                103.62358231,16.71993293,0
                103.62350062,16.7199737660001,0
                103.623267604,16.7200967900001,0
                103.623208461,16.7202293170001,0
                103.623193818,16.7202623750001,0
                103.623183024,16.720287242,0
                103.623176195,16.72030355,0
                103.623169692,16.7203195710001,0
                103.623137969,16.720399994,0
                103.623131536,16.720416041,0
                103.623124919,16.7204320060001,0
                103.623117939,16.720447817,0
                103.623114579,16.720454924,0
                103.623107504,16.720468984,0
                103.623100008,16.720482842,0
                103.623091101,16.7204981190001,0
                103.623077184,16.7205207480001,0
                103.622968344,16.720693141,0
                103.622944468,16.720730475,0
                103.622934622,16.72074522,0
                103.622929654,16.720752372,0
                103.622914303,16.7207735320001,0
                103.622903721,16.7207874000001,0
                103.622898396,16.7207941410001,0
                103.622882096,16.720814132,0
                103.622827022,16.720880235,0
                103.622816231,16.7208936160001,0
                103.622806449,16.720906155,0
                103.622792113,16.7209252000001,0
                103.622777971,16.7209448950001,0
                103.62276384,16.720965618,0
                103.622750074,16.7209865670001,0
                103.622741172,16.721000695,0
                103.622731982,16.721016064,0
                103.622723152,16.721031628,0
                103.622714833,16.7210472030001,0
                103.622706957,16.7210627600001,0
                103.622699275,16.721078415,0
                103.622661396,16.721157281,0
                103.622653543,16.721172999,0
                103.622645285,16.721188636,0
                103.622636651,16.721203971,0
                103.622632154,16.721211446,0
                103.622627493,16.7212187170001,0
                103.622622604,16.7212256920001,0
                103.622617407,16.7212322450001,0
                103.622611788,16.7212382180001,0
                103.622605593,16.7212433870001,0
                103.622599597,16.7212470870001,0
                103.622593144,16.721250067,0
                103.622586347,16.721252405,0
                103.622579293,16.7212541230001,0
                103.62257205,16.7212552180001,0
                103.622564669,16.7212556270001,0
                103.622556498,16.721255247,0
                103.622548253,16.7212541700001,0
                103.622539954,16.721252593,0
                103.622531614,16.721250657,0
                103.622523254,16.7212484780001,0
                103.622489673,16.7212389900001,0
                103.622481252,16.721236785,0
                103.622472826,16.721234801,0
                103.622464385,16.7212331470001,0
                103.622455941,16.7212319430001,0
                103.622446926,16.7212312890001,0
                103.622437957,16.721231242,0
                103.622429087,16.7212317520001,0
                103.622420394,16.7212328260001,0
                103.622411959,16.7212345300001,0
                103.622403907,16.7212369910001,0
                103.622396389,16.721240418,0
                103.622389704,16.721244841,0
                103.622383531,16.721250136,0
                103.622377747,16.721256076,0
                103.622372256,16.721262487,0
                103.622366984,16.7212692320001,0
                103.62236189,16.7212762290001,0
                103.622356946,16.721283403,0
                103.622352146,16.721290723,0
                103.622347494,16.7212981700001,0
                103.622343214,16.7213053790001,0
                103.62233505,16.7213200260001,0
                103.622327378,16.7213349200001,0
                103.622319875,16.7213507970001,0
                103.622312716,16.721366806,0
                103.622267616,16.7214711080001,0
                103.622256986,16.7214950380001,0
                103.622249603,16.721511074,0
                103.622226413,16.72155937,0
                103.622206885,16.721599537,0
                103.622195031,16.721623548,0
                103.622186896,16.721639408,0
                103.622182679,16.7216472380001,0
                103.622178305,16.7216549710001,0
                103.622173717,16.7216625610001,0
                103.622168829,16.72166996,0
                103.622163567,16.7216771270001,0
                103.62215801,16.721684103,0
                103.62215223,16.7216909360001,0
                103.622146297,16.721697668,0
                103.622127948,16.7217175110001,0
                103.622078004,16.721769782,0
                103.622059376,16.7217894790001,0
                103.622041115,16.7218094730001,0
                103.622029284,16.721823198,0
                103.622012034,16.721844162,0
                103.622000875,16.721858367,0
                103.621995463,16.72186557,0
                103.621990209,16.721872864,0
                103.621985182,16.721880288,0
                103.621980857,16.721887178,0
                103.62197677,16.721894188,0
                103.62197291,16.7219013160001,0
                103.621969296,16.721908555,0
                103.621965956,16.721915918,0
                103.621962782,16.72192376,0
                103.621959882,16.721931714,0
                103.621957176,16.7219397440001,0
                103.621954607,16.7219478380001,0
                103.621949742,16.7219641250001,0
                103.621933435,16.7220214340001,0
                103.62192611,16.7220458940001,0
                103.621920884,16.72206213,0
                103.62191547,16.722078303,0
                103.621898736,16.722126679,0
                103.621884382,16.722166857,0
                103.621875046,16.722191497,0
                103.621861907,16.7222246380001,0
                103.621838485,16.7222825490001,0
                103.621828781,16.722307431,0
                103.621825749,16.722315753,0
                103.621822906,16.722324106,0
                103.621820334,16.7223324980001,0
                103.621818143,16.722340945,0
                103.621816878,16.722347058,0
                103.621815909,16.7223532100001,0
                103.621815281,16.7223593860001,0
                103.621815003,16.722367632,0
                103.621815245,16.722375916,0
                103.621815872,16.7223842230001,0
                103.621816779,16.722392551,0
                103.621819179,16.722409224,0
                103.621822098,16.7224258960001,0
                103.621825464,16.722442507,0
                103.621827362,16.7224507670001,0
                103.62182945,16.7224589780001,0
                103.621833054,16.72247128,0
                103.621837885,16.7224853750001,0
                103.621840888,16.722493318,0
                103.621847242,16.7225090960001,0
                103.621857291,16.722532576,0
                103.621864279,16.722548096,0
                103.621871624,16.7225634380001,0
                103.621875512,16.7225710000001,0
                103.621879397,16.722578116,0
                103.62188344,16.7225851430001,0
                103.621891955,16.7225989660001,0
                103.621901396,16.722612957,0
                103.621906498,16.722620082,0
                103.621916965,16.7226341640001,0
                103.621933005,16.72265508,0
                103.621960091,16.72268969,0
                103.621981974,16.722716844,0
                103.622031684,16.7227772900001,0
                103.622042848,16.7227906160001,0
                103.622054182,16.7228037900001,0
                103.622065841,16.7228166730001,0
                103.622071877,16.7228229290001,0
                103.62207811,16.7228290370001,0
                103.62208449,16.72283501,0
                103.622090984,16.7228408870001,0
                103.622104196,16.722852432,0
                103.622144364,16.7228865550001,0
                103.622157474,16.7228980890001,0
                103.622163851,16.722903973,0
                103.622170035,16.7229099780001,0
                103.622175947,16.722916152,0
                103.622181486,16.7229225630001,0
                103.622186522,16.722929293,0
                103.622190976,16.7229364680001,0
                103.622194922,16.7229439700001,0
                103.622198491,16.722951707,0
                103.622201783,16.722959616,0
                103.622204887,16.722967651,0
                103.622207852,16.7229757700001,0
                103.622213533,16.7229921630001,0
                103.622227128,16.723033494,0
                103.622232408,16.7230500810001,0
                103.622239992,16.7230747520001,0
                103.622257143,16.7231324160001,0
                103.622261808,16.723148935,0
                103.622266166,16.7231655150001,0
                103.622270038,16.723182552,0
                103.622273394,16.7232000430001,0
                103.622285303,16.7232703510001,0
                103.622288602,16.723287865,0
                103.622290427,16.7232965920001,0
                103.62229241,16.7233053190001,0
                103.622296727,16.723322711,0
                103.622308251,16.72336605,0
                103.622312674,16.723383418,0
                103.622316576,16.723400865,0
                103.622318182,16.723409641,0
                103.622319449,16.7234183260001,0
                103.62232045,16.7234270430001,0
                103.622321245,16.7234357880001,0
                103.62232231,16.7234533170001,0
                103.622322591,16.723462087,0
                103.622322672,16.723470843,0
                103.622322504,16.723479582,0
                103.622322013,16.7234882930001,0
                103.622321089,16.723497121,0
                103.622319743,16.723505887,0
                103.622317951,16.7235145820001,0
                103.622316193,16.723521401,0
                103.622314167,16.723528167,0
                103.622311901,16.723534866,0
                103.622308802,16.7235430810001,0
                103.622305453,16.7235512240001,0
                103.622301925,16.7235593180001,0
                103.622294548,16.723575404,0
                103.622279262,16.723607417,0
                103.622236819,16.7236952690001,0
                103.622210226,16.723748915,0
                103.622203225,16.7237635280001,0
                103.622199918,16.723770899,0
                103.622196819,16.723778334,0
                103.622194002,16.7237858620001,0
                103.622191483,16.7237936940001,0
                103.622189284,16.7238016270001,0
                103.622187368,16.7238096300001,0
                103.6221857,16.7238176870001,0
                103.622184291,16.7238257870001,0
                103.622183154,16.723833912,0
                103.62218235,16.7238420620001,0
                103.622181958,16.72385022,0
                103.62218195,16.723854724,0
                103.622182105,16.723859223,0
                103.622182846,16.7238680140001,0
                103.622184096,16.723876767,0
                103.622185788,16.7238854600001,0
                103.622187909,16.7238940670001,0
                103.622190402,16.723902373,0
                103.622193247,16.7239105530001,0
                103.622196411,16.7239185820001,0
                103.622199884,16.7239264290001,0
                103.622203693,16.723934033,0
                103.622207906,16.723941304,0
                103.622212636,16.723948126,0
                103.622218039,16.7239543470001,0
                103.622224272,16.723959855,0
                103.622231173,16.7239647490001,0
                103.622238563,16.723969181,0
                103.622246305,16.723973272,0
                103.622254307,16.723977086,0
                103.622262496,16.723980689,0
                103.62227083,16.7239840990001,0
                103.622279281,16.723987326,0
                103.622287566,16.723990287,0
                103.622329413,16.7240042230001,0
                103.622345939,16.724010231,0
                103.622353781,16.724013391,0
                103.622369227,16.724020194,0
                103.622384401,16.724027548,0
                103.622391877,16.7240314320001,0
                103.62239994,16.7240358400001,0
                103.622415856,16.72404504,0
                103.622439412,16.724059364,0
                103.622462592,16.724074156,0
                103.622470153,16.7240792470001,0
                103.622477567,16.724084481,0
                103.622484766,16.724089909,0
                103.622491663,16.7240956090001,0
                103.622498139,16.7241016890001,0
                103.622504106,16.7241082400001,0
                103.622509639,16.724115179,0
                103.622514824,16.724122406,0
                103.622519733,16.7241298500001,0
                103.622524393,16.724137467,0
                103.6225288,16.72414523,0
                103.622532934,16.7241531290001,0
                103.62253673,16.724161166,0
                103.622540095,16.7241693710001,0
                103.622542557,16.724176609,0
                103.622553593,16.7242332160001,0
                103.622580539,16.724371444,0
                103.622588531,16.724412441,0
                103.622588365,16.7244158300001,0
                103.622587174,16.7244221130001,0
                103.622584801,16.724428238,0
                103.622580882,16.7244342720001,0
                103.622575818,16.724439794,0
                103.622569918,16.724444939,0
                103.622563402,16.7244498000001,0
                103.622556441,16.7244544500001,0
                103.622549164,16.7244589360001,0
                103.622541653,16.7244632920001,0
                103.622526172,16.724471689,0
                103.622510237,16.724479709,0
                103.622469971,16.72449908,0
                103.622462153,16.7245030820001,0
                103.622454544,16.724507224,0
                103.622447225,16.7245115800001,0
                103.62244033,16.7245162240001,0
                103.622434011,16.72452127,0
                103.622428486,16.7245268660001,0
                103.622424437,16.724532352,0
                103.622421146,16.724538286,0
                103.62241859,16.724544586,0
                103.622416843,16.724550886,0
                103.622415789,16.7245573870001,0
                103.622415446,16.72456527,0
                103.622415838,16.724571837,0
                103.622416658,16.724578481,0
                103.622420109,16.724600513,0
                103.622421192,16.724609134,0
                103.622422037,16.7246177920001,0
                103.622422593,16.7246264660001,0
                103.622422778,16.724635112,0
                103.622422471,16.724643697,0
                103.62242152,16.724652174,0
                103.622419931,16.7246599810001,0
                103.622417754,16.7246676520001,0
                103.622415111,16.724675185,0
                103.62241208,16.724682559,0
                103.622408698,16.724689739,0
                103.622404983,16.724696669,0
                103.622400909,16.7247032650001,0
                103.622396426,16.7247094190001,0
                103.622391443,16.724714985,0
                103.622385824,16.7247197630001,0
                103.622379119,16.7247237760001,0
                103.622371744,16.7247269260001,0
                103.62236388,16.724729423,0
                103.622355663,16.724731429,0
                103.622347189,16.724733056,0
                103.622338539,16.724734373,0
                103.622329765,16.7247354260001,0
                103.622312333,16.7247368490001,0
                103.622294762,16.7247377750001,0
                103.622277158,16.724738476,0
                103.622241986,16.724739616,0
                103.62221567,16.7247402470001,0
                103.622188054,16.7247405050001,0
                103.622160455,16.7247404710001,0
                103.622132872,16.724740178,0
                103.622105593,16.7247396270001,0
                103.622087521,16.724739577,0
                103.622071221,16.724740222,0
                103.622054974,16.7247415420001,0
                103.62204689,16.7247424760001,0
                103.622038047,16.724743738,0
                103.622029257,16.7247452560001,0
                103.622020529,16.724747038,0
                103.622011888,16.7247491200001,0
                103.622004264,16.7247512750001,0
                103.621996731,16.7247537110001,0
                103.621989317,16.724756433,0
                103.621982032,16.7247594630001,0
                103.621974184,16.724763191,0
                103.621966484,16.7247672400001,0
                103.621958902,16.7247715300001,0
                103.621943988,16.7247805910001,0
                103.621929365,16.7247900780001,0
                103.62191514,16.724799935,0
                103.621908265,16.7248050430001,0
                103.621901624,16.7248103260001,0
                103.621895311,16.7248158360001,0
                103.621889446,16.724821665,0
                103.621884185,16.724827922,0
                103.621879719,16.724834576,0
                103.621875834,16.7248416410001,0
                103.621872377,16.724849007,0
                103.62186923,16.7248565960001,0
                103.621863507,16.724872185,0
                103.621852601,16.7249038840001,0
                103.62184968,16.7249117380001,0
                103.621846565,16.724919507,0
                103.621843176,16.7249271470001,0
                103.621839558,16.724934435,0
                103.621835656,16.7249415910001,0
                103.621831527,16.724948629,0
                103.621827209,16.724955564,0
                103.621822715,16.724962395,0
                103.62181805,16.7249691160001,0
                103.621813208,16.7249757110001,0
                103.621808167,16.7249821570001,0
                103.621802883,16.724988415,0
                103.621798193,16.724993542,0
                103.621793346,16.724998541,0
                103.621767385,16.7250235540001,0
                103.62176223,16.7250287900001,0
                103.621756837,16.725034613,0
                103.62175162,16.725040585,0
                103.621746547,16.7250466850001,0
                103.621736792,16.7250592,0
                103.62172757,16.7250720870001,0
                103.621723323,16.7250784930001,0
                103.621719242,16.725084985,0
                103.621715331,16.7250915720001,0
                103.621711615,16.725098255,0
                103.621708144,16.7251050400001,0
                103.621705191,16.7251113940001,0
                103.621702479,16.7251178380001,0
                103.621700013,16.7251243700001,0
                103.621697815,16.7251309870001,0
                103.621695523,16.7251391340001,0
                103.621693613,16.7251473810001,0
                103.621692045,16.7251557010001,0
                103.62169083,16.7251640760001,0
                103.62169,16.725172501,0
                103.621689587,16.725180998,0
                103.621689522,16.725189519,0
                103.621689737,16.7251980560001,0
                103.621690182,16.7252065920001,0
                103.621690837,16.725215115,0
                103.621691706,16.7252236100001,0
                103.621692832,16.725232063,0
                103.621694264,16.725240447,0
                103.621696157,16.7252491,0
                103.62169844,16.725257626,0
                103.621701112,16.725265995,0
                103.621704214,16.7252741660001,0
                103.62170782,16.7252820680001,0
                103.621712076,16.725289613,0
                103.621717036,16.725296655,0
                103.621722605,16.725303336,0
                103.621728631,16.7253097510001,0
                103.621734987,16.725315946,0
                103.621741602,16.725321969,0
                103.621744559,16.725324512,0
                103.621802142,16.725364605,0
                103.621868065,16.7254105100001,0
                103.621868985,16.725411418,0
                103.621883391,16.7254256910001,0
                103.621894143,16.7254420780001,0
                103.621898102,16.7254630580001,0
                103.62189278,16.7254809190001,0
                103.621881787,16.725502229,0
                103.621861647,16.7255259670001,0
                103.62184247,16.7255419210001,0
                103.62181538,16.7255635920001,0
                103.62179163,16.725580757,0
                103.621760956,16.725596969,0
                103.62171083,16.725624308,0
                103.621697357,16.7256316560001,0
                103.621673526,16.725645496,0
                103.621654429,16.725664775,0
                103.621638836,16.7256861930001,0
                103.621611185,16.7257322720001,0
                103.621594977,16.7257758760001,0
                103.621590001,16.725795681,0
                103.6215883,16.725803526,0
                103.621587032,16.7258114520001,0
                103.621586314,16.7258181440001,0
                103.621585892,16.725824865,0
                103.62158576,16.725831607,0
                103.621585914,16.7258383550001,0
                103.621586528,16.7258469510001,0
                103.621587484,16.725855548,0
                103.621592418,16.7258899830001,0
                103.621593431,16.725898629,0
                103.621594193,16.725907519,0
                103.621594703,16.7259164280001,0
                103.621595012,16.7259253500001,0
                103.621595115,16.725943193,0
                103.621594909,16.725952105,0
                103.621594502,16.725960994,0
                103.621593832,16.725969848,0
                103.621592823,16.725978651,0
                103.62159143,16.72598722,0
                103.621589633,16.725995712,0
                103.621587436,16.7260041050001,0
                103.621585082,16.72601159,0
                103.621582407,16.72601898,0
                103.621579416,16.7260262680001,0
                103.621575708,16.726034289,0
                103.621571703,16.7260421990001,0
                103.621567467,16.7260500200001,0
                103.621558507,16.7260654470001,0
                103.621549007,16.7260805940001,0
                103.621544037,16.726088035,0
                103.621539008,16.726095215,0
                103.621528576,16.7261093280001,0
                103.621512312,16.726130067,0
                103.621491257,16.7261554200001,0
                103.621481103,16.7261678990001,0
                103.621470227,16.726182238,0
                103.621459804,16.726196896,0
                103.62145473,16.7262043210001,0
                103.621445682,16.726218047,0
                103.621436858,16.7262319070001,0
                103.621428228,16.726245885,0
                103.621419859,16.7262599960001,0
                103.621415821,16.7262671230001,0
                103.621407602,16.7262826150001,0
                103.621405924,16.7262860010001,0
                103.621383342,16.726342446,0
                103.621363124,16.7264100620001,0
                103.621348285,16.7264720220001,0
                103.621343352,16.7264965140001,0
                103.621339601,16.7265139840001,0
                103.621331663,16.726548848,0
                103.621325303,16.7265748950001,0
                103.621320616,16.726592124,0
                103.62131802,16.7266006610001,0
                103.621315577,16.7266079780001,0
                103.621312955,16.726615226,0
                103.621310148,16.7266224110001,0
                103.621307144,16.7266295150001,0
                103.621303833,16.7266367290001,0
                103.621300323,16.726643853,0
                103.621296639,16.726650895,0
                103.621292789,16.726657846,0
                103.621288772,16.726664698,0
                103.62128457,16.7266714360001,0
                103.621280145,16.7266780310001,0
                103.621275449,16.726684446,0
                103.621270381,16.7266907260001,0
                103.621265055,16.7266968270001,0
                103.621259529,16.7267027930001,0
                103.621248098,16.7267144800001,0
                103.621218467,16.7267438170001,0
                103.621206251,16.7267565180001,0
                103.621200321,16.72676298,0
                103.621194562,16.7267695410001,0
                103.621189054,16.7267762320001,0
                103.621183883,16.726783105,0
                103.621179189,16.7267902150001,0
                103.621176264,16.726795365,0
                103.621173641,16.7268006530001,0
                103.621171334,16.7268060640001,0
                103.621168532,16.7268141770001,0
                103.62116637,16.7268224700001,0
                103.621164842,16.7268308880001,0
                103.621163985,16.7268393860001,0
                103.621163837,16.7268452540001,0
                103.621164049,16.726851127,0
                103.621164759,16.726858066,0
                103.621165913,16.7268649820001,0
                103.621167655,16.7268726240001,0
                103.621169799,16.726880216,0
                103.621172254,16.7268877610001,0
                103.621174975,16.72689525,0
                103.621177938,16.72690268,0
                103.621181123,16.726910037,0
                103.621184821,16.726917901,0
                103.62120449,16.726956779,0
                103.621208238,16.7269647860001,0
                103.621211801,16.72697286,0
                103.621215179,16.7269809970001,0
                103.621218343,16.726989202,0
                103.621221256,16.726997485,0
                103.621223616,16.72700496,0
                103.621225739,16.727012498,0
                103.621227787,16.727020773,0
                103.621229625,16.7270290980001,0
                103.621232874,16.727045861,0
                103.621237157,16.727071161,0
                103.621242344,16.7271050310001,0
                103.621244723,16.7271220260001,0
                103.621246847,16.7271390710001,0
                103.621248577,16.727156269,0
                103.621250739,16.727182274,0
                103.621252541,16.7271995520001,0
                103.621253767,16.727208116,0
                103.621255352,16.7272165950001,0
                103.621257294,16.7272245790001,0
                103.621259617,16.727232433,0
                103.621262268,16.7272401450001,0
                103.621265219,16.7272476740001,0
                103.621268492,16.727254961,0
                103.621272112,16.727261921,0
                103.621276157,16.7272684390001,0
                103.621280734,16.727274349,0
                103.621285989,16.7272794510001,0
                103.621291416,16.7272831920001,0
                103.621297396,16.727286168,0
                103.621303804,16.727288459,0
                103.621310528,16.7272900840001,0
                103.621317488,16.727291037,0
                103.62132481,16.727291269,0
                103.621333127,16.727290695,0
                103.621341516,16.7272894120001,0
                103.621349944,16.727287587,0
                103.62135837,16.727285324,0
                103.621366759,16.7272826930001,0
                103.621373137,16.7272804720001,0
                103.62139401,16.7272727330001,0
                103.621410405,16.727266903,0
                103.621426915,16.727261561,0
                103.621435222,16.727259184,0
                103.621443582,16.72725709,0
                103.621451513,16.7272554420001,0
                103.621459485,16.7272541190001,0
                103.621467483,16.727253128,0
                103.621475509,16.7272525020001,0
                103.621482371,16.727252294,0
                103.621489231,16.7272523840001,0
                103.621496736,16.7272528190001,0
                103.621504219,16.7272535710001,0
                103.621511678,16.7272546070001,0
                103.621519091,16.727255911,0
                103.621526454,16.7272574950001,0
                103.621533802,16.72725939,0
                103.621541077,16.7272615570001,0
                103.621548274,16.727263979,0
                103.621555959,16.727266876,0
                103.621563539,16.7272700510001,0
                103.621571443,16.7272736910001,0
                103.621579237,16.727277569,0
                103.621586936,16.7272816290001,0
                103.621602089,16.7272901960001,0
                103.621609523,16.7272946950001,0
                103.621616839,16.727299358,0
                103.621624015,16.7273042190001,0
                103.621631448,16.7273096280001,0
                103.621645896,16.727320992,0
                103.621667024,16.7273387330001,0
                103.621701754,16.7273688670001,0
                103.621729195,16.727393292,0
                103.621742599,16.727405806,0
                103.621748765,16.7274118070001,0
                103.621778954,16.727442377,0
                103.621791136,16.7274544270001,0
                103.621797355,16.7274603010001,0
                103.6218037,16.7274660050001,0
                103.621810227,16.727471488,0
                103.621816999,16.72747666,0
                103.621823795,16.7274812950001,0
                103.621830814,16.7274856490001,0
                103.621838006,16.7274897880001,0
                103.62184532,16.727493785,0
                103.6218824,16.7275131110001,0
                103.621889664,16.72751714,0
                103.621896388,16.7275211,0
                103.621902929,16.727525245,0
                103.621909228,16.727529625,0
                103.621915216,16.7275342950001,0
                103.621920793,16.72753935,0
                103.62192651,16.7275455860001,0
                103.621931696,16.7275522900001,0
                103.62193646,16.7275593360001,0
                103.621940856,16.727566648,0
                103.62194492,16.7275741660001,0
                103.621948642,16.727581849,0
                103.62195197,16.727589681,0
                103.621954819,16.727597658,0
                103.621957064,16.7276057890001,0
                103.621958599,16.727614116,0
                103.621959547,16.727622578,0
                103.621960071,16.7276311310001,0
                103.621960289,16.7276397530001,0
                103.621960161,16.7276571190001,0
                103.621959633,16.7276745570001,0
                103.62195724,16.7277356660001,0
                103.621956151,16.7277703890001,0
                103.621955418,16.727804915,0
                103.621955012,16.7278468000001,0
                103.621954772,16.7278543100001,0
                103.621954164,16.7278622440001,0
                103.621953194,16.7278701400001,0
                103.621951887,16.7278779810001,0
                103.621950236,16.7278857480001,0
                103.621948209,16.727893421,0
                103.621945743,16.7279009580001,0
                103.621943809,16.727905924,0
                103.621941649,16.727910809,0
                103.62193768,16.7279186330001,0
                103.621933285,16.727926295,0
                103.621928588,16.7279338380001,0
                103.621923679,16.7279413000001,0
                103.621912054,16.7279579500001,0
                103.621864097,16.7280133140001,0
                103.621823677,16.7280515160001,0
                103.621804633,16.728073011,0
                103.621785777,16.7281022600001,0
                103.621763925,16.7281504260001,0
                103.621714859,16.728242241,0
                103.621709166,16.72825133,0
                103.621699371,16.728266095,0
                103.621694263,16.7282732510001,0
                103.621688929,16.7282801590001,0
                103.621683287,16.7282867170001,0
                103.621677207,16.7282927860001,0
                103.621670873,16.728298012,0
                103.62166409,16.7283026540001,0
                103.621656914,16.728306709,0
                103.621649376,16.7283101150001,0
                103.621641461,16.7283128390001,0
                103.621633276,16.728314988,0
                103.621624897,16.728316708,0
                103.621616375,16.728318098,0
                103.621607758,16.728319229,0
                103.621599074,16.7283201400001,0
                103.621590348,16.728320845,0
                103.621581589,16.728321339,0
                103.62157282,16.728321586,0
                103.621563842,16.7283215520001,0
                103.621554868,16.7283212580001,0
                103.621545902,16.728320738,0
                103.621536949,16.728319992,0
                103.621519962,16.728318002,0
                103.621503043,16.7283155100001,0
                103.621477781,16.7283111580001,0
                103.621461034,16.728307842,0
                103.621444712,16.7283041420001,0
                103.621428489,16.7283000530001,0
                103.621411249,16.728295314,0
                103.621359764,16.728280345,0
                103.621342573,16.728275524,0
                103.621325303,16.728271066,0
                103.62131661,16.7282690650001,0
                103.621307682,16.728267228,0
                103.621289708,16.72826403,0
                103.621271648,16.728261198,0
                103.621244487,16.728257259,0
                103.621199161,16.7282509500001,0
                103.621181019,16.72824854,0
                103.621162862,16.728246319,0
                103.621144677,16.7282444950001,0
                103.621135568,16.728243843,0
                103.621126539,16.728243424,0
                103.621108446,16.7282430810001,0
                103.621090316,16.728243122,0
                103.621063066,16.728243467,0
                103.621017526,16.728244177,0
                103.620990195,16.728244821,0
                103.620972076,16.728245696,0
                103.620963098,16.7282464250001,0
                103.620954216,16.7282474670001,0
                103.620947143,16.7282486130001,0
                103.620940194,16.7282500800001,0
                103.6209334,16.728251932,0
                103.620926809,16.7282542520001,0
                103.620919189,16.7282577450001,0
                103.620911888,16.72826188,0
                103.620904876,16.7282665270001,0
                103.62089815,16.728271595,0
                103.620891742,16.7282770350001,0
                103.620885707,16.7282828370001,0
                103.620880145,16.728289024,0
                103.620875186,16.7282955900001,0
                103.620870816,16.728302521,0
                103.620867061,16.7283097640001,0
                103.620864011,16.72831731,0
                103.620861646,16.7283255130001,0
                103.620859969,16.7283339570001,0
                103.620858802,16.7283425740001,0
                103.620858026,16.7283513100001,0
                103.620857546,16.7283601240001,0
                103.620857279,16.7283769470001,0
                103.620858268,16.7284012700001,0
                103.620859943,16.72841636,0
                103.62086313,16.728457308,0
                103.620860642,16.72847575,0
                103.620852265,16.728493621,0
                103.620843786,16.728507248,0
                103.620832341,16.7285195260001,0
                103.62081368,16.7285369150001,0
                103.620794336,16.7285564430001,0
                103.620782874,16.7285680140001,0
                103.620778536,16.7285737730001,0
                103.620769183,16.728589186,0
                103.620762523,16.7286066630001,0
                103.620758545,16.72862443,0
                103.62075887,16.72863786,0
                103.620763018,16.7286575690001,0
                103.620770452,16.728674873,0
                103.620776123,16.7286842350001,0
                103.620788263,16.7287001400001,0
                103.620832822,16.7287521820001,0
                103.620863832,16.7287903870001,0
                103.620875999,16.728807793,0
                103.620886709,16.728825939,0
                103.620895222,16.728844134,0
                103.620903207,16.7288708290001,0
                103.620906706,16.728894091,0
                103.620907044,16.7289081110001,0
                103.620907218,16.7289152920001,0
                103.620901721,16.728930975,0
                103.620890327,16.7289453760001,0
                103.620876646,16.7289562890001,0
                103.620860717,16.728965133,0
                103.620835227,16.728973485,0
                103.620745143,16.7289948600001,0
                103.62052582,16.729046899,0
                103.620499619,16.7290559690001,0
                103.620474915,16.729066426,0
                103.6204517,16.729077553,0
                103.620434349,16.7290885530001,0
                103.620323249,16.729168127,0
                103.62030728,16.7291755570001,0
                103.62029048,16.729178765,0
                103.620268439,16.7291778430001,0
                103.620214756,16.72917339,0
                103.620184714,16.729175474,0
                103.620162126,16.729182345,0
                103.620148428,16.7291925550001,0
                103.620135549,16.7292062810001,0
                103.620116291,16.7292293400001,0
                103.620023748,16.7293481070001,0
                103.620003721,16.729369773,0
                103.619986511,16.7293864220001,0
                103.619959149,16.729408252,0
                103.619849924,16.7294781470001,0
                103.619722083,16.729559958,0
                103.619695284,16.729574703,0
                103.619658213,16.7295896740001,0
                103.619636016,16.7295983440001,0
                103.619631312,16.729600181,0
                103.619610875,16.7296048800001,0
                103.61958819,16.729607512,0
                103.619561016,16.729606705,0
                103.619524218,16.7296025810001,0
                103.619499963,16.729601001,0
                103.619483909,16.7296049,0
                103.619475259,16.729611458,0
                103.619471047,16.7296193330001,0
                103.619467684,16.7296321370001,0
                103.619468964,16.729654737,0
                103.61947775,16.729684245,0
                103.619478584,16.729686804,0
                103.619543564,16.7298871520001,0
                103.619549431,16.729917428,0
                103.619552384,16.729948478,0
                103.619552998,16.729973923,0
                103.619550681,16.729999438,0
                103.619544847,16.7300313920001,0
                103.61953594,16.730057758,0
                103.619523149,16.730078996,0
                103.619506712,16.730104823,0
                103.619467318,16.7301603380001,0
                103.619449854,16.7301893700001,0
                103.619441909,16.730202278,0
                103.6194388,16.730210303,0
                103.619436303,16.7302209700001,0
                103.619435524,16.730234244,0
                103.61943477,16.7302485810001,0
                103.619432439,16.7302661370001,0
                103.6194306,16.7302810300001,0
                103.619427093,16.730295429,0
                103.619421884,16.730307748,0
                103.619416065,16.7303174260001,0
                103.619408518,16.730323959,0
                103.619238623,16.730423237,0
                103.619226698,16.730430933,0
                103.619217526,16.7304385630001,0
                103.619206781,16.7304494100001,0
                103.619199409,16.7304633680001,0
                103.619194393,16.730472032,0
                103.619194471,16.730478363,0
                103.619195426,16.730484603,0
                103.619197233,16.7304906700001,0
                103.619199917,16.730496456,0
                103.619203873,16.7305023760001,0
                103.619208689,16.7305079340001,0
                103.619214154,16.7305132070001,0
                103.6192201,16.7305182530001,0
                103.619226397,16.73052312,0
                103.619232952,16.730527836,0
                103.619239696,16.7305324270001,0
                103.61926743,16.7305503630001,0
                103.619274174,16.730554972,0
                103.619280698,16.730559757,0
                103.619286901,16.730564793,0
                103.619292663,16.7305701760001,0
                103.619298226,16.730576403,0
                103.619303209,16.730583048,0
                103.619307663,16.730590025,0
                103.61931158,16.7305972890001,0
                103.619314928,16.7306048,0
                103.619317599,16.7306125480001,0
                103.619319242,16.7306191770001,0
                103.619320416,16.7306259440001,0
                103.619321181,16.73063281,0
                103.619321587,16.7306397470001,0
                103.619321655,16.730648409,0
                103.619321375,16.7306571280001,0
                103.619319195,16.73069221,0
                103.619318911,16.730700975,0
                103.619318972,16.7307097090001,0
                103.619319486,16.730718397,0
                103.619320456,16.7307270210001,0
                103.619321898,16.7307355660001,0
                103.619323841,16.730743997,0
                103.619326383,16.7307524190001,0
                103.6193294,16.730760704,0
                103.619332792,16.730768863,0
                103.619336498,16.7307768850001,0
                103.619340496,16.730784746,0
                103.619344798,16.730792416,0
                103.619349448,16.730799817,0
                103.61935454,16.730806866,0
                103.61936019,16.7308134370001,0
                103.619366247,16.7308192020001,0
                103.619372812,16.730824527,0
                103.619379749,16.7308295280001,0
                103.619386951,16.730834293,0
                103.619394341,16.7308388970001,0
                103.619409478,16.7308477980001,0
                103.619440398,16.730865018,0
                103.619463903,16.7308775270001,0
                103.619479843,16.7308853920001,0
                103.619488309,16.730889227,0
                103.619496873,16.730892876,0
                103.619505518,16.7308963510001,0
                103.619514238,16.7308996530001,0
                103.619523027,16.7309027470001,0
                103.619531899,16.730905573,0
                103.619540856,16.730908045,0
                103.61954858,16.7309098010001,0
                103.619556352,16.7309112310001,0
                103.619564153,16.730912328,0
                103.619571964,16.7309130630001,0
                103.619579756,16.7309133800001,0
                103.619587264,16.7309132120001,0
                103.619594681,16.730912527,0
                103.619601962,16.7309112500001,0
                103.619609481,16.73090918,0
                103.619616754,16.7309064470001,0
                103.619623733,16.730903131,0
                103.619630924,16.730898918,0
                103.619637644,16.730894183,0
                103.619643792,16.730889001,0
                103.619649219,16.730883407,0
                103.619653705,16.730877402,0
                103.619656936,16.7308709380001,0
                103.61965843,16.730865405,0
                103.619659012,16.730859631,0
                103.619658798,16.730853704,0
                103.619657858,16.7308477070001,0
                103.619655938,16.730840831,0
                103.619653275,16.730834008,0
                103.619649988,16.7308272930001,0
                103.619646163,16.730820739,0
                103.619641814,16.730814405,0
                103.619636943,16.73080837,0
                103.619631065,16.730802241,0
                103.61962469,16.7307964560001,0
                103.619617965,16.730790918,0
                103.619611001,16.7307855620001,0
                103.619603872,16.7307803260001,0
                103.619567575,16.7307545090001,0
                103.619553543,16.730743933,0
                103.619546853,16.7307384800001,0
                103.61954051,16.7307328570001,0
                103.619534652,16.7307269930001,0
                103.61952946,16.7307208130001,0
                103.619525174,16.7307142010001,0
                103.619522139,16.730707427,0
                103.619519997,16.730700272,0
                103.61951861,16.730692848,0
                103.619517884,16.7306852410001,0
                103.619517796,16.730677536,0
                103.619518366,16.730669553,0
                103.619519522,16.7306616120001,0
                103.619521209,16.7306537850001,0
                103.61952342,16.7306461590001,0
                103.619526208,16.730638825,0
                103.619529676,16.7306319100001,0
                103.619533986,16.73062557,0
                103.619539354,16.730619856,0
                103.619545541,16.730614745,0
                103.619552333,16.730610095,0
                103.619559569,16.730605794,0
                103.619567125,16.7306017670001,0
                103.619574915,16.730597968,0
                103.619582888,16.730594363,0
                103.619590997,16.7305909450001,0
                103.619607614,16.7305845870001,0
                103.619658136,16.730566997,0
                103.619674806,16.7305609260001,0
                103.619683042,16.730557721,0
                103.619691165,16.7305543300001,0
                103.619699151,16.7305506980001,0
                103.619707155,16.730546647,0
                103.619714989,16.730542311,0
                103.619722653,16.730537735,0
                103.619730144,16.7305329330001,0
                103.619737437,16.7305279060001,0
                103.61974449,16.7305226180001,0
                103.619751226,16.7305170220001,0
                103.619757551,16.7305110390001,0
                103.619763052,16.730504992,0
                103.619768183,16.7304986030001,0
                103.619773043,16.730491967,0
                103.619777696,16.7304851370001,0
                103.619782191,16.730478163,0
                103.619790857,16.7304639270001,0
                103.619799199,16.730449433,0
                103.619810784,16.7304282270001,0
                103.619833006,16.7303858810001,0
                103.61983683,16.7303791640001,0
                103.619840862,16.73037279,0
                103.619845206,16.7303668960001,0
                103.619850001,16.730361664,0
                103.619855416,16.7303573140001,0
                103.619861748,16.7303539540001,0
                103.619868734,16.730351521,0
                103.619876214,16.730349776,0
                103.619884053,16.7303485360001,0
                103.619892157,16.730347647,0
                103.619900444,16.730347001,0
                103.61994346,16.730344793,0
                103.619961331,16.7303435040001,0
                103.619970251,16.7303427000001,0
                103.619987313,16.730340799,0
                103.620003565,16.730338546,0
                103.620019764,16.730335983,0
                103.620058397,16.7303293200001,0
                103.620074838,16.7303269500001,0
                103.620083075,16.730325932,0
                103.620099559,16.73032435,0
                103.620107804,16.7303238760001,0
                103.620116589,16.73032368,0
                103.620125349,16.730323808,0
                103.620134075,16.7303242790001,0
                103.620142736,16.730325135,0
                103.62015131,16.7303264620001,0
                103.620157376,16.7303277510001,0
                103.620163377,16.730329306,0
                103.620169311,16.7303311160001,0
                103.620177374,16.7303339920001,0
                103.620185312,16.730337235,0
                103.620193125,16.7303407690001,0
                103.620200813,16.7303445640001,0
                103.620208353,16.730348609,0
                103.620215713,16.73035292,0
                103.620222841,16.7303575380001,0
                103.620229675,16.7303625370001,0
                103.620236168,16.73036799,0
                103.620242362,16.730373806,0
                103.620248328,16.7303798930001,0
                103.620254126,16.7303861770001,0
                103.620259792,16.7303926170001,0
                103.620270814,16.7304058120001,0
                103.620281342,16.730419108,0
                103.620296649,16.730438909,0
                103.620307089,16.730451864,0
                103.620312499,16.730458148,0
                103.620318109,16.7304642240001,0
                103.620324003,16.730470011,0
                103.62033021,16.7304754250001,0
                103.620336705,16.7304805260001,0
                103.620343431,16.7304853520001,0
                103.620350343,16.73048993,0
                103.620357418,16.730494251,0
                103.62036464,16.7304982910001,0
                103.620372012,16.7305019880001,0
                103.620379548,16.730505254,0
                103.620386404,16.73050771,0
                103.62039339,16.7305097080001,0
                103.620401288,16.7305113520001,0
                103.620409266,16.7305123990001,0
                103.620417285,16.7305128420001,0
                103.620425293,16.7305126260001,0
                103.620430827,16.730512042,0
                103.62043632,16.730511108,0
                103.620443913,16.7305092340001,0
                103.620451419,16.73050683,0
                103.62045885,16.730504013,0
                103.620466217,16.7305008860001,0
                103.620473522,16.7304975170001,0
                103.62048796,16.730490221,0
                103.620503963,16.7304813330001,0
                103.620535617,16.7304628690001,0
                103.6205515,16.7304538440001,0
                103.620559522,16.7304495180001,0
                103.620567627,16.730445392,0
                103.620575847,16.7304415470001,0
                103.620583344,16.7304384,0
                103.620590947,16.730435534,0
                103.620598644,16.730432927,0
                103.620606433,16.7304305980001,0
                103.620614313,16.730428573,0
                103.62062249,16.7304268350001,0
                103.62063074,16.730425392,0
                103.620639051,16.730424183,0
                103.6206474,16.7304231750001,0
                103.620655777,16.7304223520001,0
                103.620664177,16.7304217130001,0
                103.620672596,16.7304212710001,0
                103.620687101,16.730421027,0
                103.620701612,16.7304214280001,0
                103.620710046,16.7304219690001,0
                103.620718474,16.7304227000001,0
                103.620735303,16.730424558,0
                103.620752095,16.7304268090001,0
                103.620768816,16.7304294410001,0
                103.620785297,16.7304325740001,0
                103.620793462,16.730434383,0
                103.620801543,16.730436406,0
                103.620809523,16.7304387020001,0
                103.620817366,16.7304413520001,0
                103.620822726,16.7304434540001,0
                103.620828002,16.7304457610001,0
                103.620835932,16.7304496580001,0
                103.620843706,16.7304538970001,0
                103.620851369,16.7304583810001,0
                103.620858943,16.7304630530001,0
                103.620873894,16.730472778,0
                103.620888542,16.730482916,0
                103.620895695,16.730488156,0
                103.620902669,16.730493548,0
                103.620909391,16.730499149,0
                103.620915754,16.730505033,0
                103.620921627,16.730511289,0
                103.62092653,16.730517526,0
                103.620930959,16.7305240970001,0
                103.620934965,16.730530936,0
                103.620938587,16.730537972,0
                103.620941811,16.730545175,0
                103.620944599,16.7305525090001,0
                103.620946865,16.7305599590001,0
                103.620948484,16.730567523,0
                103.620949392,16.730575882,0
                103.620949516,16.7305843080001,0
                103.620948994,16.7305927400001,0
                103.620947877,16.730601117,0
                103.620946168,16.730609373,0
                103.620943813,16.730617431,0
                103.62094068,16.730625209,0
                103.620938464,16.730629514,0
                103.620934269,16.7306361710001,0
                103.620929455,16.7306425360001,0
                103.620924162,16.730648649,0
                103.620919062,16.730654015,0
                103.62090311,16.7306699010001,0
                103.620897659,16.730675644,0
                103.620892361,16.7306815370001,0
                103.620887239,16.730687566,0
                103.620882327,16.73069373,0
                103.620877661,16.7307000370001,0
                103.620873303,16.7307065040001,0
                103.620869507,16.7307128360001,0
                103.620866095,16.7307193180001,0
                103.620863111,16.730725953,0
                103.620860614,16.730732743,0
                103.620858605,16.730739644,0
                103.620857108,16.7307466190001,0
                103.620856179,16.7307536490001,0
                103.620855868,16.730761923,0
                103.620856329,16.7307701610001,0
                103.62085748,16.7307782990001,0
                103.620859333,16.73078624,0
                103.620861955,16.7307938980001,0
                103.620865479,16.7308011490001,0
                103.620870189,16.730808097,0
                103.620875777,16.730814589,0
                103.620881998,16.7308207510001,0
                103.62088867,16.730826651,0
                103.620895675,16.730832349,0
                103.620902924,16.7308378750001,0
                103.62091036,16.730843248,0
                103.620917952,16.7308484550001,0
                103.620925703,16.7308534700001,0
                103.620933498,16.730858217,0
                103.620941407,16.7308628000001,0
                103.620965485,16.730875999,0
                103.621054413,16.730923138,0
                103.621078809,16.7309355410001,0
                103.621095111,16.730943284,0
                103.621103344,16.730946976,0
                103.621111639,16.7309504950001,0
                103.621120017,16.7309537740001,0
                103.621128792,16.730956841,0
                103.621137655,16.7309595,0
                103.621146591,16.730961666,0
                103.621155595,16.7309631860001,0
                103.621162543,16.7309638190001,0
                103.621169494,16.7309639870001,0
                103.621176405,16.7309637060001,0
                103.621183236,16.7309629580001,0
                103.621191864,16.730961286,0
                103.621200213,16.730958931,0
                103.621208193,16.7309559930001,0
                103.621215663,16.7309525040001,0
                103.621222432,16.730948444,0
                103.621228235,16.7309437120001,0
                103.621232719,16.730938161,0
                103.621235606,16.730931637,0
                103.62123718,16.7309243400001,0
                103.62123779,16.730916488,0
                103.621237717,16.730908245,0
                103.621237166,16.7308997380001,0
                103.621236277,16.7308910450001,0
                103.621235166,16.73088224,0
                103.621232571,16.7308644350001,0
                103.621225331,16.7308197510001,0
                103.621222272,16.7308019700001,0
                103.621218993,16.7307843470001,0
                103.621211887,16.730749464,0
                103.621189841,16.7306452890001,0
                103.621161831,16.730514941,0
                103.621158312,16.7304974630001,0
                103.621155283,16.730479933,0
                103.621154107,16.7304711470001,0
                103.621153291,16.730462349,0
                103.621152975,16.7304556710001,0
                103.621152945,16.730448992,0
                103.621153328,16.7304402250001,0
                103.621154118,16.730431508,0
                103.621155261,16.7304228680001,0
                103.62115674,16.730414347,0
                103.621158573,16.730406003,0
                103.621160829,16.7303979160001,0
                103.621163622,16.7303901990001,0
                103.621167125,16.730382994,0
                103.621171562,16.730376489,0
                103.621177073,16.730370898,0
                103.621183495,16.730366008,0
                103.621190579,16.7303616300001,0
                103.621198145,16.730357638,0
                103.621206054,16.730353931,0
                103.621214208,16.7303504490001,0
                103.621222534,16.730347147,0
                103.621230987,16.730344023,0
                103.621239542,16.7303410820001,0
                103.621248186,16.7303383500001,0
                103.621256921,16.730335887,0
                103.621265938,16.730333688,0
                103.621275027,16.730331753,0
                103.621284168,16.7303299980001,0
                103.621302522,16.7303268370001,0
                103.621330121,16.7303225260001,0
                103.621357716,16.730318482,0
                103.621385335,16.730314847,0
                103.621403569,16.7303128830001,0
                103.621421831,16.730311144,0
                103.621495011,16.73030472,0
                103.62151331,16.730303323,0
                103.621531563,16.730302323,0
                103.621540656,16.730302114,0
                103.621549705,16.7303022090001,0
                103.621558695,16.730302733,0
                103.621565271,16.730303474,0
                103.621571785,16.7303045310001,0
                103.621578223,16.7303059280001,0
                103.62158695,16.7303084010001,0
                103.621595536,16.730311386,0
                103.621604,16.730314762,0
                103.621612355,16.7303184470001,0
                103.621620594,16.7303223820001,0
                103.621628685,16.730326555,0
                103.621636595,16.7303309750001,0
                103.621644263,16.7303356890001,0
                103.621651599,16.730340776,0
                103.621658479,16.730346351,0
                103.621664783,16.7303524710001,0
                103.621670649,16.7303590600001,0
                103.621676187,16.730365985,0
                103.621681501,16.730373146,0
                103.62168665,16.730380477,0
                103.621696662,16.7303954290001,0
                103.621740591,16.7304637570001,0
                103.6217651,16.7305015800001,0
                103.621766343,16.730503481,0
                103.621785711,16.7305294880001,0
                103.621809926,16.7305559230001,0
                103.621838662,16.7305865160001,0
                103.621867364,16.73061569,0
                103.621895928,16.7306391870001,0
                103.621911273,16.7306644010001,0
                103.621911855,16.7306885260001,0
                103.621905177,16.7307170730001,0
                103.621877161,16.7307904620001,0
                103.621874666,16.730798911,0
                103.621871867,16.7308073670001,0
                103.621868861,16.7308157960001,0
                103.621859197,16.7308409940001,0
                103.621835639,16.7308996420001,0
                103.621825666,16.7309248330001,0
                103.621819281,16.730941709,0
                103.6218134,16.730958726,0
                103.621810786,16.73096729,0
                103.621808426,16.7309759120001,0
                103.621806348,16.7309845770001,0
                103.621804603,16.730993293,0
                103.621803295,16.7310020580001,0
                103.621802563,16.7310099040001,0
                103.621802206,16.731017782,0
                103.621802162,16.7310256710001,0
                103.621802418,16.731033558,0
                103.621802978,16.7310414340001,0
                103.62180386,16.7310492710001,0
                103.621805123,16.7310570540001,0
                103.621806899,16.731065083,0
                103.621809093,16.731073026,0
                103.62181164,16.73108087,0
                103.621814521,16.731088604,0
                103.62181774,16.731096199,0
                103.621820889,16.7311028130001,0
                103.621827657,16.731115747,0
                103.621834506,16.731127975,0
                103.621841073,16.7311383800001,0
                103.621843925,16.731142418,0
                103.62184876,16.7311481200001,0
                103.621854194,16.731153105,0
                103.62186102,16.731157599,0
                103.621868579,16.7311612390001,0
                103.621876656,16.731164258,0
                103.621885115,16.7311668310001,0
                103.621893833,16.7311690920001,0
                103.621902733,16.7311711420001,0
                103.621920846,16.7311748560001,0
                103.62198506,16.7311868800001,0
                103.622012491,16.7311922910001,0
                103.622046322,16.7311996500001,0
                103.62206314,16.731203587,0
                103.622079844,16.7312077920001,0
                103.622096321,16.731212494,0
                103.622104421,16.7312151560001,0
                103.62211238,16.7312181240001,0
                103.622120766,16.731221754,0
                103.622128956,16.731225785,0
                103.62213694,16.7312301850001,0
                103.622144709,16.731234951,0
                103.622151976,16.731239895,0
                103.622159067,16.731245109,0
                103.622166032,16.7312505200001,0
                103.622172907,16.731256063,0
                103.62218648,16.731267415,0
                103.622233447,16.731307895,0
                103.622253713,16.7313249920001,0
                103.622267437,16.731336017,0
                103.622274423,16.731341319,0
                103.62228153,16.7313464100001,0
                103.622288799,16.731351219,0
                103.622511496,16.731545886,0
                103.622552976,16.731582148,0
                103.622560787,16.731586561,0
                103.622568785,16.7315907490001,0
                103.62258513,16.7315987040001,0
                103.622618416,16.731613914,0
                103.622693707,16.731647609,0
                103.622710535,16.7316548360001,0
                103.622719006,16.7316583200001,0
                103.622734226,16.73166423,0
                103.622749569,16.7316698230001,0
                103.622765031,16.7316751060001,0
                103.62277281,16.731677609,0
                103.62278923,16.731682505,0
                103.622805755,16.7316870660001,0
                103.622822354,16.7316913720001,0
                103.622839011,16.731695389,0
                103.622855755,16.731698957,0
                103.622864179,16.7317004810001,0
                103.622873311,16.731701872,0
                103.622891683,16.73170407,0
                103.622919381,16.7317065990001,0
                103.622974909,16.7317109200001,0
                103.623002649,16.731713246,0
                103.623021101,16.7317150810001,0
                103.62303888,16.73171732,0
                103.623055968,16.731720028,0
                103.62306507,16.731721695,0
                103.62308321,16.731725354,0
                103.623110344,16.731731258,0
                103.623137432,16.73173739,0
                103.623155455,16.7317416010001,0
                103.623173422,16.731746007,0
                103.623191262,16.7317508040001,0
                103.623208242,16.7317559950001,0
                103.623225061,16.7317616620001,0
                103.62324173,16.731767748,0
                103.623258937,16.7317745780001,0
                103.623276024,16.731781713,0
                103.623335591,16.7318074040001,0
                103.623352657,16.7318146120001,0
                103.623369842,16.731821484,0
                103.623378508,16.7318246830001,0
                103.623387247,16.7318276340001,0
                103.623395295,16.731830045,0
                103.623403412,16.7318321930001,0
                103.623411592,16.731834065,0
                103.623419826,16.7318356430001,0
                103.623428116,16.731836872,0
                103.623436562,16.7318377240001,0
                103.623445046,16.731838241,0
                103.623453561,16.7318384970001,0
                103.62346209,16.7318385350001,0
                103.623479158,16.7318380670001,0
                103.623487673,16.73183756,0
                103.623496165,16.731836838,0
                103.623504618,16.731835855,0
                103.623513011,16.7318345480001,0
                103.62352166,16.7318327950001,0
                103.62353025,16.7318307090001,0
                103.623547326,16.731825944,0
                103.623572876,16.731818371,0
                103.623581426,16.731815989,0
                103.623590018,16.7318137940001,0
                103.623598663,16.7318118790001,0
                103.623607611,16.731810281,0
                103.623616623,16.731809019,0
                103.623625679,16.7318080360001,0
                103.623634755,16.7318073050001,0
                103.623643851,16.731806831,0
                103.623652945,16.7318066400001,0
                103.623661312,16.73180675,0
                103.623669652,16.731807131,0
                103.623677957,16.731807783,0
                103.623686204,16.731808734,0
                103.623694375,16.731810033,0
                103.623702435,16.7318117730001,0
                103.623708175,16.7318133480001,0
                103.623713838,16.7318151810001,0
                103.623721581,16.731818122,0
                103.623729206,16.731821418,0
                103.623736744,16.731824994,0
                103.623744203,16.7318287800001,0
                103.623758942,16.731836833,0
                103.623773445,16.731845419,0
                103.623788687,16.7318551610001,0
                103.623803755,16.731865262,0
                103.623816018,16.731873669,0
                103.623843012,16.7318819160001,0
                103.623862192,16.7318829050001,0
                103.623884249,16.73188099,0
                103.623909011,16.7318690760001,0
                103.623930725,16.73185297,0
                103.623959563,16.7318267650001,0
                103.624097089,16.731657996,0
                103.62414625,16.731597664,0
                103.624156072,16.7315873100001,0
                103.624174687,16.7315682220001,0
                103.624237117,16.731504875,0
                103.624262194,16.73147966,0
                103.624274922,16.7314672630001,0
                103.624287963,16.73145521,0
                103.62429468,16.7314494020001,0
                103.624301511,16.7314438440001,0
                103.624315562,16.7314331480001,0
                103.624329907,16.7314227750001,0
                103.624366016,16.731397074,0
                103.62438053,16.731386367,0
                103.624402505,16.7313698180001,0
                103.624417306,16.7313590110001,0
                103.624424848,16.7313538110001,0
                103.624432041,16.731349111,0
                103.624439346,16.73134457,0
                103.624454218,16.731335906,0
                103.624461776,16.731331783,0
                103.624469427,16.7313278250001,0
                103.624477176,16.731324064,0
                103.624484802,16.7313206330001,0
                103.624492527,16.731317409,0
                103.624500336,16.7313143710001,0
                103.624508994,16.7313112470001,0
                103.624517726,16.731308283,0
                103.62453532,16.7313026730001,0
                103.624579561,16.7312892310001,0
                103.624606014,16.7312808840001,0
                103.62463058,16.7312724490001,0
                103.624663114,16.7312606310001,0
                103.624687313,16.731251361,0
                103.624703218,16.731244761,0
                103.624711042,16.7312412270001,0
                103.624718731,16.731237471,0
                103.624726401,16.7312333460001,0
                103.624733901,16.7312289450001,0
                103.624741231,16.7312242730001,0
                103.62474868,16.731219143,0
                103.624755975,16.7312137910001,0
                103.624763158,16.73120828,0
                103.624770253,16.7312026390001,0
                103.624784208,16.7311910660001,0
                103.624797832,16.7311791270001,0
                103.624804476,16.731172983,0
                103.624810971,16.7311666890001,0
                103.624817252,16.7311602460001,0
                103.62482945,16.7311469910001,0
                103.624847491,16.731126825,0
                103.624859836,16.7311136650001,0
                103.624866265,16.7311073280001,0
                103.624872347,16.731101746,0
                103.624878611,16.731096354,0
                103.624885025,16.73109113,0
                103.624891568,16.7310860700001,0
                103.624898243,16.731081196,0
                103.624905044,16.731076536,0
                103.624911992,16.7310721480001,0
                103.624919113,16.7310681160001,0
                103.624926746,16.731064384,0
                103.624934574,16.7310611840001,0
                103.624942576,16.731058583,0
                103.624949417,16.731056929,0
                103.624956335,16.7310557640001,0
                103.624963303,16.7310551030001,0
                103.624970285,16.7310549910001,0
                103.62497828,16.7310555920001,0
                103.624986222,16.7310569050001,0
                103.624994058,16.73105888,0
                103.625001486,16.7310613770001,0
                103.62500879,16.7310643550001,0
                103.625015973,16.7310677180001,0
                103.625023041,16.7310714000001,0
                103.625029981,16.7310753690001,0
                103.625036777,16.731079611,0
                103.625043478,16.731084153,0
                103.625056528,16.731093795,0
                103.625108593,16.7311348260001,0
                103.625121427,16.731145554,0
                103.625153026,16.731172868,0
                103.625165972,16.7311834010001,0
                103.625173234,16.731188908,0
                103.625180628,16.731194246,0
                103.625188126,16.731199455,0
                103.62520339,16.7312094930001,0
                103.625211154,16.7312143180001,0
                103.625219028,16.7312189780001,0
                103.625226814,16.7312233330001,0
                103.625234704,16.7312275240001,0
                103.625242688,16.7312315500001,0
                103.625259022,16.7312392480001,0
                103.62528385,16.7312501710001,0
                103.625317246,16.7312641340001,0
                103.625334074,16.731270766,0
                103.625351081,16.731276893,0
                103.625359515,16.731279611,0
                103.625376537,16.7312845970001,0
                103.62539369,16.7312892250001,0
                103.625419536,16.731295807,0
                103.625436819,16.731300017,0
                103.625454149,16.7313040230001,0
                103.625471612,16.7313077060001,0
                103.625489203,16.7313110700001,0
                103.625515658,16.731315813,0
                103.625577469,16.7313265110001,0
                103.625612805,16.7313324880001,0
                103.625630495,16.731335345,0
                103.625648218,16.73133799,0
                103.625665887,16.7313403210001,0
                103.625727844,16.7313476160001,0
                103.625745497,16.731349902,0
                103.625763067,16.731352595,0
                103.625771797,16.7313541980001,0
                103.625780496,16.7313560310001,0
                103.625789157,16.7313580490001,0
                103.625806394,16.7313624770001,0
                103.625823564,16.7313672120001,0
                103.625849247,16.731374623,0
                103.62588336,16.731384963,0
                103.62593506,16.731401594,0
                103.625952385,16.7314067720001,0
                103.625961106,16.7314091370001,0
                103.625969097,16.731411103,0
                103.625985188,16.731414569,0
                103.626001411,16.7314174680001,0
                103.626009599,16.7314187040001,0
                103.626026036,16.731420805,0
                103.626042534,16.7314224990001,0
                103.626050803,16.731423197,0
                103.626059598,16.7314238160001,0
                103.626077215,16.731424781,0
                103.626094854,16.7314255210001,0
                103.626121333,16.7314263600001,0
                103.626138995,16.73142669,0
                103.626156743,16.7314266970001,0
                103.626174572,16.7314263690001,0
                103.626201345,16.731425448,0
                103.626219191,16.7314245110001,0
                103.626237023,16.7314231190001,0
                103.626255505,16.7314209730001,0
                103.626273933,16.731418342,0
                103.626292254,16.7314153840001,0
                103.626310296,16.731412049,0
                103.626319105,16.731410152,0
                103.626327684,16.731408012,0
                103.626335918,16.731405528,0
                103.626343672,16.73140255,0
                103.62635075,16.7313988980001,0
                103.626356898,16.7313943070001,0
                103.626361829,16.7313886920001,0
                103.626365862,16.7313821700001,0
                103.626369235,16.7313749850001,0
                103.626372132,16.7313673210001,0
                103.626374689,16.7313593170001,0
                103.626377011,16.731351074,0
                103.626379166,16.7313426690001,0
                103.626383191,16.7313255720001,0
                103.626398333,16.7312562760001,0
                103.626404273,16.731230499,0
                103.626408689,16.731213672,0
                103.626411185,16.731205485,0
                103.626413987,16.731197534,0
                103.626417223,16.731189924,0
                103.62642105,16.7311827840001,0
                103.626425687,16.7311762790001,0
                103.626430992,16.7311708510001,0
                103.62643703,16.731166005,0
                103.626443628,16.7311616100001,0
                103.626450635,16.7311575590001,0
                103.626457949,16.73115377,0
                103.626465487,16.731150202,0
                103.626473194,16.73114682,0
                103.626481032,16.731143624,0
                103.626488982,16.731140624,0
                103.626497031,16.731137856,0
                103.626505195,16.7311353740001,0
                103.626513591,16.7311331970001,0
                103.626522072,16.731131303,0
                103.626539214,16.731128088,0
                103.626565131,16.731124112,0
                103.626582464,16.7311218470001,0
                103.626601064,16.7311197490001,0
                103.626721928,16.7311078130001,0
                103.626749759,16.7311048440001,0
                103.626768222,16.731102654,0
                103.626814147,16.73109657,0
                103.626988511,16.7310724340001,0
                103.627016081,16.7310689220001,0
                103.627034481,16.7310668810001,0
                103.627080568,16.7310626510001,0
                103.627145163,16.731057148,0
                103.627172845,16.7310549490001,0
                103.627191289,16.7310537820001,0
                103.6272005,16.7310533900001,0
                103.627209701,16.731053193,0
                103.627218891,16.731053275,0
                103.62722562,16.7310535610001,0
                103.627232335,16.7310540600001,0
                103.627240843,16.731054995,0
                103.62724933,16.731056202,0
                103.627266247,16.731059176,0
                103.62728311,16.7310626240001,0
                103.62729992,16.731066389,0
                103.627316648,16.7310704760001,0
                103.627333234,16.7310750300001,0
                103.627342066,16.731077753,0
                103.627359573,16.73108367,0
                103.62736827,16.731086793,0
                103.627385563,16.7310933100001,0
                103.627402696,16.7311002000001,0
                103.627411242,16.7311038440001,0
                103.627428213,16.731111406,0
                103.627445101,16.7311191580001,0
                103.627571314,16.731178158,0
                103.627596502,16.7311900560001,0
                103.62761322,16.7311981280001,0
                103.627629816,16.7312064270001,0
                103.627646292,16.731214955,0
                103.6277037,16.7312453540001,0
                103.627720181,16.731253918,0
                103.627736814,16.7312621900001,0
                103.627744934,16.7312660150001,0
                103.627761325,16.73127335,0
                103.627777889,16.731280312,0
                103.62778624,16.7312836180001,0
                103.627794642,16.7312867640001,0
                103.627803115,16.731289702,0
                103.62780979,16.7312918060001,0
                103.627816516,16.731293738,0
                103.62782329,16.731295474,0
                103.627830114,16.7312970020001,0
                103.627838911,16.7312986210001,0
                103.627847769,16.7312999280001,0
                103.627856664,16.731300977,0
                103.627865586,16.731301795,0
                103.627874516,16.731302392,0
                103.627883431,16.731302747,0
                103.627892325,16.7313028080001,0
                103.627901173,16.7313025010001,0
                103.627909958,16.7313017000001,0
                103.627918061,16.731300418,0
                103.627926084,16.731298688,0
                103.627934023,16.731296576,0
                103.627941874,16.7312941280001,0
                103.627949614,16.731291357,0
                103.627957225,16.731288261,0
                103.627964668,16.7312848030001,0
                103.627972256,16.7312807660001,0
                103.627979687,16.731276402,0
                103.627995669,16.7312662530001,0
                103.62803162,16.731245428,0
                103.628031906,16.731245286,0
                103.628040122,16.731241658,0
                103.628048474,16.7312382750001,0
                103.628056925,16.7312350830001,0
                103.628074037,16.7312291320001,0
                103.628091369,16.7312237030001,0
                103.628100103,16.731221222,0
                103.628108898,16.7312189460001,0
                103.628117677,16.7312169460001,0
                103.628126508,16.731215166,0
                103.628135362,16.7312135830001,0
                103.628144235,16.7312121850001,0
                103.628153113,16.7312109980001,0
                103.628161988,16.731210064,0
                103.628170837,16.731209446,0
                103.628179651,16.731209257,0
                103.628188417,16.7312096370001,0
                103.628197158,16.7312107170001,0
                103.628205825,16.7312124060001,0
                103.628214415,16.731214589,0
                103.628222916,16.731217197,0
                103.628231311,16.731220213,0
                103.628239646,16.731223641,0
                103.628247885,16.731227373,0
                103.628264157,16.7312354100001,0
                103.628280276,16.7312438600001,0
                103.628320255,16.7312656120001,0
                103.628336095,16.7312745290001,0
                103.628351398,16.7312835110001,0
                103.628373494,16.7312971590001,0
                103.628395323,16.7313111610001,0
                103.628409686,16.731320732,0
                103.628423763,16.731330644,0
                103.628430629,16.731335808,0
                103.628437731,16.731341463,0
                103.628444692,16.731347289,0
                103.628458347,16.73135926,0
                103.628471796,16.7313714800001,0
                103.628658322,16.7315445940001,0
                103.628738091,16.7316191240001,0
                103.628751505,16.731631394,0
                103.628765158,16.731643316,0
                103.628772145,16.7316490370001,0
                103.628779303,16.731654502,0
                103.628786701,16.7316596090001,0
                103.628791065,16.7316623190001,0
                103.628798746,16.7316665820001,0
                103.628806666,16.7316704570001,0
                103.62881477,16.7316740250001,0
                103.628823014,16.7316773470001,0
                103.628831373,16.731680436,0
                103.62883983,16.731683302,0
                103.628848383,16.7316859220001,0
                103.628856633,16.731688176,0
                103.628864949,16.7316902110001,0
                103.628881743,16.7316937420001,0
                103.6288902,16.7316952470001,0
                103.628899075,16.7316966340001,0
                103.628916912,16.731699001,0
                103.628934803,16.731701033,0
                103.628961671,16.731703689,0
                103.628979585,16.731705107,0
                103.628988541,16.7317056270001,0
                103.628997493,16.7317059540001,0
                103.629006444,16.7317060230001,0
                103.629015522,16.7317057650001,0
                103.629024598,16.731705232,0
                103.629033674,16.731704501,0
                103.629051798,16.731702624,0
                103.629069879,16.7317003520001,0
                103.629078885,16.7316990730001,0
                103.629096782,16.7316961240001,0
                103.629105632,16.7316943610001,0
                103.629114386,16.7316923120001,0
                103.629123004,16.7316898730001,0
                103.629130042,16.731687466,0
                103.629138275,16.731684162,0
                103.629146368,16.7316804820001,0
                103.629154365,16.731676543,0
                103.629170185,16.731668192,0
                103.629201777,16.731651088,0
                103.629209248,16.7316472470001,0
                103.629224332,16.731639827,0
                103.629239574,16.7316327230001,0
                103.62925498,16.7316260170001,0
                103.629262763,16.7316228720001,0
                103.62927062,16.731619923,0
                103.629277974,16.7316174050001,0
                103.629285398,16.7316150880001,0
                103.629292882,16.731612964,0
                103.629300423,16.7316110410001,0
                103.629308705,16.7316091870001,0
                103.629317038,16.7316075300001,0
                103.629333814,16.731604674,0
                103.629350681,16.731602308,0
                103.629367604,16.731600472,0
                103.629376083,16.731599826,0
                103.629384578,16.7315994320001,0
                103.629393351,16.7315993340001,0
                103.62940214,16.731599493,0
                103.629410938,16.7315998450001,0
                103.629428549,16.731600928,0
                103.629454976,16.731603165,0
                103.629472555,16.7316050420001,0
                103.629481311,16.7316061660001,0
                103.629490024,16.7316074670001,0
                103.629498678,16.7316090210001,0
                103.629507247,16.7316109110001,0
                103.629516006,16.731613306,0
                103.629524661,16.7316160730001,0
                103.62953323,16.731619117,0
                103.629541711,16.73162238,0
                103.629550097,16.731625824,0
                103.629558352,16.7316294340001,0
                103.629566438,16.7316332280001,0
                103.629574277,16.73163723,0
                103.629581776,16.7316415060001,0
                103.629588783,16.7316461450001,0
                103.629595111,16.731651281,0
                103.629600514,16.731657092,0
                103.629604556,16.731663316,0
                103.629607748,16.7316701450001,0
                103.629610277,16.7316774130001,0
                103.629612299,16.7316850120001,0
                103.629613906,16.731692837,0
                103.629615161,16.731700819,0
                103.629616082,16.731708903,0
                103.629616653,16.731717044,0
                103.629616832,16.7317252080001,0
                103.629616514,16.731733364,0
                103.629615989,16.7317387360001,0
                103.629615197,16.731744086,0
                103.62961338,16.731752709,0
                103.629611038,16.7317612580001,0
                103.629608315,16.731769748,0
                103.62960531,16.731778182,0
                103.629602084,16.731786566,0
                103.629595104,16.731803175,0
                103.629591364,16.7318113860001,0
                103.629587409,16.7318195980001,0
                103.62957912,16.7318358580001,0
                103.629548797,16.7318922650001,0
                103.629540311,16.7319084760001,0
                103.629536233,16.7319166400001,0
                103.629532343,16.7319248640001,0
                103.629528731,16.731933167,0
                103.629525515,16.7319415690001,0
                103.629522985,16.731949505,0
                103.629520929,16.73195752,0
                103.629519374,16.731965583,0
                103.629518395,16.7319736600001,0
                103.629518123,16.7319817160001,0
                103.629518579,16.7319887780001,0
                103.629519674,16.731995758,0
                103.629521402,16.732002607,0
                103.629524329,16.7320106550001,0
                103.629528011,16.7320184330001,0
                103.629532309,16.7320259090001,0
                103.629537144,16.7320330220001,0
                103.629542502,16.732039667,0
                103.62954843,16.7320456910001,0
                103.62955503,16.732050889,0
                103.629561496,16.7320546340001,0
                103.629568461,16.7320577090001,0
                103.629575797,16.732060253,0
                103.629583403,16.732062381,0
                103.629591212,16.732064171,0
                103.629599172,16.7320656650001,0
                103.629607238,16.7320668850001,0
                103.629614852,16.7320677820001,0
                103.629622522,16.7320684800001,0
                103.629637938,16.732069337,0
                103.629645669,16.732069493,0
                103.629654692,16.7320694430001,0
                103.629663709,16.7320691910001,0
                103.62968173,16.7320682810001,0
                103.629699685,16.732066994,0
                103.629717533,16.7320653090001,0
                103.629726386,16.732064254,0
                103.629735177,16.732062983,0
                103.629743878,16.7320614170001,0
                103.629752452,16.7320594490001,0
                103.629757855,16.732057926,0
                103.629763188,16.7320561920001,0
                103.629771111,16.7320532200001,0
                103.629778908,16.7320498940001,0
                103.62978661,16.7320463080001,0
                103.629794232,16.7320425180001,0
                103.629809278,16.732034476,0
                103.629824035,16.7320259140001,0
                103.629837622,16.732017306,0
                103.629844272,16.732012802,0
                103.629850802,16.732008148,0
                103.629857187,16.7320033120001,0
                103.629864275,16.7319975500001,0
                103.62987119,16.731991576,0
                103.629884705,16.7319792230001,0
                103.629918026,16.7319475580001,0
                103.629931704,16.731935197,0
                103.629938328,16.73192959,0
                103.629945102,16.731924169,0
                103.629952049,16.731918982,0
                103.629959205,16.7319140980001,0
                103.629966894,16.7319094170001,0
                103.629974794,16.731905124,0
                103.629982862,16.731901206,0
                103.629991062,16.731897696,0
                103.629999362,16.731894674,0
                103.630007743,16.731892268,0
                103.630016176,16.7318906720001,0
                103.630024249,16.7318900670001,0
                103.630032258,16.731890279,0
                103.630040098,16.7318912170001,0
                103.63004764,16.731892841,0
                103.630054728,16.7318951930001,0
                103.630061171,16.7318983650001,0
                103.630066712,16.731902532,0
                103.630071066,16.7319076850001,0
                103.630074533,16.731913724,0
                103.63007732,16.7319204140001,0
                103.630079579,16.7319275840001,0
                103.630081412,16.7319350970001,0
                103.630082896,16.7319428490001,0
                103.630084046,16.7319507600001,0
                103.630084876,16.731958779,0
                103.630085343,16.7319668550001,0
                103.630085385,16.731974963,0
                103.63008491,16.7319833620001,0
                103.630083939,16.7319917410001,0
                103.630082503,16.7320000670001,0
                103.630080698,16.73200804,0
                103.630078574,16.732015958,0
                103.63007623,16.7320238410001,0
                103.630066048,16.7320552250001,0
                103.630061444,16.7320704690001,0
                103.630057579,16.7320853140001,0
                103.630055907,16.732092784,0
                103.630054452,16.732100286,0
                103.630053145,16.732108532,0
                103.630052101,16.732116809,0
                103.630051282,16.732125108,0
                103.630050674,16.73213342,0
                103.630050281,16.7321417270001,0
                103.630050135,16.7321500150001,0
                103.630050293,16.732158274,0
                103.630050837,16.73216647,0
                103.630051885,16.7321745730001,0
                103.630053513,16.7321823120001,0
                103.630055946,16.73219047,0
                103.630058965,16.732198453,0
                103.630062442,16.732206263,0
                103.630066317,16.732213879,0
                103.630070542,16.732221248,0
                103.630075133,16.732228299,0
                103.63008013,16.7322349070001,0
                103.630085627,16.7322409270001,0
                103.63009175,16.7322461360001,0
                103.63009828,16.732250172,0
                103.630105366,16.732253411,0
                103.630112852,16.7322559790001,0
                103.630120627,16.7322579460001,0
                103.630128599,16.732259335,0
                103.630136692,16.7322601130001,0
                103.630144857,16.732260196,0
                103.63014978,16.7322598690001,0
                103.630154695,16.7322592580001,0
                103.630163397,16.732257571,0
                103.630172057,16.7322552850001,0
                103.630180683,16.732252562,0
                103.630189273,16.732249543,0
                103.630206384,16.732242947,0
                103.630266003,16.732218389,0
                103.630283154,16.732211702,0
                103.630291798,16.732208551,0
                103.630307901,16.73220324,0
                103.630316015,16.7322008310001,0
                103.630324158,16.7321986200001,0
                103.630332333,16.732196647,0
                103.630340526,16.73219498,0
                103.630348738,16.7321937040001,0
                103.630356055,16.73219299,0
                103.630363355,16.7321926770001,0
                103.630370598,16.73219278,0
                103.63037775,16.732193341,0
                103.630384939,16.7321944330001,0
                103.630391939,16.7321960560001,0
                103.630398694,16.732198216,0
                103.630405127,16.732200961,0
                103.630411146,16.7322043780001,0
                103.630417189,16.7322089790001,0
                103.630422712,16.732214314,0
                103.630427813,16.7322202120001,0
                103.630432556,16.7322265510001,0
                103.630437431,16.732233938,0
                103.630442023,16.732241624,0
                103.63044642,16.732249503,0
                103.630450679,16.7322575160001,0
                103.630458963,16.732273747,0
                103.630491383,16.7323390080001,0
                103.630511824,16.7323795080001,0
                103.630524452,16.732403592,0
                103.630533311,16.7324194170001,0
                103.630537661,16.7324267160001,0
                103.630546678,16.7324411450001,0
                103.630560668,16.7324625430001,0
                103.630574069,16.732482206,0
                103.630598552,16.7325136640001,0
                103.630619584,16.7325374820001,0
                103.630637692,16.7325539020001,0
                103.630638996,16.7325546160001,0
                103.630658348,16.7325627000001,0
                103.630707085,16.7325672850001,0
                103.630752757,16.7325747190001,0
                103.630791409,16.7325810080001,0
                103.630821878,16.7325853410001,0
                103.630868315,16.7325980900001,0
                103.630874397,16.732600441,0
                103.630888638,16.732607865,0
                103.630900046,16.732617287,0
                103.630912005,16.7326322530001,0
                103.630959476,16.7327180780001,0
                103.630987904,16.7327694690001,0
                103.630991192,16.7327758540001,0
                103.631002733,16.732799259,0
                103.63101007,16.732814983,0
                103.63101355,16.73282291,0
                103.63101684,16.7328309000001,0
                103.631019861,16.7328389730001,0
                103.631022137,16.7328458320001,0
                103.631024152,16.732852769,0
                103.631026192,16.7328610710001,0
                103.631027943,16.7328694600001,0
                103.631030847,16.7328864200001,0
                103.631036897,16.7329291730001,0
                103.631039668,16.732946059,0
                103.631041351,16.7329543330001,0
                103.631043347,16.732962415,0
                103.631045786,16.7329702260001,0
                103.631048843,16.732977653,0
                103.631052724,16.7329845530001,0
                103.631057772,16.732990957,0
                103.631063695,16.7329967690001,0
                103.631070265,16.733002089,0
                103.631077316,16.733006984,0
                103.631084727,16.733011451,0
                103.631092402,16.733015461,0
                103.631100288,16.733018917,0
                103.631108359,16.7330216610001,0
                103.631116593,16.733023464,0
                103.63111983,16.733023846,0
                103.631128213,16.733024023,0
                103.631136641,16.7330232030001,0
                103.631145031,16.733021567,0
                103.631153305,16.7330192090001,0
                103.63116138,16.7330161470001,0
                103.631169152,16.733012348,0
                103.631176318,16.733007909,0
                103.631183181,16.733002883,0
                103.631189818,16.732997428,0
                103.631196288,16.732991671,0
                103.631208897,16.732979573,0
                103.631246046,16.732941957,0
                103.631258764,16.7329297630001,0
                103.631265312,16.7329239040001,0
                103.631272052,16.732918285,0
                103.631278391,16.7329134460001,0
                103.631284904,16.732908878,0
                103.631291574,16.73290459,0
                103.631298382,16.7329006150001,0
                103.631305321,16.73289701,0
                103.631312398,16.732893876,0
                103.631319615,16.732891339,0
                103.631327269,16.732889458,0
                103.631334993,16.73288832,0
                103.631342692,16.7328879040001,0
                103.631350264,16.732888234,0
                103.631357581,16.7328894130001,0
                103.631364953,16.7328917040001,0
                103.631371754,16.7328949860001,0
                103.631377821,16.7328992120001,0
                103.631382919,16.7329044030001,0
                103.631387021,16.732910933,0
                103.631390058,16.7329183200001,0
                103.631392277,16.7329263290001,0
                103.631393861,16.7329347680001,0
                103.631394929,16.732943511,0
                103.631395505,16.732951287,0
                103.63139585,16.732959163,0
                103.631396716,16.732991052,0
                103.631397212,16.732998987,0
                103.631398014,16.7330071870001,0
                103.631399104,16.733015294,0
                103.631400471,16.733023277,0
                103.631402129,16.733031092,0
                103.631404118,16.7330386740001,0
                103.631406502,16.7330459500001,0
                103.631409395,16.7330527990001,0
                103.631412934,16.733059075,0
                103.631417315,16.7330645970001,0
                103.631423251,16.733069603,0
                103.631430152,16.7330737070001,0
                103.631437752,16.733077129,0
                103.631445864,16.733080025,0
                103.631454325,16.733082499,0
                103.631463039,16.7330845930001,0
                103.631471918,16.7330863180001,0
                103.631480912,16.733087626,0
                103.631489979,16.733088432,0
                103.6314962,16.7330886300001,0
                103.631502433,16.7330885260001,0
                103.631510428,16.7330879410001,0
                103.631518398,16.733086932,0
                103.631526341,16.733085573,0
                103.631534239,16.733083917,0
                103.631542084,16.7330819910001,0
                103.631549862,16.7330797970001,0
                103.631557548,16.733077317,0
                103.631565681,16.733074335,0
                103.631573724,16.733071098,0
                103.631605565,16.733057337,0
                103.631613579,16.7330540740001,0
                103.631621663,16.7330510350001,0
                103.631629738,16.7330483380001,0
                103.631637888,16.7330458970001,0
                103.631646105,16.733043679,0
                103.631654369,16.733041654,0
                103.631662669,16.7330398130001,0
                103.631670994,16.73303817,0
                103.631679338,16.733036757,0
                103.631687702,16.733035613,0
                103.631696075,16.733034821,0
              </coordinates>
                
            </LinearRing>
            
          </outerBoundaryIs>
        
        </Polygon>
        
      <styleUrl>
        #tambonStyle</styleUrl>
    </Placemark>

  </Document>
</kml>