<?xml version="1.0" encoding="UTF-8"?>
<kml xmlns="http://www.opengis.net/kml/2.2">
  <Document id="amphoe_doc">
    <name>วังชิ้น, Phrae</name>
    <description>ข้อมูลขอบเขตอำเภอวังชิ้น จังหวัดPhrae</description>
    
    <!-- Schema สำหรับข้อมูลอำเภอ -->
    <Schema id="amphoe.schema">
      <SimpleField name="ADM2_EN" type="string">
        <displayName>District Name (English)</displayName>
      </SimpleField>
      <SimpleField name="ADM2_TH" type="string">
        <displayName>ชื่ออำเภอ</displayName>
      </SimpleField>
      <SimpleField name="ADM1_EN" type="string">
        <displayName>Province Name (English)</displayName>
      </SimpleField>
      <SimpleField name="ADM1_TH" type="string">
        <displayName>ชื่อจังหวัด</displayName>
      </SimpleField>
      <SimpleField name="ADM0_EN" type="string">
        <displayName>Country Name (English)</displayName>
      </SimpleField>
      <SimpleField name="ADM0_TH" type="string">
        <displayName>ชื่อประเทศ</displayName>
      </SimpleField>
      <SimpleField name="AREA_KM2" type="double">
        <displayName>พื้นที่ (ตร.กม.)</displayName>
      </SimpleField>
      <SimpleField name="Shape_Area" type="double">
        <displayName>Shape Area</displayName>
      </SimpleField>
      <SimpleField name="Shape_Leng" type="double">
        <displayName>Shape Length</displayName>
      </SimpleField>
    </Schema>

    <!-- Style สำหรับอำเภอ -->
    <Style id="amphoeStyle">
      <LineStyle>
        <color>ff0000ff</color>
        <width>2</width>
      </LineStyle>
      <PolyStyle>
        <color>330000ff</color>
        <fill>1</fill>
        <outline>1</outline>
      </PolyStyle>
    </Style>

    <Placemark id="Phrae.7">
        
        <ExtendedData>
            
          <SchemaData schemaUrl="#amphoe.schema">
                
            <SimpleData name="Shape_Leng">
                2.26411504249</SimpleData>
                
            <SimpleData name="Shape_Area">
                0.0844298663551</SimpleData>
                
            <SimpleData name="ADM2_EN">
                Wang Chin</SimpleData>
                
            <SimpleData name="ADM2_TH">
                วังชิ้น</SimpleData>
                
            <SimpleData name="ADM2_PCODE">
                TH5407</SimpleData>
                
            <SimpleData name="ADM1_EN">
                Phrae</SimpleData>
                
            <SimpleData name="ADM1_TH">
                แพร่</SimpleData>
                
            <SimpleData name="ADM1_PCODE">
                TH54</SimpleData>
                
            <SimpleData name="ADM0_EN">
                Thailand</SimpleData>
                
            <SimpleData name="ADM0_TH">
                ประเทศไทย</SimpleData>
                
            <SimpleData name="ADM0_PCODE">
                TH</SimpleData>
            
          </SchemaData>
        
        </ExtendedData>
        
        <Polygon>
            
          <outerBoundaryIs>
                
            <LinearRing>
                    
              <coordinates>
                    
                99.641845737,18.05562888,0
                99.642399729,18.0554824290001,0
                99.642532239,18.0554889470001,0
                99.642915944,18.055507827,0
                99.643948563,18.0557653550001,0
                99.644597252,18.0558377570001,0
                99.6450659720001,18.0557932630001,0
                99.6458481340001,18.0557047890001,0
                99.6464373300001,18.055662146,0
                99.646905427,18.055767916,0
                99.6476845870001,18.0561505650001,0
                99.6490633290001,18.056743575,0
                99.6495797620001,18.056826582,0
                99.6498082290001,18.0568171640001,0
                99.65009123,18.0567403420001,0
                99.650306083,18.0566203930001,0
                99.6505092840001,18.0564137710001,0
                99.6505878070001,18.056196727,0
                99.650632015,18.0558930930001,0
                99.6506534810001,18.055567856,0
                99.650606839,18.055210329,0
                99.650616615,18.054787585,0
                99.6505244090001,18.0543651780001,0
                99.6505336710001,18.0538015280001,0
                99.650577479,18.053389505,0
                99.6506781410001,18.0530314820001,0
                99.6507902530001,18.052705942,0
                99.6509700290001,18.052293461,0
                99.6513650530001,18.0518694130001,0
                99.6518508390001,18.051477576,0
                99.6522801300001,18.051129286,0
                99.652766075,18.0507808030001,0
                99.6532071330001,18.050551698,0
                99.6536365790001,18.0502467590001,0
                99.653816669,18.0499209820001,0
                99.6539855460001,18.049627764,0
                99.6540969710001,18.0491179590001,0
                99.6542422240001,18.0485646880001,0
                99.6543871160001,18.0479138700001,0
                99.654600271,18.047338688,0
                99.654915477,18.04678484,0
                99.6552427780001,18.046436885,0
                99.6556938680001,18.0458608980001,0
                99.656043545,18.0454369990001,0
                99.6563931760001,18.0450022590001,0
                99.6568105920001,18.0445130900001,0
                99.6571711490001,18.043969926,0
                99.657633558,18.043393892,0
                99.6580169320001,18.042894001,0
                99.658321313,18.042481089,0
                99.6587050910001,18.0420895870001,0
                99.6589416130001,18.0417094210001,0
                99.6591895830001,18.041361732,0
                99.6594603710001,18.0410573230001,0
                99.6597772160001,18.040947854,0
                99.6601057440001,18.0409358900001,0
                99.6604573830001,18.0410430800001,0
                99.6611951360001,18.0413874010001,0
                99.6616446150001,18.041542769,0
                99.6617850740001,18.0415913210001,0
                99.662215985,18.041687398,0
                99.6628193120001,18.0418709790001,0
                99.6645496560001,18.0419249080001,0
                99.6664494340001,18.0418065330001,0
                99.6679883630001,18.0416758100001,0
                99.6688256990001,18.041677436,0
                99.668534788,18.0401904070001,0
                99.6685852560001,18.0399109300001,0
                99.6688400780001,18.039170708,0
                99.6690438080001,18.038545675,0
                99.6690588100001,18.0379705780001,0
                99.669056326,18.037313399,0
                99.6692417610001,18.036392693,0
                99.6695123170001,18.0352745320001,0
                99.6695774710001,18.0343378110001,0
                99.6696005760001,18.0339871150001,0
                99.6696773610001,18.0337300370001,0
                99.6699000460001,18.033350908,0
                99.6703616190001,18.032790694,0
                99.6707208340001,18.0324115660001,0
                99.670923739,18.0323211190001,0
                99.6709793480001,18.0323209270001,0
                99.6711780730001,18.032284116,0
                99.6714504500001,18.0321683330001,0
                99.6715240240001,18.0321028860001,0
                99.671718674,18.031852708,0
                99.6720784880001,18.031505972,0
                99.6723918220001,18.031324634,0
                99.6729719020001,18.031097302,0
                99.6740376810001,18.0305978960001,0
                99.674632773,18.03019025,0
                99.6755259510001,18.0297214820001,0
                99.676104932,18.0292087440001,0
                99.6764802000001,18.028801861,0
                99.6766048900001,18.02856109,0
                99.6771207730001,18.027973462,0
                99.6778566410001,18.0274301310001,0
                99.6787497930001,18.026961344,0
                99.6791414420001,18.0267346540001,0
                99.68135118,18.0256754120001,0
                99.6819459480001,18.0251926450001,0
                99.6823521370001,18.024665478,0
                99.682538977,18.024259247,0
                99.682553753,18.024018858,0
                99.682645752,18.0234477340001,0
                99.6830355380001,18.0227403710001,0
                99.6833598490001,18.022230854,0
                99.683667869,18.021950942,0
                99.6839236210001,18.021857094,0
                99.6843739500001,18.021838603,0
                99.6847006460001,18.02182055,0
                99.684956297,18.0217013560001,0
                99.6850879140001,18.021481205,0
                99.6851932050001,18.0213033950001,0
                99.685227388,18.0210075480001,0
                99.6852258520001,18.020610434,0
                99.6854274030001,18.0202041530001,0
                99.6858048870001,18.019619811,0
                99.6864199660001,18.018814944,0
                99.687061397,18.017976183,0
                99.6875539060001,18.017450572,0
                99.6876585360001,18.0171037760001,0
                99.6876742950001,18.0166136620001,0
                99.6876795210001,18.015684215,0
                99.687724239,18.0151788580001,0
                99.687726157,18.015157016,0
                99.687729129,18.0151253700001,0
                99.687732086,18.0150937270001,0
                99.6877350610001,18.015062083,0
                99.6877380180001,18.01503044,0
                99.687740993,18.014998797,0
                99.6877439510001,18.0149671510001,0
                99.6877469300001,18.0149355080001,0
                99.68774892,18.014914026,0
                99.6877444530001,18.01488241,0
                99.687739965,18.0148507910001,0
                99.6877354980001,18.014819174,0
                99.6877310150001,18.014787557,0
                99.6877265240001,18.0147559390001,0
                99.6877241920001,18.01473939,0
                99.687712493,18.0147077990001,0
                99.6877008040001,18.0146762050001,0
                99.6876940070001,18.014657824,0
                99.6876891190001,18.0146446140001,0
                99.6876774150001,18.014613022,0
                99.6876708290001,18.0145951870001,0
                99.6876649810001,18.014563574,0
                99.6876591330001,18.014531961,0
                99.687653287,18.01450035,0
                99.6876503140001,18.0144842720001,0
                99.6876618850001,18.0144525970001,0
                99.6876734580001,18.014420923,0
                99.687684936,18.014389538,0
                99.6877159490001,18.014357794,0
                99.6877469830001,18.0143260520001,0
                99.6877779960001,18.0142943060001,0
                99.6878090230001,18.014262564,0
                99.6878453040001,18.014225432,0
                99.6878750320001,18.014193694,0
                99.687904759,18.0141619550001,0
                99.6879344870001,18.0141302160001,0
                99.687964214,18.0140984770001,0
                99.6879995670001,18.014060736,0
                99.6880190540001,18.0140290320001,0
                99.6880385430001,18.0139973300001,0
                99.688058029,18.0139656270001,0
                99.6880775180001,18.0139339250001,0
                99.6880970060001,18.0139022230001,0
                99.6881110670001,18.0138793420001,0
                99.688122337,18.013847669,0
                99.6881336050001,18.0138159950001,0
                99.6881448940001,18.013784323,0
                99.6881561630001,18.013752647,0
                99.6881624430001,18.013735003,0
                99.6881617160001,18.01370337,0
                99.6881609700001,18.0136717400001,0
                99.6881602220001,18.01364011,0
                99.6881594960001,18.013608479,0
                99.6881588410001,18.013580753,0
                99.6881485160001,18.0135491550001,0
                99.6881381910001,18.013517559,0
                99.6881278650001,18.0134859620001,0
                99.688117542,18.0134543660001,0
                99.6881072350001,18.01342277,0
                99.688096912,18.013391171,0
                99.6880865860001,18.013359576,0
                99.688076262,18.0133279790001,0
                99.688065936,18.0132963820001,0
                99.6880556130001,18.013264786,0
                99.6880452870001,18.0132331900001,0
                99.6880375640001,18.0132095010001,0
                99.6880325280001,18.0131778860001,0
                99.688027516,18.01314627,0
                99.6880224960001,18.0131146530001,0
                99.6880174610001,18.013083039,0
                99.6880124450001,18.013051423,0
                99.6880074330001,18.013019808,0
                99.6880023960001,18.0129881930001,0
                99.6879973790001,18.012956576,0
                99.687992363,18.0129249610001,0
                99.6879873280001,18.0128933460001,0
                99.6879823130001,18.0128617300001,0
                99.687977296,18.012830115,0
                99.6879722610001,18.0127985,0
                99.6879672460001,18.012766883,0
                99.6879622310001,18.012735268,0
                99.6879571950001,18.0127036530001,0
                99.687952178,18.0126720370001,0
                99.6879476860001,18.0126437820001,0
                99.6879379280001,18.012612183,0
                99.6879281710001,18.012580585,0
                99.6879184320001,18.012548985,0
                99.6879086740001,18.0125173870001,0
                99.6878989160001,18.012485788,0
                99.6878891590001,18.01245419,0
                99.6878794040001,18.0124225920001,0
                99.6878696410001,18.0123909920001,0
                99.687859904,18.0123593930001,0
                99.687850149,18.012327795,0
                99.6878403870001,18.012296196,0
                99.6878334420001,18.012273717,0
                99.6878250440001,18.012242112,0
                99.687816647,18.0122105080001,0
                99.6878082490001,18.012178906,0
                99.687799871,18.0121473020001,0
                99.6877914740001,18.0121156980001,0
                99.6877830760001,18.012084096,0
                99.6877746790001,18.0120524910001,0
                99.687764938,18.0120159040001,0
                99.687761284,18.0119842830001,0
                99.6877576080001,18.011952663,0
                99.6877539540001,18.0119210440001,0
                99.6877502980001,18.011889421,0
                99.6877466230001,18.0118578020001,0
                99.6877429680001,18.011826182,0
                99.687739293,18.011794561,0
                99.687735638,18.0117629420001,0
                99.687731963,18.01173132,0
                99.687728308,18.0116996990001,0
                99.6877246330001,18.01166808,0
                99.6877209770001,18.01163646,0
                99.6877176550001,18.011607785,0
                99.6877174560001,18.011576151,0
                99.6877172390001,18.0115445180001,0
                99.687717041,18.011512887,0
                99.687716842,18.011481254,0
                99.687716648,18.0114496210001,0
                99.6877164270001,18.01141799,0
                99.6877162280001,18.0113863550001,0
                99.687716031,18.0113547240001,0
                99.6877158500001,18.0113276280001,0
                99.6877250790001,18.0112959630001,0
                99.687734289,18.011264295,0
                99.6877435170001,18.0112326300001,0
                99.687749764,18.011211223,0
                99.6877706690001,18.011179516,0
                99.6877915920001,18.011147809,0
                99.687812518,18.011116101,0
                99.6878334420001,18.011084392,0
                99.6878564840001,18.0110494250001,0
                99.6878894440001,18.011023476,0
                99.6879224050001,18.0109975280001,0
                99.6879553670001,18.010971581,0
                99.6880017940001,18.010935047,0
                99.6880347960001,18.010918406,0
                99.6880677890001,18.0109017510001,0
                99.6881007860001,18.0108851100001,0
                99.6881337840001,18.010868472,0
                99.6881667810001,18.010851814,0
                99.6881997820001,18.0108351760001,0
                99.6882327760001,18.0108185180001,0
                99.6882657720001,18.01080188,0
                99.6882987690001,18.010785222,0
                99.6883317670001,18.0107685840001,0
                99.688364763,18.010751945,0
                99.688387074,18.0107406770001,0
                99.6884200710001,18.010725086,0
                99.6884530720001,18.010709478,0
                99.688486073,18.0106938870001,0
                99.688519075,18.0106782780001,0
                99.688552079,18.01066267,0
                99.6885850780001,18.0106470800001,0
                99.688618078,18.0106314720001,0
                99.6886510790001,18.010615881,0
                99.6886840800001,18.010600272,0
                99.688717081,18.0105846810001,0
                99.6887500860001,18.0105690720001,0
                99.688798359,18.0105462510001,0
                99.688831378,18.010535324,0
                99.688864397,18.0105244150001,0
                99.688897416,18.0105134880001,0
                99.6889304370001,18.0105025610001,0
                99.6889634550001,18.010491653,0
                99.6889892470001,18.0104831190001,0
                99.6890222660001,18.01047098,0
                99.6890552780001,18.0104588620001,0
                99.6890882920001,18.010446723,0
                99.6891213060001,18.010434603,0
                99.689154321,18.0104224830001,0
                99.6891873340001,18.010410344,0
                99.689204728,18.0104039560001,0
                99.6892377,18.0103796710001,0
                99.689270665,18.010355367,0
                99.6892964350001,18.0103363860001,0
                99.689306231,18.010304718,0
                99.6893160270001,18.01027305,0
                99.68932584,18.0102413820001,0
                99.689337165,18.010204774,0
                99.6893406510001,18.010173126,0
                99.6893441550001,18.0101414810001,0
                99.6893476590001,18.010109835,0
                99.6893511440001,18.0100781900001,0
                99.6893546480001,18.010046544,0
                99.6893581340001,18.0100148990001,0
                99.689363245,18.0099687310001,0
                99.689367051,18.009937085,0
                99.689370877,18.009905438,0
                99.689374683,18.0098737910001,0
                99.689378489,18.0098421450001,0
                99.689382315,18.009810498,0
                99.689386121,18.009778849,0
                99.6893899470001,18.0097472030001,0
                99.689393753,18.0097155560001,0
                99.6893975790001,18.009683909,0
                99.6894013850001,18.0096522630001,0
                99.6894059790001,18.0096141240001,0
                99.6894075750001,18.0095824850001,0
                99.6894091730001,18.009550844,0
                99.6894107530001,18.009519206,0
                99.689412346,18.0094875670001,0
                99.6894139410001,18.009455928,0
                99.689415538,18.00942429,0
                99.6894171330001,18.0093926490001,0
                99.6894187110001,18.0093610110001,0
                99.689420311,18.009329372,0
                99.689421903,18.009297733,0
                99.6894235,18.0092660940001,0
                99.6894250770001,18.0092344560001,0
                99.6894266730001,18.009202815,0
                99.6894282690001,18.009171177,0
                99.689429869,18.0091395380001,0
                99.6894314620001,18.0091078990001,0
                99.6894329690001,18.0090776340001,0
                99.6894305980001,18.009046009,0
                99.689428207,18.0090143840001,0
                99.6894258400001,18.00898276,0
                99.689423446,18.008951134,0
                99.6894210570001,18.0089195100001,0
                99.6894186850001,18.008887885,0
                99.6894162940001,18.0088562600001,0
                99.6894139230001,18.008824636,0
                99.689411534,18.008793009,0
                99.6894091450001,18.0087613850001,0
                99.689407411,18.0087383260001,0
                99.6894023420001,18.0087067110001,0
                99.6893972460001,18.008675097,0
                99.6893921550001,18.00864348,0
                99.6893870630001,18.008611865,0
                99.6893819910001,18.00858025,0
                99.6893768990001,18.0085486350001,0
                99.689371808,18.008517021,0
                99.6893667350001,18.0084854030001,0
                99.6893595920001,18.008440998,0
                99.6893619050001,18.0084093570001,0
                99.6893642380001,18.0083777150001,0
                99.6893665710001,18.008346074,0
                99.689368904,18.0083144330001,0
                99.689371237,18.0082827910001,0
                99.68937357,18.0082511480001,0
                99.6893759040001,18.008219507,0
                99.6893785760001,18.0081831640001,0
                99.6893751650001,18.0081515430001,0
                99.689371737,18.008119922,0
                99.6893683270001,18.008088302,0
                99.6893648980001,18.008056679,0
                99.689361488,18.008025058,0
                99.6893589790001,18.008001877,0
                99.6893480130001,18.007970282,0
                99.6893370640001,18.007938686,0
                99.6893261160001,18.007907093,0
                99.6893151500001,18.007875498,0
                99.689304205,18.007843904,0
                99.689293234,18.0078123100001,0
                99.6892813310001,18.007777972,0
                99.6892611640001,18.0077464080001,0
                99.6892410170001,18.007714848,0
                99.689220849,18.007683286,0
                99.6892006990001,18.007651724,0
                99.6891805320001,18.0076201640001,0
                99.689167475,18.007599729,0
                99.6891353490001,18.00756821,0
                99.6891032220001,18.007536691,0
                99.689071099,18.007505173,0
                99.6890284850001,18.007463369,0
                99.6890091100001,18.007431803,0
                99.6889882360001,18.007397769,0
                99.6889751910001,18.0073661820001,0
                99.6889621270001,18.007334595,0
                99.6889490820001,18.0073030090001,0
                99.688936019,18.0072714200001,0
                99.688922974,18.0072398340001,0
                99.6889086500001,18.0072051610001,0
                99.6888860640001,18.007173607,0
                99.688863499,18.007142054,0
                99.6888409360001,18.0071105010001,0
                99.688812876,18.0070712850001,0
                99.6887884020001,18.007039739,0
                99.688763909,18.007008193,0
                99.6887394340001,18.006976647,0
                99.6887149410001,18.0069450990001,0
                99.6886904670001,18.0069135530001,0
                99.6886659740001,18.006882008,0
                99.6886484110001,18.0068593660001,0
                99.6886312280001,18.006827795,0
                99.6886079560001,18.0067850180001,0
                99.6885935710001,18.0067534360001,0
                99.688579185,18.006721854,0
                99.6885647990001,18.00669027,0
                99.6885504140001,18.0066586890001,0
                99.6885360260001,18.006627107,0
                99.6885216410001,18.006595525,0
                99.6885059590001,18.006561091,0
                99.6884950300001,18.006529497,0
                99.6884841020001,18.006497902,0
                99.6884731910001,18.006466308,0
                99.6884622630001,18.006434712,0
                99.688451333,18.006403118,0
                99.6884404050001,18.006371524,0
                99.688429495,18.006339929,0
                99.6884185660001,18.0063083360001,0
                99.6884076370001,18.006276739,0
                99.6883955810001,18.006241878,0
                99.6883797410001,18.0062103010001,0
                99.6883639000001,18.0061787240001,0
                99.6883480400001,18.006147147,0
                99.688327933,18.006107071,0
                99.6883133410001,18.0060754900001,0
                99.688298747,18.006043908,0
                99.688284153,18.0060123270001,0
                99.68826956,18.0059807440001,0
                99.6882549690001,18.0059491640001,0
                99.6882403720001,18.0059175820001,0
                99.6882309410001,18.0058971340001,0
                99.6882168750001,18.005865552,0
                99.6882028110001,18.005833968,0
                99.688188745,18.005802385,0
                99.6881803790001,18.0057835970001,0
                99.688160194,18.005752036,0
                99.6881400090001,18.005720474,0
                99.6881222370001,18.0056926820001,0
                99.6880803650001,18.0056466460001,0
                99.6880472380001,18.0056288330001,0
                99.6880141030001,18.005611018,0
                99.687985424,18.0055955930001,0
                99.687952281,18.0055748510001,0
                99.6879191400001,18.00555409,0
                99.6879003160001,18.005542317,0
                99.6878671790001,18.0055216640001,0
                99.6878340330001,18.0055010140001,0
                99.687809207,18.0054855560001,0
                99.6877673710001,18.005439284,0
                99.687755139,18.005407694,0
                99.6877429070001,18.0053761230001,0
                99.687738628,18.005344504,0
                99.6877343300001,18.0053128870001,0
                99.6877300510001,18.005281267,0
                99.6877257530001,18.0052496490001,0
                99.687721475,18.0052180320001,0
                99.687716788,18.0051835410001,0
                99.6877210860001,18.0051518930001,0
                99.687725384,18.0051202450001,0
                99.6877292230001,18.0050919600001,0
                99.6877398300001,18.005060287,0
                99.6877504380001,18.0050286160001,0
                99.687765025,18.0049850550001,0
                99.687776576,18.0049533810001,0
                99.6877881130001,18.0049217070001,0
                99.6877996630001,18.004890033,0
                99.6878111950001,18.004858359,0
                99.6878227290001,18.004826683,0
                99.6878370850001,18.0047873180001,0
                99.687841613,18.004755667,0
                99.687846134,18.004724018,0
                99.687849719,18.0046988620001,0
                99.6878487660001,18.0046672330001,0
                99.687847832,18.0046356010001,0
                99.6878468780001,18.004603972,0
                99.687846187,18.0045808900001,0
                99.6878416590001,18.0045492730001,0
                99.6878371350001,18.0045176560001,0
                99.687832611,18.004486039,0
                99.687828068,18.004454422,0
                99.687824688,18.0044307900001,0
                99.6878104730001,18.0043992080001,0
                99.687794389,18.004363491,0
                99.687761213,18.0043337110001,0
                99.6877414780001,18.004315977,0
                99.687708377,18.004305448,0
                99.687675276,18.004294918,0
                99.687642178,18.004284388,0
                99.6876056870001,18.004272787,0
                99.6875726230001,18.0042720000001,0
                99.6875395600001,18.004271213,0
                99.6875064970001,18.004270445,0
                99.6874734360001,18.0042696570001,0
                99.6874297320001,18.004268638,0
                99.6873966530001,18.004263929,0
                99.6873522130001,18.004257598,0
                99.6873090010001,18.0042314140001,0
                99.687292008,18.004199842,0
                99.6872782520001,18.004174275,0
                99.6872698770001,18.0041426720001,0
                99.6872614980001,18.004111068,0
                99.6872531160001,18.0040794650001,0
                99.6872447370001,18.004047862,0
                99.6872398290001,18.0040293330001,0
                99.6872403120001,18.0039976960001,0
                99.6872410020001,18.0039512930001,0
                99.6872520250001,18.003919621,0
                99.6872594970001,18.003898083,0
                99.687285671,18.003866357,0
                99.6873122040001,18.003834215,0
                99.687341915,18.0038024740001,0
                99.6873716380001,18.003770736,0
                99.687398897,18.003741608,0
                99.687408712,18.0037099410001,0
                99.687418527,18.003678273,0
                99.687428024,18.003647582,0
                99.6874263710001,18.0036159540001,0
                99.687424965,18.003589478,0
                99.6874034370001,18.003557921,0
                99.687391657,18.0035406640001,0
                99.687358513,18.003518764,0
                99.687335121,18.003503301,0
                99.6873020580001,18.0035024970001,0
                99.6872689950001,18.003501693,0
                99.687235931,18.003500871,0
                99.687202869,18.003500064,0
                99.6871698080001,18.0034992610001,0
                99.6871481750001,18.0034987400001,0
                99.6871151140001,18.003499726,0
                99.687082058,18.0035007110001,0
                99.687049001,18.003501697,0
                99.687015945,18.0035026800001,0
                99.686982889,18.003503665,0
                99.6869498350001,18.00350465,0
                99.6869167740001,18.0035056360001,0
                99.686883718,18.0035066190001,0
                99.6868416510001,18.0035078720001,0
                99.6868085930001,18.003507465,0
                99.6867755260001,18.00350704,0
                99.6867424650001,18.003506616,0
                99.6867094030001,18.003506209,0
                99.6866800830001,18.003505842,0
                99.6866469940001,18.0034989260001,0
                99.686613907,18.003492013,0
                99.6865887040001,18.0034867520001,0
                99.6865556060001,18.003476891,0
                99.6865225080001,18.003467012,0
                99.686499149,18.0034600440001,0
                99.686466006,18.0034386520001,0
                99.6864447940001,18.0034249710001,0
                99.686419474,18.003393427,0
                99.686387143,18.003353196,0
                99.686373985,18.0033216090001,0
                99.6863608500001,18.003290022,0
                99.6863476890001,18.0032584360001,0
                99.6863345310001,18.003226849,0
                99.6863213930001,18.003195261,0
                99.6863086550001,18.0031646680001,0
                99.6863015040001,18.00313306,0
                99.6862943550001,18.0031014520001,0
                99.686287205,18.003069844,0
                99.686280056,18.0030382350001,0
                99.6862729050001,18.003006627,0
                99.686265754,18.0029750190001,0
                99.686258605,18.002943411,0
                99.686254433,18.00292497,0
                99.6862598280001,18.0028933180001,0
                99.6862652040001,18.0028616660001,0
                99.686270597,18.002830014,0
                99.68627503,18.0028039480001,0
                99.686287946,18.00277227,0
                99.686300874,18.0027405910001,0
                99.686313791,18.0027089120001,0
                99.6863266990001,18.002677234,0
                99.6863396300001,18.002645553,0
                99.6863525430001,18.0026138740001,0
                99.686365456,18.0025821950001,0
                99.6863820400001,18.0025415370001,0
                99.6863921760001,18.0025098680001,0
                99.6864023090001,18.0024781990001,0
                99.6864124430001,18.00244653,0
                99.686419727,18.0024237820001,0
                99.686422737,18.0023921390001,0
                99.6864257730001,18.0023604950001,0
                99.6864287830001,18.002328849,0
                99.6864318140001,18.002297206,0
                99.686434847,18.0022655610001,0
                99.6864378600001,18.0022339170001,0
                99.6864404940001,18.0022063600001,0
                99.686447522,18.002179509,0
                99.686450027,18.002140019,0
                99.6864331250001,18.0020826050001,0
                99.6863826890001,18.001983802,0
                99.686215298,18.001843906,0
                99.6860646100001,18.001707147,0
                99.6858937110001,18.001522562,0
                99.6857796310001,18.0013601260001,0
                99.685725598,18.001194287,0
                99.6857016590001,18.0010443030001,0
                99.685691165,18.0009198180001,0
                99.685701699,18.000860576,0
                99.685708149,18.000842974,0
                99.6857484110001,18.0008084770001,0
                99.6858171490001,18.000783203,0
                99.6859241290001,18.000759347,0
                99.6860548340001,18.000707146,0
                99.6860914370001,18.0006796010001,0
                99.686140471,18.000614898,0
                99.6861901140001,18.0005093550001,0
                99.68622959,18.0003623430001,0
                99.6862783030001,18.0002979170001,0
                99.6862792520001,18.000296384,0
                99.6862998290001,18.0002631570001,0
                99.6863192000001,18.0002314560001,0
                99.686338575,18.0001997540001,0
                99.6863579480001,18.000168052,0
                99.6863713880001,18.0001460780001,0
                99.6863734760001,18.000114437,0
                99.6863755640001,18.0000827980001,0
                99.686377656,18.000051011,0
                99.6863689340001,18.0000194090001,0
                99.6863602160001,17.999987807,0
                99.6863514980001,17.9999562030001,0
                99.686342762,17.999924601,0
                99.686334044,17.9998929990001,0
                99.6863280470001,17.9998712560001,0
                99.6863276610001,17.9998396240001,0
                99.686327195,17.999802388,0
                99.6863514460001,17.999756986,0
                99.686384435,17.9997388100001,0
                99.6864130710001,17.999723036,0
                99.6864460950001,17.9997140990001,0
                99.6864791200001,17.9997051780001,0
                99.6865121450001,17.999696241,0
                99.68654517,17.9996873220001,0
                99.6865781990001,17.9996783820001,0
                99.6866228840001,17.999666313,0
                99.6866558940001,17.999653504,0
                99.6866889040001,17.999640717,0
                99.6867365140001,17.9996222550001,0
                99.6867694750001,17.999596995,0
                99.6868151880001,17.999561962,0
                99.686828915,17.999530281,0
                99.6868441560001,17.99949514,0
                99.6868393860001,17.9994635250001,0
                99.686834617,17.9994319080001,0
                99.6868298690001,17.9994002920001,0
                99.686824883,17.9993672840001,0
                99.6868132930001,17.999335693,0
                99.6868017040001,17.999304099,0
                99.686790134,17.9992725070001,0
                99.6867755470001,17.999232738,0
                99.686742397,17.999209138,0
                99.6867001900001,17.999179064,0
                99.686667082,17.999166293,0
                99.6866339750001,17.999153522,0
                99.686600862,17.999140751,0
                99.6865677540001,17.9991279810001,0
                99.6865346440001,17.999115191,0
                99.6864852830001,17.9990961510001,0
                99.686452192,17.9990879710001,0
                99.6864191010001,17.9990797740001,0
                99.68638601,17.999071595,0
                99.6863529190001,17.9990633960001,0
                99.686319831,17.999055216,0
                99.6862931310001,17.9990486040001,0
                99.6862599930001,17.999029669,0
                99.6862279790001,17.9990113810001,0
                99.686192668,17.9989666220001,0
                99.686183799,17.998935021,0
                99.686174087,17.9989004390001,0
                99.6861705840001,17.9988688180001,0
                99.6861670980001,17.9988371970001,0
                99.6861636140001,17.998805577,0
                99.686160111,17.9987739540001,0
                99.6861566250001,17.9987423330001,0
                99.6861531210001,17.998710713,0
                99.686148911,17.998672551,0
                99.6861537770001,17.998640901,0
                99.686158623,17.998609249,0
                99.686163488,17.9985775980001,0
                99.6861693700001,17.998539292,0
                99.6861773480001,17.9985076310001,0
                99.686185348,17.9984759700001,0
                99.68619333,17.998444308,0
                99.6862013130001,17.9984126470001,0
                99.6862072470001,17.998389108,0
                99.6862145860001,17.998357449,0
                99.6862219450001,17.99832579,0
                99.6862282430001,17.9982985980001,0
                99.6862245510001,17.9982669780001,0
                99.6862199020001,17.9982273900001,0
                99.686196393,17.9981958400001,0
                99.6861794910001,17.9981731780001,0
                99.6861463110001,17.998141752,0
                99.6861131300001,17.9981103260001,0
                99.686079949,17.9980789000001,0
                99.6860467690001,17.9980474760001,0
                99.686025779,17.998027613,0
                99.6860072760001,17.9979960430001,0
                99.6859953330001,17.9979756600001,0
                99.6859842360001,17.9979440660001,0
                99.685969566,17.9979022520001,0
                99.685967857,17.9978706260001,0
                99.685966351,17.9978428490001,0
                99.6859824190001,17.9978111570001,0
                99.6859985080001,17.997779467,0
                99.686007579,17.997761558,0
                99.6860405370001,17.9977353740001,0
                99.6860734940001,17.997709193,0
                99.6861064570001,17.997683029,0
                99.6861229550001,17.997669918,0
                99.686155963,17.997657383,0
                99.6861889730001,17.997644849,0
                99.6862219830001,17.9976323130001,0
                99.6862391860001,17.9976257980001,0
                99.6862722230001,17.997619518,0
                99.6863052570001,17.9976132360001,0
                99.6863382920001,17.997606956,0
                99.6863713270001,17.9976006750001,0
                99.6864043610001,17.997594395,0
                99.6864521210001,17.997585332,0
                99.6864851110001,17.9975671920001,0
                99.6865180990001,17.9975490530001,0
                99.6865360260001,17.997539193,0
                99.68656709,17.9975066540001,0
                99.686594589,17.9974660840001,0
                99.6866704810001,17.9973210420001,0
                99.6867286630001,17.997222772,0
                99.686752858,17.997168204,0
                99.6867736440001,17.997106021,0
                99.686807537,17.997004566,0
                99.6868202950001,17.9969375850001,0
                99.6868314710001,17.9968861730001,0
                99.6868645320001,17.9967362030001,0
                99.6868753090001,17.996704532,0
                99.6868860870001,17.99667286,0
                99.686896883,17.9966411890001,0
                99.6869076610001,17.996609516,0
                99.6869184380001,17.996577845,0
                99.6869292150001,17.9965461740001,0
                99.6869399930001,17.996514502,0
                99.6869483090001,17.99649007,0
                99.6869667340001,17.9964583710001,0
                99.6869851420001,17.996426673,0
                99.6870051650001,17.996392185,0
                99.6870375720001,17.996360435,0
                99.6870699600001,17.9963286880001,0
                99.687089627,17.9963094020001,0
                99.687110133,17.99626311,0
                99.6871159840001,17.9962314540001,0
                99.687121828,17.996199801,0
                99.6871268830001,17.9961724880001,0
                99.6871252640001,17.9961408610001,0
                99.6871236490001,17.996109232,0
                99.6871220340001,17.996077605,0
                99.6871204190001,17.9960459770001,0
                99.6871188090001,17.9960143500001,0
                99.6871165160001,17.9959696550001,0
                99.6871086660001,17.9959380500001,0
                99.6871008360001,17.9959064450001,0
                99.6870923170001,17.995872165,0
                99.687077501,17.9958405850001,0
                99.6870660880001,17.9958162400001,0
                99.687024523,17.9957750470001,0
                99.6869913950001,17.995758461,0
                99.6869582730001,17.995741878,0
                99.6869241850001,17.995724808,0
                99.686890512,17.995688522,0
                99.6868784360001,17.995656932,0
                99.6868663340001,17.9956253390001,0
                99.6868588340001,17.995605772,0
                99.686841842,17.995574199,0
                99.6868222250001,17.9955377540001,0
                99.686796245,17.9955062130001,0
                99.6867703720001,17.995474798,0
                99.686742215,17.9954432640001,0
                99.6867084620001,17.99540546,0
                99.686695097,17.9953738740001,0
                99.6866817140001,17.9953422890001,0
                99.6866683490001,17.9953107010001,0
                99.6866549840001,17.9952791150001,0
                99.68664313,17.995251121,0
                99.6866361090001,17.9952195130001,0
                99.686629092,17.995187905,0
                99.6866220740001,17.9951562960001,0
                99.6866132690001,17.995116597,0
                99.686607312,17.995084983,0
                99.6866013300001,17.995053371,0
                99.6865953550001,17.9950217590001,0
                99.6865903560001,17.9949952420001,0
                99.6865985650001,17.9949635770001,0
                99.6866030880001,17.9949461190001,0
                99.686631891,17.994935135,0
                99.6866650110001,17.9949511410001,0
                99.6866878600001,17.9949621960001,0
                99.686720946,17.9949699960001,0
                99.6867481340001,17.994976406,0
                99.6867769200001,17.994965424,0
                99.686796718,17.9949460290001,0
                99.686814128,17.9949139,0
                99.68681137,17.9948713410001,0
                99.6867841370001,17.994829049,0
                99.686750993,17.994806968,0
                99.6867212960001,17.9947871900001,0
                99.686688137,17.994761549,0
                99.686656134,17.994736806,0
                99.6866338550001,17.9947052520001,0
                99.686603747,17.9946626080001,0
                99.68659741,17.994630998,0
                99.686591073,17.9945993870001,0
                99.686587144,17.9945797510001,0
                99.6865888950001,17.9945481120001,0
                99.6865906580001,17.994516473,0
                99.6865926020001,17.994481723,0
                99.686600791,17.9944500620001,0
                99.686608961,17.9944183980001,0
                99.686617154,17.994386736,0
                99.68662534,17.9943550740001,0
                99.6866335280001,17.994323411,0
                99.6866444730001,17.994281073,0
                99.6866517930001,17.9942494150001,0
                99.6866591140001,17.994217755,0
                99.6866664350001,17.9941860960001,0
                99.6866737550001,17.9941544380001,0
                99.6866810750001,17.994122776,0
                99.686688395,17.994091118,0
                99.686698725,17.994046397,0
                99.686696053,17.994014774,0
                99.6866933810001,17.993983148,0
                99.6866907080001,17.9939515250001,0
                99.686688039,17.993919901,0
                99.6866859410001,17.9938951080001,0
                99.6866780510001,17.9938635030001,0
                99.6866701820001,17.9938318970001,0
                99.686666298,17.993822525,0
                99.686648113,17.9937976750001,0
                99.6866451160001,17.99379549,0
                99.6866380450001,17.993790335,0
                99.686624995,17.9937765620001,0
                99.6865875940001,17.993735717,0
                99.686568229,17.9936973330001,0
                99.6865539090001,17.9936862390001,0
                99.686496703,17.9936419210001,0
                99.6864505720001,17.993618833,0
                99.6863930420001,17.9936104780001,0
                99.6863550530001,17.9935924690001,0
                99.6863150890001,17.993552697,0
                99.6862541930001,17.993494857,0
                99.686212223,17.993427884,0
                99.6861835170001,17.9933590420001,0
                99.686164289,17.993290173,0
                99.6861451240001,17.9932358130001,0
                99.6861051240001,17.993188785,0
                99.6860537200001,17.993132727,0
                99.6859984650001,17.9930621670001,0
                99.6859318450001,17.992995277,0
                99.6858824000001,17.9929555410001,0
                99.685812077,17.9929104340001,0
                99.6857493110001,17.992859858,0
                99.68570178,17.992825554,0
                99.6856472170001,17.9928003150001,0
                99.6855174460001,17.9927456720001,0
                99.685436677,17.992704636,0
                99.6853530870001,17.9926801350001,0
                99.6852579590001,17.992650167,0
                99.685128305,17.9926258300001,0
                99.6850448260001,17.9926288820001,0
                99.6849210030001,17.9926238100001,0
                99.6848087610001,17.992635224,0
                99.6847303090001,17.9926435460001,0
                99.6847281780001,17.992643774,0
                99.684667731,17.992646741,0
                99.6846014260001,17.9926249390001,0
                99.6845350720001,17.9925893560001,0
                99.684506152,17.992556397,0
                99.6844772470001,17.9925261980001,0
                99.684463109,17.9925106160001,0
                99.684404961,17.9924465560001,0
                99.6843413220001,17.992369641,0
                99.684260297,17.9922624810001,0
                99.684193705,17.9921662900001,0
                99.6841415120001,17.9920700500001,0
                99.6840863510001,17.9919517820001,0
                99.6840709150001,17.9918753200001,0
                99.6839999040001,17.99172156,0
                99.6839245500001,17.9915816500001,0
                99.6838599220001,17.991451931,0
                99.6838519620001,17.99134367,0
                99.6838440450001,17.9912462410001,0
                99.6838360820001,17.9911379770001,0
                99.6838281780001,17.991044158,0
                99.6837901480001,17.990964879,0
                99.6837144550001,17.9909001710001,0
                99.68358598,17.9908428700001,0
                99.6834688500001,17.99079275,0
                99.6832762870001,17.9907465040001,0
                99.6831667020001,17.990696352,0
                99.6830721750001,17.990638932,0
                99.6829927370001,17.9905814590001,0
                99.6829207760001,17.99050591,0
                99.6828675340001,17.9903942020001,0
                99.682802773,17.990228385,0
                99.682764481,17.9900805250001,0
                99.6827260370001,17.9898929620001,0
                99.6826953170001,17.989752292,0
                99.682664656,17.989626065,0
                99.682649052,17.989492564,0
                99.6826411230001,17.9893915220001,0
                99.6826104460001,17.989261685,0
                99.682575775,17.9890741030001,0
                99.6825147700001,17.988904667,0
                99.682453846,17.9887568830001,0
                99.682381869,17.988677728,0
                99.6822684030001,17.988598714,0
                99.6821322900001,17.9885161730001,0
                99.6820039410001,17.988491357,0
                99.681890706,17.988473707,0
                99.6817095650001,17.988452684,0
                99.681622615,17.9884024560001,0
                99.6815920590001,17.988305101,0
                99.6815800790001,17.9881318830001,0
                99.681549391,17.9879984350001,0
                99.681518784,17.9878866450001,0
                99.6814657100001,17.9878182460001,0
                99.6813976210001,17.987767954,0
                99.6812805630001,17.987735877,0
                99.6810688950001,17.9876886870001,0
                99.6809936340001,17.9876719100001,0
                99.6808615130001,17.987647107,0
                99.680744594,17.9876511300001,0
                99.6806164290001,17.987673235,0
                99.68044681,17.987706319,0
                99.680273447,17.987746632,0
                99.6801717230001,17.987779475,0
                99.680073651,17.987779819,0
                99.6799716360001,17.9877368620001,0
                99.6798958910001,17.987657714,0
                99.6798540810001,17.987574841,0
                99.6797893340001,17.9874126330001,0
                99.679747455,17.9873117110001,0
                99.6796488700001,17.9871785010001,0
                99.679527679,17.9870525900001,0
                99.679433046,17.9869662880001,0
                99.6792780050001,17.986865762,0
                99.6791570240001,17.986793993,0
                99.6790284690001,17.986715034,0
                99.6789264130001,17.9866612450001,0
                99.6787941440001,17.986596736,0
                99.678714669,17.9865284300001,0
                99.6786880440001,17.9864707690001,0
                99.6786689350001,17.986405861,0
                99.6786685210001,17.986297576,0
                99.6786831000001,17.9861639690001,0
                99.678675033,17.9860268300001,0
                99.6786670860001,17.9859221780001,0
                99.6786516540001,17.9858319910001,0
                99.6785911090001,17.9857816700001,0
                99.6785040500001,17.985702562,0
                99.6784246300001,17.9856486960001,0
                99.6783677990001,17.9855839200001,0
                99.678310846,17.985486661,0
                99.6782426870001,17.9854183150001,0
                99.678155642,17.985342814,0
                99.6781402650001,17.9852670710001,0
                99.678140017,17.985202096,0
                99.6781510690001,17.985133472,0
                99.678184866,17.9850936490001,0
                99.6783319370001,17.985082306,0
                99.678735567,17.985088111,0
                99.678988308,17.985090837,0
                99.6794597850001,17.9850819690001,0
                99.6795691190001,17.9850671470001,0
                99.6795779160001,17.9850632800001,0
                99.679651962,17.98503076,0
                99.6797082830001,17.98496198,0
                99.6797419100001,17.9848788370001,0
                99.679797996,17.9847486950001,0
                99.6798202240001,17.984643938,0
                99.6798424990001,17.984550008,0
                99.679902644,17.9844956530001,0
                99.6800420010001,17.9844410220001,0
                99.680124801,17.984393805,0
                99.680211285,17.98432131,0
                99.6802562720001,17.984248961,0
                99.6802936350001,17.9841549760001,0
                99.6803311570001,17.984104313,0
                99.6803685720001,17.984024769,0
                99.680387254,17.9839777770001,0
                99.680386936,17.983894757,0
                99.680341367,17.9838155040001,0
                99.680280823,17.983765185,0
                99.6802655810001,17.983725529,0
                99.6802804220001,17.983660507,0
                99.680363131,17.9835880200001,0
                99.6804232320001,17.9835228380001,0
                99.680460742,17.9834685590001,0
                99.6804679430001,17.9833782970001,0
                99.6803994220001,17.9832161030001,0
                99.680376503,17.983140382,0
                99.680379815,17.9830212520001,0
                99.6803869730001,17.9829201580001,0
                99.6804016600001,17.9828154260001,0
                99.6803937590001,17.982721602,0
                99.6803858660001,17.9826313900001,0
                99.680370489,17.982555641,0
                99.6803702400001,17.9824906710001,0
                99.6803623630001,17.982404063,0
                99.6803468370001,17.9822886100001,0
                99.6803087690001,17.982198506,0
                99.680278275,17.98211559,0
                99.680228797,17.9820002550001,0
                99.680126515,17.981885107,0
                99.680046997,17.9818059720001,0
                99.6799412060001,17.981759416,0
                99.6798543780001,17.9817416710001,0
                99.679692075,17.981713364,0
                99.6795525000001,17.981710247,0
                99.6794279700001,17.9816962400001,0
                99.67928462,17.981693136,0
                99.6792127890001,17.981650073,0
                99.67916732,17.981596084,0
                99.679140471,17.981480672,0
                99.679156408,17.981418713,0
                99.6791627730001,17.981393962,0
                99.6792039590001,17.981314405,0
                99.6792714840001,17.9812167110001,0
                99.6793843120001,17.9811296840001,0
                99.679518477,17.9810748780001,0
                99.67965553,17.9810348820001,0
                99.679761075,17.981016464,0
                99.6798929660001,17.980983517,0
                99.680013547,17.9809506070001,0
                99.6800737180001,17.98090347,0
                99.680133847,17.980845505,0
                99.6801901470001,17.980773116,0
                99.6802236820001,17.9806647080001,0
                99.680242128,17.9805563530001,0
                99.68027949,17.9804623740001,0
                99.6802942720001,17.980382908,0
                99.6802979650001,17.9803346410001,0
                99.6803014550001,17.980289031,0
                99.6803013420001,17.9802595620001,0
                99.6803010960001,17.9801951860001,0
                99.6802706290001,17.9801194880001,0
                99.680217531,17.9800438720001,0
                99.6800441250001,17.9799617530001,0
                99.6799459090001,17.9799168050001,0
                99.6798443360001,17.9798783320001,0
                99.6797022640001,17.9798594210001,0
                99.6795968960001,17.979850793,0
                99.6794940120001,17.9798001950001,0
                99.6794063580001,17.9797550060001,0
                99.6793264450001,17.979744367,0
                99.6792161180001,17.9797374730001,0
                99.679109624,17.979737846,0
                99.6790208940001,17.9797445880001,0
                99.6789841460001,17.979747382,0
                99.6788434740001,17.979762436,0
                99.678738959,17.97978282,0
                99.678623084,17.979817801,0
                99.678484439,17.979863784,0
                99.678376137,17.9798896410001,0
                99.678321,17.9798934770001,0
                99.6782619720001,17.979873664,0
                99.6782047900001,17.979839285,0
                99.678168509,17.9798011940001,0
                99.6781398400001,17.979763076,0
                99.6781129490001,17.979694013,0
                99.6780898540001,17.9796213020001,0
                99.6780857970001,17.979555798,0
                99.678095065,17.9794920690001,0
                99.67811772,17.979448314,0
                99.678165085,17.9794026500001,0
                99.6782258280001,17.9793733170001,0
                99.6783549520001,17.979321912,0
                99.6784175810001,17.979288936,0
                99.6784763580001,17.9792432310001,0
                99.6785047480001,17.979206736,0
                99.678536867,17.979152023,0
                99.6785537750001,17.9790973680001,0
                99.6785630250001,17.979030003,0
                99.6785646910001,17.978968117,0
                99.67855108,17.978889914,0
                99.6785260190001,17.9788008260001,0
                99.6784873980001,17.978648089,0
                99.678462073,17.978489848,0
                99.678457961,17.9784097890001,0
                99.6784405550001,17.9783334140001,0
                99.6783907590001,17.9782407710001,0
                99.6783353600001,17.9781754520001,0
                99.6782703690001,17.978088321,0
                99.678232096,17.9780265810001,0
                99.6782109760001,17.977973875,0
                99.678203178,17.97792295,0
                99.6781991560001,17.9778665430001,0
                99.6781969940001,17.9777973970001,0
                99.678177706,17.9777264910001,0
                99.678152787,17.977675617,0
                99.6781221680001,17.977624771,0
                99.678084019,17.9775957840001,0
                99.6780193000001,17.9775796330001,0
                99.677912743,17.9775636270001,0
                99.6778461050001,17.97754202,0
                99.6778041000001,17.9774984900001,0
                99.6777696340001,17.9774367310001,0
                99.6777712730001,17.977367573,0
                99.677778667,17.9773129490001,0
                99.677793647,17.977251021,0
                99.6778350960001,17.977148963,0
                99.6779594260001,17.9768391480001,0
                99.678091479,17.976560244,0
                99.678123482,17.9764745950001,0
                99.678128928,17.9764072410001,0
                99.678121037,17.9763326500001,0
                99.6780865520001,17.9762654360001,0
                99.6779891210001,17.9761493020001,0
                99.6779184680001,17.976073118,0
                99.6778801790001,17.9760059130001,0
                99.677859025,17.975944113,0
                99.6778492230001,17.975867712,0
                99.6778505780001,17.9757239360001,0
                99.677857713,17.975600156,0
                99.6778877,17.975485398,0
                99.6779234030001,17.975372441,0
                99.6779515440001,17.975272251,0
                99.6779570420001,17.9752176310001,0
                99.6779549610001,17.975170324,0
                99.6779338600001,17.975123078,0
                99.6778918350001,17.9750740900001,0
                99.677834578,17.9750196950001,0
                99.677760247,17.9749762770001,0
                99.677703153,17.9749655530001,0
                99.677585213,17.974955048,0
                99.6774235090001,17.9749392360001,0
                99.677261887,17.974945259,0
                99.677181997,17.9749400790001,0
                99.677102113,17.9749367150001,0
                99.6770297340001,17.9749060300001,0
                99.6769725600001,17.974873471,0
                99.6769057880001,17.9748172870001,0
                99.6768008550001,17.9747284800001,0
                99.676720732,17.974661425,0
                99.6766424740001,17.9745852620001,0
                99.6765718130001,17.974507252,0
                99.6765259110001,17.974438256,0
                99.6764952780001,17.9743837670001,0
                99.6764798200001,17.9743201260001,0
                99.6764757970001,17.974261901,0
                99.676479439,17.97422003,0
                99.6764868600001,17.974170868,0
                99.676500047,17.974138064,0
                99.676526601,17.9741197720001,0
                99.676576014,17.974112324,0
                99.6766749760001,17.9741319940001,0
                99.6771147490001,17.9742596720001,0
                99.6773546200001,17.974327992,0
                99.67754877,17.974374632,0
                99.6776001060001,17.974372633,0
                99.6776590160001,17.9743615080001,0
                99.677689322,17.974330461,0
                99.6776967760001,17.9742904010001,0
                99.677685152,17.9742340240001,0
                99.677644919,17.9741559080001,0
                99.6775702890001,17.974034235,0
                99.6774881010001,17.9739253280001,0
                99.677356257,17.973760182,0
                99.6772479560001,17.9736526080001,0
                99.677194188,17.973622365,0
                99.677132488,17.9735978570001,0
                99.677052953,17.973586724,0
                99.6769357030001,17.97358523,0
                99.6767707970001,17.973595314,0
                99.676705186,17.973586034,0
                99.6766594040001,17.9735671760001,0
                99.676633436,17.9735311320001,0
                99.6765914640001,17.97346852,0
                99.6765575380001,17.973430605,0
                99.6764818930001,17.973396635,0
                99.676310738,17.973330667,0
                99.67620522,17.973279689,0
                99.6760280380001,17.973196627,0
                99.675976216,17.9731549690001,0
                99.6759363240001,17.973117072,0
                99.6758583860001,17.9730032360001,0
                99.675812421,17.972934933,0
                99.675750565,17.972868583,0
                99.6756927200001,17.9728117290001,0
                99.6755373510001,17.9727152830001,0
                99.6753999790001,17.972649194,0
                99.6753383100001,17.972632296,0
                99.6752767410001,17.972642018,0
                99.6752052680001,17.972659381,0
                99.675167532,17.9726652200001,0
                99.67512773,17.9726501420001,0
                99.6751057760001,17.9726255,0
                99.675101581,17.972566558,0
                99.675121119,17.972479005,0
                99.6751820950001,17.9723133360001,0
                99.6752254630001,17.9722219,0
                99.6752669580001,17.9721589980001,0
                99.6753323240001,17.9721036170001,0
                99.6754195450001,17.9720462600001,0
                99.6755701920001,17.9719449420001,0
                99.675635571,17.971893364,0
                99.6757464500001,17.97178648,0
                99.6758711900001,17.971666231,0
                99.67594841,17.971591792,0
                99.6759879480001,17.971538405,0
                99.6760254010001,17.971458399,0
                99.6761276840001,17.9711822850001,0
                99.676200296,17.970940501,0
                99.6762609610001,17.970694957,0
                99.676282368,17.9705750730001,0
                99.67630596,17.970508426,0
                99.676348406,17.9704350590001,0
                99.6764459940001,17.9703180770001,0
                99.6764941860001,17.9702729480001,0
                99.676575218,17.9701578770001,0
                99.676632812,17.9700299040001,0
                99.676682826,17.96989433,0
                99.6766502120001,17.969822875,0
                99.6766408380001,17.9698160890001,0
                99.6766076540001,17.969792075,0
                99.6765268390001,17.969800094,0
                99.676381452,17.969837351,0
                99.6763209210001,17.969864645,0
                99.6762138760001,17.96988436,0
                99.6761087300001,17.969873121,0
                99.676033912,17.96986371,0
                99.6759368840001,17.9698601800001,0
                99.6758500010001,17.969868219,0
                99.6756621850001,17.9699075570001,0
                99.6755753020001,17.9699155960001,0
                99.6755085450001,17.969900355,0
                99.6754538380001,17.9698637920001,0
                99.6754253550001,17.9698155360001,0
                99.675374451,17.9697170630001,0
                99.675288799,17.9695161940001,0
                99.6752643390001,17.969462118,0
                99.675197424,17.96940432,0
                99.67510223,17.9693524300001,0
                99.6750393390001,17.9692907510001,0
                99.6749235820001,17.9691460780001,0
                99.674838321,17.969047727,0
                99.674825872,17.9689626630001,0
                99.6748091750001,17.968823447,0
                99.674834962,17.968695693,0
                99.67486296,17.968616291,0
                99.6749031310001,17.9685503850001,0
                99.6750059300001,17.9684765260001,0
                99.6755649080001,17.968244396,0
                99.675822929,17.968063606,0
                99.675887333,17.967991813,0
                99.6759335410001,17.9679181500001,0
                99.6759293150001,17.9678698060001,0
                99.6759005370001,17.967744177,0
                99.6758027260001,17.967533679,0
                99.6757309330001,17.9672573240001,0
                99.6756674710001,17.967044775,0
                99.6756500600001,17.966717934,0
                99.675649546,17.966582535,0
                99.6755883970001,17.966447348,0
                99.675515267,17.9663508890001,0
                99.6753776150001,17.9662933390001,0
                99.675173462,17.966288247,0
                99.6749917370001,17.966335299,0
                99.674814026,17.9663746040001,0
                99.6747149930001,17.9663749480001,0
                99.674601722,17.9663521320001,0
                99.67452467,17.9662866350001,0
                99.674453676,17.9662191800001,0
                99.674423032,17.966134175,0
                99.674414567,17.966033623,0
                99.6744242620001,17.965925268,0
                99.674452267,17.965847798,0
                99.674571008,17.9657158530001,0
                99.67484719,17.965527265,0
                99.675284876,17.9652916910001,0
                99.675506748,17.965172927,0
                99.6756398210001,17.965087355,0
                99.675676051,17.965048541,0
                99.6757201490001,17.964951673,0
                99.6757681890001,17.9648296450001,0
                99.6758062310001,17.964734734,0
                99.6758342370001,17.964659195,0
                99.6758663420001,17.964597186,0
                99.6759186940001,17.964544776,0
                99.676011454,17.9644902970001,0
                99.6760778780001,17.964418492,0
                99.676136248,17.9643544580001,0
                99.6761763250001,17.964263406,0
                99.676240363,17.9640968370001,0
                99.6762801030001,17.963916807,0
                99.6762676170001,17.963822067,0
                99.6762147650001,17.9637429470001,0
                99.6761641750001,17.9637257150001,0
                99.6760934330001,17.963725961,0
                99.675931883,17.963761339,0
                99.675703894,17.963866588,0
                99.6754717520001,17.963940897,0
                99.6751084580001,17.964073694,0
                99.6749913670001,17.964108921,0
                99.6748398170001,17.964117184,0
                99.6746922300001,17.9641060920001,0
                99.6746152680001,17.964063804,0
                99.6745442810001,17.9639982840001,0
                99.6744466700001,17.963840008,0
                99.674401683,17.96370283,0
                99.674391293,17.96362743,0
                99.67438085,17.963538489,0
                99.6743867150001,17.963486242,0
                99.674394652,17.963447526,0
                99.674424892,17.963428079,0
                99.674483293,17.96337178,0
                99.6745295870001,17.9633213280001,0
                99.6745374430001,17.9632613410001,0
                99.6745167130001,17.963124072,0
                99.6744638270001,17.9630352820001,0
                99.674421082,17.962956123,0
                99.67441668,17.962861355,0
                99.6744223970001,17.9627704260001,0
                99.6744803870001,17.962605807,0
                99.674546546,17.962464374,0
                99.6745824070001,17.9623269140001,0
                99.674583935,17.96219731,0
                99.6745487090001,17.9619691830001,0
                99.6745261550001,17.9618841540001,0
                99.674422527,17.9617375030001,0
                99.6743736970001,17.9616525650001,0
                99.6743407430001,17.9614902010001,0
                99.6742938800001,17.9613897780001,0
                99.6742451600001,17.9613338520001,0
                99.674145841,17.961258758,0
                99.6740708790001,17.9612106610001,0
                99.6740241750001,17.9611527980001,0
                99.6740139520001,17.9611218810001,0
                99.6739931050001,17.960953669,0
                99.674000741,17.9608356520001,0
                99.6740185640001,17.9607388740001,0
                99.6740507100001,17.960688469,0
                99.674119353,17.960668889,0
                99.6742002010001,17.9606705420001,0
                99.674374071,17.960685411,0
                99.6745681880001,17.9607098820001,0
                99.674649108,17.9607308810001,0
                99.6747037660001,17.960753901,0
                99.6747747740001,17.960825222,0
                99.6748843620001,17.96094477,0
                99.67495124,17.9609928950001,0
                99.6750503550001,17.961013827,0
                99.6751372720001,17.9610173930001,0
                99.6753331900001,17.96098383,0
                99.6754482370001,17.9609428090001,0
                99.6755127040001,17.960888423,0
                99.6755790230001,17.9607895450001,0
                99.6756391050001,17.960644265,0
                99.675698685,17.96036745,0
                99.6757264190001,17.960220346,0
                99.6757361260001,17.9601158580001,0
                99.67571752,17.960005671,0
                99.675697068,17.9599419100001,0
                99.675674482,17.959849139,0
                99.6756477390001,17.959725437,0
                99.675649429,17.959664699,0
                99.6756512960001,17.9595977610001,0
                99.675654045,17.959502249,0
                99.675637312,17.959448066,0
                99.675606271,17.9593547640001,0
                99.6755156790001,17.9593521420001,0
                99.6754276130001,17.9593608810001,0
                99.6753308150001,17.959389887,0
                99.6752305380001,17.959430707,0
                99.6751583710001,17.9594495040001,0
                99.6751019920001,17.9594513860001,0
                99.6750384690001,17.959426314,0
                99.6749907330001,17.9593843230001,0
                99.6749517490001,17.959325434,0
                99.674926826,17.959258069,0
                99.674914173,17.959173795,0
                99.6749079890001,17.9589377300001,0
                99.674898742,17.958823092,0
                99.674866718,17.9587405710001,0
                99.6748294280001,17.9586648160001,0
                99.674781678,17.9586177640001,0
                99.6747268710001,17.958569052,0
                99.6746932670001,17.9585354430001,0
                99.674682535,17.958493322,0
                99.674689431,17.9584528250001,0
                99.674712201,17.9584173330001,0
                99.6747912650001,17.958358037,0
                99.6750339500001,17.9582357780001,0
                99.6752538140001,17.9581355180001,0
                99.6754877340001,17.9580250930001,0
                99.6757814280001,17.957880733,0
                99.676178801,17.957661811,0
                99.6763510250001,17.957544854,0
                99.6764405050001,17.95744505,0
                99.676482515,17.95737239,0
                99.676498107,17.9573031950001,0
                99.6765048810001,17.957230657,0
                99.6764904400001,17.9571396480001,0
                99.6764708210001,17.9570773230001,0
                99.6764353730001,17.957021793,0
                99.6764210650001,17.957010671,0
                99.676338177,17.9569462470001,0
                99.676265781,17.9569043390001,0
                99.6761863890001,17.956877637,0
                99.676117559,17.956847522,0
                99.6760486330001,17.956792116,0
                99.676000877,17.9567433760001,0
                99.6759229420001,17.956635722,0
                99.6758769370001,17.9565852920001,0
                99.675825735,17.956556801,0
                99.6757604540001,17.95653342,0
                99.6757146130001,17.956525147,0
                99.6756688150001,17.956528683,0
                99.6755861190001,17.9565593250001,0
                99.6754894300001,17.9566169940001,0
                99.6753646760001,17.956706802,0
                99.6752504340001,17.956781399,0
                99.6751678960001,17.956854198,0
                99.6750959820001,17.9569387660001,0
                99.6750469450001,17.957018197,0
                99.6749226950001,17.9572412250001,0
                99.6748772880001,17.957347623,0
                99.6748352270001,17.957406787,0
                99.6747738440001,17.957482885,0
                99.674703606,17.9575455240001,0
                99.6746158600001,17.9576385780001,0
                99.6745299870001,17.9577602960001,0
                99.674468775,17.9578802360001,0
                99.6744180420001,17.9579765340001,0
                99.6743900650001,17.9580322800001,0
                99.674333855,17.9580780050001,0
                99.6742511400001,17.9581035910001,0
                99.6741842180001,17.958112256,0
                99.6740590890001,17.9581042570001,0
                99.6739303080001,17.9580625450001,0
                99.6736869120001,17.957997624,0
                99.6735351720001,17.9579408110001,0
                99.673415086,17.9578687160001,0
                99.6732772170001,17.957754526,0
                99.673187151,17.9576991860001,0
                99.6730812580001,17.9576523370001,0
                99.672927767,17.957598908,0
                99.672839593,17.957578977,0
                99.6727637720001,17.957564059,0
                99.672705609,17.9575592040001,0
                99.672624565,17.9575611700001,0
                99.672562951,17.9575748730001,0
                99.6724995970001,17.9575953300001,0
                99.67243804,17.957624212,0
                99.672351904,17.957676786,0
                99.6721884180001,17.9577768450001,0
                99.6720830510001,17.95786996,0
                99.6719196660001,17.9579953150001,0
                99.6717440090001,17.958137574,0
                99.671619332,17.958249305,0
                99.6714348190001,17.958379791,0
                99.671317017,17.958445963,0
                99.671255461,17.9584765320001,0
                99.671195627,17.958495289,0
                99.6711480820001,17.958502201,0
                99.671088179,17.958504093,0
                99.6710176670001,17.958494219,0
                99.6709612270001,17.958479234,0
                99.6709047310001,17.958449074,0
                99.6708622780001,17.9584053780001,0
                99.670812659,17.9583296640001,0
                99.6707610030001,17.958181444,0
                99.6706916840001,17.958021483,0
                99.670627687,17.957871621,0
                99.670533489,17.9576560950001,0
                99.6703824370001,17.9573142880001,0
                99.6703238310001,17.95719139,0
                99.6702033210001,17.957006307,0
                99.670107666,17.9568717280001,0
                99.6699570490001,17.9566445940001,0
                99.6699252180001,17.9566143490001,0
                99.669783856,17.9565069130001,0
                99.6696072270001,17.956391163,0
                99.6694712110001,17.956298884,0
                99.669379441,17.956258727,0
                99.6693282740001,17.9562403530001,0
                99.6692507060001,17.9562288160001,0
                99.6691343790001,17.9562190990001,0
                99.6690638600001,17.9562075380001,0
                99.669017974,17.956187459,0
                99.668968529,17.9561572800001,0
                99.668881846,17.9560648290001,0
                99.668773924,17.955947157,0
                99.668729742,17.9559118930001,0
                99.6686803090001,17.955885084,0
                99.6686133010001,17.9558701350001,0
                99.6685551730001,17.9558753960001,0
                99.6684812010001,17.9558823990001,0
                99.6684073060001,17.9559113180001,0
                99.6683228670001,17.9559470200001,0
                99.66822784,17.955977702,0
                99.668143355,17.956001605,0
                99.6680535240001,17.9560086560001,0
                99.667938995,17.9560073650001,0
                99.6678667790001,17.95601436,0
                99.6677840680001,17.9560399380001,0
                99.6677137200001,17.956075592,0
                99.667659251,17.9561145650001,0
                99.6675643030001,17.956167169,0
                99.6674569630001,17.9562046350001,0
                99.667390061,17.956218359,0
                99.6672984740001,17.9562271070001,0
                99.667196285,17.9562274580001,0
                99.667113466,17.956226052,0
                99.667034142,17.9562162070001,0
                99.66697414,17.956191119,0
                99.6669246760001,17.9561558780001,0
                99.6668610300001,17.956098759,0
                99.6668150240001,17.956046639,0
                99.666735235,17.955912009,0
                99.666655437,17.9557756890001,0
                99.6665933450001,17.9556629160001,0
                99.6665578230001,17.9555871530001,0
                99.6665188600001,17.955533326,0
                99.666460451,17.9554626980001,0
                99.6663844330001,17.955393821,0
                99.666319033,17.9553383960001,0
                99.6662483950001,17.955296477,0
                99.6661600790001,17.95523776,0
                99.666011784,17.9551590080001,0
                99.6658758600001,17.9550903360001,0
                99.665741697,17.9550216550001,0
                99.6655121750001,17.954895966,0
                99.6652545160001,17.954783868,0
                99.6649827520001,17.9546701260001,0
                99.664737458,17.954566411,0
                99.6645821660001,17.954501178,0
                99.6644639900001,17.9544678550001,0
                99.664368799,17.9544546870001,0
                99.664280681,17.954448246,0
                99.6641961390001,17.954456968,0
                99.6641133940001,17.9544741120001,0
                99.6640553440001,17.954499604,0
                99.663981504,17.9545420160001,0
                99.6639112140001,17.954592845,0
                99.663849725,17.9546402760001,0
                99.663733816,17.9547418510001,0
                99.663642456,17.9548113060001,0
                99.6635247790001,17.9549112,0
                99.663435199,17.9549857050001,0
                99.663389528,17.955022963,0
                99.6633384990001,17.9550399980001,0
                99.6632698220001,17.9550503510001,0
                99.6631975830001,17.9550505980001,0
                99.6631234810001,17.955023872,0
                99.662989301,17.95495013,0
                99.6628726900001,17.954862834,0
                99.6628231720001,17.954814104,0
                99.662807172,17.954775371,0
                99.6627999280001,17.9547231180001,0
                99.6628033120001,17.95468601,0
                99.6628243110001,17.95464715,0
                99.6629174430001,17.95457938,0
                99.6630265110001,17.9545334750001,0
                99.663123205,17.954477495,0
                99.6632110990001,17.9544232330001,0
                99.6633077400001,17.954352074,0
                99.6633903270001,17.9542927740001,0
                99.66346058,17.954231824,0
                99.663534353,17.9541708620001,0
                99.6636291920001,17.9540895960001,0
                99.663715337,17.9540387120001,0
                99.6637909600001,17.954001351,0
                99.6638807100001,17.95397238,0
                99.663996936,17.953956803,0
                99.6640955570001,17.953944661,0
                99.6642469820001,17.9539171650001,0
                99.6643684250001,17.9538830230001,0
                99.664461691,17.953852349,0
                99.6645461250001,17.9538149580001,0
                99.6646129440001,17.953779319,0
                99.6646709080001,17.9537319,0
                99.664718307,17.9536845220001,0
                99.6647972320001,17.9535881310001,0
                99.665033957,17.9532854620001,0
                99.6650812930001,17.9532229060001,0
                99.6651428110001,17.9531822270001,0
                99.665220225,17.953153292,0
                99.6652977290001,17.953147965,0
                99.6653593980001,17.953147754,0
                99.6654404540001,17.953150852,0
                99.665532129,17.953165713,0
                99.6656379390001,17.9531906440001,0
                99.665724373,17.9532173310001,0
                99.665772018,17.953237405,0
                99.6658321100001,17.9532877890001,0
                99.665894145,17.9533853830001,0
                99.6659456530001,17.953496504,0
                99.66598487,17.953617788,0
                99.6660204670001,17.953713787,0
                99.6660453650001,17.953774412,0
                99.66609142,17.953840019,0
                99.6661481780001,17.953941002,0
                99.6662119640001,17.9540369060001,0
                99.6662845120001,17.954119287,0
                99.6663535220001,17.954198311,0
                99.6664047960001,17.9542453500001,0
                99.6664560090001,17.954277216,0
                99.666563668,17.9543257500001,0
                99.6667382370001,17.9543622480001,0
                99.6668775050001,17.954383697,0
                99.667009744,17.9544085370001,0
                99.667189567,17.9544365880001,0
                99.6672811670001,17.954431212,0
                99.667348028,17.954407374,0
                99.6674359720001,17.954366599,0
                99.6675027910001,17.954330957,0
                99.667622297,17.9542496020001,0
                99.6677119060001,17.9541835270001,0
                99.6677925920001,17.954087128,0
                99.667845195,17.954019492,0
                99.667874946,17.953965426,0
                99.667902913,17.953906311,0
                99.6679044780001,17.953854028,0
                99.6678988460001,17.9537612990001,0
                99.6678879010001,17.9536618430001,0
                99.6678945200001,17.953547148,0
                99.6679048380001,17.9534796570001,0
                99.6679362500001,17.9534002930001,0
                99.667967762,17.9533462220001,0
                99.6681624270001,17.953104404,0
                99.6682640770001,17.952960719,0
                99.6683147690001,17.9528526140001,0
                99.6683391620001,17.952780021,0
                99.6683424560001,17.952719302,0
                99.6683140150001,17.952651947,0
                99.6682538860001,17.95259313,0
                99.6681390860001,17.952519325,0
                99.6679660790001,17.952428857,0
                99.667738382,17.9523183430001,0
                99.6676271870001,17.952266448,0
                99.6675724230001,17.952227851,0
                99.667538822,17.95219424,0
                99.6675086860001,17.9521454370001,0
                99.667490887,17.9520982830001,0
                99.667471231,17.952024151,0
                99.6674621550001,17.951953356,0
                99.6674689640001,17.9518892510001,0
                99.6674862390001,17.951798132,0
                99.6675035370001,17.951712066,0
                99.6675365950001,17.951600655,0
                99.6675555670001,17.9514926640001,0
                99.66755534,17.9514319570001,0
                99.6675445750001,17.9513797160001,0
                99.6675161570001,17.951319105,0
                99.6674646170001,17.9512012390001,0
                99.66743087,17.9511288410001,0
                99.6673936070001,17.951058146,0
                99.6673545820001,17.9509874510001,0
                99.66731559,17.9509268780001,0
                99.66724659,17.9508495440001,0
                99.6671316590001,17.9507403280001,0
                99.666910661,17.9505370410001,0
                99.666724995,17.950358925,0
                99.666608362,17.950266576,0
                99.666511115,17.9501741610001,0
                99.666390817,17.95004304,0
                99.6663394870001,17.9499808210001,0
                99.6662650760001,17.949869775,0
                99.6661676250001,17.9497234020001,0
                99.666112646,17.949627465,0
                99.6660434810001,17.9495062870001,0
                99.6659191950001,17.9492520760001,0
                99.6658428140001,17.9490853890001,0
                99.6657752140001,17.948911928,0
                99.6657555240001,17.9488293650001,0
                99.6657446940001,17.94876026,0
                99.6657354930001,17.948655741,0
                99.665726164,17.948517494,0
                99.6657328480001,17.948419659,0
                99.665739639,17.9483505000001,0
                99.6657604590001,17.948264425,0
                99.6657918340001,17.948174938,0
                99.665839098,17.948092146,0
                99.665996948,17.947901051,0
                99.666195197,17.9476760850001,0
                99.6663654850001,17.9475136130001,0
                99.6665129880001,17.947381573,0
                99.666583239,17.9473223100001,0
                99.6666183040001,17.9472766590001,0
                99.6666322190001,17.947227706,0
                99.6666302510001,17.94717375,0
                99.6666159490001,17.9471181500001,0
                99.666594655,17.947077752,0
                99.6665540170001,17.947045851,0
                99.6665010840001,17.9470257950001,0
                99.6664305720001,17.947015919,0
                99.666349504,17.9470094500001,0
                99.6662667320001,17.9470181670001,0
                99.6661663850001,17.947038747,0
                99.6661048190001,17.947065943,0
                99.6660397320001,17.9470931450001,0
                99.6659694430001,17.94714229,0
                99.6659097040001,17.94718634,0
                99.66586406,17.94723034,0
                99.665814971,17.947294589,0
                99.6657553740001,17.9473757390001,0
                99.665658916,17.947495799,0
                99.6655517620001,17.9475804850001,0
                99.6654409800001,17.9476382010001,0
                99.6653142970001,17.9476841650001,0
                99.6650539270001,17.947786235,0
                99.6649202300001,17.947840656,0
                99.664800621,17.9478933450001,0
                99.6646107070001,17.947991803,0
                99.6644366,17.9480767110001,0
                99.6643258110001,17.948132742,0
                99.6642519900001,17.94818021,0
                99.6641325480001,17.94827674,0
                99.6640254210001,17.948369857,0
                99.663939385,17.9484494110001,0
                99.6638761460001,17.948500214,0
                99.6638164020001,17.9485425770001,0
                99.663744292,17.9485765490001,0
                99.6636739200001,17.948603774,0
                99.6636281440001,17.9486123630001,0
                99.6635699920001,17.9486091860001,0
                99.663506495,17.9485908560001,0
                99.6634217180001,17.9485354920001,0
                99.6633721690001,17.9484766420001,0
                99.6633189290001,17.9483739570001,0
                99.663171252,17.9479866040001,0
                99.6631106680001,17.947804682,0
                99.663080532,17.947754198,0
                99.6630434050001,17.947720599,0
                99.6629939800001,17.94769547,0
                99.6629586880001,17.947680415,0
                99.6629023310001,17.9476856640001,0
                99.662847775,17.947702716,0
                99.6627791720001,17.9477316140001,0
                99.6626877360001,17.947780832,0
                99.6626015610001,17.9478232860001,0
                99.6624960670001,17.9478809820001,0
                99.662365998,17.9479640540001,0
                99.662272849,17.948025081,0
                99.6622008050001,17.948077604,0
                99.6621392910001,17.9481182870001,0
                99.6620513280001,17.9481523110001,0
                99.6619510040001,17.9481796370001,0
                99.6618805670001,17.9481899900001,0
                99.661806611,17.9482020510001,0
                99.6617114810001,17.9482040610001,0
                99.661621595,17.9481959350001,0
                99.6615370010001,17.948189475,0
                99.6614523550001,17.948167841,0
                99.661385329,17.9481478340001,0
                99.6613199670001,17.9481025270001,0
                99.6612686770001,17.9480487380001,0
                99.6612226380001,17.9479865000001,0
                99.6611301610001,17.947834765,0
                99.6611017820001,17.947783144,0
                99.661078021,17.947711273,0
                99.661075441,17.947648326,0
                99.6610728810001,17.9475921260001,0
                99.6610797210001,17.9475358890001,0
                99.6610912680001,17.9474818890001,0
                99.6611286660001,17.9474322950001,0
                99.661170843,17.947402922,0
                99.6612365860001,17.947393705,0
                99.6613187720001,17.947384427,0
                99.661513804,17.947399503,0
                99.661708864,17.947421326,0
                99.661833383,17.9474253980001,0
                99.6619414240001,17.9474205340001,0
                99.6620658430001,17.947397623,0
                99.662232348,17.9473206100001,0
                99.6623237510001,17.947264084,0
                99.6624220960001,17.9471783070001,0
                99.662607113,17.9470270320001,0
                99.662656272,17.946979646,0
                99.6626773010001,17.9469503440001,0
                99.6626771160001,17.9469008780001,0
                99.6626440730001,17.946858272,0
                99.6625711070001,17.946820298,0
                99.6624064630001,17.946764645,0
                99.6621995080001,17.946702397,0
                99.6620372680001,17.9466624770001,0
                99.6618843960001,17.946613531,0
                99.6617479380001,17.9465577830001,0
                99.6616515090001,17.946526636,0
                99.661545731,17.9465090050001,0
                99.6614165220001,17.9465071990001,0
                99.661266196,17.9465122080001,0
                99.6611628790001,17.946523803,0
                99.6610502060001,17.946546669,0
                99.6608625110001,17.946610263,0
                99.660695945,17.9466692890001,0
                99.6604660980001,17.9467690020001,0
                99.660327753,17.946836929,0
                99.6601824160001,17.9469206160001,0
                99.6600676100001,17.9470019510001,0
                99.659934111,17.947110331,0
                99.6597889080001,17.9472299930001,0
                99.6593790910001,17.947575396,0
                99.659240878,17.9476792940001,0
                99.659170594,17.9477312500001,0
                99.6591166490001,17.9477539150001,0
                99.6590344160001,17.9477496980001,0
                99.658966273,17.947745432,0
                99.658909845,17.947732134,0
                99.6588438960001,17.9476851370001,0
                99.6587684150001,17.9476022010001,0
                99.6586551670001,17.947469928,0
                99.6585181520001,17.9472635330001,0
                99.6583315830001,17.9469965980001,0
                99.6582299840001,17.9468373020001,0
                99.6581733890001,17.946779034,0
                99.658171409,17.946777248,0
                99.658007663,17.946520105,0
                99.6577666270001,17.9460148680001,0
                99.6563989700001,17.9455074970001,0
                99.6552613160001,17.944859362,0
                99.653855992,17.94405872,0
                99.653066735,17.9437162090001,0
                99.6526791380001,17.943640809,0
                99.652158307,17.943655343,0
                99.651410808,17.943772906,0
                99.6503564020001,17.943968195,0
                99.648915048,17.9442670400001,0
                99.6478201510001,17.9443473970001,0
                99.6468455,17.944440131,0
                99.6460313040001,17.944583462,0
                99.6452441430001,17.944816186,0
                99.6447907400001,17.945009451,0
                99.644084498,17.9454592270001,0
                99.6432580920001,17.9459221810001,0
                99.6420715790001,17.9465269460001,0
                99.6416582350001,17.9467200710001,0
                99.6411779250001,17.9468622790001,0
                99.6405108580001,17.947069019,0
                99.6395505080001,17.9474301330001,0
                99.6386165480001,17.947701663,0
                99.6376562360001,17.9480755480001,0
                99.6368024500001,17.948359592,0
                99.6364554640001,17.948437432,0
                99.636161631,17.948438394,0
                99.635853936,17.9482987800001,0
                99.635506035,17.948120944,0
                99.635291426,17.947865972,0
                99.6350367470001,17.9476111280001,0
                99.6347152880001,17.947356504,0
                99.6343806570001,17.9471530540001,0
                99.634139701,17.9470004340001,0
                99.633992101,17.946809161,0
                99.6340178080001,17.9465278320001,0
                99.6340833630001,17.9461824530001,0
                99.634229367,17.9459262990001,0
                99.6345215100001,17.9454523430001,0
                99.6349339480001,17.9450035610001,0
                99.6354262020001,17.944465031,0
                99.635932579,17.944143777,0
                99.636572426,17.943796521,0
                99.637198959,17.943462085,0
                99.6376521430001,17.9432049260001,0
                99.6383721160001,17.942857395,0
                99.6385755780001,17.9427782700001,0
                99.639532456,17.9424061460001,0
                99.640025882,17.942199982,0
                99.640812764,17.941890577,0
                99.6414263440001,17.9416712280001,0
                99.641839765,17.9415036720001,0
                99.6421594700001,17.9412725070001,0
                99.6424787590001,17.940926286,0
                99.6427309470001,17.940490803,0
                99.642915987,17.939953271,0
                99.642994274,17.939441657,0
                99.6430188590001,17.9388535190001,0
                99.643004121,17.9384700530001,0
                99.642975656,17.937984366,0
                99.6428941390001,17.9376011200001,0
                99.6427049470001,17.9369881220001,0
                99.6424230590001,17.936592755,0
                99.6420879330001,17.9362486970001,0
                99.6417665310001,17.936006865,0
                99.6410439680001,17.935625735,0
                99.6403754760001,17.935423397,0
                99.639453002,17.935157975,0
                99.638544025,17.9349308550001,0
                99.6379158300001,17.9347922920001,0
                99.6372771060001,17.9346798230001,0
                99.637274371,17.9346793440001,0
                99.6367265380001,17.934604436,0
                99.6360984820001,17.9345042200001,0
                99.6355375670001,17.934506055,0
                99.6350972150001,17.934609767,0
                99.6343632750001,17.9347783540001,0
                99.633723091,17.935023335,0
                99.633229041,17.935050511,0
                99.632681113,17.9349500270001,0
                99.6322259020001,17.934631912,0
                99.631877359,17.934262313,0
                99.6315818180001,17.933777487,0
                99.6313394780001,17.9332285670001,0
                99.6312843840001,17.9327557460001,0
                99.6312830250001,17.9323722350001,0
                99.6313747880001,17.93188615,0
                99.6316397090001,17.9312716640001,0
                99.6322242410001,17.930400461,0
                99.6327961370001,17.92973384,0
                99.6331416350001,17.9292469270001,0
                99.633287265,17.928888505,0
                99.6333393630001,17.9285176060001,0
                99.633311608,17.928223668,0
                99.6332171750001,17.927955512,0
                99.632989325,17.9277261440001,0
                99.63270829,17.9275608680001,0
                99.6321762050001,17.927264947,0
                99.6321930170001,17.9263562670001,0
                99.63215605,17.9257624110001,0
                99.6321814030001,17.925048229,0
                99.6321804090001,17.9247679330001,0
                99.6322146040001,17.9245809510001,0
                99.632276899,17.924453945,0
                99.632353139,17.924326896,0
                99.632959128,17.9241714240001,0
                99.6332724490001,17.9240569510001,0
                99.633391374,17.923959516,0
                99.6334114800001,17.923943041,0
                99.6334669240001,17.9238494270001,0
                99.6334519100001,17.923700458,0
                99.633438018,17.9235625470001,0
                99.6333815300001,17.9233625160001,0
                99.633178737,17.923189655,0
                99.6329830820001,17.9230634910001,0
                99.6328712980001,17.922997115,0
                99.632766416,17.9229106970001,0
                99.6327381280001,17.9227973330001,0
                99.632751619,17.9226704860001,0
                99.6330704640001,17.9221488910001,0
                99.63348053,17.921793843,0
                99.6335219810001,17.9216869250001,0
                99.633563574,17.921620052,0
                99.633563242,17.9215266160001,0
                99.6335211030001,17.921439994,0
                99.6335137040001,17.9213198890001,0
                99.6335272690001,17.921213064,0
                99.6335618420001,17.9211328660001,0
                99.6336244190001,17.921085944,0
                99.6339097570001,17.920944864,0
                99.634083854,17.9208909060001,0
                99.6341532100001,17.920790572,0
                99.6341946580001,17.9206836550001,0
                99.634214983,17.9205167430001,0
                99.6341657290001,17.9203901010001,0
                99.634039816,17.92027038,0
                99.6339137800001,17.920117292,0
                99.6338646980001,17.920037365,0
                99.6338502790001,17.91990394,0
                99.6338498050001,17.9197704640001,0
                99.6338494720001,17.919677032,0
                99.6339258030001,17.9195766760001,0
                99.6344259950001,17.9190811760001,0
                99.6347250060001,17.918866639,0
                99.6349055470001,17.9186658350001,0
                99.6349608460001,17.918532177,0
                99.6349603230001,17.918385356,0
                99.6349588730001,17.917978256,0
                99.6349788110001,17.9177045610001,0
                99.6352897890001,17.916936053,0
                99.635291754,17.9168846420001,0
                99.635302547,17.9166023180001,0
                99.635273924,17.9163955270001,0
                99.635259385,17.9162287290001,0
                99.6352867450001,17.9160818130001,0
                99.6353976,17.91588791,0
                99.635396696,17.9156343080001,0
                99.635200335,17.91530793,0
                99.6346611650001,17.9146423060001,0
                99.634143415,17.9141167600001,0
                99.6337307360001,17.9137310180001,0
                99.6332970730001,17.913325328,0
                99.6332822970001,17.9133158220001,0
                99.6328429000001,17.913033156,0
                99.632591532,17.912920517,0
                99.6324655500001,17.9127807740001,0
                99.632437097,17.9126206940001,0
                99.63247391,17.9123377350001,0
                99.6324839110001,17.912233428,0
                99.6325095990001,17.912163827,0
                99.6326235530001,17.912118767,0
                99.6328205230001,17.912083366,0
                99.6330018890001,17.9120331190001,0
                99.633141718,17.9119730790001,0
                99.6331829650001,17.9119034280001,0
                99.6332034650001,17.9118338440001,0
                99.6333312310001,17.911297151,0
                99.633429182,17.9111280010001,0
                99.633542778,17.910983634,0
                99.6338895810001,17.9107838790001,0
                99.634495513,17.9105236990001,0
                99.635153873,17.9104222400001,0
                99.6358853230001,17.910454612,0
                99.6365391020001,17.910521988,0
                99.63695441,17.910624909,0
                99.637588361,17.9109505550001,0
                99.6378325470001,17.9110639630001,0
                99.638102437,17.911112733,0
                99.6384862520001,17.9111114740001,0
                99.638745611,17.9111155910001,0
                99.6389166450001,17.911080267,0
                99.6396116510001,17.911073022,0
                99.640555496,17.9110301910001,0
                99.6410532240001,17.910973933,0
                99.6414419640001,17.9108981680001,0
                99.6418095980001,17.9107231630001,0
                99.6424104500001,17.9104977320001,0
                99.642777923,17.9102780320001,0
                99.643808231,17.9095240030001,0
                99.6439069080001,17.909447325,0
                99.6442702850001,17.909164957,0
                99.6448287490001,17.908693037,0
                99.645235998,17.9084798210001,0
                99.645739539,17.9081206340001,0
                99.6461320910001,17.9076691220001,0
                99.6466211480001,17.907131223,0
                99.6470614840001,17.9065074120001,0
                99.6474126960001,17.906180265,0
                99.648081532,17.9055572560001,0
                99.6481316540001,17.9055146590001,0
                99.6486054910001,17.9051119220001,0
                99.6492119760001,17.904540522,0
                99.649701425,17.904115162,0
                99.6500736980001,17.903796125,0
                99.6507844110001,17.9033634030001,0
                99.6510360060001,17.903181434,0
                99.6513913630001,17.9029244060001,0
                99.651906292,17.9026398340001,0
                99.652188407,17.902462336,0
                99.652384247,17.902226274,0
                99.6526904720001,17.901919225,0
                99.652935487,17.9016829990001,0
                99.6531687250001,17.901588056,0
                99.6535495310001,17.9015043900001,0
                99.6539918940001,17.9014440510001,0
                99.6543363810001,17.901513515,0
                99.6544229090001,17.9016426970001,0
                99.654559308,17.901960031,0
                99.6547445370001,17.902183042,0
                99.6547897300001,17.9022001700001,0
                99.655052315,17.9022997070001,0
                99.6555135460001,17.902384258,0
                99.6555831780001,17.9024110390001,0
                99.655753926,17.9025327460001,0
                99.6559117200001,17.902632693,0
                99.6559813520001,17.902735125,0
                99.6560013650001,17.902955639,0
                99.6559411910001,17.903308947,0
                99.6559422290001,17.9035914250001,0
                99.6559797200001,17.9037560800001,0
                99.6561526130001,17.903967363,0
                99.6563868920001,17.904154894,0
                99.6567580210001,17.9042719450001,0
                99.657124722,17.9043150300001,0
                99.6578136860001,17.904338399,0
                99.6586376450001,17.904406233,0
                99.6590925200001,17.9044046930001,0
                99.6593628560001,17.9043684700001,0
                99.6595224180001,17.9042973090001,0
                99.6596815010001,17.904096677,0
                99.6598405840001,17.9038960450001,0
                99.6598636680001,17.903868834,0
                99.6600063370001,17.90378622,0
                99.6601931430001,17.9037622490001,0
                99.660420774,17.9037925970001,0
                99.660738166,17.9039237700001,0
                99.6611367840001,17.904046888,0
                99.6613889100001,17.9041082640001,0
                99.6616651850001,17.904107325,0
                99.6618275540001,17.904067878,0
                99.6620391150001,17.9039503020001,0
                99.6620951520001,17.9039191590001,0
                99.662281723,17.9038329470001,0
                99.662419775,17.9038091410001,0
                99.662533475,17.9037931930001,0
                99.6627042320001,17.903823732,0
                99.662818277,17.9039011400001,0
                99.6629242870001,17.9040019080001,0
                99.6630167260001,17.904043847,0
                99.663111498,17.9040868440001,0
                99.6633228790001,17.9041172440001,0
                99.6641439200001,17.9042077990001,0
                99.664428666,17.904300178,0
                99.664656419,17.9043616380001,0
                99.6647864290001,17.904361195,0
                99.66494871,17.9042984020001,0
                99.6650622650001,17.9042435590001,0
                99.6651072490001,17.9042332650001,0
                99.6652002880001,17.9042119700001,0
                99.6653952450001,17.904195744,0
                99.6655659400001,17.90421072,0
                99.665663624,17.904257064,0
                99.6658263990001,17.904326521,0
                99.665965176,17.904497194,0
                99.6660473600001,17.9047458530001,0
                99.66615375,17.9049477560001,0
                99.666196675,17.9050615400001,0
                99.6662358180001,17.9051653,0
                99.6663988010001,17.905289214,0
                99.6667975130001,17.905435659,0
                99.6668319090001,17.905441673,0
                99.6672772510001,17.905519585,0
                99.66785409,17.905494268,0
                99.6684827970001,17.9054642410001,0
                99.6687315230001,17.9054523610001,0
                99.6691378940001,17.905474301,0
                99.6694468760001,17.9055276940001,0
                99.6696256990001,17.9055426420001,0
                99.6697786510001,17.905532351,0
                99.6698694150001,17.90552624,0
                99.670072555,17.905525541,0
                99.6703245990001,17.9055635720001,0
                99.6704141880001,17.9056177200001,0
                99.6705123420001,17.905788531,0
                99.6705949120001,17.906138318,0
                99.670598355,17.90614363,0
                99.670791073,17.906441042,0
                99.6708890520001,17.906565173,0
                99.6710517720001,17.9066190680001,0
                99.6711167760001,17.906618844,0
                99.6712174070001,17.906573085,0
                99.6712546790001,17.9065561370001,0
                99.671481713,17.9063900080001,0
                99.6714896840001,17.9063841780001,0
                99.6718691060001,17.9057216140001,0
                99.6719891590001,17.9054458640001,0
                99.6720790400001,17.905287244,0
                99.672199989,17.905187266,0
                99.672286462,17.9051371890001,0
                99.672424994,17.905103523,0
                99.6726330100001,17.9051111000001,0
                99.6728584510001,17.905143507,0
                99.6733525050001,17.90516669,0
                99.67362103,17.905132575,0
                99.6738287630001,17.9050654800001,0
                99.6739762980001,17.904980729,0
                99.6746447390001,17.90458826,0
                99.6749021890001,17.9044983540001,0
                99.6751275760001,17.9043493520001,0
                99.675209163,17.904236198,0
                99.675405428,17.9040379150001,0
                99.6755456760001,17.9039116860001,0
                99.675667262,17.9038124620001,0
                99.675685473,17.9038021220001,0
                99.675839554,17.9037338630001,0
                99.6760576510001,17.903698283,0
                99.6760674600001,17.9036982490001,0
                99.6763365020001,17.9036973140001,0
                99.6766640210001,17.9037426040001,0
                99.6774167600001,17.904018562,0
                99.678800428,17.9044200000001,0
                99.6800742820001,17.904636092,0
                99.680902738,17.9047736630001,0
                99.6810326940001,17.9047952440001,0
                99.682197924,17.9051393820001,0
                99.6829021830001,17.9055076330001,0
                99.6835814740001,17.9055059620001,0
                99.6845883020001,17.905641711,0
                99.6851585270001,17.90574417,0
                99.685583137,17.905812322,0
                99.68597106,17.905799346,0
                99.68603024,17.905788553,0
                99.686538253,17.905695915,0
                99.687212415,17.9055050800001,0
                99.6880300760001,17.9053394050001,0
                99.6884337500001,17.905297279,0
                99.6890824720001,17.905417076,0
                99.690061073,17.9056476170001,0
                99.6914005990001,17.9057751290001,0
                99.6929535830001,17.906135878,0
                99.6943156010001,17.906578691,0
                99.6954226110001,17.9070325750001,0
                99.6959329900001,17.9071019730001,0
                99.6963156900001,17.907131126,0
                99.696857359,17.9070477940001,0
                99.697749005,17.90678007,0
                99.6983964680001,17.906574262,0
                99.6986835580001,17.906613931,0
                99.6991413650001,17.906825944,0
                99.6995786360001,17.907221169,0
                99.6999205000001,17.9076777760001,0
                99.700006596,17.907952172,0
                99.7000405570001,17.90848111,0
                99.7000871370001,17.909518711,0
                99.7000774300001,17.9097527530001,0
                99.7001842620001,17.909894809,0
                99.7003172930001,17.9099895790001,0
                99.7003547800001,17.9100162820001,0
                99.7008600500001,17.9103361430001,0
                99.7009624070001,17.9104009390001,0
                99.7010472150001,17.9104186640001,0
                99.701284607,17.9103459510001,0
                99.701509538,17.9102852620001,0
                99.701872113,17.9102360520001,0
                99.7021845610001,17.910163072,0
                99.7025472300001,17.9101378130001,0
                99.7028599110001,17.910124707,0
                99.7031729240001,17.9101954290001,0
                99.703373496,17.9103024840001,0
                99.7037494790001,17.9104807640001,0
                99.7042629700001,17.9106345880001,0
                99.7048640260001,17.9107880990001,0
                99.705302224,17.910882316,0
                99.7056778800001,17.9109767630001,0
                99.705916029,17.9110956550001,0
                99.7061167460001,17.911238634,0
                99.7063304440001,17.9115013250001,0
                99.7066068810001,17.91181169,0
                99.7069206560001,17.9120740180001,0
                99.7073097730001,17.912407924,0
                99.7075984830001,17.912658365,0
                99.7078742590001,17.9128010740001,0
                99.7082250430001,17.912931529,0
                99.70851823,17.912948564,0
                99.7086129260001,17.912954067,0
                99.7090007200001,17.912952655,0
                99.709500855,17.912890954,0
                99.7100006530001,17.912745419,0
                99.7103503880001,17.912612413,0
                99.71057532,17.9125517140001,0
                99.7107754640001,17.9125509830001,0
                99.71107593,17.912609763,0
                99.711463957,17.9126682200001,0
                99.7118516960001,17.912654828,0
                99.712214368,17.912629549,0
                99.7125269580001,17.912592478,0
                99.712877216,17.9125911950001,0
                99.7130401750001,17.9126744270001,0
                99.7132412320001,17.91290123,0
                99.7134174170001,17.913164051,0
                99.713694348,17.913594163,0
                99.7138954060001,17.913820962,0
                99.714084008,17.9140597840001,0
                99.7142596690001,17.9141908710001,0
                99.7145229860001,17.914345591,0
                99.7147109650001,17.9144287280001,0
                99.714949076,17.9145356390001,0
                99.7152746570001,17.914618272,0
                99.7156502280001,17.9146887420001,0
                99.7159880780001,17.9147114510001,0
                99.7161887070001,17.9146845080001,0
                99.7163340330001,17.9146433500001,0
                99.7178115140001,17.914224894,0
                99.7190908110001,17.914102687,0
                99.7201241970001,17.9138639,0
                99.7207374450001,17.913777715,0
                99.7214040330001,17.9138759420001,0
                99.723054743,17.9145579250001,0
                99.7250444210001,17.9154148050001,0
                99.7250980480001,17.91544416,0
                99.7257124260001,17.9157891630001,0
                99.726201517,17.9160867320001,0
                99.726715573,17.9163722280001,0
                99.7270797670001,17.916718163,0
                99.727631945,17.9171472190001,0
                99.7280460320001,17.9174570380001,0
                99.7283091740001,17.917563838,0
                99.7285722680001,17.9176586560001,0
                99.7292102580001,17.9176562650001,0
                99.7299734910001,17.9176893310001,0
                99.7304988430001,17.9176753830001,0
                99.7308241900001,17.917698111,0
                99.7310621680001,17.9177690710001,0
                99.7313253140001,17.917875866,0
                99.7315760960001,17.9180186290001,0
                99.7320404750001,17.918388131,0
                99.7326680230001,17.918888743,0
                99.7331954000001,17.9193657860001,0
                99.7336220610001,17.91968752,0
                99.733897917,17.9198421610001,0
                99.7341736230001,17.9199608800001,0
                99.7345118800001,17.9200793570001,0
                99.735012618,17.9201612950001,0
                99.7355505830001,17.920171238,0
                99.7360509750001,17.920169345,0
                99.736401249,17.9201680190001,0
                99.7368139690001,17.9201425040001,0
                99.736960906,17.920141947,0
                99.7371614310001,17.920173941,0
                99.737323411,17.920294782,0
                99.737427901,17.920460013,0
                99.7374170950001,17.920636717,0
                99.7374063390001,17.920824462,0
                99.7373032190001,17.9209904800001,0
                99.73693504,17.921212704,0
                99.7364054350001,17.9214465810001,0
                99.7362673910001,17.921535438,0
                99.736176029,17.921756612,0
                99.7361768410001,17.9219531520001,0
                99.7363233,17.9221824310001,0
                99.736350911,17.9222086550001,0
                99.7366865420001,17.922483422,0
                99.737034028,17.922835435,0
                99.7374043080001,17.923121114,0
                99.7377655830001,17.9233105550001,0
                99.7377779000001,17.9233243780001,0
                99.738016181,17.923467185,0
                99.738404932,17.9236932430001,0
                99.7387057220001,17.9238238360001,0
                99.739119396,17.9240258460001,0
                99.7394951430001,17.9241322020001,0
                99.7399710230001,17.9242501470001,0
                99.7407722610001,17.9243908070001,0
                99.7414985880001,17.924567671,0
                99.7422493920001,17.924612708,0
                99.7429372450001,17.9245621800001,0
                99.743374895,17.9245126060001,0
                99.743900018,17.924438745,0
                99.7445004,17.924412497,0
                99.7449756780001,17.924386725,0
                99.745388614,17.924409095,0
                99.7457643130001,17.9245034570001,0
                99.7464776850001,17.924572572,0
                99.7465872670001,17.924612697,0
                99.747145769,17.9246546310001,0
                99.747853213,17.9247895390001,0
                99.750095274,17.9251708510001,0
                99.751892991,17.9253015410001,0
                99.752772657,17.9253517110001,0
                99.752788481,17.925344872,0
                99.7532369850001,17.925343135,0
                99.753701113,17.9254210230001,0
                99.7542598860001,17.9255147960001,0
                99.7549016010001,17.9256224850001,0
                99.7559212400001,17.9259167220001,0
                99.7570504170001,17.9266119380001,0
                99.7575191380001,17.9269541840001,0
                99.757819295,17.9271021100001,0
                99.7581548150001,17.9271122710001,0
                99.759593625,17.926809325,0
                99.7599027150001,17.926795785,0
                99.760957579,17.9269178170001,0
                99.7619411460001,17.927177757,0
                99.7633210220001,17.9276540440001,0
                99.764616942,17.9281077110001,0
                99.7648139300001,17.9281601660001,0
                99.765720479,17.928401561,0
                99.7661517480001,17.928388393,0
                99.7663910690001,17.9283186380001,0
                99.766713968,17.928179738,0
                99.7672503540001,17.927809778,0
                99.76755017,17.927602988,0
                99.7682538290001,17.927178124,0
                99.768632262,17.927002207,0
                99.7700744400001,17.92673283,0
                99.7707334410001,17.9267416870001,0
                99.7717290510001,17.9270129930001,0
                99.7730737000001,17.9276499170001,0
                99.7738281650001,17.927944573,0
                99.774381872,17.928160819,0
                99.7762301450001,17.928887463,0
                99.777538732,17.929490091,0
                99.7777477240001,17.929586053,0
                99.77865839,17.929843082,0
                99.7791196700001,17.929945032,0
                99.7796952320001,17.929997558,0
                99.780281797,17.930051087,0
                99.78125644,17.9302894850001,0
                99.7819284920001,17.9305390980001,0
                99.7829358160001,17.930741486,0
                99.7838701950001,17.930703313,0
                99.7843011630001,17.930621295,0
                99.7846719710001,17.930482168,0
                99.784946629,17.930274621,0
                99.7852210340001,17.930009726,0
                99.7853636940001,17.9297568310001,0
                99.7854464970001,17.929515646,0
                99.7854888900001,17.9290585140001,0
                99.7854904000001,17.929042238,0
                99.7854922480001,17.9290222980001,0
                99.7855259660001,17.928517529,0
                99.7855966910001,17.9282534550001,0
                99.7857260600001,17.9279716250001,0
                99.785739096,17.9279432160001,0
                99.7860014140001,17.927655433,0
                99.786503548,17.9274125520001,0
                99.787174103,17.9272345750001,0
                99.7872537380001,17.927200084,0
                99.7878857490001,17.9267823710001,0
                99.788115577,17.9266643,0
                99.788834347,17.9261644650001,0
                99.78981464,17.925678787,0
                99.7902323910001,17.9253215520001,0
                99.7907577620001,17.9249180030001,0
                99.7911762730001,17.924732798,0
                99.7917390110001,17.9246502230001,0
                99.7923621140001,17.9246706230001,0
                99.793177412,17.9248049300001,0
                99.7939086980001,17.924905165,0
                99.7941482640001,17.924892717,0
                99.7947587190001,17.9247640670001,0
                99.795453546,17.924749756,0
                99.7956033600001,17.924749144,0
                99.7957650480001,17.924748482,0
                99.7960656860001,17.924791498,0
                99.7960767500001,17.9247930820001,0
                99.7961046950001,17.924807645,0
                99.7962489050001,17.9248828030001,0
                99.7963169290001,17.9249182560001,0
                99.7963374990001,17.9249556660001,0
                99.7966189090001,17.9254675290001,0
                99.796919915,17.925798894,0
                99.7972323880001,17.9260155220001,0
                99.797687866,17.9260595330001,0
                99.7981994690001,17.925993169,0
                99.7984182850001,17.9259647810001,0
                99.7989572640001,17.925928159,0
                99.7991888000001,17.9259778210001,0
                99.799377006,17.9260181870001,0
                99.799894082,17.926440413,0
                99.8000747250001,17.9266461120001,0
                99.8003868930001,17.9267939220001,0
                99.8006626580001,17.9268386630001,0
                99.801067802,17.9268466880001,0
                99.801490518,17.92678318,0
                99.8024968060001,17.9266567870001,0
                99.802992857,17.9266547400001,0
                99.8030768550001,17.926667944,0
                99.803554465,17.926743033,0
                99.80470704,17.927068569,0
                99.8054002470001,17.9268234420001,0
                99.8058248610001,17.926746832,0
                99.806013685,17.9267127640001,0
                99.806347572,17.926692578,0
                99.8065932260001,17.9267103610001,0
                99.806762027,17.926740755,0
                99.8070956540001,17.9268670760001,0
                99.807699115,17.927083742,0
                99.8080154400001,17.9272202560001,0
                99.8082168110001,17.92738324,0
                99.8083612080001,17.9276029320001,0
                99.8084557190001,17.9278612250001,0
                99.8086521810001,17.928398203,0
                99.8088861080001,17.929358634,0
                99.8090303560001,17.9295500910001,0
                99.8092480760001,17.929673457,0
                99.8097716620001,17.929810801,0
                99.8098136450001,17.929821809,0
                99.8105202820001,17.9297676030001,0
                99.8107341520001,17.929694946,0
                99.8113328910001,17.9294668950001,0
                99.8126703400001,17.929174242,0
                99.8131521500001,17.9291414740001,0
                99.8138372670001,17.9290668420001,0
                99.814811364,17.928949984,0
                99.815774278,17.92873065,0
                99.8172400010001,17.928386168,0
                99.8176358430001,17.9282922360001,0
                99.817881142,17.928065654,0
                99.8179763510001,17.927808944,0
                99.8179757280001,17.9276732540001,0
                99.8179747980001,17.927470627,0
                99.8180810040001,17.9272753860001,0
                99.8183804080001,17.927171603,0
                99.8188942940001,17.9271284320001,0
                99.8192978580001,17.927126732,0
                99.8194940530001,17.927125905,0
                99.8199443840001,17.927236781,0
                99.820319999,17.9272694220001,0
                99.8209489710001,17.9273240860001,0
                99.821069401,17.9273345570001,0
                99.821335758,17.9272948440001,0
                99.821699675,17.9269833130001,0
                99.8219022160001,17.926777411,0
                99.8221362740001,17.9264380980001,0
                99.822176745,17.9259253130001,0
                99.822261526,17.925730162,0
                99.8226888820001,17.9255028050001,0
                99.82332805,17.925500099,0
                99.8235242410001,17.9254992690001,0
                99.8238238770001,17.925446735,0
                99.8241128990001,17.9254147550001,0
                99.824476986,17.925402956,0
                99.824873252,17.9254012750001,0
                99.8252908380001,17.9253790010001,0
                99.8255475400001,17.925306145,0
                99.8260073000001,17.925140158,0
                99.826563159,17.924912244,0
                99.8269370940001,17.9247158630001,0
                99.8273111770001,17.9245502360001,0
                99.8275646750001,17.9245424150001,0
                99.827696679,17.9245383410001,0
                99.828071616,17.924557249,0
                99.8300552060001,17.925040907,0
                99.8306460100001,17.9254177130001,0
                99.8308510730001,17.9257551630001,0
                99.8309805950001,17.925969905,0
                99.831227921,17.9261841490001,0
                99.8315073850001,17.92639825,0
                99.831765277,17.926581685,0
                99.8321939610001,17.926641369,0
                99.8324907830001,17.926663767,0
                99.832579659,17.926670476,0
                99.8328901500001,17.9266486400001,0
                99.8331790290001,17.926585887,0
                99.8334779450001,17.926379566,0
                99.833744821,17.926193878,0
                99.834095705,17.9256490010001,0
                99.83430688,17.9250022030001,0
                99.834326473,17.9246125350001,0
                99.834388904,17.9242226810001,0
                99.8344310750001,17.924078965,0
                99.8345693900001,17.9238835840001,0
                99.834708085,17.92377021,0
                99.834749522,17.9237680480001,0
                99.8349222260001,17.923759037,0
                99.83512605,17.923829927,0
                99.8353196880001,17.9240136380001,0
                99.8354595390001,17.924146314,0
                99.8356958270001,17.924288834,0
                99.8359747590001,17.92439016,0
                99.836188995,17.924399486,0
                99.8364674530001,17.9243982880001,0
                99.836756081,17.924284275,0
                99.8370338620001,17.9241395440001,0
                99.837269184,17.92406988,0
                99.837279847,17.92406672,0
                99.8374619100001,17.924065936,0
                99.8376447460001,17.9242291900001,0
                99.8379138380001,17.9245150890001,0
                99.8381938350001,17.9248419570001,0
                99.8385270900001,17.925107079,0
                99.8388915570001,17.925177272,0
                99.839212945,17.9251963880001,0
                99.8395235260001,17.925195048,0
                99.8397801730001,17.9251119200001,0
                99.8401331620001,17.9250181260001,0
                99.8404545020001,17.925026992,0
                99.840808307,17.925107478,0
                99.8411736,17.925351958,0
                99.8415601660001,17.925565579,0
                99.8419154110001,17.9258710030001,0
                99.8421727090001,17.926003773,0
                99.842462111,17.9260537810001,0
                99.842708536,17.9260732180001,0
                99.842919312,17.9260723040001,0
                99.8431155060001,17.9260714540001,0
                99.843576366,17.926141219,0
                99.8438553590001,17.9262527870001,0
                99.8441565420001,17.926528284,0
                99.8444684870001,17.9268139970001,0
                99.8446722130001,17.9268643730001,0
                99.844929252,17.926863256,0
                99.8450348690001,17.9268627970001,0
                99.845293385,17.9268616730001,0
                99.8456895,17.926829195,0
                99.8459572470001,17.92682803,0
                99.846193107,17.9268782620001,0
                99.8465031370001,17.9270202050001,0
                99.846550021,17.927074309,0
                99.84664467,17.9272453780001,0
                99.8468606710001,17.9276237730001,0
                99.8469908450001,17.927971778,0
                99.847140784,17.9286531920001,0
                99.8471995100001,17.9289200740001,0
                99.847220726,17.929016507,0
                99.8473507620001,17.9293337570001,0
                99.847544854,17.9296097230001,0
                99.8480725740001,17.9302225550001,0
                99.8482788970001,17.9303262760001,0
                99.848662936,17.9304967890001,0
                99.8490595530001,17.9305668210001,0
                99.8494132800001,17.930626788,0
                99.849554303,17.9306336720001,0
                99.8496120600001,17.9306774890001,0
                99.849628259,17.9307898870001,0
                99.849704891,17.93113813,0
                99.849707288,17.9316404740001,0
                99.8496351050001,17.93222517,0
                99.8495939780001,17.932584175,0
                99.8495950050001,17.9327994660001,0
                99.8496457000001,17.93288505,0
                99.849681596,17.9329274510001,0
                99.850027115,17.9331145960001,0
                99.8505194750001,17.933159893,0
                99.8515526570001,17.93301416,0
                99.8522912340001,17.9329634760001,0
                99.8524915560001,17.932991934,0
                99.8529313500001,17.933054428,0
                99.8534256670001,17.9333821390001,0
                99.85371274,17.933685908,0
                99.8537951540001,17.9338922960001,0
                99.853856276,17.9343714870001,0
                99.8538687340001,17.934469258,0
                99.8539661520001,17.9349681730001,0
                99.8539755080001,17.935076587,0
                99.8540539140001,17.936167568,0
                99.8541623940001,17.937004234,0
                99.854235062,17.9373902830001,0
                99.8544026170001,17.9377521820001,0
                99.8547367130001,17.938137082,0
                99.8551175570001,17.9384302760001,0
                99.855474498,17.9386557720001,0
                99.855711344,17.938699921,0
                99.8560433710001,17.9386532670001,0
                99.8565507050001,17.938223113,0
                99.8577009670001,17.936875006,0
                99.858032445,17.936760765,0
                99.858257366,17.9367597720001,0
                99.858525715,17.9368816100001,0
                99.8588156370001,17.937034114,0
                99.8591165620001,17.9372480800001,0
                99.859653575,17.937553273,0
                99.859910771,17.9375828940001,0
                99.8600283870001,17.9375413600001,0
                99.8602156030001,17.9373045580001,0
                99.860752285,17.936625711,0
                99.860953947,17.9362454830001,0
                99.8611347350001,17.9359781320001,0
                99.8611532900001,17.935963633,0
                99.8616362400001,17.9355863210001,0
                99.8626932760001,17.9349049940001,0
                99.8629392110001,17.9348218810001,0
                99.8632391500001,17.9348308030001,0
                99.8634539050001,17.934942623,0
                99.8637232990001,17.935279752,0
                99.864166298,17.93607745,0
                99.8643435340001,17.936367074,0
                99.864310822,17.936529582,0
                99.8640903140001,17.936857037,0
                99.8639990710001,17.9372284890001,0
                99.86389483,17.9376367950001,0
                99.863896475,17.9379757070001,0
                99.863933203,17.9382478000001,0
                99.864112494,17.9385870620001,0
                99.864180747,17.938670358,0
                99.864676359,17.939011592,0
                99.8651754110001,17.9392138440001,0
                99.865697411,17.9392804410001,0
                99.8665985050001,17.9392764250001,0
                99.867356741,17.939136336,0
                99.8680162910001,17.938867445,0
                99.868317317,17.9386578150001,0
                99.8684410060001,17.938518914,0
                99.868718275,17.938271624,0
                99.86901642,17.937911468,0
                99.869208052,17.9376748070001,0
                99.8696873150001,17.93711905,0
                99.8706095940001,17.9351670080001,0
                99.8707186330001,17.933372386,0
                99.871088678,17.932386519,0
                99.871352722,17.9316266760001,0
                99.8715866300001,17.931277053,0
                99.8717888150001,17.9310095920001,0
                99.8720125740001,17.930772791,0
                99.8727376360001,17.930113395,0
                99.873025048,17.9297532740001,0
                99.8732695180001,17.92937285,0
                99.8735892560001,17.9290535970001,0
                99.87394147,17.92880596,0
                99.874229632,17.928599621,0
                99.8745284030001,17.928372729,0
                99.8749232050001,17.928073639,0
                99.8752108080001,17.9277545300001,0
                99.8755824250001,17.9270967200001,0
                99.8762039640001,17.9261804510001,0
                99.8764359890001,17.925845005,0
                99.8767259140001,17.9255262340001,0
                99.8768067240001,17.925381531,0
                99.8767742580001,17.925130875,0
                99.8766885740001,17.9249343180001,0
                99.8764932120001,17.9245818650001,0
                99.8763348940001,17.924379845,0
                99.8763039,17.9242293820001,0
                99.8763518200001,17.924130695,0
                99.8764907330001,17.924077938,0
                99.8770783450001,17.9242143050001,0
                99.877253732,17.924196137,0
                99.877392673,17.924149174,0
                99.8776035390001,17.9239628670001,0
                99.877805089,17.9237460370001,0
                99.8779225490001,17.9236196730001,0
                99.8779883660001,17.923468773,0
                99.8779939,17.9233644880001,0
                99.877920294,17.923162087,0
                99.8777602200001,17.9228806950001,0
                99.8777151610001,17.922706943,0
                99.8777358560001,17.922542165,0
                99.8777428810001,17.9222978770001,0
                99.877733489,17.922061543,0
                99.877691289,17.921848997,0
                99.8776077410001,17.921597236,0
                99.8775447630001,17.921408204,0
                99.8774740700001,17.9211959990001,0
                99.8773900200001,17.920841813,0
                99.877347586,17.9205819900001,0
                99.877230302,17.920164921,0
                99.8771295590001,17.9197635350001,0
                99.8770123900001,17.9193701030001,0
                99.8769201900001,17.9190317110001,0
                99.876869178,17.9187010160001,0
                99.8767686300001,17.9183390260001,0
                99.8767183160001,17.918150149,0
                99.8767168040001,17.917842867,0
                99.8767202970001,17.9177946670001,0
                99.8767322200001,17.9176300560001,0
                99.876821787,17.9174326740001,0
                99.876944623,17.91730605,0
                99.877133341,17.9171870110001,0
                99.8773467520001,17.9170678610001,0
                99.877593237,17.9169800770001,0
                99.877765573,17.916876873,0
                99.877962596,17.916773553,0
                99.8780608600001,17.9166706780001,0
                99.8781342330001,17.916528521,0
                99.878231676,17.916260187,0
                99.8783045490001,17.916015605,0
                99.8782948020001,17.915708357,0
                99.8783013280001,17.9153616400001,0
                99.8782667,17.915015114,0
                99.8782727930001,17.9145817260001,0
                99.8782628960001,17.914242963,0
                99.87826146,17.913951442,0
                99.878217899,17.913463124,0
                99.8781415010001,17.912990716,0
                99.8780573750001,17.9126207730001,0
                99.877965213,17.912290259,0
                99.8777906750001,17.9119443600001,0
                99.8776412130001,17.9116771430001,0
                99.8774752890001,17.911409995,0
                99.8774220860001,17.911344839,0
                99.8772765640001,17.9111666360001,0
                99.8770365710001,17.9108998250001,0
                99.8769205780001,17.910742763,0
                99.8766640860001,17.9104681480001,0
                99.8764819020001,17.910240469,0
                99.8763408300001,17.910004729,0
                99.8762576780001,17.90983176,0
                99.8761743700001,17.9096272730001,0
                99.876064091,17.909396406,0
                99.876057948,17.9093835410001,0
                99.87593295,17.909068936,0
                99.8758572900001,17.908746228,0
                99.8757404870001,17.908423703,0
                99.8756316380001,17.9080459900001,0
                99.8756140200001,17.907809693,0
                99.8755963610001,17.907565515,0
                99.875644847,17.907384074,0
                99.8757673680001,17.9071944250001,0
                99.875898238,17.90702837,0
                99.876143433,17.9066805780001,0
                99.8763067190001,17.9064119510001,0
                99.876453772,17.906190672,0
                99.8765598310001,17.9060010900001,0
                99.8766411270001,17.905843582,0
                99.876649511,17.905827344,0
                99.876657757,17.905784097,0
                99.876721719,17.9054488150001,0
                99.8767778980001,17.9051570280001,0
                99.876801189,17.9048732740001,0
                99.8768164100001,17.904621068,0
                99.8768230140001,17.904290111,0
                99.8768300460001,17.904045824,0
                99.8768529170001,17.9036753980001,0
                99.8768833180001,17.9031631080001,0
                99.876937942,17.902556163,0
                99.876960657,17.9021542190001,0
                99.8769833320001,17.901911947,0
                99.8769997540001,17.901736445,0
                99.877014779,17.901444842,0
                99.8770214630001,17.901129643,0
                99.877052984,17.9008458480001,0
                99.8770597450001,17.900546407,0
                99.8770583890001,17.90027064,0
                99.8770568790001,17.8999633550001,0
                99.877022529,17.8996719790001,0
                99.876947376,17.8994517,0
                99.8768230810001,17.8992789170001,0
                99.8765920340001,17.8991538880001,0
                99.8764084460001,17.8991062900001,0
                99.8763530630001,17.8990919290001,0
                99.8759903470001,17.8989674920001,0
                99.8755285990001,17.898788347,0
                99.8752895150001,17.8987027530001,0
                99.8750500470001,17.898538364,0
                99.8748516470001,17.898358032,0
                99.874727664,17.8982482810001,0
                99.87458703,17.898099206,0
                99.8744626220001,17.8979027840001,0
                99.8743877040001,17.897729779,0
                99.874353785,17.897525069,0
                99.8743608920001,17.8972965410001,0
                99.8744091130001,17.897059943,0
                99.8744984420001,17.8968152850001,0
                99.8746784080001,17.8965938630001,0
                99.8748996370001,17.896395888,0
                99.8751211790001,17.896260942,0
                99.8752689240001,17.896181486,0
                99.8753806450001,17.8961345380001,0
                99.875515304,17.896077947,0
                99.875577687,17.8960470380001,0
                99.8758683200001,17.8959030190001,0
                99.8761968780001,17.895775471,0
                99.8764351080001,17.8956877270001,0
                99.8767720850001,17.89559954,0
                99.8770600030001,17.895574605,0
                99.8774465910001,17.8955334680001,0
                99.877825182,17.8955396430001,0
                99.8782942230001,17.8955296460001,0
                99.8788044450001,17.8955273450001,0
                99.879191501,17.8955807520001,0
                99.8796499040001,17.895639884,0
                99.8798996980001,17.895672103,0
                99.8801468520001,17.895726143,0
                99.880509336,17.895803297,0
                99.880748183,17.895841612,0
                99.8809457300001,17.8958485950001,0
                99.8811102400001,17.8958320940001,0
                99.881340353,17.895768022,0
                99.8816277590001,17.895640653,0
                99.8819478880001,17.8954737380001,0
                99.882169462,17.895346665,0
                99.8824480540001,17.8951011500001,0
                99.882825278,17.8948315430001,0
                99.88288049,17.894787374,0
                99.8830629980001,17.8946413670001,0
                99.883440261,17.8943796410001,0
                99.8836286360001,17.8941975600001,0
                99.883898844,17.89392056,0
                99.8841444750001,17.893667313,0
                99.8846194710001,17.8932002810001,0
                99.8849305830001,17.8928758170001,0
                99.8853072950001,17.892503784,0
                99.8857085720001,17.8921079990001,0
                99.8859555220001,17.891854381,0
                99.886101581,17.8917043700001,0
                99.886193355,17.8916052220001,0
                99.886519042,17.891253352,0
                99.886871215,17.8909129420001,0
                99.887042207,17.8907200950001,0
                99.8871167250001,17.890636053,0
                99.8873541140001,17.8903828370001,0
                99.8875832400001,17.890121779,0
                99.8878123630001,17.8898607200001,0
                99.8880169170001,17.889623407,0
                99.8883196720001,17.8892753440001,0
                99.8884459930001,17.8891043,0
                99.8885240270001,17.888998639,0
                99.8887284210001,17.88872981,0
                99.888989984,17.8883740540001,0
                99.8891696540001,17.8880974620001,0
                99.8893327430001,17.887797306,0
                99.8894711460001,17.887497264,0
                99.8895932070001,17.8872209310001,0
                99.8896988880001,17.886960437,0
                99.8897711800001,17.886605538,0
                99.889798639,17.886489096,0
                99.8898437130001,17.8862979200001,0
                99.8898779610001,17.8860320960001,0
                99.8898833280001,17.885990448,0
                99.8899145520001,17.8856514980001,0
                99.8899370810001,17.885218036,0
                99.88994331,17.884816169,0
                99.8899659130001,17.884398468,0
                99.8899721810001,17.884004476,0
                99.890003371,17.883657649,0
                99.8900017220001,17.8833267260001,0
                99.890008536,17.8830430420001,0
                99.8899907050001,17.882767351,0
                99.8899730310001,17.8825231750001,0
                99.8899636230001,17.882286843,0
                99.8899457140001,17.8819953940001,0
                99.889944497,17.881751142,0
                99.889959934,17.8815462110001,0
                99.8899917130001,17.88131757,0
                99.8900567150001,17.881151808,0
                99.890154835,17.8810252920001,0
                99.890343075,17.880819575,0
                99.8907938070001,17.8804471880001,0
                99.8910724410001,17.8802174200001,0
                99.8913100920001,17.8800193490001,0
                99.891547582,17.879789767,0
                99.891768658,17.879568136,0
                99.8920144140001,17.879346394,0
                99.8922109600001,17.879156391,0
                99.892268099,17.8791149460001,0
                99.8922900350001,17.8790990360001,0
                99.8924077360001,17.879013663,0
                99.892694792,17.87882325,0
                99.8929985060001,17.8786721540001,0
                99.893195479,17.878568821,0
                99.893507576,17.8784492030001,0
                99.893696596,17.8784010590001,0
                99.894017159,17.8783286730001,0
                99.8943707910001,17.8782876550001,0
                99.894872697,17.8782774740001,0
                99.8953251870001,17.8782596400001,0
                99.8956379530001,17.8782739590001,0
                99.895975562,17.8783196800001,0
                99.8961568280001,17.878366123,0
                99.896395893,17.8784516960001,0
                99.8966268880001,17.878568822,0
                99.896857803,17.87867019,0
                99.8970722220001,17.878763753,0
                99.8972951040001,17.878904553,0
                99.8975677170001,17.879116034,0
                99.8978487210001,17.879358998,0
                99.898047116,17.879539305,0
                99.8981962610001,17.8797434800001,0
                99.8983787560001,17.8800341680001,0
                99.89842085,17.880223078,0
                99.898458453,17.880506913,0
                99.8984636180001,17.8805459280001,0
                99.898472918,17.8807586230001,0
                99.8984745820001,17.8810895390001,0
                99.898509398,17.881467581,0
                99.8985314230001,17.881590449,0
                99.8986436480001,17.8817621790001,0
                99.8990871380001,17.882168246,0
                99.899736422,17.8826316610001,0
                99.9006521320001,17.883101131,0
                99.9010944550001,17.8832739900001,0
                99.902031386,17.8834226970001,0
                99.902968392,17.883585973,0
                99.9038516040001,17.883647465,0
                99.9043462130001,17.883623308,0
                99.9047875050001,17.883592107,0
                99.905205671,17.8835027150001,0
                99.9060032450001,17.88318564,0
                99.9064890550001,17.882928309,0
                99.906572075,17.882789455,0
                99.9065787580001,17.8826072310001,0
                99.9065620600001,17.882315803,0
                99.9063086420001,17.8818724330001,0
                99.9060394860001,17.881327109,0
                99.905922215,17.880715486,0
                99.905635513,17.8797111210001,0
                99.9054122530001,17.8792093060001,0
                99.90525741,17.8786926020001,0
                99.9052405300001,17.878364732,0
                99.9052900400001,17.8780965940001,0
                99.9053382650001,17.8780065990001,0
                99.9057390790001,17.8776190730001,0
                99.9058372040001,17.877458286,0
                99.9059949990001,17.8770567290001,0
                99.9060545410001,17.876676542,0
                99.906133663,17.876472119,0
                99.9062652520001,17.876319418,0
                99.906583131,17.875968131,0
                99.907098143,17.875470168,0
                99.907649914,17.8750097670001,0
                99.907691964,17.874951637,0
                99.9080718770001,17.8745536810001,0
                99.9085159030001,17.8742468510001,0
                99.9090235800001,17.8739397210001,0
                99.9095315650001,17.8736935430001,0
                99.9101350270001,17.873446916,0
                99.9107387980001,17.8732612430001,0
                99.9112152640001,17.873076159,0
                99.9117237090001,17.8729214000001,0
                99.912422646,17.872674321,0
                99.9130905360001,17.872579768,0
                99.9137907160001,17.8725764870001,0
                99.9147136780001,17.8725721590001,0
                99.9154458390001,17.872599198,0
                99.9159288150001,17.8726739480001,0
                99.9167836380001,17.8728062440001,0
                99.9178034890001,17.87307573,0
                99.9181501880001,17.8731333260001,0
                99.9186954130001,17.873223909,0
                99.9196513040001,17.8734327350001,0
                99.9202166170001,17.873458929,0
                99.9204987410001,17.87344016,0
                99.921357463,17.8733218200001,0
                99.922167861,17.8730894190001,0
                99.9226709320001,17.8728234270001,0
                99.9229887850001,17.8725160440001,0
                99.923213644,17.872215899,0
                99.9234634360001,17.871643958,0
                99.9234700700001,17.8710261190001,0
                99.9233715190001,17.8704323060001,0
                99.923082019,17.869839396,0
                99.9227452540001,17.8693381350001,0
                99.9221486110001,17.868733418,0
                99.9221224680001,17.8687200580001,0
                99.921898732,17.868569602,0
                99.9217039100001,17.868446556,0
                99.9213649650001,17.8682690960001,0
                99.921055073,17.8681465930001,0
                99.9208174520001,17.8680926220001,0
                99.920544019,17.8680663650001,0
                99.9202634250001,17.8680470240001,0
                99.9199612930001,17.8680346800001,0
                99.919630425,17.86802935,0
                99.9194793950001,17.8680300620001,0
                99.9193208180001,17.867961942,0
                99.9191981650001,17.867886764,0
                99.9191041000001,17.867777016,0
                99.919053192,17.8676670620001,0
                99.9191377960001,17.8674466590001,0
                99.9193577340001,17.8673074710001,0
                99.920311499,17.8667174170001,0
                99.920482883,17.8666113900001,0
                99.9206605530001,17.8665049030001,0
                99.9207023170001,17.86637468,0
                99.9207015220001,17.866220277,0
                99.9206983000001,17.8655945360001,0
                99.9207051550001,17.8652775620001,0
                99.921015933,17.864650339,0
                99.9212084380001,17.864129317,0
                99.9216049090001,17.863664224,0
                99.9220022600001,17.8633697830001,0
                99.9226378130001,17.8631879920001,0
                99.9235873960001,17.8630128360001,0
                99.9239092010001,17.862881282,0
                99.9240446040001,17.8628075010001,0
                99.924247102,17.8625789920001,0
                99.9243985950001,17.862334474,0
                99.924380236,17.8620663830001,0
                99.924095401,17.8611412860001,0
                99.9240936800001,17.860808101,0
                99.9241600160001,17.8605070990001,0
                99.9243370920001,17.860286839,0
                99.924650323,17.8601390740001,0
                99.9255742670001,17.859931524,0
                99.9269155380001,17.860014548,0
                99.927331988,17.8601344680001,0
                99.927886415,17.8606763230001,0
                99.928636021,17.861217245,0
                99.9291974240001,17.861466498,0
                99.9296900000001,17.8615372900001,0
                99.9301143100001,17.861535267,0
                99.9307674130001,17.8614671390001,0
                99.9310633280001,17.8612544310001,0
                99.9315626160001,17.8609838690001,0
                99.931875038,17.86068169,0
                99.9324485810001,17.860004431,0
                99.9328522750001,17.8593036030001,0
                99.9332818840001,17.858692051,0
                99.9334919990001,17.858300964,0
                99.93379351,17.857535612,0
                99.9343233340001,17.856614758,0
                99.9348804350001,17.856043223,0
                99.935444535,17.855187217,0
                99.9361449210001,17.8541861900001,0
                99.9362278790001,17.854014476,0
                99.936283024,17.853869661,0
                99.936291026,17.853855117,0
                99.9363716290001,17.853708625,0
                99.9364491360001,17.8535637030001,0
                99.936493102,17.8534189420001,0
                99.936547938,17.8532152380001,0
                99.9366027790001,17.8530115350001,0
                99.9366297220001,17.852818671,0
                99.9366419710001,17.852652118,0
                99.9366505950001,17.852534823,0
                99.936632677,17.852315409,0
                99.936598324,17.8521603180001,0
                99.9365528180001,17.8520106300001,0
                99.9365076180001,17.851919832,0
                99.9364400320001,17.8518237910001,0
                99.9363446930001,17.8517653600001,0
                99.936079669,17.851689692,0
                99.9357147410001,17.851683318,0
                99.9354268210001,17.8517984700001,0
                99.9350714380001,17.8519952140001,0
                99.9345988640001,17.8525013340001,0
                99.934160578,17.853072298,0
                99.933687745,17.8535296590001,0
                99.9335524800001,17.8536278240001,0
                99.9335054360001,17.853657164,0
                99.9333898690001,17.8536960010001,0
                99.933096338,17.8536914270001,0
                99.9330675680001,17.853686973,0
                99.9328492380001,17.853629126,0
                99.9327091750001,17.8535709060001,0
                99.9325577910001,17.8534859700001,0
                99.932481528,17.8534365360001,0
                99.932405116,17.853291988,0
                99.9323873810001,17.8531457920001,0
                99.9325099270001,17.852235019,0
                99.9324769340001,17.850788622,0
                99.932517331,17.85039835,0
                99.9326420730001,17.8499101510001,0
                99.932684797,17.849748274,0
                99.9327752200001,17.8494056600001,0
                99.9328919860001,17.849015019,0
                99.9329168080001,17.8488930020001,0
                99.9328826080001,17.8488444020001,0
                99.932806197,17.848836643,0
                99.9325182790001,17.848951791,0
                99.93220482,17.8490508100001,0
                99.931882622,17.849101107,0
                99.931749096,17.849095017,0
                99.931560081,17.8490863980001,0
                99.9313223610001,17.849063152,0
                99.9310162850001,17.848950836,0
                99.930905253,17.8488132140001,0
                99.9308275700001,17.8485616560001,0
                99.9313333150001,17.8462756380001,0
                99.931527379,17.846063416,0
                99.931840622,17.8459237700001,0
                99.9320096970001,17.84580106,0
                99.9320935810001,17.845613745,0
                99.9321011750001,17.8454430470001,0
                99.9319814930001,17.84527296,0
                99.9318452190001,17.845176091,0
                99.9315056710001,17.845153333,0
                99.9308956520001,17.845335028,0
                99.930446557,17.845459072,0
                99.9301497380001,17.84549299,0
                99.9297848590001,17.8454947280001,0
                99.9295644950001,17.8454897510001,0
                99.9294878270001,17.845488018,0
                99.92836701,17.84524544,0
                99.9271590480001,17.8453200770001,0
                99.9265850460001,17.845355537,0
                99.9260679380001,17.845455513,0
                99.9252042670001,17.845817181,0
                99.9248823250001,17.8459162290001,0
                99.9245261030001,17.8459504210001,0
                99.9243393,17.8459269260001,0
                99.9241354800001,17.845895388,0
                99.9240333580001,17.845838981,0
                99.9238881800001,17.8456608820001,0
                99.9235108860001,17.8449470520001,0
                99.9234350310001,17.8448783420001,0
                99.9233279840001,17.8448347190001,0
                99.9231640340001,17.844791394,0
                99.9230411930001,17.844782174,0
                99.922923617,17.8448023290001,0
                99.9227752580001,17.844842326,0
                99.9226682810001,17.8448966390001,0
                99.9225560230001,17.8449559700001,0
                99.9224541030001,17.84503485,0
                99.9222959750001,17.845128701,0
                99.9221580350001,17.8451685490001,0
                99.9220915760001,17.845178665,0
                99.921958626,17.8451939920001,0
                99.9218304620001,17.845145599,0
                99.9216920710001,17.84509725,0
                99.921466373,17.8449856180001,0
                99.9214472780001,17.844974876,0
                99.921302171,17.844893289,0
                99.92116874,17.844815516,0
                99.9210252080001,17.8447622960001,0
                99.9208202010001,17.8446946620001,0
                99.9206153200001,17.844651528,0
                99.920313181,17.844599052,0
                99.9202878310001,17.844595257,0
                99.9199957170001,17.8445515500001,0
                99.919821513,17.8445033670001,0
                99.919626711,17.8444307840001,0
                99.9193753590001,17.8443045660001,0
                99.9191497630001,17.84421253,0
                99.9189600050001,17.844125223,0
                99.918894471,17.8440988790001,0
                99.9187190360001,17.844028355,0
                99.9185139790001,17.8439509180001,0
                99.9183755390001,17.8438927730001,0
                99.9181808420001,17.843839788,0
                99.9178786050001,17.843767708,0
                99.9175508370001,17.8437055470001,0
                99.9172743030001,17.843657846,0
                99.9169976480001,17.8435856460001,0
                99.916795311,17.843541293,0
                99.916756902,17.8435328740001,0
                99.9165314840001,17.843475133,0
                99.916311185,17.8434173680001,0
                99.9160805720001,17.843344949,0
                99.9158909220001,17.8432772370001,0
                99.915696101,17.843199747,0
                99.915425988,17.843064113,0
                99.914613735,17.842907924,0
                99.9142552820001,17.842818172,0
                99.9136339570001,17.842661078,0
                99.9128689670001,17.842413229,0
                99.9121516020001,17.8421422960001,0
                99.9115061790001,17.8419395970001,0
                99.9107883470001,17.8415772330001,0
                99.910286123,17.84137386,0
                99.909879017,17.841101473,0
                99.9093528130001,17.8408753530001,0
                99.9088267260001,17.840672087,0
                99.9084333910001,17.840465196,0
                99.9080398340001,17.840009046,0
                99.9078257140001,17.83943214,0
                99.907579232,17.838421957,0
                99.9074825060001,17.8371943650001,0
                99.9073609500001,17.837021561,0
                99.906740944,17.83672104,0
                99.906513798,17.836548722,0
                99.906422046,17.836303538,0
                99.9062022370001,17.834599745,0
                99.9062436200001,17.833833832,0
                99.9063643100001,17.833139359,0
                99.906419514,17.832821688,0
                99.9064762,17.832099043,0
                99.9067111130001,17.830826566,0
                99.9069485110001,17.8300452980001,0
                99.907562709,17.829204485,0
                99.9081023690001,17.828537388,0
                99.9086927880001,17.82807504,0
                99.9087802220001,17.8280363710001,0
                99.9088747050001,17.828022515,0
                99.909140371,17.8279835550001,0
                99.9093360240001,17.8278959570001,0
                99.90960592,17.827576854,0
                99.9096951720001,17.8273308300001,0
                99.91005154,17.826216706,0
                99.9103055420001,17.825738755,0
                99.9104025350001,17.8255902390001,0
                99.9109491460001,17.824753319,0
                99.9110646680001,17.8245524210001,0
                99.9115333920001,17.8236832810001,0
                99.911606292,17.823466119,0
                99.911605034,17.8232188160001,0
                99.9115937050001,17.8231403350001,0
                99.911474211,17.822885361,0
                99.910617786,17.8218797960001,0
                99.9104200180001,17.821548421,0
                99.9102971510001,17.8211155710001,0
                99.9102349070001,17.820740223,0
                99.910175586,17.8204902630001,0
                99.910142427,17.8203505660001,0
                99.9100617650001,17.8201903340001,0
                99.9099900560001,17.820047877,0
                99.9087495740001,17.8193312700001,0
                99.907962034,17.818699238,0
                99.9074632680001,17.818499285,0
                99.9067381880001,17.818285937,0
                99.9056954850001,17.817900686,0
                99.9048497420001,17.817687888,0
                99.9042451860001,17.8174450770001,0
                99.903413437,17.8170154960001,0
                99.902233842,17.816399694,0
                99.9016435010001,17.815983439,0
                99.9011593230001,17.815682268,0
                99.9005982850001,17.8150925030001,0
                99.9001595770001,17.814834466,0
                99.899721743,17.814749799,0
                99.899343732,17.8145637170001,0
                99.8990092290001,17.8143900060001,0
                99.898719563,17.814128715,0
                99.8986976990001,17.8141018320001,0
                99.898479889,17.8137441740001,0
                99.897978687,17.813052989,0
                99.8976001030001,17.812751329,0
                99.897554653,17.812710822,0
                99.8973125940001,17.8125648270001,0
                99.8972721810001,17.81252649,0
                99.897160252,17.812262128,0
                99.8971287150001,17.811987765,0
                99.897125681,17.811380983,0
                99.8970932000001,17.8109188060001,0
                99.897001478,17.8106736170001,0
                99.8967893160001,17.8104723230001,0
                99.895714151,17.8097359830001,0
                99.8956678490001,17.8096898630001,0
                99.895398126,17.8094339510001,0
                99.8950749680001,17.809229719,0
                99.8947866940001,17.8089968520001,0
                99.894626256,17.808882732,0
                99.8944057080001,17.8087369830001,0
                99.894337781,17.808672533,0
                99.894231689,17.8085718740001,0
                99.8941309790001,17.8084128150001,0
                99.8941120690001,17.808380248,0
                99.8940570710001,17.8082855380001,0
                99.894043272,17.808189886,0
                99.8940559900001,17.808068593,0
                99.8940953530001,17.8079471780001,0
                99.8941745540001,17.8078000580001,0
                99.894233549,17.8076083660001,0
                99.8943522440001,17.8073653480001,0
                99.894491267,17.8071924340001,0
                99.8941396220001,17.8067611430001,0
                99.893393868,17.8058464700001,0
                99.8931340730001,17.805589705,0
                99.892742458,17.8048176290001,0
                99.8924063470001,17.8043754830001,0
                99.8920713640001,17.804160328,0
                99.8916399550001,17.804048795,0
                99.8912737370001,17.8040504640001,0
                99.8908970020001,17.8041037690001,0
                99.8904996470001,17.804342902,0
                99.889909586,17.804820222,0
                99.8894156980001,17.8051423320001,0
                99.8889321660001,17.805381847,0
                99.8884913140001,17.8055386250001,0
                99.8877597890001,17.805727672,0
                99.8871465400001,17.805874907,0
                99.8864582520001,17.806094713,0
                99.8861159620001,17.8062811930001,0
                99.885942604,17.8063756390001,0
                99.885631258,17.8065834120001,0
                99.8854063800001,17.8068527020001,0
                99.8853900140001,17.806877258,0
                99.8851925320001,17.8071735360001,0
                99.8850978300001,17.8076279630001,0
                99.8850571880001,17.8081234220001,0
                99.8850278740001,17.808732327,0
                99.8849976980001,17.8091658280001,0
                99.884940343,17.8093276280001,0
                99.8848348120001,17.8095405280001,0
                99.8848136600001,17.809583192,0
                99.8847650370001,17.809632901,0
                99.8846389890001,17.809761754,0
                99.884408857,17.8098829090001,0
                99.883957841,17.809966629,0
                99.8836067410001,17.809968215,0
                99.883390734,17.8099019270001,0
                99.8831841900001,17.809720284,0
                99.8830474170001,17.8094470340001,0
                99.8829343610001,17.808955262,0
                99.8829227360001,17.808811409,0
                99.882833357,17.8081936880001,0
                99.882748871,17.8076704260001,0
                99.882709312,17.807425428,0
                99.882675674,17.807309886,0
                99.882621913,17.8071958100001,0
                99.882517621,17.8070392700001,0
                99.8824436150001,17.806901871,0
                99.882404492,17.8068400700001,0
                99.8823883480001,17.8067740290001,0
                99.8823835190001,17.806669379,0
                99.8823907070001,17.8065985920001,0
                99.882402631,17.806519343,0
                99.8824041710001,17.806515066,0
                99.8824143310001,17.8065031300001,0
                99.8824312610001,17.8064962120001,0
                99.8824446400001,17.8064944440001,0
                99.8824568480001,17.8064961420001,0
                99.882470572,17.8065028770001,0
                99.882510155,17.8065203780001,0
                99.882552079,17.806538915,0
                99.8825662950001,17.806545199,0
                99.882585055,17.806547681,0
                99.8825995480001,17.806542053,0
                99.8826028770001,17.806540759,0
                99.882611743,17.8065287480001,0
                99.882616924,17.8065136220001,0
                99.8826106610001,17.8064908430001,0
                99.8825657030001,17.806424631,0
                99.8825620520001,17.8064084010001,0
                99.8825619340001,17.806384456,0
                99.882561959,17.8063843940001,0
                99.8825698620001,17.8063630410001,0
                99.8825753690001,17.8063536120001,0
                99.882576627,17.8063514510001,0
                99.8825950740001,17.806335366,0
                99.8826258810001,17.806317467,0
                99.882649873,17.8062951260001,0
                99.8826626370001,17.806272875,0
                99.8826652440001,17.806260943,0
                99.8826646840001,17.8062477180001,0
                99.8826520200001,17.8061894590001,0
                99.882612254,17.8060769620001,0
                99.882578477,17.806011929,0
                99.882550796,17.805958635,0
                99.8825231500001,17.8058901800001,0
                99.8825109200001,17.805822419,0
                99.8825031630001,17.8057137320001,0
                99.8825038300001,17.8056439800001,0
                99.8825139190001,17.805613081,0
                99.8825183610001,17.8056070320001,0
                99.88254334,17.805593489,0
                99.8825870730001,17.8055910460001,0
                99.8826511940001,17.8056023670001,0
                99.8827586940001,17.805641414,0
                99.8827883260001,17.805650256,0
                99.8828042420001,17.8056550050001,0
                99.8828313160001,17.805659867,0
                99.8828712860001,17.8056596860001,0
                99.882891526,17.8056501500001,0
                99.882921659,17.805629805,0
                99.8829658110001,17.80558612,0
                99.8830160640001,17.805523625,0
                99.8830682240001,17.805429492,0
                99.8831242630001,17.8052849370001,0
                99.8831598030001,17.8051681480001,0
                99.8831860510001,17.805051399,0
                99.883194931,17.8049683360001,0
                99.8831906170001,17.804930799,0
                99.8831687240001,17.804884443,0
                99.883142772,17.804852931,0
                99.883087957,17.804826495,0
                99.8830238890001,17.8048070130001,0
                99.882956655,17.8047737150001,0
                99.882897567,17.8047166540001,0
                99.882843478,17.804628931,0
                99.882766093,17.804418754,0
                99.8827640050001,17.8044142210001,0
                99.8827275420001,17.804350077,0
                99.8827053890001,17.804327148,0
                99.8827023970001,17.804325733,0
                99.8826792880001,17.8043147930001,0
                99.882673691,17.8043140990001,0
                99.8826533500001,17.80431158,0
                99.8825928150001,17.804308577,0
                99.8825654,17.8043119270001,0
                99.8824725480001,17.804314327,0
                99.8823879000001,17.804305809,0
                99.8823332000001,17.804303093,0
                99.882295066,17.8043111740001,0
                99.8822600770001,17.8043301070001,0
                99.8822272,17.80435892,0
                99.882207157,17.804367111,0
                99.8821937540001,17.8043707190001,0
                99.8821627040001,17.8043708590001,0
                99.882149386,17.8043668650001,0
                99.8821378170001,17.804357947,0
                99.8821294940001,17.804339344,0
                99.8821296450001,17.8041666280001,0
                99.882128906,17.8041637850001,0
                99.8821194370001,17.8041273320001,0
                99.882099279,17.8041024790001,0
                99.8820316910001,17.8040483940001,0
                99.882015815,17.804035689,0
                99.881990838,17.8040043140001,0
                99.8819860520001,17.8039921880001,0
                99.8819838370001,17.803979143,0
                99.8819843700001,17.8039561890001,0
                99.8819992200001,17.803920621,0
                99.8820600500001,17.8038656530001,0
                99.8821042420001,17.8038289,0
                99.8821145040001,17.8038147770001,0
                99.8821211600001,17.8038011140001,0
                99.882121317,17.8038007920001,0
                99.8821223830001,17.803798595,0
                99.8821234090001,17.803790518,0
                99.8821289050001,17.803747249,0
                99.8821295290001,17.8037348550001,0
                99.8821313490001,17.8036983740001,0
                99.8821351180001,17.803649421,0
                99.8821399860001,17.8036215760001,0
                99.8821526980001,17.8036010650001,0
                99.8821548930001,17.8035975170001,0
                99.8821555110001,17.8035969790001,0
                99.8821699100001,17.8035844030001,0
                99.8822161090001,17.803544054,0
                99.8822167330001,17.8035435080001,0
                99.8822181030001,17.8035416230001,0
                99.8822356350001,17.8035175150001,0
                99.8822425130001,17.8034896560001,0
                99.882242488,17.803484455,0
                99.882242444,17.8034755850001,0
                99.8822395430001,17.803460274,0
                99.8822368250001,17.803455125,0
                99.8822059010001,17.803396573,0
                99.8821677890001,17.8033285990001,0
                99.8821342900001,17.8032688550001,0
                99.8821301610001,17.8032522030001,0
                99.8821290430001,17.803229179,0
                99.8821340920001,17.8032112610001,0
                99.882146789,17.803183833,0
                99.8821498230001,17.803177271,0
                99.88217065,17.803159964,0
                99.8821869020001,17.803146457,0
                99.8822582120001,17.803111442,0
                99.8822829580001,17.803098639,0
                99.8824416640001,17.8029868190001,0
                99.8824483590001,17.8029821010001,0
                99.8824744460001,17.802959908,0
                99.8826476580001,17.8028125320001,0
                99.8826584120001,17.802802636,0
                99.8826915400001,17.8027648240001,0
                99.8826986620001,17.802756695,0
                99.8827118340001,17.80274166,0
                99.8827129960001,17.802738554,0
                99.882718293,17.802724391,0
                99.882719502,17.80271509,0
                99.8827193880001,17.802713566,0
                99.8827162840001,17.8026719260001,0
                99.882712256,17.802665355,0
                99.882698109,17.802642264,0
                99.882672132,17.802626434,0
                99.882649912,17.802618495,0
                99.8825473420001,17.8026033730001,0
                99.8824651740001,17.802604456,0
                99.8824228550001,17.802600699,0
                99.882364953,17.802576249,0
                99.8822739570001,17.802536134,0
                99.882221282,17.802524513,0
                99.8821489920001,17.802511988,0
                99.8820611930001,17.802491629,0
                99.88200435,17.8024721190001,0
                99.881938162,17.80244079,0
                99.8819005190001,17.8024252180001,0
                99.8818317590001,17.8024158270001,0
                99.8818286700001,17.802415587,0
                99.8817822460001,17.8024177720001,0
                99.8817265920001,17.802429881,0
                99.8816030450001,17.802484801,0
                99.8814908320001,17.8025357120001,0
                99.8814579300001,17.8025595840001,0
                99.881432293,17.802591326,0
                99.8814149180001,17.8026250080001,0
                99.8814027490001,17.802668554,0
                99.8813977620001,17.8027031680001,0
                99.8813930920001,17.802733968,0
                99.8813867540001,17.802747804,0
                99.8813702080001,17.8027645710001,0
                99.881337284,17.8027835,0
                99.8813084480001,17.802794503,0
                99.8812857710001,17.802799543,0
                99.8812496420001,17.8027957570001,0
                99.88122379,17.8027850010001,0
                99.8812051260001,17.802765315,0
                99.881186373,17.802728831,0
                99.8811727140001,17.8026784850001,0
                99.8811612470001,17.802654815,0
                99.8811332770001,17.8026322060001,0
                99.881059818,17.8025910260001,0
                99.880977069,17.802548899,0
                99.8809035610001,17.8024978350001,0
                99.8808517640001,17.802455566,0
                99.8808031300001,17.802427123,0
                99.8807431650001,17.802401699,0
                99.8805054530001,17.8023207310001,0
                99.880376342,17.802291661,0
                99.8803381010001,17.8022789820001,0
                99.880297752,17.802256433,0
                99.8802573790001,17.8022289400001,0
                99.8801491710001,17.8021244180001,0
                99.880099118,17.802093617,0
                99.8800489590001,17.802077529,0
                99.879989837,17.802072996,0
                99.87990376,17.80208586,0
                99.8799000760001,17.802085977,0
                99.879803177,17.8020890930001,0
                99.879779999,17.802087773,0
                99.8795900200001,17.802060953,0
                99.879443413,17.8020418410001,0
                99.8793470360001,17.802022858,0
                99.8793103900001,17.802006965,0
                99.879298309,17.801994547,0
                99.8792912010001,17.801974429,0
                99.8792910550001,17.8019446860001,0
                99.8793106800001,17.801861118,0
                99.879310494,17.8018552550001,0
                99.8793097870001,17.8018329110001,0
                99.8793051160001,17.8018163290001,0
                99.8793004020001,17.8018083920001,0
                99.8792782690001,17.8017883410001,0
                99.879228287,17.801780443,0
                99.879218242,17.8017809350001,0
                99.8791666880001,17.801788086,0
                99.879081118,17.801802305,0
                99.878999719,17.801824417,0
                99.8789441050001,17.8018454240001,0
                99.8788679630001,17.801888266,0
                99.8788320730001,17.801933892,0
                99.8788106590001,17.801986372,0
                99.8788067730001,17.8020358110001,0
                99.8788141750001,17.8020723440001,0
                99.8788693560001,17.80217291,0
                99.878940174,17.8023080030001,0
                99.8789566390001,17.8023408060001,0
                99.8789995660001,17.8024263410001,0
                99.879034974,17.802492403,0
                99.879056898,17.8025446890001,0
                99.87909848,17.802608747,0
                99.8791712330001,17.8027161530001,0
                99.8792408350001,17.8028126990001,0
                99.8793280580001,17.8029259750001,0
                99.879385283,17.803023566,0
                99.8794094230001,17.803106481,0
                99.879425423,17.803213156,0
                99.879434008,17.803280328,0
                99.879469735,17.8034126100001,0
                99.8794908680001,17.8035143180001,0
                99.8795018040001,17.8036397920001,0
                99.8794953620001,17.8037989480001,0
                99.8794754400001,17.8039453210001,0
                99.8794584130001,17.804050165,0
                99.8794371070001,17.8041234020001,0
                99.8794054940001,17.804199646,0
                99.879355317,17.8042779560001,0
                99.879312294,17.804341406,0
                99.879271304,17.804398914,0
                99.879233361,17.804446528,0
                99.8792039620001,17.8044680150001,0
                99.8791870970001,17.804480341,0
                99.8791294740001,17.804512233,0
                99.8790193500001,17.8045690590001,0
                99.878958615,17.8045989870001,0
                99.878924715,17.8046287880001,0
                99.8789062690001,17.80465457,0
                99.8788940260001,17.8046832900001,0
                99.878887998,17.804715931,0
                99.8788850770001,17.804751531,0
                99.878885295,17.8047960050001,0
                99.8788875270001,17.804830587,0
                99.8788814630001,17.8048563140001,0
                99.8788404650001,17.804912836,0
                99.878829217,17.804933638,0
                99.878826426,17.8049959210001,0
                99.8788276700001,17.805038413,0
                99.8788226350001,17.8050641350001,0
                99.8787991080001,17.805105752,0
                99.8787509150001,17.805167249,0
                99.878737711,17.8052098100001,0
                99.8787235360001,17.8052652220001,0
                99.878703154,17.8053176980001,0
                99.878663293,17.805394972,0
                99.8786367210001,17.8054464850001,0
                99.8786209770001,17.805465418,0
                99.878598765,17.8054921200001,0
                99.878571026,17.8055159640001,0
                99.878532911,17.8055289870001,0
                99.878498871,17.8055311150001,0
                99.8784658480001,17.80553028,0
                99.878426565,17.805514637,0
                99.8783841150001,17.8054841900001,0
                99.878347793,17.805441854,0
                99.8783428890001,17.805435142,0
                99.8782937760001,17.8053679670001,0
                99.878182687,17.805227131,0
                99.8781204490001,17.8051602,0
                99.878080029,17.8051238080001,0
                99.8780365840001,17.805101274,0
                99.8779187530001,17.8050593,0
                99.877858474,17.805032134,0
                99.8778536070001,17.8050299400001,0
                99.877821494,17.8050033980001,0
                99.8778006850001,17.8049679110001,0
                99.8777943140001,17.8049469200001,0
                99.8777629320001,17.8048435420001,0
                99.8777080240001,17.8045878,0
                99.8776773720001,17.8044377000001,0
                99.8776646650001,17.8043715370001,0
                99.877641741,17.804326173,0
                99.877602256,17.8042690290001,0
                99.8775140920001,17.804174538,0
                99.8774177490001,17.8040958980001,0
                99.877367038,17.8040644980001,0
                99.877296669,17.804022316,0
                99.8772532350001,17.804001751,0
                99.8771943850001,17.8039941110001,0
                99.8771242240001,17.803994425,0
                99.876927175,17.803999259,0
                99.876858037,17.8039975940001,0
                99.8768164580001,17.803990544,0
                99.8768012390001,17.803987965,0
                99.8767547130001,17.803968409,0
                99.8767060600001,17.8039360080001,0
                99.8766480840001,17.803895746,0
                99.876583806,17.803832777,0
                99.8764478890001,17.803678211,0
                99.876363784,17.8035698630001,0
                99.876300406,17.8034802010001,0
                99.876249412,17.803390489,0
                99.8762160000001,17.8033105800001,0
                99.876197076,17.803237527,0
                99.8761925700001,17.803160452,0
                99.876189115,17.8030863380001,0
                99.876198011,17.803007231,0
                99.8762090480001,17.802942935,0
                99.876234443,17.8028607840001,0
                99.876273219,17.802772648,0
                99.8763233550001,17.802686431,0
                99.876461953,17.80254447,0
                99.8765112720001,17.8025017530001,0
                99.87654783,17.8024508140001,0
                99.876562515,17.802430358,0
                99.876595212,17.802364976,0
                99.8766248110001,17.802298622,0
                99.8766821400001,17.802206449,0
                99.8767405360001,17.802121184,0
                99.8767732800001,17.8020656890001,0
                99.87679266,17.802020138,0
                99.8767975700001,17.8019687180001,0
                99.8767931610001,17.8019114140001,0
                99.8767794700001,17.8018541480001,0
                99.8767283170001,17.8017328070001,0
                99.876655521,17.8016155120001,0
                99.8765330510001,17.801467804,0
                99.8764386080001,17.801355555,0
                99.8763226140001,17.8012661340001,0
                99.8762864020001,17.8012465260001,0
                99.8762409450001,17.801233881,0
                99.8762037870001,17.801231079,0
                99.8761687100001,17.801231236,0
                99.876125372,17.80123143,0
                99.8760655610001,17.801237631,0
                99.875965658,17.801274651,0
                99.8758915330001,17.8013075960001,0
                99.8758503990001,17.801335453,0
                99.875809309,17.8013732000001,0
                99.8757795910001,17.8014148440001,0
                99.875772581,17.8014583620001,0
                99.8757676540001,17.8015058290001,0
                99.8757700260001,17.801569075,0
                99.8757641400001,17.801631367,0
                99.8757540060001,17.801668971,0
                99.875742802,17.801698673,0
                99.875729477,17.801716524,0
                99.875694534,17.801745345,0
                99.87565234,17.801767275,0
                99.875591527,17.8017803990001,0
                99.8755348490001,17.8017944900001,0
                99.875510159,17.8018094220001,0
                99.8754814160001,17.801839205,0
                99.8754568570001,17.8018818150001,0
                99.8754406350001,17.801940201,0
                99.8754325530001,17.8019758200001,0
                99.8754151050001,17.80202224,0
                99.875413204,17.8020273020001,0
                99.8753917020001,17.802061995,0
                99.8753414400001,17.802122507,0
                99.8752727080001,17.802203863,0
                99.8751536510001,17.8023328840001,0
                99.8750951630001,17.802399365,0
                99.8750612520001,17.802428182,0
                99.8749841630001,17.8024888190001,0
                99.8749451020001,17.8025186470001,0
                99.874889507,17.802543606,0
                99.8748424010001,17.802556726,0
                99.8748183280001,17.8025581910001,0
                99.8748182880001,17.802558193,0
                99.8747915640001,17.8025588690001,0
                99.874680126,17.8025573890001,0
                99.874626929,17.8025526050001,0
                99.8745717150001,17.802537371,0
                99.8745359500001,17.8025224140001,0
                99.8744776180001,17.80249802,0
                99.8743908020001,17.8024707170001,0
                99.8741647310001,17.8024489950001,0
                99.8741018050001,17.802438146,0
                99.8739137840001,17.802416265,0
                99.8737645050001,17.802412196,0
                99.873708207,17.802421919,0
                99.873650947,17.802436378,0
                99.8736095360001,17.802457396,0
                99.873580469,17.802490462,0
                99.8735717420001,17.8025079830001,0
                99.8735585320001,17.802549555,0
                99.8735464430001,17.8026089090001,0
                99.8735261410001,17.802678186,0
                99.8734913740001,17.8027425870001,0
                99.8734514920001,17.802815906,0
                99.873412719,17.80290602,0
                99.8733772190001,17.803031703,0
                99.8733642160001,17.803115774,0
                99.8733505230001,17.8032700210001,0
                99.8733528500001,17.803324376,0
                99.8733665970001,17.803392509,0
                99.8733709910001,17.8034478440001,0
                99.8733722530001,17.8034942890001,0
                99.8733673180001,17.803540766,0
                99.873351002,17.8035813600001,0
                99.8733264540001,17.8036249620001,0
                99.8733018620001,17.803659662,0
                99.8732813430001,17.803683473,0
                99.8732453710001,17.803713288,0
                99.873195959,17.8037362380001,0
                99.8731464900001,17.803748322,0
                99.8730320330001,17.8037626710001,0
                99.872997996,17.803765787,0
                99.8729536690001,17.803773893,0
                99.8729114450001,17.803789894,0
                99.8728775490001,17.8038216730001,0
                99.8728508500001,17.803848481,0
                99.872829267,17.80386538,0
                99.872808928,17.8038709580001,0
                99.872787842,17.8038733060001,0
                99.872745702,17.8038677260001,0
                99.8726795970001,17.8038531990001,0
                99.8725969660001,17.803834787,0
                99.872544319,17.803830078,0
                99.8724700270001,17.8038294240001,0
                99.872410201,17.8038326560001,0
                99.87235861,17.8038328860001,0
                99.872317335,17.8038320800001,0
                99.872257383,17.8038096180001,0
                99.872168436,17.803765533,0
                99.8720721660001,17.8037218750001,0
                99.87201953,17.803698003,0
                99.871893335,17.8036333270001,0
                99.8718105710001,17.8035872450001,0
                99.8717619110001,17.8035538560001,0
                99.871681116,17.8034889840001,0
                99.8715764500001,17.8033955560001,0
                99.8714758980001,17.803298152,0
                99.8714229230001,17.8032262350001,0
                99.8713624760001,17.8031009800001,0
                99.871328023,17.803018111,0
                99.871314285,17.8029519510001,0
                99.8713109890001,17.8029104500001,0
                99.8713190140001,17.802862974,0
                99.871337284,17.802800624,0
                99.8713411020001,17.802784182,0
                99.8713471010001,17.802752847,0
                99.8713485480001,17.8027452750001,0
                99.871346175,17.802714037,0
                99.8713304250001,17.8026764690001,0
                99.871290795,17.802607758,0
                99.871287786,17.8026037670001,0
                99.8712569370001,17.802562886,0
                99.8711830620001,17.8024879920001,0
                99.8710607660001,17.802375867,0
                99.8708836430001,17.802234324,0
                99.870779176,17.802148705,0
                99.8707465460001,17.8021284010001,0
                99.870741331,17.8021251550001,0
                99.870735143,17.8021222250001,0
                99.870713628,17.802112042,0
                99.8707025020001,17.802106773,0
                99.8706853880001,17.8021010640001,0
                99.8706218190001,17.802093019,0
                99.870578859,17.802101023,0
                99.8705463210001,17.8021182140001,0
                99.870536643,17.8021282170001,0
                99.8705352540001,17.802128914,0
                99.87051826,17.8021467140001,0
                99.8704821460001,17.8021845440001,0
                99.8704761000001,17.8021894440001,0
                99.8704626840001,17.8022003130001,0
                99.8704548220001,17.8022066820001,0
                99.8704477260001,17.802209439,0
                99.870430006,17.8022119940001,0
                99.8703606940001,17.8022219910001,0
                99.8703528950001,17.8022246240001,0
                99.8703400370001,17.8022327570001,0
                99.8702810840001,17.8022957640001,0
                99.8702699730001,17.8023076370001,0
                99.8702486450001,17.8023270090001,0
                99.870245616,17.8023297610001,0
                99.8702393490001,17.8023330080001,0
                99.8702136140001,17.802346331,0
                99.8701743780001,17.8023590510001,0
                99.8701063700001,17.8023771430001,0
                99.8700559390001,17.802403068,0
                99.8700292090001,17.8024229540001,0
                99.870007661,17.802447758,0
                99.8699482060001,17.802528082,0
                99.869884717,17.8026272020001,0
                99.86980393,17.8027768110001,0
                99.8697733280001,17.802850086,0
                99.8697622430001,17.8029044960001,0
                99.8697583680001,17.8029559070001,0
                99.8697627510001,17.8030092600001,0
                99.8697796420001,17.803088259,0
                99.8698027030001,17.803162286,0
                99.8698352530001,17.8032787660001,0
                99.8698699760001,17.803417977,0
                99.8698825650001,17.803460418,0
                99.8699117090001,17.8035126720001,0
                99.8699193850001,17.803522091,0
                99.8699968180001,17.8036170670001,0
                99.8700600350001,17.803674109,0
                99.8700962790001,17.8037016210001,0
                99.870114958,17.8037232840001,0
                99.8701254380001,17.8037568400001,0
                99.870130766,17.803791414,0
                99.8701299200001,17.8038299610001,0
                99.870120903,17.8038853530001,0
                99.870103596,17.80393287,0
                99.870086234,17.8039705090001,0
                99.870047275,17.8040220780001,0
                99.8699539090001,17.8041302250001,0
                99.869888325,17.80421046,0
                99.8698339000001,17.8042770390001,0
                99.869775415,17.8043445110001,0
                99.8697404220001,17.804363445,0
                99.869707443,17.8043705110001,0
                99.8696785670001,17.804373604,0
                99.8696475840001,17.804367814,0
                99.8696114080001,17.8043541370001,0
                99.8695793800001,17.8043463710001,0
                99.869548432,17.804347496,0
                99.8695195910001,17.804357511,0
                99.8694970060001,17.8043813300001,0
                99.869462221,17.804441776,0
                99.8694529890001,17.804467147,0
                99.8694326900001,17.804522956,0
                99.869424683,17.8045743860001,0
                99.869445635,17.8046395260001,0
                99.8695006520001,17.804707481,0
                99.869539069,17.804757716,0
                99.8695557380001,17.804790258,0
                99.8695620620001,17.804817906,0
                99.8695621910001,17.804844594,0
                99.86955406,17.804870328,0
                99.869521192,17.8049011150001,0
                99.869463577,17.8049349730001,0
                99.8693544960001,17.804994761,0
                99.8692710750001,17.805026759,0
                99.8691268630001,17.8050768210001,0
                99.869023837,17.805107917,0
                99.8688888090001,17.8051371810001,0
                99.8688313540001,17.8051430850001,0
                99.868808367,17.805145447,0
                99.8687196530001,17.8051488040001,0
                99.8686670050001,17.8051440940001,0
                99.8686267130001,17.8051334,0
                99.868589479,17.8051147900001,0
                99.8685666760001,17.8050931450001,0
                99.868548966,17.8050586320001,0
                99.868545849,17.805044464,0
                99.8685415800001,17.805025061,0
                99.8685414080001,17.8049894760001,0
                99.8685495000001,17.804955837,0
                99.868566931,17.8049330280001,0
                99.86859472,17.804918077,0
                99.868703021,17.8049106770001,0
                99.8687545960001,17.804907486,0
                99.868786533,17.8048974600001,0
                99.868810174,17.804878574,0
                99.868824509,17.8048557750001,0
                99.8688253030001,17.8048073420001,0
                99.8688052520001,17.8047145250001,0
                99.8687750820001,17.804663265,0
                99.868754337,17.804640622,0
                99.8687171080001,17.804622995,0
                99.8686665130001,17.8046163010001,0
                99.8686180070001,17.804613552,0
                99.8684973570001,17.804627926,0
                99.8684633030001,17.804627087,0
                99.8684157490001,17.804608522,0
                99.8683649960001,17.8045682210001,0
                99.8682923300001,17.8044766240001,0
                99.8682424960001,17.804413588,0
                99.8681938590001,17.8043841530001,0
                99.8680486860001,17.8043244950001,0
                99.8680145870001,17.8043104820001,0
                99.8679818470001,17.804282302,0
                99.8679124020001,17.804217378,0
                99.867865668,17.804154329,0
                99.867842705,17.804100068,0
                99.867836292,17.8040536450001,0
                99.8678328300001,17.803977552,0
                99.867856175,17.803898379,0
                99.867878627,17.803846885,0
                99.8679277630001,17.803766604,0
                99.8679687380001,17.803705144,0
                99.8680261850001,17.803635705,0
                99.8680641930001,17.803600939,0
                99.8681172610001,17.8035658250001,0
                99.8681536700001,17.8035417350001,0
                99.868309213,17.8034876720001,0
                99.8683493760001,17.8034716830001,0
                99.8683709650001,17.803455768,0
                99.868393536,17.80342997,0
                99.8684170530001,17.8033853900001,0
                99.868435397,17.8033378690001,0
                99.8684474880001,17.8032775230001,0
                99.8684493110001,17.8032280960001,0
                99.8684491390001,17.8031925120001,0
                99.8684188620001,17.803119506,0
                99.8683938630001,17.8030701980001,0
                99.8683854500001,17.803037617,0
                99.8683852490001,17.8029961070001,0
                99.8683943610001,17.8029594990001,0
                99.868435332,17.8028980350001,0
                99.868468051,17.8028356230001,0
                99.8684812270001,17.802787134,0
                99.868485202,17.8027554870001,0
                99.8684778030001,17.802719939,0
                99.868450786,17.8026795380001,0
                99.8683916780001,17.802618518,0
                99.868264116,17.8024836770001,0
                99.8680909710001,17.8023104870001,0
                99.867997593,17.802204159,0
                99.8679468560001,17.802166825,0
                99.8679096210001,17.8021482090001,0
                99.8678693210001,17.802135536,0
                99.86783216,17.802132742,0
                99.867726028,17.8021618710001,0
                99.8676652180001,17.80217499,0
                99.867641484,17.8021750950001,0
                99.8676177230001,17.8021682850001,0
                99.867588685,17.802137772,0
                99.8675397810001,17.802052987,0
                99.86751689,17.8020135560001,0
                99.8674868530001,17.801988979,0
                99.8674537570001,17.8019723250001,0
                99.8674000490001,17.80196169,0
                99.8673484700001,17.8019638920001,0
                99.8673051790001,17.801972984,0
                99.8672485450001,17.8019959640001,0
                99.8672084550001,17.8020267800001,0
                99.8671622640001,17.802076406,0
                99.867141711,17.802094287,0
                99.8671190470001,17.802101307,0
                99.867086005,17.8020965150001,0
                99.8670218650001,17.802061216,0
                99.866793197,17.801927807,0
                99.866691857,17.8018808160001,0
                99.8664811310001,17.801831341,0
                99.866400501,17.801800069,0
                99.8663684520001,17.801786373,0
                99.8663001560001,17.8017451640001,0
                99.8662453630001,17.801722677,0
                99.866210241,17.8017149240001,0
                99.8661813730001,17.801719006,0
                99.866155716,17.801747779,0
                99.8661485710001,17.80176864,0
                99.8661455420001,17.8017774790001,0
                99.8661427810001,17.801846675,0
                99.8661492570001,17.801905951,0
                99.8661695110001,17.8020402810001,0
                99.866173915,17.8020975910001,0
                99.8661658130001,17.802129254,0
                99.8661545620001,17.8021500610001,0
                99.8661226940001,17.80217392,0
                99.866095928,17.8021868870001,0
                99.8660660030001,17.8021860310001,0
                99.8660380920001,17.802175285,0
                99.866008036,17.8021477390001,0
                99.865960247,17.8020797560001,0
                99.8659259890001,17.802036415,0
                99.8658959620001,17.802013818,0
                99.8658680250001,17.8019981260001,0
                99.8658204930001,17.801983509,0
                99.8657698980001,17.8019758300001,0
                99.865735848,17.8019673520001,0
                99.8657336040001,17.8019663040001,0
                99.8656964770001,17.801941562,0
                99.8656497900001,17.8018883940001,0
                99.865571323,17.801789861,0
                99.865571296,17.8017898260001,0
                99.865492067,17.801683676,0
                99.865478786,17.801644176,0
                99.8654751770001,17.801608808,0
                99.8654770840001,17.801591655,0
                99.8654831030001,17.8015560480001,0
                99.8654943000001,17.8015243680001,0
                99.8655271440001,17.801488641,0
                99.8655723960001,17.80145879,0
                99.8656078070001,17.801436659,0
                99.8656245880001,17.801424062,0
                99.8656375680001,17.801406217,0
                99.8656404650001,17.80139948,0
                99.8656414800001,17.8013955760001,0
                99.8656430980001,17.801356674,0
                99.865635217,17.8013290480001,0
                99.8656337250001,17.80132381,0
                99.865582208,17.801243421,0
                99.8655734850001,17.8012298080001,0
                99.865572462,17.801226921,0
                99.865551607,17.801207124,0
                99.8655418660001,17.801197877,0
                99.865501726,17.801173498,0
                99.8654715340001,17.801160644,0
                99.8654524980001,17.801155629,0
                99.865368597,17.8011335260001,0
                99.8652684290001,17.801115189,0
                99.865067105,17.8010884030001,0
                99.8650115130001,17.801073719,0
                99.8649992810001,17.8010671980001,0
                99.864983405,17.801058735,0
                99.8649803000001,17.8010551990001,0
                99.8649729800001,17.8010468620001,0
                99.8649580850001,17.8010298990001,0
                99.8649549960001,17.8010165270001,0
                99.8649502680001,17.8009960420001,0
                99.8649498510001,17.8009942350001,0
                99.8649486510001,17.8009537140001,0
                99.8649862650001,17.800836169,0
                99.8650109700001,17.8007871950001,0
                99.86506717,17.8006732800001,0
                99.865121118,17.800579987,0
                99.865138797,17.8005494180001,0
                99.86515411,17.8005157440001,0
                99.8651573930001,17.800497643,0
                99.8651547790001,17.8004763610001,0
                99.8651517470001,17.800469826,0
                99.8651376230001,17.800454018,0
                99.865088889,17.8004171920001,0
                99.865031763,17.8003917500001,0
                99.864905735,17.8003606780001,0
                99.8648272610001,17.800348178,0
                99.864806054,17.800346668,0
                99.864779436,17.8003478700001,0
                99.8647324030001,17.800361444,0
                99.8646664890001,17.8003864460001,0
                99.8645357110001,17.800440397,0
                99.864480105,17.800463375,0
                99.864454337,17.800468433,0
                99.8644182460001,17.800472546,0
                99.864392422,17.8004667270001,0
                99.864375742,17.800460054,0
                99.8643024310001,17.80042008,0
                99.8642252440001,17.8003609830001,0
                99.8642134630001,17.8003519650001,0
                99.864181654,17.8003335330001,0
                99.8641788300001,17.8003319000001,0
                99.8641768470001,17.800331385,0
                99.8641676270001,17.800328994,0
                99.864153017,17.8003260630001,0
                99.8640821800001,17.800319841,0
                99.8639521800001,17.800320415,0
                99.8639151260001,17.8003205790001,0
                99.8638859960001,17.800330251,0
                99.863865445,17.8003437030001,0
                99.8638461100001,17.800362394,0
                99.863831836,17.8003980410001,0
                99.863829933,17.800431652,0
                99.8638331830001,17.800463268,0
                99.8638352420001,17.800473438,0
                99.8638393910001,17.800482914,0
                99.863853626,17.800510833,0
                99.863867805,17.8005271750001,0
                99.8639082600001,17.8005701760001,0
                99.8639245480001,17.8005814700001,0
                99.8639380540001,17.800601176,0
                99.8639444010001,17.800632777,0
                99.8639397690001,17.800742508,0
                99.8639329220001,17.800799672,0
                99.863924173,17.8008212070001,0
                99.8639155060001,17.8008338170001,0
                99.8639065850001,17.800840599,0
                99.8638844700001,17.800850344,0
                99.8638592890001,17.800850456,0
                99.863831868,17.8008468260001,0
                99.8638240130001,17.80084579,0
                99.8638064,17.80083532,0
                99.8637820110001,17.800820823,0
                99.8636610650001,17.8007170550001,0
                99.863531595,17.8006138430001,0
                99.8634922090001,17.800577165,0
                99.863468019,17.8005411180001,0
                99.8634359360001,17.8004610680001,0
                99.8634001790001,17.800319884,0
                99.863385436,17.8002704960001,0
                99.8633645210001,17.80020045,0
                99.8633478400001,17.800163952,0
                99.8632770520001,17.800033797,0
                99.8632321690001,17.799926262,0
                99.863208307,17.7998986920001,0
                99.8631751680001,17.7998731390001,0
                99.863144128,17.7998554860001,0
                99.8630997060001,17.7998438230001,0
                99.8630119730001,17.7998372910001,0
                99.8627962310001,17.799816499,0
                99.8625856530001,17.799795681,0
                99.8624669710001,17.7997902750001,0
                99.8623700320001,17.7997995970001,0
                99.862235985,17.7998179790001,0
                99.8621535190001,17.7998331680001,0
                99.8620855250001,17.7998542240001,0
                99.8620134120001,17.7998782610001,0
                99.8619475030001,17.799904251,0
                99.8618806220001,17.799942103,0
                99.8617891250001,17.8000107080001,0
                99.861734599,17.800043562,0
                99.8616295150001,17.800076641,0
                99.861575895,17.8000837970001,0
                99.861554223,17.800082903,0
                99.8615294350001,17.800077082,0
                99.8615004740001,17.8000623830001,0
                99.8614714300001,17.8000298970001,0
                99.861443465,17.800008276,0
                99.861408322,17.7999945930001,0
                99.861361871,17.799989855,0
                99.861312372,17.799996005,0
                99.8612443580001,17.800013107,0
                99.8610965760001,17.8000491880001,0
                99.8610794670001,17.8000533650001,0
                99.860999109,17.8000784330001,0
                99.8609917200001,17.800081155,0
                99.860948765,17.8001096470001,0
                99.8609209720001,17.8001370870001,0
                99.8609112350001,17.800145894,0
                99.860880949,17.800169098,0
                99.8608407250001,17.8001848810001,0
                99.8608046260001,17.8001880050001,0
                99.8607760310001,17.8001806720001,0
                99.8607642430001,17.8001730460001,0
                99.860755623,17.8001674700001,0
                99.8607527030001,17.800161653,0
                99.86074261,17.8001415430001,0
                99.860733816,17.8001029980001,0
                99.8607320580001,17.800084591,0
                99.8607349110001,17.800049841,0
                99.860761225,17.7999800210001,0
                99.8607767560001,17.799938807,0
                99.860779667,17.799929429,0
                99.8607806730001,17.7999261910001,0
                99.8607794870001,17.799893577,0
                99.8607710810001,17.799861987,0
                99.8607388390001,17.799808759,0
                99.8606610000001,17.7997132250001,0
                99.860558358,17.799609898,0
                99.8604307350001,17.7994612100001,0
                99.860370442,17.7993665970001,0
                99.8603486580001,17.7993419760001,0
                99.8603259010001,17.7993302190001,0
                99.8602659920001,17.799316645,0
                99.8602232760001,17.7993037570001,0
                99.860187254,17.7992784940001,0
                99.8601761740001,17.79927072,0
                99.8601724490001,17.7992661550001,0
                99.8601346290001,17.799219766,0
                99.8601000070001,17.799140795,0
                99.860089906,17.799069457,0
                99.860093319,17.7990248400001,0
                99.8601135970001,17.798949636,0
                99.8601450890001,17.798846704,0
                99.8601745030001,17.7987408180001,0
                99.8601979580001,17.7986833850001,0
                99.8602276340001,17.7986318600001,0
                99.860308714,17.7985425530001,0
                99.8603803400001,17.7984533530001,0
                99.8604067520001,17.798399262,0
                99.8604120460001,17.7983718030001,0
                99.860414554,17.7983587960001,0
                99.860413394,17.798353951,0
                99.8604053020001,17.7983202400001,0
                99.860393279,17.798286202,0
                99.8603411670001,17.798210308,0
                99.8602509830001,17.798121753,0
                99.8601785810001,17.798084509,0
                99.860118635,17.7980630320001,0
                99.8600534980001,17.798034654,0
                99.8599884240001,17.7980191230001,0
                99.85992372,17.7980139950001,0
                99.8598628810001,17.7980022730001,0
                99.8598497790001,17.7979988700001,0
                99.859849748,17.7979988610001,0
                99.8597277410001,17.797967166,0
                99.859616906,17.7979599350001,0
                99.859563553,17.7979659580001,0
                99.8595346270001,17.7979779840001,0
                99.8595274480001,17.7979840350001,0
                99.859516505,17.7979990310001,0
                99.8595055870001,17.7980310510001,0
                99.8595046300001,17.7980429130001,0
                99.859508948,17.7980805390001,0
                99.8595333750001,17.7982267100001,0
                99.859546079,17.7982938660001,0
                99.859566983,17.798350112,0
                99.8596012560001,17.798396412,0
                99.8596592650001,17.7984445930001,0
                99.8597327570001,17.798494675,0
                99.8597658790001,17.798516276,0
                99.859787671,17.7985428640001,0
                99.859795031,17.798571496,0
                99.8597962110001,17.7986021290001,0
                99.859795315,17.7986307960001,0
                99.8597862270001,17.798671363,0
                99.8597719250001,17.7987010740001,0
                99.8597473180001,17.798733801,0
                99.8597000290001,17.7987695910001,0
                99.8596578350001,17.7987925080001,0
                99.8595980850001,17.798812535,0
                99.8595383100001,17.79882565,0
                99.859488797,17.798828832,0
                99.8594371520001,17.7988171960001,0
                99.8593964360001,17.7988048130001,0
                99.8593410610001,17.79878797,0
                99.8592304310001,17.7987400260001,0
                99.8591053760001,17.798696094,0
                99.8590300150001,17.7986865410001,0
                99.85894025,17.798686935,0
                99.8589145020001,17.798696932,0
                99.8588918760001,17.798711858,0
                99.858873434,17.798738626,0
                99.858859076,17.7987574700001,0
                99.858836437,17.798770415,0
                99.8587437070001,17.798796522,0
                99.8586891,17.798812578,0
                99.8586499100001,17.798815716,0
                99.8586209960001,17.798810899,0
                99.8585527480001,17.798779569,0
                99.8584544600001,17.7987226760001,0
                99.8583768120001,17.798667664,0
                99.8583363690001,17.798625341,0
                99.8583042230001,17.798590888,0
                99.8582968960001,17.798569174,0
                99.858301656,17.7984861310001,0
                99.85830437,17.7984353800001,0
                99.8583130230001,17.798273581,0
                99.8583147240001,17.7981974680001,0
                99.8583041580001,17.7981461160001,0
                99.858267685,17.7980701710001,0
                99.8582241140001,17.798020943,0
                99.858186888,17.798003314,0
                99.858147806,17.797991983,0
                99.858106429,17.7979928340001,0
                99.8580641400001,17.7980097820001,0
                99.858020964,17.798042588,0
                99.8579212560001,17.798121109,0
                99.857891491,17.798153859,0
                99.8578793070001,17.798195424,0
                99.857875424,17.7982458490001,0
                99.8578684080001,17.7982893660001,0
                99.8578636990001,17.798309524,0
                99.857846404,17.798340813,0
                99.8578398000001,17.798348794,0
                99.857796599,17.798376659,0
                99.8577296890001,17.7984085800001,0
                99.857702212,17.798414554,0
                99.857670033,17.798414269,0
                99.857651676,17.7984128860001,0
                99.8576337570001,17.7984115310001,0
                99.8575945860001,17.7983960230001,0
                99.8574757250001,17.7983489580001,0
                99.8574288920001,17.7983304140001,0
                99.8573734650001,17.7983239010001,0
                99.857341246,17.798326939,0
                99.8573196880001,17.7983394570001,0
                99.8573111110001,17.798344437,0
                99.8573077450001,17.798349595,0
                99.8572951040001,17.7983689640001,0
                99.8572665410001,17.798433345,0
                99.8571923690001,17.798672857,0
                99.8571261870001,17.7988579780001,0
                99.857071239,17.799018335,0
                99.85702009,17.799178709,0
                99.8569923530001,17.799325052,0
                99.8569743140001,17.7995586370001,0
                99.8569738770001,17.7995886570001,0
                99.8569803560001,17.799608645,0
                99.8569908700001,17.7996224990001,0
                99.857010673,17.799636869,0
                99.8570281300001,17.7996462400001,0
                99.857053121,17.7996539170001,0
                99.857087946,17.7996554320001,0
                99.8571192570001,17.7996486270001,0
                99.8571539960001,17.799630682,0
                99.8571939330001,17.7996082650001,0
                99.857229896,17.7996036600001,0
                99.8572624180001,17.799608521,0
                99.857300798,17.7996244770001,0
                99.8573380380001,17.7996443270001,0
                99.8573747040001,17.7996658490001,0
                99.8574172150001,17.799696241,0
                99.8574442080001,17.7997292540001,0
                99.8574697600001,17.7997605030001,0
                99.8574960450001,17.7997965270001,0
                99.8575136570001,17.7998381460001,0
                99.8575278200001,17.799888122,0
                99.8575331790001,17.799915341,0
                99.857533849,17.799934239,0
                99.857529872,17.79995316,0
                99.857517219,17.7999765700001,0
                99.8574941430001,17.800005578,0
                99.8574600580001,17.800038532,0
                99.8574143540001,17.800068751,0
                99.8573686130001,17.800092303,0
                99.857336209,17.800111907,0
                99.8573125010001,17.8001303570001,0
                99.8572865120001,17.800157713,0
                99.857268064,17.8001833660001,0
                99.857256003,17.8002095520001,0
                99.8572428090001,17.8002424090001,0
                99.8572331510001,17.8002852650001,0
                99.8572136810001,17.8003415000001,0
                99.857190185,17.8004038730001,0
                99.8571459790001,17.8005046960001,0
                99.8571201440001,17.8005637420001,0
                99.8570965790001,17.8006116560001,0
                99.8570834500001,17.800657862,0
                99.8570681160001,17.800728539,0
                99.85705563,17.80078752,0
                99.8570507900001,17.800867048,0
                99.8570497380001,17.8008909600001,0
                99.857053308,17.8009087360001,0
                99.8570649960001,17.8009259180001,0
                99.857084769,17.8009341700001,0
                99.8571196090001,17.800937909,0
                99.8571538310001,17.8009344230001,0
                99.85717621,17.8009294720001,0
                99.8571972450001,17.8009235440001,0
                99.8572202330001,17.8009224630001,0
                99.8572672660001,17.8009276440001,0
                99.857345573,17.8009547080001,0
                99.8573565560001,17.8009599120001,0
                99.8573666250001,17.8009646790001,0
                99.8573827160001,17.8009722960001,0
                99.8573911970001,17.800978888,0
                99.857392668,17.8009806310001,0
                99.8574051400001,17.800995385,0
                99.8574120110001,17.801006586,0
                99.8574184240001,17.80101704,0
                99.8574205310001,17.8010256900001,0
                99.857426536,17.801050332,0
                99.8574315050001,17.8010811030001,0
                99.8574322750001,17.8011086280001,0
                99.857433353,17.801147176,0
                99.8574314320001,17.801161704,0
                99.8574306530001,17.801167591,0
                99.8574270600001,17.801178728,0
                99.8574250180001,17.8011836950001,0
                99.857412835,17.801201748,0
                99.857411475,17.8012037550001,0
                99.8573986050001,17.801214314,0
                99.8573979800001,17.801214556,0
                99.8573946170001,17.801215859,0
                99.8573903880001,17.8012175000001,0
                99.8573831180001,17.801220324,0
                99.8573806580001,17.801220743,0
                99.85737362,17.8012219440001,0
                99.8573478910001,17.8012215630001,0
                99.8573124900001,17.801222275,0
                99.857275373,17.801228936,0
                99.8572458040001,17.8012342430001,0
                99.8572040880001,17.801248878,0
                99.857138633,17.8012752980001,0
                99.857034383,17.801320789,0
                99.8569943960001,17.8013343060001,0
                99.8569755250001,17.801340069,0
                99.8569600500001,17.8013494040001,0
                99.8569481120001,17.801364531,0
                99.8569337010001,17.801384607,0
                99.8569228250001,17.8014169030001,0
                99.8569103630001,17.8014814520001,0
                99.8568990570001,17.801543769,0
                99.856892916,17.801594386,0
                99.8568873,17.80163444,0
                99.8568798760001,17.801659494,0
                99.8568695230001,17.8016795550001,0
                99.8568498930001,17.801701322,0
                99.8568239040001,17.8017275660001,0
                99.8568094650001,17.8017426390001,0
                99.8568080690001,17.8017465940001,0
                99.8568031670001,17.801760459,0
                99.856796354,17.801792176,0
                99.8567936170001,17.8018272150001,0
                99.856784485,17.8018589480001,0
                99.8567677390001,17.8018768110001,0
                99.8567492160001,17.8018874540001,0
                99.856710359,17.8018931870001,0
                99.856682488,17.801890529,0
                99.856604013,17.8018641830001,0
                99.856413907,17.801797747,0
                99.856356911,17.8017718630001,0
                99.8562946750001,17.8017432280001,0
                99.8562469240001,17.801710633,0
                99.8561752250001,17.801644787,0
                99.8560673440001,17.8015374010001,0
                99.85602995,17.8014847470001,0
                99.855977904,17.8014032470001,0
                99.8559699460001,17.8013874050001,0
                99.855955055,17.8013577610001,0
                99.8559476500001,17.8013317520001,0
                99.8559337870001,17.80125486,0
                99.8559256840001,17.8011621910001,0
                99.8559212660001,17.8010882620001,0
                99.855910523,17.801025483,0
                99.855900465,17.8009855020001,0
                99.855881342,17.8009497410001,0
                99.8558386820001,17.8008963770001,0
                99.8558359470001,17.800892231,0
                99.855835922,17.8008921960001,0
                99.855792814,17.8008267870001,0
                99.855790846,17.8008238040001,0
                99.8557829810001,17.8007968910001,0
                99.855782827,17.8007899410001,0
                99.8557826270001,17.8007809590001,0
                99.8557868180001,17.8007524070001,0
                99.8558142860001,17.8006828750001,0
                99.855866699,17.8005655060001,0
                99.8558906010001,17.8005018910001,0
                99.8558906440001,17.800501769,0
                99.8559159120001,17.8004345190001,0
                99.855939887,17.8003922290001,0
                99.8559465310001,17.8003820920001,0
                99.855961945,17.8003585700001,0
                99.8559621750001,17.8003582210001,0
                99.855971943,17.8003494070001,0
                99.8559879620001,17.8003349530001,0
                99.855988612,17.8003345700001,0
                99.8560196970001,17.800316218,0
                99.8560391980001,17.800307096,0
                99.856123471,17.800280801,0
                99.856132689,17.800276857,0
                99.856147386,17.8002705640001,0
                99.8561823370001,17.8002478120001,0
                99.8561868040001,17.8002426480001,0
                99.856206334,17.800220064,0
                99.856215149,17.800206798,0
                99.856236628,17.8001543830001,0
                99.85624053,17.800143427,0
                99.8562519660001,17.800111304,0
                99.8562655100001,17.8000589690001,0
                99.856268286,17.800048234,0
                99.8562683210001,17.800048093,0
                99.856290963,17.7999606010001,0
                99.8562903480001,17.799932487,0
                99.856290275,17.7999292060001,0
                99.8562825960001,17.799891616,0
                99.8562819140001,17.799888278,0
                99.8562793620001,17.7998812490001,0
                99.8562783130001,17.7998796850001,0
                99.8562595830001,17.799851776,0
                99.8562445140001,17.7998386560001,0
                99.8562095670001,17.7998176510001,0
                99.8561935340001,17.7998080140001,0
                99.856137914,17.799774068,0
                99.8560901020001,17.7997381930001,0
                99.8560452410001,17.7997016960001,0
                99.8560163070001,17.7996875630001,0
                99.8559438340001,17.7996735560001,0
                99.8559433660001,17.799673462,0
                99.8559431250001,17.7996734450001,0
                99.855938822,17.7996730680001,0
                99.8558440340001,17.7996648000001,0
                99.8557733630001,17.7996549870001,0
                99.855773297,17.799654978,0
                99.855734306,17.7996495670001,0
                99.855644232,17.7996327170001,0
                99.85562558,17.799630726,0
                99.855574806,17.7996325880001,0
                99.855499374,17.799635145,0
                99.855445962,17.799631484,0
                99.8553855700001,17.799624522,0
                99.8553385380001,17.7996197250001,0
                99.855317653,17.7996214840001,0
                99.855302205,17.799630716,0
                99.8552958920001,17.7996380290001,0
                99.8552870660001,17.7996583070001,0
                99.8552848740001,17.799685562,0
                99.855288499,17.799715565,0
                99.8553003150001,17.799758884,0
                99.8553110380001,17.799817213,0
                99.8553144850001,17.7999317270001,0
                99.85531382,17.800035694,0
                99.855315219,17.8000857260001,0
                99.855324093,17.800168168,0
                99.8553243300001,17.8001703460001,0
                99.85533288,17.8002322470001,0
                99.855333106,17.80027969,0
                99.8553154800001,17.8003351150001,0
                99.855289568,17.800381354,0
                99.855249831,17.8004144760001,0
                99.8551908620001,17.800454266,0
                99.8551305180001,17.800494067,0
                99.8550730800001,17.800514987,0
                99.8550279120001,17.8005271550001,0
                99.8549793600001,17.8005349950001,0
                99.8549522800001,17.8005343500001,0
                99.8549124340001,17.800529946,0
                99.8548643180001,17.800509429,0
                99.8548402480001,17.800494015,0
                99.8547518970001,17.8004298290001,0
                99.8547026530001,17.8003961900001,0
                99.854659998,17.8003746370001,0
                99.8545929800001,17.800351273,0
                99.854591542,17.800350472,0
                99.8545426680001,17.8003232630001,0
                99.8545054530001,17.8002856790001,0
                99.8544800370001,17.8002517900001,0
                99.8544204350001,17.8001584840001,0
                99.8543024950001,17.799946821,0
                99.8542150870001,17.7997917010001,0
                99.8541344650001,17.799616778,0
                99.85410512,17.7995207010001,0
                99.854074246,17.799393007,0
                99.8540627130001,17.799282356,0
                99.8540377310001,17.799192997,0
                99.8539634560001,17.799046364,0
                99.8539129070001,17.798950609,0
                99.8537772170001,17.79872627,0
                99.85377716,17.798726178,0
                99.8537046820001,17.7986156110001,0
                99.8536432130001,17.7985274060001,0
                99.8535865470001,17.7984616730001,0
                99.853520453,17.7983884830001,0
                99.8534041030001,17.798281021,0
                99.85319988,17.798128954,0
                99.8530883670001,17.798051464,0
                99.852937631,17.7979546460001,0
                99.8528371830001,17.7978995990001,0
                99.852724272,17.797856605,0
                99.852623937,17.79782555,0
                99.852501685,17.797793094,0
                99.8524029770001,17.797774028,0
                99.852315349,17.797763923,0
                99.8522902070001,17.797761027,0
                99.8521586790001,17.7977540970001,0
                99.8520365690001,17.797751632,0
                99.8518957320001,17.7977612450001,0
                99.8517877900001,17.797776707,0
                99.8517080410001,17.7977950490001,0
                99.8516267890001,17.7978253950001,0
                99.8515393380001,17.7978707620001,0
                99.8514769240001,17.7979130200001,0
                99.8513863960001,17.7979689000001,0
                99.8513271510001,17.7980186450001,0
                99.8512539310001,17.798093943,0
                99.851207248,17.7981526300001,0
                99.8511699480001,17.798209776,0
                99.8511358910001,17.798289401,0
                99.851108041,17.7983585010001,0
                99.851092775,17.798441048,0
                99.851083825,17.7985340550001,0
                99.851082536,17.798592548,0
                99.8510828980001,17.798669026,0
                99.8510835020001,17.798796484,0
                99.8510920300001,17.798943407,0
                99.851099102,17.7991143300001,0
                99.85109786,17.7991833140001,0
                99.8511218830001,17.799297177,0
                99.851166408,17.7994439400001,0
                99.8511982780001,17.79956227,0
                99.8512127550001,17.7996446820001,0
                99.8512194680001,17.7997391280001,0
                99.8512121990001,17.7998576250001,0
                99.851204835,17.799955132,0
                99.8512008370001,17.800102107,0
                99.85119833,17.8002340780001,0
                99.8511924700001,17.800318083,0
                99.851167853,17.800408165,0
                99.8511323220001,17.800508789,0
                99.8510905570001,17.8006139450001,0
                99.8510425280001,17.8007191190001,0
                99.850989772,17.800818325,0
                99.8509197960001,17.8009175990001,0
                99.850877762,17.8009657690001,0
                99.8508170160001,17.801030516,0
                99.8507452970001,17.8010923090001,0
                99.850665694,17.8011406430001,0
                99.850518945,17.8012252560001,0
                99.8504439710001,17.801260072,0
                99.85032534,17.801332567,0
                99.8502582560001,17.801380846,0
                99.8501693760001,17.8014547110001,0
                99.8499667340001,17.8016370390001,0
                99.849881925,17.801726837,0
                99.8498680860001,17.801741491,0
                99.8498031880001,17.8018102030001,0
                99.8496753380001,17.801918728,0
                99.8495895950001,17.8019940790001,0
                99.849535001,17.802036303,0
                99.8494850700001,17.802069513,0
                99.8494335450001,17.802098228,0
                99.8493663530001,17.802124011,0
                99.8493068820001,17.80212727,0
                99.8492317340001,17.8021260960001,0
                99.8491596900001,17.8021189130001,0
                99.849107974,17.8021056370001,0
                99.8490530430001,17.802077384,0
                99.8489980590001,17.8020356370001,0
                99.8489319220001,17.8019534480001,0
                99.8488248310001,17.8018174470001,0
                99.8487035220001,17.801654521,0
                99.848580649,17.8014916010001,0
                99.848556337,17.8014594200001,0
                99.848453051,17.8013227000001,0
                99.848408953,17.8012659080001,0
                99.8483538830001,17.801206166,0
                99.8483051540001,17.801164387,0
                99.8482502090001,17.801131636,0
                99.8482062950001,17.8011138310001,0
                99.8481420350001,17.8010976150001,0
                99.8480559120001,17.801091989,0
                99.847929084,17.8010865410001,0
                99.8477756500001,17.8010812050001,0
                99.8475831490001,17.8010910410001,0
                99.847475161,17.801096004,0
                99.8473656470001,17.8011099780001,0
                99.847265555,17.8011299020001,0
                99.8471357710001,17.801160456,0
                99.8469403710001,17.801219786,0
                99.8468341020001,17.8012577370001,0
                99.8467324420001,17.801277672,0
                99.846632345,17.801296101,0
                99.8465369480001,17.801316007,0
                99.846424422,17.801355485,0
                99.846327537,17.8013918940001,0
                99.8461992970001,17.8014179410001,0
                99.8461902600001,17.801418766,0
                99.846078811,17.8014289590001,0
                99.845956695,17.801426486,0
                99.845834541,17.8014150170001,0
                99.8457013660001,17.801391602,0
                99.8456089040001,17.801369505,0
                99.84556589,17.8013555680001,0
                99.8455211290001,17.8013410660001,0
                99.8455038610001,17.801335469,0
                99.8454034200001,17.8012819200001,0
                99.8453060840001,17.8012223590001,0
                99.845210315,17.8011627880001,0
                99.845092542,17.80108532,0
                99.8449794620001,17.8010063290001,0
                99.844915035,17.800954124,0
                99.844841085,17.8008749640001,0
                99.8447670850001,17.8007838090001,0
                99.8447025180001,17.80070311,0
                99.8446080890001,17.800533365,0
                99.844544963,17.800403734,0
                99.8444614040001,17.800237082,0
                99.8443983430001,17.800120948,0
                99.844345058,17.8000250170001,0
                99.84430517,17.7999686750001,0
                99.8442732970001,17.799931698,0
                99.84422469,17.799893948,0
                99.8441628840001,17.799857945,0
                99.8440199060001,17.799788548,0
                99.8439280810001,17.7997358060001,0
                99.8438414980001,17.799673759,0
                99.843770696,17.7995973050001,0
                99.8437449410001,17.799551024,0
                99.8437395080001,17.799518993,0
                99.8437464030001,17.7994877510001,0
                99.8437586530001,17.7994699810001,0
                99.8437770560001,17.799452194,0
                99.843808697,17.7994394030001,0
                99.8438412510001,17.799434202,0
                99.843888742,17.7994213430001,0
                99.843915086,17.799406047,0
                99.8439404970001,17.799379786,0
                99.843958759,17.7993307840001,0
                99.8439614930001,17.799302696,0
                99.8439663190001,17.7992531510001,0
                99.84396766,17.799206048,0
                99.8439579590001,17.799140107,0
                99.843932652,17.799084733,0
                99.8439010770001,17.799027885,0
                99.8438664650001,17.798990544,0
                99.8438051670001,17.7989383250001,0
                99.8437439400001,17.798901098,0
                99.8436791490001,17.798878614,0
                99.8436671140001,17.798874438,0
                99.8435966160001,17.7988627450001,0
                99.843507317,17.7988481350001,0
                99.8434164510001,17.7988320320001,0
                99.8433537220001,17.798808305,0
                99.8432517510001,17.7987607600001,0
                99.843190452,17.7987085390001,0
                99.843118078,17.7986308710001,0
                99.8430424630001,17.79852923,0
                99.842980889,17.798418521,0
                99.842941377,17.7983377150001,0
                99.8429317430001,17.798286773,0
                99.84293073,17.798271825,0
                99.8429283850001,17.7982373,0
                99.8429171860001,17.798186365,0
                99.842885681,17.7981445090001,0
                99.8428386260001,17.7981133920001,0
                99.842833866,17.798110244,0
                99.8427727170001,17.798089512,0
                99.8427085610001,17.7980744110001,0
                99.8426388450001,17.7980679,0
                99.8425591860001,17.7980641550001,0
                99.8425079250001,17.7980507520001,0
                99.8424323820001,17.798015655,0
                99.8423824010001,17.797972271,0
                99.8423239050001,17.797931653,0
                99.842262614,17.797903306,0
                99.8422170380001,17.797888517,0
                99.8421473050001,17.797879279,0
                99.8420463640001,17.797886528,0
                99.8419582290001,17.797895082,0
                99.84187582,17.7979117850001,0
                99.8417863060001,17.7979298810001,0
                99.841716697,17.797946527,0
                99.8416683710001,17.7979521840001,0
                99.8416256940001,17.797949644,0
                99.8415872510001,17.7979402720001,0
                99.8415244870001,17.7979010330001,0
                99.841451781,17.7978632000001,0
                99.8414204590001,17.79785652,0
                99.8413834730001,17.7978539540001,0
                99.841322356,17.797862391,0
                99.841254156,17.79787631,0
                99.8411873580001,17.797884772,0
                99.8411119850001,17.7978864560001,0
                99.841020896,17.797871862,0
                99.8409554400001,17.797863969,0
                99.8409255820001,17.7978654620001,0
                99.840892948,17.7978819520001,0
                99.8408759770001,17.797902461,0
                99.8408604690001,17.797931137,0
                99.8408549470001,17.79796658,0
                99.8408537020001,17.798004737,0
                99.8408524850001,17.7980483370001,0
                99.8408527020001,17.798094656,0
                99.8408401130001,17.798139669,0
                99.840813284,17.798180659,0
                99.840759442,17.798223125,0
                99.8407070550001,17.7982737580001,0
                99.8406603980001,17.7983325390001,0
                99.8406152570001,17.798411753,0
                99.8405842080001,17.798462295,0
                99.840546325,17.7985728090001,0
                99.840518289,17.798660123,0
                99.840481717,17.798746115,0
                99.8403871400001,17.798897744,0
                99.8403066720001,17.799026155,0
                99.840217576,17.799132807,0
                99.8401567060001,17.799194374,0
                99.840115585,17.799220436,0
                99.8400346780001,17.799253483,0
                99.8399736550001,17.7992809940001,0
                99.8399169040001,17.7993112070001,0
                99.8398560150001,17.799367327,0
                99.8398221420001,17.79942333,0
                99.8398025230001,17.799486088,0
                99.839793818,17.799551497,0
                99.839792908,17.7995583320001,0
                99.8397804670001,17.7996346800001,0
                99.839770866,17.799711018,0
                99.8397526130001,17.799761505,0
                99.8397314920001,17.79980655,0
                99.8397003760001,17.7998434730001,0
                99.8396579020001,17.799884526,0
                99.8396139870001,17.7999215,0
                99.8395799210001,17.79993663,0
                99.8395358530001,17.799939544,0
                99.8394860240001,17.799928858,0
                99.8393921270001,17.799910487,0
                99.8393906460001,17.799910196,0
                99.8393493890001,17.799907644,0
                99.839289728,17.7999228910001,0
                99.839252888,17.7999516580001,0
                99.839234537,17.7999817080001,0
                99.8392007200001,17.800048611,0
                99.8391800630001,17.8000997990001,0
                99.839147294,17.8001809940001,0
                99.8391021250001,17.800253394,0
                99.839038406,17.800313612,0
                99.8389646360001,17.8003534380001,0
                99.838889345,17.8003714710001,0
                99.8388296110001,17.8003717280001,0
                99.8387456720001,17.800365276,0
                99.8386757470001,17.800351161,0
                99.8386531420001,17.800346598,0
                99.8385178180001,17.8003008580001,0
                99.83836813,17.8002252050001,0
                99.8382225890001,17.800122287,0
                99.838111181,17.8000205870001,0
                99.8380268990001,17.799940565,0
                99.8379124990001,17.7998075400001,0
                99.8378396400001,17.799737007,0
                99.8377180730001,17.7995917530001,0
                99.8376479070001,17.7994898740001,0
                99.837591875,17.799367494,0
                99.837588542,17.7993609980001,0
                99.837520112,17.799227478,0
                99.8374913630001,17.7991622060001,0
                99.8374738940001,17.79907645,0
                99.837462051,17.798977044,0
                99.8374669410001,17.7988053620001,0
                99.8374678050001,17.798685467,0
                99.83746978,17.7984988110001,0
                99.8374847360001,17.7983516090001,0
                99.8375024850001,17.798193493,0
                99.83752903,17.7980912,0
                99.837551455,17.7980202580001,0
                99.837586704,17.797954713,0
                99.837679908,17.7978182800001,0
                99.8377463200001,17.7977210610001,0
                99.837884736,17.7975147450001,0
                99.837904457,17.7974751520001,0
                99.8379213090001,17.7974287600001,0
                99.8379238620001,17.797366077,0
                99.837906532,17.7973102920001,0
                99.8378835660001,17.79726407,0
                99.837782195,17.797180036,0
                99.8376037510001,17.7970363850001,0
                99.8374910140001,17.796953762,0
                99.8373954450001,17.796892863,0
                99.837284341,17.7968551920001,0
                99.8372259860001,17.796845902,0
                99.83715627,17.796839391,0
                99.837078089,17.796847901,0
                99.837008477,17.796863183,0
                99.8369446130001,17.7968920660001,0
                99.836852406,17.796942872,0
                99.8367632040001,17.7970277220001,0
                99.8366824460001,17.7970934620001,0
                99.836624322,17.797133221,0
                99.8365831660001,17.7971524720001,0
                99.83654907,17.7971594260001,0
                99.8365035580001,17.7971596200001,0
                99.8364551940001,17.797157101,0
                99.836347033,17.7971412160001,0
                99.8362345720001,17.797117176,0
                99.8361049580001,17.7970754950001,0
                99.8359881850001,17.797041934,0
                99.835929875,17.797042183,0
                99.8358701800001,17.7970506130001,0
                99.835814794,17.7970671950001,0
                99.8357509040001,17.797090633,0
                99.8356629370001,17.7971346030001,0
                99.8356034060001,17.797178452,0
                99.8355396330001,17.7972264100001,0
                99.8353852610001,17.7973660330001,0
                99.8352450780001,17.7974974200001,0
                99.8351299670001,17.7976120550001,0
                99.835104931,17.7976369840001,0
                99.8349235300001,17.797773998,0
                99.8347596020001,17.7978906760001,0
                99.8347194120001,17.7979192830001,0
                99.834589082,17.798030193,0
                99.834525302,17.798076785,0
                99.8344417280001,17.7981493510001,0
                99.8343823010001,17.798214999,0
                99.8343427730001,17.798277838,0
                99.8343203270001,17.7983446920001,0
                99.8342981110001,17.798460592,0
                99.8342958430001,17.7985845760001,0
                99.834300553,17.798679925,0
                99.8343009270001,17.7987603030001,0
                99.8343287590001,17.7989345730001,0
                99.8343550260001,17.7990788760001,0
                99.83439581,17.799285787,0
                99.8344278280001,17.799442325,0
                99.8344412850001,17.799583956,0
                99.834446277,17.7997406100001,0
                99.8344382390001,17.7998469120001,0
                99.8344063580001,17.8000255220001,0
                99.8343938400001,17.8000855220001,0
                99.834389802,17.800134585,0
                99.8343957000001,17.8001795160001,0
                99.8344030630001,17.8002339830001,0
                99.8344205280001,17.8003197370001,0
                99.8344193330001,17.800368791,0
                99.8344082140001,17.8004246950001,0
                99.8343773390001,17.8005133840001,0
                99.834337814,17.8005775840001,0
                99.8342726670001,17.8006364450001,0
                99.834211774,17.800692564,0
                99.8341749670001,17.800729507,0
                99.8341453250001,17.8007773140001,0
                99.8341030330001,17.8008578760001,0
                99.834042282,17.8009453330001,0
                99.8339545360001,17.801038347,0
                99.8337634150001,17.801227173,0
                99.833696833,17.801283314,0
                99.8336487810001,17.801348913,0
                99.833636229,17.8014021010001,0
                99.8336364570001,17.801451146,0
                99.8336451930001,17.801494706,0
                99.8336624240001,17.801530053,0
                99.833692543,17.80158442,0
                99.833724105,17.801644235,0
                99.8337356930001,17.8016891400001,0
                99.8337358860001,17.801730806,0
                99.833735914,17.801736824,0
                99.833726303,17.8018104340001,0
                99.833712415,17.801882699,0
                99.8336931630001,17.8019233160001,0
                99.8336783780001,17.8019395160001,0
                99.833620404,17.801975735,0
                99.8335537360001,17.8020141700001,0
                99.833512592,17.8020361390001,0
                99.8334644500001,17.8020813050001,0
                99.8334051240001,17.8021687520001,0
                99.8333457720001,17.80225075,0
                99.8332679850001,17.8023450850001,0
                99.833177381,17.8024353910001,0
                99.8330995140001,17.8025120130001,0
                99.832994661,17.8025969290001,0
                99.8328358420001,17.8026970650001,0
                99.8327366090001,17.802766967,0
                99.8326330780001,17.8028300770001,0
                99.8325124500001,17.8028864500001,0
                99.832474544,17.802900353,0
                99.8323846690001,17.802933314,0
                99.832208521,17.802979024,0
                99.83197261,17.80301681,0
                99.8318190360001,17.8030229140001,0
                99.8316782630001,17.803028962,0
                99.8315161180001,17.8030269280001,0
                99.8313852190001,17.8030152220001,0
                99.8313183450001,17.8030086950001,0
                99.8312400670001,17.802996765,0
                99.8311717120001,17.80297798,0
                99.8310605630001,17.80293077,0
                99.8309564750001,17.8028739920001,0
                99.8308979770001,17.802833369,0
                99.8308165860001,17.8027642320001,0
                99.8307466000001,17.802699132,0
                99.830672215,17.802606804,0
                99.830620578,17.8025130180001,0
                99.83058313,17.8024109990001,0
                99.830508444,17.802253276,0
                99.8304322130001,17.802068315,0
                99.830354722,17.8019187800001,0
                99.8302171710001,17.8016986580001,0
                99.8301055270001,17.801545178,0
                99.830051073,17.801456854,0
                99.8300251840001,17.801394295,0
                99.8300106330001,17.8013235110001,0
                99.8299668910001,17.8010907280001,0
                99.8299389650001,17.8008946580001,0
                99.8299143420001,17.8007980360001,0
                99.8298739680001,17.8006796760001,0
                99.8298466030001,17.8006048610001,0
                99.8298193790001,17.800561381,0
                99.8297765390001,17.8005234140001,0
                99.8297266380001,17.8004977410001,0
                99.8296810420001,17.8004788590001,0
                99.8296283450001,17.800462738,0
                99.8295657570001,17.8004602770001,0
                99.829466245,17.8004688730001,0
                99.829365297,17.8004761120001,0
                99.8292970830001,17.800487301,0
                99.8292062,17.800516295,0
                99.82910115,17.800558976,0
                99.828976288,17.800622176,0
                99.8288500460001,17.8006949160001,0
                99.8287706290001,17.8007443010001,0
                99.8287196790001,17.800797652,0
                99.8286993020001,17.800841103,0
                99.8286876870001,17.8008854920001,0
                99.8286873820001,17.800887704,0
                99.8286837850001,17.8009237630001,0
                99.828683303,17.8009285950001,0
                99.8286692550001,17.800965434,0
                99.8286494760001,17.8009941330001,0
                99.828622307,17.801020388,0
                99.8285911240001,17.8010349790001,0
                99.828548137,17.801042577,0
                99.8284761930001,17.8010439120001,0
                99.828429423,17.8010436270001,0
                99.8283439260001,17.8010431070001,0
                99.8282472650001,17.8010544160001,0
                99.828145035,17.801091635,0
                99.828075514,17.8011273540001,0
                99.8280230560001,17.8011629970001,0
                99.8279635330001,17.801208208,0
                99.827895545,17.8012684400001,0
                99.8278502320001,17.8013122310001,0
                99.8277795000001,17.801394273,0
                99.8277130750001,17.801484472,0
                99.8276380720001,17.801566532,0
                99.8276012790001,17.801606199,0
                99.8275559290001,17.8016404520001,0
                99.8275119350001,17.8016624370001,0
                99.8274551000001,17.801673572,0
                99.8273797370001,17.80167662,0
                99.827292975,17.801675624,0
                99.827238896,17.8016676770001,0
                99.8271733990001,17.801651603,0
                99.8271263400001,17.801624556,0
                99.8270849580001,17.801593397,0
                99.8270392570001,17.8015527160001,0
                99.8269977040001,17.801486138,0
                99.826950432,17.8014127660001,0
                99.826886168,17.801354454,0
                99.826783499,17.801296302,0
                99.8266965450001,17.801253075,0
                99.826658008,17.8012232670001,0
                99.826605128,17.801167633,0
                99.8265522310001,17.80110791,0
                99.826496536,17.8010577370001,0
                99.826443715,17.8010143600001,0
                99.8263952180001,17.8009845940001,0
                99.8262954790001,17.8009441460001,0
                99.8261231770001,17.800897188,0
                99.825983674,17.8008705290001,0
                99.8259110880001,17.8008585750001,0
                99.8258341750001,17.800834374,0
                99.8257785900001,17.800808723,0
                99.825704478,17.800773613,0
                99.8256517510001,17.8007506750001,0
                99.8255933510001,17.80073185,0
                99.8255178920001,17.8007144540001,0
                99.825423986,17.8007053160001,0
                99.8252490820001,17.8007115030001,0
                99.825092661,17.8007162480001,0
                99.825005918,17.8007193400001,0
                99.824947647,17.80072776,0
                99.8248766010001,17.800741685,0
                99.8248240730001,17.8007623400001,0
                99.8247630500001,17.800791207,0
                99.8245146930001,17.8009067,0
                99.8243415650001,17.800989169,0
                99.824147123,17.8010771830001,0
                99.8239185790001,17.801172149,0
                99.823829183,17.8012161250001,0
                99.8237581920001,17.8012423100001,0
                99.823664437,17.8012658650001,0
                99.8236175800001,17.801282411,0
                99.8235565480001,17.8013099130001,0
                99.823497085,17.8013687490001,0
                99.82342644,17.801469867,0
                99.8233897910001,17.801542226,0
                99.823341982,17.801660955,0
                99.8233125890001,17.801764625,0
                99.8232720280001,17.8019132960001,0
                99.8232422870001,17.8022512960001,0
                99.8232406870001,17.802280937,0
                99.823229181,17.802493855,0
                99.823231063,17.8025946670001,0
                99.8232142030001,17.802639695,0
                99.823183079,17.8026752490001,0
                99.823153296,17.8026944490001,0
                99.8231078250001,17.802702814,0
                99.8230365090001,17.80270977,0
                99.8228889000001,17.802724171,0
                99.822749543,17.802728847,0
                99.822553241,17.8027214960001,0
                99.8224608,17.802721885,0
                99.8224010770001,17.802724862,0
                99.8223598870001,17.8027372940001,0
                99.822273323,17.8027785300001,0
                99.8221696590001,17.8028130280001,0
                99.8221057490001,17.802832369,0
                99.8219849230001,17.8028464990001,0
                99.821888168,17.8028373720001,0
                99.8218141510001,17.802824059,0
                99.8217557390001,17.802802505,0
                99.8216972330001,17.8027591540001,0
                99.821627225,17.802689964,0
                99.8215856830001,17.8026247450001,0
                99.8215254510001,17.8025160060001,0
                99.821486678,17.802434426,0
                99.821446554,17.8023691990001,0
                99.8213893940001,17.8023094930001,0
                99.82135372,17.802283758,0
                99.8212738930001,17.8022445840001,0
                99.821178466,17.8022136500001,0
                99.8210717010001,17.802192298,0
                99.821003374,17.8021789590001,0
                99.8209392590001,17.802154708,0
                99.820890788,17.8021290230001,0
                99.8208436850001,17.8020924350001,0
                99.8208107770001,17.8020489790001,0
                99.820784947,17.801998675,0
                99.8207660040001,17.801899301,0
                99.8207541450001,17.8017944470001,0
                99.8207548290001,17.801632317,0
                99.8207587400001,17.801554647,0
                99.820748516,17.801496104,0
                99.8207283990001,17.8014512280001,0
                99.820711202,17.8014226920001,0
                99.8206783860001,17.801399669,0
                99.8206100140001,17.8013767960001,0
                99.820544538,17.8013648080001,0
                99.8204719930001,17.8013623860001,0
                99.820393767,17.8013613540001,0
                99.8203027490001,17.801361736,0
                99.820233037,17.801356577,0
                99.8201532940001,17.8013351110001,0
                99.8200321940001,17.801289298,0
                99.819918241,17.801250268,0
                99.819847038,17.8012301310001,0
                99.81980436,17.801227585,0
                99.8197517450001,17.8012291650001,0
                99.819700588,17.8012389190001,0
                99.819652347,17.801263642,0
                99.8196097630001,17.8012815340001,0
                99.8195600390001,17.8012940030001,0
                99.8195102510001,17.801291485,0
                99.819444768,17.8012781370001,0
                99.8193465210001,17.8012526630001,0
                99.819279663,17.8012502170001,0
                99.8192356060001,17.801257213,0
                99.8191944600001,17.8012791850001,0
                99.819157622,17.801309314,0
                99.819100985,17.801365409,0
                99.8190387270001,17.80143515,0
                99.8189906790001,17.801502108,0
                99.8189229120001,17.801611386,0
                99.818867933,17.8017192450001,0
                99.8188243060001,17.8018202430001,0
                99.8187382510001,17.801973192,0
                99.8187043080001,17.802015569,0
                99.818660353,17.802044364,0
                99.818619185,17.8020608850001,0
                99.81857082,17.802059727,0
                99.8185096000001,17.8020449950001,0
                99.8183942210001,17.8020059680001,0
                99.818283077,17.8019601130001,0
                99.8182218700001,17.8019481040001,0
                99.8181478770001,17.8019402420001,0
                99.818095256,17.8019404620001,0
                99.8180114350001,17.801959884,0
                99.8179503520001,17.801976488,0
                99.8179035570001,17.802006658,0
                99.8178567790001,17.802040914,0
                99.8178100810001,17.802092881,0
                99.8177677200001,17.8021598180001,0
                99.8177451120001,17.8021926070001,0
                99.817725425,17.8022417350001,0
                99.817714262,17.8022881050001,0
                99.8177088320001,17.8023453480001,0
                99.8177119140001,17.8023971060001,0
                99.8177178590001,17.802454299,0
                99.8177226640001,17.802495181,0
                99.8177384840001,17.802543686,0
                99.817760068,17.8025740360001,0
                99.8177744220001,17.802595437,0
                99.817793663,17.8026241200001,0
                99.8178089310001,17.8026628650001,0
                99.8178171070001,17.8027138200001,0
                99.8178101510001,17.802755699,0
                99.8177976270001,17.802806672,0
                99.8177964260001,17.802809397,0
                99.8177922340001,17.80281891,0
                99.8177796740001,17.8028385800001,0
                99.8177635470001,17.8028638380001,0
                99.817762982,17.8028647190001,0
                99.8177622050001,17.8028656450001,0
                99.817718244,17.802917893,0
                99.8176362070001,17.8029841650001,0
                99.8175647890001,17.8030245790001,0
                99.8175610200001,17.8030267130001,0
                99.817456034,17.8030830070001,0
                99.817345286,17.803124344,0
                99.8172699790001,17.803139645,0
                99.8171604990001,17.803146917,0
                99.8170438700001,17.803146038,0
                99.8169527960001,17.803134158,0
                99.816874479,17.80311405,0
                99.816791853,17.803084422,0
                99.8166978090001,17.8030453050001,0
                99.816615131,17.803003416,0
                99.8165381150001,17.802956051,0
                99.8164767280001,17.8029058990001,0
                99.8164024210001,17.8028285520001,0
                99.816315128,17.802710387,0
                99.8162750820001,17.802661508,0
                99.8162279410001,17.802615385,0
                99.8161580060001,17.8025611790001,0
                99.8160480920001,17.8024730810001,0
                99.815949705,17.8024176330001,0
                99.8158955530001,17.802393339,0
                99.8158343520001,17.8023840540001,0
                99.8157760280001,17.802381575,0
                99.8157305390001,17.8023858500001,0
                99.8156836540001,17.8023969450001,0
                99.8156524510001,17.8024161500001,0
                99.815615575,17.8024381010001,0
                99.815591667,17.8024444530001,0
                99.8155686970001,17.8024505600001,0
                99.815540201,17.802452332,0
                99.8155036640001,17.802448065,0
                99.8154897630001,17.8024447180001,0
                99.8154415710001,17.802433122,0
                99.815425152,17.8024248840001,0
                99.815368817,17.802396613,0
                99.815367833,17.80239612,0
                99.8153675200001,17.8023958260001,0
                99.8153228230001,17.8023541530001,0
                99.81532221,17.8023534920001,0
                99.81528789,17.802312767,0
                99.8152292120001,17.802231265,0
                99.815122138,17.802141794,0
                99.8150309200001,17.8020751770001,0
                99.8149922860001,17.8020469630001,0
                99.814910899,17.8019764580001,0
                99.814808053,17.801878796,0
                99.8147336850001,17.801787824,0
                99.8146665630001,17.801726795,0
                99.8146180430001,17.8016902110001,0
                99.814555361,17.8016673130001,0
                99.814462845,17.8016513480001,0
                99.814230905,17.8016264290001,0
                99.8139349200001,17.8015895120001,0
                99.8138040250001,17.801579159,0
                99.81373719,17.8015808000001,0
                99.8136775020001,17.8015905830001,0
                99.8136363200001,17.801604377,0
                99.813573879,17.8016346110001,0
                99.813508627,17.801673028,0
                99.8134420160001,17.8017237170001,0
                99.813365182,17.8017760220001,0
                99.8132997980001,17.8018238070001,0
                99.813212041,17.801876282,0
                99.813042044,17.8019658860001,0
                99.812917547,17.802033078,0
                99.812852144,17.8020770300001,0
                99.812811487,17.8021078530001,0
                99.8127796200001,17.802137873,0
                99.8127493650001,17.802170185,0
                99.8127279390001,17.802208593,0
                99.8127081250001,17.8022492900001,0
                99.8126931210001,17.8022922690001,0
                99.8126759130001,17.8023789390001,0
                99.8126666910001,17.802462506,0
                99.8126604660001,17.802500851,0
                99.8126438410001,17.802540004,0
                99.812616044,17.802584569,0
                99.812503969,17.802744434,0
                99.8124379820001,17.802836671,0
                99.8124181370001,17.8028704750001,0
                99.8124094730001,17.8029011620001,0
                99.8124024290001,17.802935678,0
                99.8124034520001,17.8029847220001,0
                99.81240698,17.8030567440001,0
                99.812410501,17.8030910090001,0
                99.8124203680001,17.8031869640001,0
                99.8124206030001,17.803239078,0
                99.8124127740001,17.8032774270001,0
                99.8124009100001,17.803306596,0
                99.812372382,17.8033664930001,0
                99.8123682340001,17.8033777310001,0
                99.812358009,17.803421099,0
                99.812359137,17.803445481,0
                99.8123682890001,17.803523609,0
                99.8123749170001,17.803573396,0
                99.812371059,17.8036048330001,0
                99.8123647290001,17.803620951,0
                99.8123504270001,17.803641704,0
                99.812335289,17.8036555580001,0
                99.8123111520001,17.803667886,0
                99.8123048530001,17.803670601,0
                99.8122667630001,17.8036808640001,0
                99.812217364,17.8036889590001,0
                99.8122170670001,17.80368901,0
                99.8121755800001,17.803690868,0
                99.8121394600001,17.8036890540001,0
                99.8120127980001,17.8036826960001,0
                99.8119923890001,17.8036824870001,0
                99.811941834,17.8036819650001,0
                99.8118877690001,17.8036846160001,0
                99.811855419,17.8036903450001,0
                99.81180599,17.803705318,0
                99.8117606270001,17.803727279,0
                99.8117574120001,17.803728838,0
                99.8117490490001,17.803735569,0
                99.811705632,17.803770537,0
                99.8116257830001,17.803868516,0
                99.8116018760001,17.803901734,0
                99.8116018520001,17.8039017730001,0
                99.8115636350001,17.803954886,0
                99.8115612700001,17.80395817,0
                99.8115346000001,17.8039815990001,0
                99.8114973670001,17.8040019630001,0
                99.8114925150001,17.8040035340001,0
                99.811464109,17.804012734,0
                99.8114195850001,17.8040271580001,0
                99.8113554820001,17.8040430930001,0
                99.811343821,17.8040459920001,0
                99.81134008,17.804046337,0
                99.8113180180001,17.804048376,0
                99.8112775530001,17.80404981,0
                99.811262275,17.804050352,0
                99.8112582810001,17.80404989,0
                99.8112083130001,17.8040441160001,0
                99.8111227380001,17.804034228,0
                99.811094112,17.804026014,0
                99.811087796,17.804023344,0
                99.8110874100001,17.804023181,0
                99.8110771140001,17.8040153650001,0
                99.811072358,17.804007843,0
                99.8110710290001,17.8039988960001,0
                99.8110749530001,17.80398394,0
                99.8110824500001,17.8039674230001,0
                99.8110955380001,17.8039402520001,0
                99.8111038520001,17.8039229940001,0
                99.811114165,17.803901576,0
                99.8111184700001,17.8038875440001,0
                99.8111219800001,17.8038760970001,0
                99.81113637,17.80382518,0
                99.811141192,17.8037656340001,0
                99.811145002,17.803664801,0
                99.8111371720001,17.8035054320001,0
                99.81114254,17.803434564,0
                99.8111475520001,17.803399159,0
                99.811149286,17.8033869060001,0
                99.8111740080001,17.803306703,0
                99.8112256530001,17.803205733,0
                99.8112918040001,17.803104241,0
                99.8113737080001,17.8029744770001,0
                99.8114980010001,17.8027832270001,0
                99.811533297,17.8027258550001,0
                99.8115557630001,17.8026617310001,0
                99.8115654710001,17.802607197,0
                99.81157224,17.802530872,0
                99.811566112,17.802434168,0
                99.8115507950001,17.802191721,0
                99.811541704,17.8020691450001,0
                99.81152425,17.801983385,0
                99.8114940340001,17.8019058530001,0
                99.8114580920001,17.801820171,0
                99.8114265460001,17.801763083,0
                99.811389321,17.8017087380001,0
                99.8113521560001,17.80166802,0
                99.8113446710001,17.8016624090001,0
                99.811297928,17.801627377,0
                99.8112166490001,17.8015800270001,0
                99.81109838,17.8015301090001,0
                99.8109658980001,17.8014829730001,0
                99.8107181430001,17.801418604,0
                99.8105344460001,17.801367595,0
                99.810424862,17.8013517000001,0
                99.8103195890001,17.8013453250001,0
                99.810131873,17.8013488280001,0
                99.8098090270001,17.8013488010001,0
                99.8096583050001,17.801356239,0
                99.8095801490001,17.801371546,0
                99.809521987,17.8014044870001,0
                99.8094482710001,17.801456563,0
                99.8093802400001,17.8015099790001,0
                99.8092810200001,17.8015839560001,0
                99.8091790070001,17.801670213,0
                99.8090996700001,17.801738658,0
                99.8090514580001,17.8017701950001,0
                99.8089904300001,17.801799056,0
                99.8089023940001,17.8018293910001,0
                99.8087277590001,17.801896874,0
                99.80867951,17.801920233,0
                99.8086156850001,17.8019586460001,0
                99.8085674870001,17.8019942660001,0
                99.808462573,17.8020669050001,0
                99.8083562630001,17.802146368,0
                99.8082514170001,17.802235357,0
                99.8082167330001,17.8022650510001,0
                99.8080275660001,17.8024270170001,0
                99.8078985810001,17.802524281,0
                99.807776689,17.8026174280001,0
                99.8076930440001,17.802676354,0
                99.807643408,17.802707893,0
                99.8075993960001,17.802725789,0
                99.8075610290001,17.802732759,0
                99.8075183700001,17.8027343000001,0
                99.8074529140001,17.802727754,0
                99.807361793,17.80270497,0
                99.8072592080001,17.8026645190001,0
                99.8071608980001,17.8026254210001,0
                99.807110262,17.8026018370001,0
                99.807076812,17.802586257,0
                99.8069642120001,17.802532226,0
                99.8068801200001,17.8024930620001,0
                99.806810258,17.802453841,0
                99.8067431430001,17.802394172,0
                99.806697409,17.8023439510001,0
                99.806654495,17.802289628,0
                99.8065513390001,17.8021211180001,0
                99.806478058,17.8019552050001,0
                99.806414771,17.8017974310001,0
                99.806374492,17.801695416,0
                99.806345863,17.8016546590001,0
                99.806297241,17.8015949160001,0
                99.8062300710001,17.8015229870001,0
                99.806158558,17.8014333620001,0
                99.8060813010001,17.8013314990001,0
                99.806018308,17.801239115,0
                99.8059323690001,17.801104589,0
                99.805846252,17.8009291930001,0
                99.80580181,17.8008503620001,0
                99.8057746980001,17.8008313990001,0
                99.805736267,17.8008233800001,0
                99.805682269,17.800834503,0
                99.8056198090001,17.8008606450001,0
                99.8055517220001,17.8009004350001,0
                99.805462446,17.800952533,0
                99.8053830580001,17.8009909630001,0
                99.8053362410001,17.8010061300001,0
                99.8052879690001,17.801013133,0
                99.805212656,17.801009358,0
                99.8050647700001,17.800980028,0
                99.8048699220001,17.800931834,0
                99.804603795,17.8008308560001,0
                99.804341972,17.8007380280001,0
                99.8039150980001,17.8005900800001,0
                99.803782745,17.8005389090001,0
                99.8037058460001,17.800498395,0
                99.803607549,17.8004389160001,0
                99.8035805910001,17.8004143740001,0
                99.8035733180001,17.800407755,0
                99.8035433050001,17.800368411,0
                99.803514562,17.800295041,0
                99.803491507,17.8002230020001,0
                99.8034741100001,17.8001441390001,0
                99.8034719330001,17.800126918,0
                99.8034637960001,17.800062527,0
                99.803460579,17.7999781550001,0
                99.8034602740001,17.7999101130001,0
                99.8034656840001,17.799848851,0
                99.8034937480001,17.7997711560001,0
                99.8035175480001,17.79969213,0
                99.8035301850001,17.799659413,0
                99.803532891,17.7996280990001,0
                99.8035255550001,17.7995764130001,0
                99.8035096900001,17.799523403,0
                99.8034265670001,17.7993617880001,0
                99.80327307,17.7990303460001,0
                99.8032142550001,17.798904022,0
                99.8032040960001,17.7988564300001,0
                99.8032053470001,17.798818318,0
                99.803207946,17.798763867,0
                99.8032162530001,17.798714843,0
                99.8032174960001,17.798675369,0
                99.8032087700001,17.7986304950001,0
                99.8031928730001,17.798570677,0
                99.803167096,17.7985245130001,0
                99.8031242710001,17.7984784130001,0
                99.80302593,17.7984080480001,0
                99.8029389280001,17.798332192,0
                99.8028818820001,17.798283434,0
                99.8027577330001,17.7981600960001,0
                99.802636469,17.798047635,0
                99.802501013,17.797936592,0
                99.8022718180001,17.7977621200001,0
                99.802190549,17.7976971310001,0
                99.802134912,17.7976456440001,0
                99.8020891420001,17.7975764170001,0
                99.8020604640001,17.7975166570001,0
                99.8020344830001,17.7974255780001,0
                99.80202403,17.7973113030001,0
                99.8020214420001,17.79715034,0
                99.8020307780001,17.7969793280001,0
                99.802059962,17.796727585,0
                99.8020713540001,17.796640805,0
                99.8021092480001,17.796352138,0
                99.8021394290001,17.7961124920001,0
                99.8021474880001,17.79608104,0
                99.802147807,17.796079793,0
                99.8021662030001,17.796063385,0
                99.8022059210001,17.7960496100001,0
                99.8022598460001,17.796035783,0
                99.802309461,17.7960124410001,0
                99.8023420170001,17.79598509,0
                99.8023730560001,17.795937327,0
                99.8024054320001,17.795870511,0
                99.8024207830001,17.795807842,0
                99.8024304580001,17.795747922,0
                99.802428729,17.7956785210001,0
                99.802422844,17.7956336340001,0
                99.8024012010001,17.795558869,0
                99.8023739560001,17.795503184,0
                99.802332532,17.795452998,0
                99.8022982680001,17.795415029,0
                99.8022340900001,17.795359493,0
                99.802168566,17.795320298,0
                99.8020987850001,17.7952824770001,0
                99.8018739290001,17.795194936,0
                99.8016448230001,17.7951087750001,0
                99.8013388830001,17.7949970650001,0
                99.8010799080001,17.794904226,0
                99.80090347,17.7948423390001,0
                99.8008224210001,17.79482634,0
                99.8007755420001,17.7948265320001,0
                99.8007216120001,17.794839003,0
                99.800667719,17.7948596370001,0
                99.8005968750001,17.794902117,0
                99.8004977360001,17.794970569,0
                99.8004141760001,17.795028073,0
                99.8002994550001,17.7951074760001,0
                99.800213001,17.7951541,0
                99.8001137750001,17.7952035010001,0
                99.8000555930001,17.7952173470001,0
                99.7999845720001,17.7952203630001,0
                99.7999305770001,17.7952178580001,0
                99.7998495530001,17.795207303,0
                99.7997670840001,17.795191308,0
                99.7995566220001,17.795145898,0
                99.7994015630001,17.795098899,0
                99.799354593,17.7950786750001,0
                99.799277712,17.7950422440001,0
                99.7991993510001,17.7949922080001,0
                99.7991223970001,17.7949380850001,0
                99.799031067,17.7948459130001,0
                99.798904006,17.7947062550001,0
                99.7988111670001,17.7945950380001,0
                99.7987025730001,17.7944539380001,0
                99.7985525110001,17.794253133,0
                99.7984067,17.794049584,0
                99.7983510010001,17.793983122,0
                99.798288202,17.7939180560001,0
                99.7982068700001,17.793838087,0
                99.7981269810001,17.7937635650001,0
                99.798049995,17.793702636,0
                99.797987257,17.793651176,0
                99.7979274320001,17.793614672,0
                99.7978448420001,17.793571457,0
                99.7977025630001,17.7935230470001,0
                99.7975161470001,17.7934530360001,0
                99.7973652090001,17.793374713,0
                99.7972626960001,17.7933234160001,0
                99.797188571,17.7932665600001,0
                99.797114407,17.793201536,0
                99.7970401430001,17.7931133760001,0
                99.7969658310001,17.793014328,0
                99.7968956710001,17.79289077,0
                99.7968483800001,17.792798415,0
                99.796813882,17.7927073760001,0
                99.796740217,17.7924341230001,0
                99.7967205900001,17.79237606,0
                99.79671454,17.792365073,0
                99.79670237,17.7923429690001,0
                99.7966705840001,17.7923094270001,0
                99.7966685360001,17.792307266,0
                99.7966272670001,17.792281147,0
                99.7966051940001,17.7922715440001,0
                99.796580352,17.7922632950001,0
                99.796459482,17.7922379280001,0
                99.796295957,17.792203209,0
                99.7961522800001,17.7921602440001,0
                99.7959446080001,17.7921012050001,0
                99.79585073,17.79207573,0
                99.7956704750001,17.7920231580001,0
                99.7954478760001,17.7919442200001,0
                99.7953162690001,17.7918818470001,0
                99.795187189,17.791819466,0
                99.7950000330001,17.79175974,0
                99.7948887490001,17.791723898,0
                99.7947523080001,17.7917099360001,0
                99.7946209450001,17.7917032130001,0
                99.794499736,17.791706123,0
                99.794333254,17.7917527720001,0
                99.7941088040001,17.791826262,0
                99.793929791,17.791894733,0
                99.7937911530001,17.791955783,0
                99.7936425110001,17.792038646,0
                99.7934486650001,17.792179763,0
                99.7933077710001,17.79230131,0
                99.7930890210001,17.792522364,0
                99.7930010440001,17.7926170860001,0
                99.7928952830001,17.7926876760001,0
                99.7927844600001,17.7927558690001,0
                99.7926433250001,17.7928241860001,0
                99.792529851,17.7928633610001,0
                99.7923783460001,17.7928712290001,0
                99.79226973,17.7928668330001,0
                99.7921781460001,17.792851801,0
                99.7920827020001,17.7928361350001,0
                99.7919056150001,17.7927691090001,0
                99.7917765550001,17.792711561,0
                99.791670217,17.7926515070001,0
                99.791563813,17.7925769300001,0
                99.7914396040001,17.7924733950001,0
                99.791333061,17.792367369,0
                99.79124418,17.792256433,0
                99.7911873040001,17.7921832230001,0
                99.791129878,17.792109307,0
                99.7911245780001,17.792101168,0
                99.7910434280001,17.7919765880001,0
                99.791010117,17.791867847,0
                99.7909895400001,17.791783246,0
                99.7909763270001,17.7916502320001,0
                99.7909712160001,17.7915949060001,0
                99.7909551060001,17.791420467,0
                99.7909292050001,17.791272984,0
                99.7908932160001,17.7911303820001,0
                99.790864947,17.7910192000001,0
                99.7908318930001,17.790968521,0
                99.7907938930001,17.7909420610001,0
                99.7907332390001,17.7909326280001,0
                99.790667553,17.7909280580001,0
                99.7904682280001,17.7909724130001,0
                99.7902966550001,17.791009398,0
                99.7901579630001,17.7910583450001,0
                99.7899891590001,17.791150965,0
                99.7898910280001,17.7912336210001,0
                99.7897778880001,17.791350213,0
                99.7896749910001,17.7914982180001,0
                99.7895923290001,17.7916534010001,0
                99.789537351,17.7917866920001,0
                99.789497807,17.7919828290001,0
                99.789463627,17.792251525,0
                99.789436579,17.7924185800001,0
                99.7894093,17.792532405,0
                99.7893718230001,17.7926244980001,0
                99.7893217040001,17.792714217,0
                99.7892236970001,17.792825909,0
                99.789128099,17.792910976,0
                99.7890424880001,17.7929693880001,0
                99.7889366260001,17.7930182040001,0
                99.7888407390001,17.793037946,0
                99.788616125,17.7930751440001,0
                99.7883503580001,17.793119828,0
                99.7883359940001,17.7931222460001,0
                99.7881365170001,17.793132724,0
                99.7879823960001,17.793118829,0
                99.7878079330001,17.793073559,0
                99.787663702,17.7930112350001,0
                99.787496602,17.792917548,0
                99.7873521880001,17.7928140920001,0
                99.78724062,17.792712925,0
                99.7871085290001,17.7925392510001,0
                99.786989012,17.7923534330001,0
                99.786828283,17.7919838990001,0
                99.786688031,17.791677189,0
                99.7866616630001,17.79160898,0
                99.78660118,17.7914525300001,0
                99.7865272610001,17.79129798,0
                99.7864180460001,17.791158088,0
                99.786268491,17.7910328790001,0
                99.7860912840001,17.7909368100001,0
                99.7859521450001,17.790884138,0
                99.785815696,17.790867754,0
                99.7856667650001,17.7908852840001,0
                99.785553253,17.790917194,0
                99.7853741740001,17.790971143,0
                99.7852757850001,17.7909957320001,0
                99.7851949810001,17.790998475,0
                99.785055991,17.7909796760001,0
                99.7848765320001,17.7909465270001,0
                99.784656484,17.7908724050001,0
                99.78438078,17.7907767300001,0
                99.7840292700001,17.790671683,0
                99.7837182810001,17.7905930850001,0
                99.783538901,17.790576866,0
                99.7834151160001,17.7905701020001,0
                99.7833444240001,17.790575227,0
                99.7832561710001,17.790607032,0
                99.783170548,17.790663022,0
                99.7830825010001,17.7907432170001,0
                99.7829643150001,17.790862244,0
                99.7828737350001,17.790940026,0
                99.7827628890001,17.7910033800001,0
                99.782672097,17.791032773,0
                99.782555954,17.7910405000001,0
                99.7824320350001,17.79100228,0
                99.782323122,17.790930131,0
                99.7822622340001,17.790867469,0
                99.782198625,17.79075885,0
                99.782155237,17.7906549840001,0
                99.7821063950001,17.7904592,0
                99.7820449970001,17.7902779880001,0
                99.7820115420001,17.7901353680001,0
                99.782006789,17.790079215,0
                99.782012384,17.7899971800001,0
                99.7820126190001,17.789993758,0
                99.7820334070001,17.789936889,0
                99.7820886220001,17.7898568210001,0
                99.782151297,17.7897501150001,0
                99.7822138980001,17.7896264710001,0
                99.7822412020001,17.78951749,0
                99.782270984,17.7893963930001,0
                99.7823152830001,17.7891300740001,0
                99.7823492350001,17.788808149,0
                99.7823637830001,17.7886677610001,0
                99.782355942,17.788607305,0
                99.7823304550001,17.788554182,0
                99.7822366720001,17.788477131,0
                99.7820973890001,17.7883905850001,0
                99.7819202300001,17.788304193,0
                99.78175494,17.788245622,0
                99.78162474,17.788224622,0
                99.781435559,17.7881941050001,0
                99.7810684510001,17.788212322,0
                99.7810075620001,17.7882242420001,0
                99.7808526960001,17.7882781980001,0
                99.7806451040001,17.788397494,0
                99.7804789580001,17.7884750170001,0
                99.7800849600001,17.7885700350001,0
                99.780038441,17.7885812540001,0
                99.7799744530001,17.7885779580001,0
                99.7797429730001,17.788566025,0
                99.779715717,17.788560573,0
                99.7796826690001,17.788553962,0
                99.7796496190001,17.788547351,0
                99.7796165710001,17.78854074,0
                99.7795835220001,17.788534129,0
                99.7795504730001,17.788527518,0
                99.7795174250001,17.7885209090001,0
                99.779484381,17.7885142980001,0
                99.7794513270001,17.788507687,0
                99.7794339910001,17.7885042120001,0
                99.779400953,17.788500006,0
                99.7793679150001,17.788495816,0
                99.7793348760001,17.7884916100001,0
                99.7793018440001,17.7884874210001,0
                99.7792687990001,17.788483215,0
                99.779235762,17.788479007,0
                99.7792027230001,17.788474819,0
                99.7791696850001,17.788470612,0
                99.7791366470001,17.788466424,0
                99.779098757,17.7884616040001,0
                99.7790657290001,17.7884598380001,0
                99.7790327020001,17.7884580510001,0
                99.7789940110001,17.7884559840001,0
                99.778960984,17.788454487,0
                99.7789279570001,17.788452992,0
                99.7788949310001,17.7884514790001,0
                99.7788619070001,17.788449982,0
                99.7788288830001,17.788448488,0
                99.778795851,17.788446993,0
                99.7787628250001,17.7884454790001,0
                99.7787297980001,17.788443983,0
                99.77868341,17.788441891,0
                99.778650353,17.7884327300001,0
                99.778617296,17.7884235710001,0
                99.778590599,17.788416194,0
                99.7785575350001,17.788406149,0
                99.7785247340001,17.7883961920001,0
                99.7784916410001,17.7883792220001,0
                99.7784585470001,17.788362254,0
                99.7784254590001,17.788345287,0
                99.7783923600001,17.788328334,0
                99.778359267,17.7883113680001,0
                99.778326173,17.7882943970001,0
                99.778293079,17.7882774290001,0
                99.7782599870001,17.788260462,0
                99.7782268980001,17.7882434910001,0
                99.7781937990001,17.788226525,0
                99.7781607050001,17.788209554,0
                99.778127612,17.7881926040001,0
                99.778094518,17.7881756370001,0
                99.7780614310001,17.7881586660001,0
                99.7780283310001,17.7881416980001,0
                99.777994672,17.7881244440001,0
                99.7779615220001,17.78809446,0
                99.7779283720001,17.7880644950001,0
                99.777895222,17.788034511,0
                99.7778620720001,17.7880045270001,0
                99.7778289240001,17.787974562,0
                99.7777957770001,17.7879445790001,0
                99.7777626230001,17.7879146130001,0
                99.7777294730001,17.7878846300001,0
                99.777696324,17.7878546640001,0
                99.7776631740001,17.7878246810001,0
                99.777632468,17.787796911,0
                99.7775993450001,17.7877730930001,0
                99.7775662220001,17.787749272,0
                99.7775331020001,17.7877254520001,0
                99.7774999760001,17.787701633,0
                99.7774668530001,17.7876778140001,0
                99.777417358,17.7876422190001,0
                99.7773842610001,17.7876243100001,0
                99.777350842,17.7876062230001,0
                99.7773177770001,17.787595815,0
                99.7772847150001,17.7875854260001,0
                99.7772484150001,17.787574019,0
                99.7772153480001,17.7875626910001,0
                99.7771822820001,17.7875513600001,0
                99.7771492080001,17.7875400500001,0
                99.777116139,17.787528722,0
                99.7770830700001,17.787517392,0
                99.7770640480001,17.787510888,0
                99.7770309200001,17.787487555,0
                99.7770071130001,17.7874708040001,0
                99.776973969,17.787442067,0
                99.7769408250001,17.78741333,0
                99.7769076810001,17.787384613,0
                99.776874536,17.787355876,0
                99.776841393,17.787327157,0
                99.7768082490001,17.7872984210001,0
                99.7767751050001,17.7872696850001,0
                99.776749382,17.7872474100001,0
                99.7767162590001,17.7872229760001,0
                99.7766831340001,17.7871985570001,0
                99.7766445190001,17.7871700960001,0
                99.7766138750001,17.787138584,0
                99.7765832050001,17.787107072,0
                99.776552542,17.7870755600001,0
                99.776521894,17.787044048,0
                99.776485656,17.787006811,0
                99.7764612760001,17.786975274,0
                99.7764346910001,17.786940907,0
                99.7764200840001,17.7869093310001,0
                99.7764054780001,17.7868777580001,0
                99.776390866,17.7868461800001,0
                99.776376257,17.786814604,0
                99.776361648,17.786783029,0
                99.7763470260001,17.786751453,0
                99.7763324140001,17.7867198800001,0
                99.7763206420001,17.786694402,0
                99.7763006170001,17.786662848,0
                99.7762805950001,17.7866312940001,0
                99.7762699770001,17.7866145420001,0
                99.7762606520001,17.7865998290001,0
                99.776241472,17.786568271,0
                99.776222278,17.786536714,0
                99.776206658,17.786510998,0
                99.7761981070001,17.7864794010001,0
                99.776189559,17.786447799,0
                99.7761809850001,17.786416199,0
                99.7761724310001,17.7863846000001,0
                99.7761638800001,17.7863530000001,0
                99.776155326,17.786321403,0
                99.7761467760001,17.7862898010001,0
                99.7761344850001,17.7862443710001,0
                99.7761332740001,17.786212743,0
                99.7761320430001,17.786181114,0
                99.7761308300001,17.7861494850001,0
                99.776129617,17.786117855,0
                99.7761283,17.7860837860001,0
                99.776125505,17.786052163,0
                99.7761227300001,17.7860205420001,0
                99.7761209700001,17.786000619,0
                99.776119194,17.7859805530001,0
                99.7761191530001,17.7859489190001,0
                99.7761191100001,17.785917286,0
                99.776119087,17.785885653,0
                99.776119044,17.7858540190001,0
                99.7761190030001,17.7858223860001,0
                99.7761189600001,17.785790752,0
                99.7761189180001,17.785759119,0
                99.776118893,17.785727486,0
                99.7761188530001,17.7856958520001,0
                99.776118829,17.7856765650001,0
                99.7761094800001,17.785644969,0
                99.7761001370001,17.785613373,0
                99.776090792,17.7855817760001,0
                99.776085757,17.785564768,0
                99.7760698470001,17.7855331980001,0
                99.776046744,17.785487376,0
                99.7760266440001,17.7854558220001,0
                99.7760047580001,17.785421453,0
                99.77597266,17.785389948,0
                99.7759405610001,17.785358441,0
                99.7759202710001,17.785338519,0
                99.775618959,17.78523276,0
                99.7755062850001,17.7851927880001,0
                99.7755036570001,17.785190598,0
                99.7754668410001,17.7851425110001,0
                99.7754428590001,17.7850790090001,0
                99.7754375640001,17.7849518410001,0
                99.7755051600001,17.784125494,0
                99.775514135,17.784015762,0
                99.775517903,17.7839462370001,0
                99.7755404850001,17.783529604,0
                99.7756481950001,17.782956138,0
                99.7757013330001,17.78267322,0
                99.7757738780001,17.7823966770001,0
                99.7758340550001,17.782167277,0
                99.775889453,17.781911877,0
                99.7758898800001,17.7819013480001,0
                99.775891157,17.781869709,0
                99.7758924560001,17.78183807,0
                99.7758937350001,17.7818064320001,0
                99.7758942,17.7817949220001,0
                99.7758932350001,17.781784945,0
                99.7758847280001,17.7816970860001,0
                99.775878693,17.7816309680001,0
                99.7758336140001,17.781514347,0
                99.7758105710001,17.7814737530001,0
                99.775796589,17.781461516,0
                99.775652703,17.781381868,0
                99.7755152550001,17.7813403710001,0
                99.775498901,17.7813336180001,0
                99.775465823,17.781319974,0
                99.775442631,17.7813103780001,0
                99.7754095780001,17.7813017760001,0
                99.7753765240001,17.781293158,0
                99.7753434630001,17.781284559,0
                99.7753104070001,17.781275941,0
                99.7752773510001,17.781267342,0
                99.775244295,17.7812587220001,0
                99.7752112420001,17.7812501230001,0
                99.775178183,17.781241505,0
                99.7751451280001,17.781232905,0
                99.7751120720001,17.781224288,0
                99.7750790160001,17.7812156860001,0
                99.7750459630001,17.7812070690001,0
                99.77501291,17.7811984690001,0
                99.774979848,17.781189851,0
                99.774946792,17.781181249,0
                99.7749137360001,17.7811726320001,0
                99.7748806810001,17.781164032,0
                99.774847627,17.7811554140001,0
                99.7748145690001,17.7811468150001,0
                99.7747815130001,17.781138195,0
                99.774762777,17.781133316,0
                99.7747297340001,17.7811279000001,0
                99.7746966920001,17.78112248,0
                99.7746759220001,17.781119092,0
                99.774642897,17.781116782,0
                99.774595086,17.7811134460001,0
                99.7745620790001,17.781116108,0
                99.7745232450001,17.7811192620001,0
                99.774490277,17.7811309430001,0
                99.7744663700001,17.7811394080001,0
                99.7744334380001,17.781158879,0
                99.7744005000001,17.7811783500001,0
                99.7743675660001,17.781197821,0
                99.7743496910001,17.7812083760001,0
                99.774316786,17.781236327,0
                99.7742719340001,17.7812744460001,0
                99.774245712,17.7813061840001,0
                99.774219509,17.781337921,0
                99.7742031600001,17.7813577060001,0
                99.7741767300001,17.7813894440001,0
                99.7741433560001,17.7814294880001,0
                99.774110453,17.7814563900001,0
                99.7740775500001,17.781483273,0
                99.7740446480001,17.7815101730001,0
                99.774002775,17.7815443960001,0
                99.773969869,17.781570538,0
                99.773936963,17.781596698,0
                99.7739160340001,17.7816133380001,0
                99.773883104,17.7816340950001,0
                99.7738501750001,17.7816548500001,0
                99.7738202930001,17.781673675,0
                99.773787322,17.7816846700001,0
                99.7737424810001,17.7816995970001,0
                99.7737094890001,17.7817056750001,0
                99.7736232940001,17.7817215600001,0
                99.7734653360001,17.78174498,0
                99.7733753970001,17.7817468440001,0
                99.773299577,17.7817290040001,0
                99.7732474420001,17.78171409,0
                99.773184202,17.7816856150001,0
                99.773111461,17.781651133,0
                99.7729343490001,17.7815626400001,0
                99.7728583910001,17.781513047,0
                99.772818773,17.7814738970001,0
                99.7727980930001,17.7814346710001,0
                99.772777207,17.781348585,0
                99.7727467600001,17.781239853,0
                99.7727179330001,17.781141704,0
                99.7727067530001,17.7811115100001,0
                99.772682897,17.781067767,0
                99.772608285,17.7809637460001,0
                99.7725447910001,17.7808763140001,0
                99.7724923810001,17.780797905,0
                99.7724685150001,17.780752648,0
                99.7724541520001,17.7807149110001,0
                99.7724428750001,17.7806605320001,0
                99.7724426930001,17.780618202,0
                99.7724424780001,17.780568311,0
                99.772443793,17.780507836,0
                99.7724435530001,17.780451901,0
                99.772443319,17.7803974760001,0
                99.772449318,17.7803248860001,0
                99.772450082,17.780307199,0
                99.7724521900001,17.7802583600001,0
                99.7724598130001,17.780196345,0
                99.772479719,17.7801121250001,0
                99.7724830590001,17.780097986,0
                99.7724842530001,17.780092159,0
                99.7725016050001,17.7800072050001,0
                99.7725218310001,17.77994061,0
                99.772556003,17.779813484,0
                99.7725762160001,17.779743863,0
                99.772798246,17.7793455340001,0
                99.772872637,17.779262116,0
                99.7729321560001,17.7791953780001,0
                99.772955015,17.77918254,0
                99.7730659060001,17.7791202670001,0
                99.773145513,17.77908174,0
                99.773178176,17.7790693640001,0
                99.7732660400001,17.7790360830001,0
                99.7732990390001,17.779023583,0
                99.7733368820001,17.7790234340001,0
                99.7734600190001,17.779022947,0
                99.7734696240001,17.779022909,0
                99.7735176830001,17.7790227200001,0
                99.7735204680001,17.7790227090001,0
                99.7735417100001,17.779022625,0
                99.773609105,17.779049984,0
                99.773665824,17.7791054570001,0
                99.7737255500001,17.7791964030001,0
                99.773762886,17.7792682150001,0
                99.7738300880001,17.7793974730001,0
                99.7738607430001,17.7794564390001,0
                99.773871102,17.7794654800001,0
                99.7738747910001,17.7794686980001,0
                99.7739470560001,17.779531757,0
                99.7739605520001,17.779537384,0
                99.7739644270001,17.779541201,0
                99.774209941,17.779641521,0
                99.7743639230001,17.7796892530001,0
                99.774413935,17.779709554,0
                99.774443477,17.779737085,0
                99.774506348,17.7798429210001,0
                99.7745754140001,17.7799975400001,0
                99.7746129880001,17.780048778,0
                99.7746757020001,17.7801115840001,0
                99.7747415330001,17.780154168,0
                99.7747625280001,17.7801654030001,0
                99.7747800400001,17.780174769,0
                99.7748131150001,17.780187998,0
                99.7748461900001,17.7802012070001,0
                99.774979563,17.780224466,0
                99.7750293330001,17.7802236150001,0
                99.7750546840001,17.7802231790001,0
                99.7750940660001,17.780216593,0
                99.775097052,17.780215479,0
                99.7751673920001,17.78018924,0
                99.7751674180001,17.780189228,0
                99.7752957440001,17.7801413610001,0
                99.7753575680001,17.780109951,0
                99.775444672,17.7800656960001,0
                99.775580238,17.779958879,0
                99.7758292390001,17.7796981590001,0
                99.7759255780001,17.779586464,0
                99.7759864560001,17.779484186,0
                99.7760296070001,17.7793866150001,0
                99.7760965100001,17.779183819,0
                99.7761969690001,17.778905136,0
                99.7763506270001,17.7786138710001,0
                99.7764081930001,17.7784915080001,0
                99.776464252,17.778393884,0
                99.7764915260001,17.77835822,0
                99.776518852,17.7783333740001,0
                99.776546259,17.7783270780001,0
                99.7765930340001,17.7783222570001,0
                99.7766447210001,17.778332875,0
                99.7766980330001,17.7783465790001,0
                99.776735133,17.778343341,0
                99.7767689350001,17.778323105,0
                99.7767779440001,17.7783150540001,0
                99.776833234,17.7782656470001,0
                99.776940686,17.778112164,0
                99.7770593400001,17.777935445,0
                99.7771154160001,17.77784246,0
                99.7771376050001,17.777749613,0
                99.777148433,17.7776413460001,0
                99.777155898,17.7775006300001,0
                99.777153894,17.7774109650001,0
                99.777140731,17.7773522680001,0
                99.7771097310001,17.777273543,0
                99.7770658100001,17.7771933220001,0
                99.7770106560001,17.7771255160001,0
                99.7769554280001,17.777042249,0
                99.776885699,17.7769636830001,0
                99.7768047270001,17.776895976,0
                99.7766930530001,17.776820662,0
                99.7765669200001,17.776759323,0
                99.776401961,17.776674945,0
                99.7762709470001,17.776604348,0
                99.7761707060001,17.776559907,0
                99.776049533,17.776526378,0
                99.7759348110001,17.776491272,0
                99.775833048,17.776468487,0
                99.7757313150001,17.776451884,0
                99.7756150860001,17.776441517,0
                99.775498869,17.77643425,0
                99.775392384,17.7764377620001,0
                99.775264937,17.776445998,0
                99.775034324,17.7764793760001,0
                99.7747666070001,17.7765159960001,0
                99.774611726,17.776522792,0
                99.77451813,17.776523163,0
                99.7744390190001,17.7765142000001,0
                99.77432758,17.776491449,0
                99.7742371290001,17.776471707,0
                99.774140108,17.776425709,0
                99.774007456,17.776348931,0
                99.7738682470001,17.776248991,0
                99.773780763,17.776168941,0
                99.773579705,17.7759455610001,0
                99.7734403220001,17.775803878,0
                99.7732685500001,17.7756360400001,0
                99.7731341740001,17.7755345300001,0
                99.7728801220001,17.775370105,0
                99.772614649,17.7751763530001,0
                99.7724155980001,17.775044183,0
                99.7722974230001,17.774956521,0
                99.7722682410001,17.774925717,0
                99.7722503310001,17.774888681,0
                99.7722501060001,17.7748361210001,0
                99.7722563040001,17.7747757970001,0
                99.772281859,17.7747154040001,0
                99.7723556940001,17.774622348,0
                99.772440857,17.774538529,0
                99.7724984770001,17.7744285320001,0
                99.7725191200001,17.77435115,0
                99.772536189,17.7741918410001,0
                99.7725404320001,17.7740526810001,0
                99.772538206,17.7739104520001,0
                99.7725409820001,17.773805312,0
                99.772569311,17.7736382300001,0
                99.7726710600001,17.773283785,0
                99.7727138710001,17.773107372,0
                99.772710352,17.773039361,0
                99.7726907080001,17.772974504,0
                99.7726663070001,17.772928214,0
                99.7726354230001,17.7728757740001,0
                99.772557733,17.7728219700001,0
                99.7724557970001,17.772757438,0
                99.772224554,17.772643944,0
                99.771886393,17.77243192,0
                99.7717341780001,17.772308842,0
                99.771666178,17.772254994,0
                99.7716207070001,17.7721871480001,0
                99.7715962140001,17.772120768,0
                99.771594329,17.772057385,0
                99.7715971310001,17.7719584290001,0
                99.7716184450001,17.77165996,0
                99.7716196260001,17.7715594630001,0
                99.7715998830001,17.7714714210001,0
                99.771578586,17.771397295,0
                99.7715395750001,17.771330968,0
                99.7714925750001,17.771283225,0
                99.7714536880001,17.771246272,0
                99.7714019350001,17.7712186470001,0
                99.7713211870001,17.771203503,0
                99.7712114990001,17.7712132130001,0
                99.7710937850001,17.771232228,0
                99.7709857670001,17.7712542990001,0
                99.7708568570001,17.7712965490001,0
                99.7707828430001,17.771346312,0
                99.770733078,17.771406804,0
                99.770672285,17.7715291820001,0
                99.770641879,17.77158805,0
                99.770614612,17.7716268080001,0
                99.7705646840001,17.7716486460001,0
                99.770492119,17.771659755,0
                99.770374314,17.7716586720001,0
                99.770195184,17.7716547410001,0
                99.7700757570001,17.771650568,0
                99.7699821800001,17.7716540270001,0
                99.7698757740001,17.7716760930001,0
                99.7697001370001,17.771735531,0
                99.7695809150001,17.7717792870001,0
                99.7695180590001,17.7717965460001,0
                99.7694728860001,17.771798269,0
                99.769426061,17.771792266,0
                99.769379153,17.7717661660001,0
                99.7693061320001,17.771670602,0
                99.76924933,17.7715950670001,0
                99.769176374,17.771514961,0
                99.769122962,17.771476518,0
                99.7690727730001,17.7714380670001,0
                99.7690015960001,17.7713966050001,0
                99.7689110150001,17.7713459390001,0
                99.7688680480001,17.771321347,0
                99.768801018,17.77128298,0
                99.7687265390001,17.771224524,0
                99.7686892250001,17.771178293,0
                99.7686696740001,17.771133531,0
                99.768659729,17.7710717320001,0
                99.7686545020001,17.770982078,0
                99.768666812,17.7708413410001,0
                99.7686834880001,17.7705908190001,0
                99.768692263,17.7703774340001,0
                99.7686993520001,17.7701485910001,0
                99.768705191,17.7700047870001,0
                99.768727373,17.7699088460001,0
                99.7687641080001,17.7698205770001,0
                99.768833031,17.7697120870001,0
                99.7688489800001,17.76969064,0
                99.7689068320001,17.769612852,0
                99.768972536,17.769505915,0
                99.7689996240001,17.7694254150001,0
                99.7690169750001,17.7693325830001,0
                99.7690179590001,17.7691857090001,0
                99.769011085,17.7690867910001,0
                99.768991343,17.7689987410001,0
                99.7689391550001,17.768869081,0
                99.76890173,17.768796561,0
                99.7688530190001,17.7687256360001,0
                99.768754126,17.768617799,0
                99.7686827840001,17.768537689,0
                99.7686030630001,17.768384944,0
                99.768557329,17.7682552530001,0
                99.7685261760001,17.768139424,0
                99.7685092390001,17.76795242,0
                99.7684926300001,17.7678411700001,0
                99.768466501,17.7677686110001,0
                99.7684226640001,17.767705393,0
                99.7683594570001,17.7676407110001,0
                99.768252594,17.7675560930001,0
                99.7681133880001,17.7674530580001,0
                99.7680162680001,17.76738232,0
                99.7678801760001,17.767252985,0
                99.7676336170001,17.766950928,0
                99.767511884,17.7667844310001,0
                99.767375427,17.7665700690001,0
                99.7672844180001,17.7664173680001,0
                99.767206232,17.766246068,0
                99.767176878,17.766173516,0
                99.7671647380001,17.7661065570001,0
                99.7671603530001,17.766082367,0
                99.7671519190001,17.765995818,0
                99.7671514640001,17.7658891460001,0
                99.7671624170001,17.765810254,0
                99.7671828970001,17.765692674,0
                99.7672482940001,17.7655146220001,0
                99.7672605910001,17.7654872420001,0
                99.7673553870001,17.7652761140001,0
                99.7674001060001,17.7651677160001,0
                99.7674272180001,17.7650934010001,0
                99.7674430710001,17.7650268580001,0
                99.767452371,17.7649371540001,0
                99.7674535820001,17.7648428410001,0
                99.76745006,17.764774829,0
                99.7674434040001,17.7647269290001,0
                99.767415736,17.7646713770001,0
                99.7671124650001,17.764312342,0
                99.7668839310001,17.764073599,0
                99.7666520270001,17.763800856,0
                99.766510887,17.763622067,0
                99.7663047500001,17.763336861,0
                99.7662251240001,17.763205756,0
                99.7661697810001,17.763093112,0
                99.7661256640001,17.7629634140001,0
                99.7660718340001,17.7628260340001,0
                99.766026352,17.7627550890001,0
                99.7659680310001,17.7627012080001,0
                99.7658919400001,17.762641209,0
                99.7657252980001,17.7625367310001,0
                99.7655198420001,17.7624107570001,0
                99.765337071,17.7623078870001,0
                99.7652384670001,17.76226653,0
                99.7651738010001,17.762237408,0
                99.7651155390001,17.7621974360001,0
                99.7650717240001,17.7621388590001,0
                99.765037599,17.7620817860001,0
                99.7650211150001,17.7619999140001,0
                99.7650121120001,17.7617804110001,0
                99.7650080390001,17.7615809870001,0
                99.7650175300001,17.761536114,0
                99.7650302800001,17.7614989580001,0
                99.765070425,17.7614539690001,0
                99.7651669100001,17.7613762870001,0
                99.765242539,17.761326523,0
                99.765287545,17.7612861480001,0
                99.7653196630001,17.761250467,0
                99.7653323820001,17.76120558,0
                99.76533541,17.761159187,0
                99.7653303550001,17.761108188,0
                99.7653124170001,17.761064967,0
                99.765224855,17.7609632740001,0
                99.7651762,17.76090471,0
                99.7651453130001,17.7608507200001,0
                99.76512877,17.760754934,0
                99.7651220850001,17.7607008470001,0
                99.7651041130001,17.760648353,0
                99.7650749060001,17.7606098150001,0
                99.765008492,17.7605482330001,0
                99.7649372870001,17.7605005820001,0
                99.764801327,17.7604006230001,0
                99.7645796910001,17.760263891,0
                99.7643548520001,17.7601333490001,0
                99.7641348160001,17.759993519,0
                99.7639860090001,17.759907522,0
                99.7637320870001,17.7597678220001,0
                99.763465335,17.759645178,0
                99.7632228400001,17.759536354,0
                99.7630256290001,17.75945209,0
                99.7628042270001,17.7593694670001,0
                99.7627202180001,17.759345056,0
                99.7626476040001,17.759343793,0
                99.762589544,17.7593502,0
                99.7625170350001,17.7593736750001,0
                99.7624445710001,17.7594079670001,0
                99.7623802670001,17.7594638750001,0
                99.7623159940001,17.7595275150001,0
                99.762234101,17.7596221430001,0
                99.7621523490001,17.7597476890001,0
                99.7620915470001,17.759870058,0
                99.7620548960001,17.7599784290001,0
                99.762026274,17.7600774860001,0
                99.761993417,17.760320339,0
                99.7619938230001,17.760416191,0
                99.7620085620001,17.7604671560001,0
                99.7620103130001,17.7604706450001,0
                99.762044894,17.7605156930001,0
                99.7620669250001,17.7605334100001,0
                99.7621365960001,17.760601165,0
                99.7621770970001,17.7606396530001,0
                99.7622063320001,17.760684374,0
                99.762224282,17.7607322330001,0
                99.7622310150001,17.760797143,0
                99.762228313,17.7609208370001,0
                99.762230286,17.7610058610001,0
                99.7622418300001,17.761064564,0
                99.7622744130001,17.7611386500001,0
                99.7623264470001,17.761232751,0
                99.7623687230001,17.761309893,0
                99.7623914980001,17.761353092,0
                99.7624029770001,17.7613963360001,0
                99.7623944410001,17.7614245670001,0
                99.7623827500001,17.761450543,0
                99.7623734050001,17.761462496,0
                99.7623107380001,17.7615245850001,0
                99.7621877440001,17.7616075190001,0
                99.7620534100001,17.761723481,0
                99.7619505770001,17.761825575,0
                99.7618678790001,17.7618815220001,0
                99.761864765,17.761883626,0
                99.7616814580001,17.761950305,0
                99.7615410100001,17.7619755860001,0
                99.7613795670001,17.761974036,0
                99.7612394330001,17.7619578050001,0
                99.761121566,17.7619237320001,0
                99.761055066,17.7618865040001,0
                99.761008846,17.7618466530001,0
                99.7609642050001,17.7617884580001,0
                99.7609029010001,17.7616702330001,0
                99.7608390130001,17.761486328,0
                99.7608008240001,17.761274841,0
                99.7607857890001,17.761109988,0
                99.7608082,17.76098347,0
                99.7608506590001,17.7608486290001,0
                99.7609161710001,17.7607384340001,0
                99.761078604,17.76048494,0
                99.761138341,17.76036652,0
                99.7611494770001,17.7602867740001,0
                99.761156897,17.7600690100001,0
                99.7611577440001,17.759888119,0
                99.761185088,17.7594860410001,0
                99.7611941760001,17.759346866,0
                99.7611872020001,17.759223209,0
                99.7611712880001,17.758893965,0
                99.761137756,17.758595707,0
                99.7611245410001,17.758523096,0
                99.761096874,17.758467545,0
                99.761067655,17.7584259170001,0
                99.761022295,17.7583828040001,0
                99.760967232,17.758335088,0
                99.7609073040001,17.758281208,0
                99.760850539,17.758211857,0
                99.7607349260001,17.7579633940001,0
                99.7605849720001,17.7576052950001,0
                99.7605556610001,17.7575420220001,0
                99.760526455,17.757503484,0
                99.76048596,17.757466535,0
                99.7604309490001,17.7574311930001,0
                99.7603340000001,17.7573990980001,0
                99.760256471,17.7573793020001,0
                99.7601467320001,17.7573750920001,0
                99.760048575,17.7573752100001,0
                99.7599860830001,17.757350719,0
                99.7598932920001,17.757283052,0
                99.759776667,17.757176311,0
                99.7596621770001,17.7570654410001,0
                99.7595368240001,17.756929873,0
                99.7594480830001,17.7568024120001,0
                99.7593895790001,17.7567036930001,0
                99.759339578,17.7565802030001,0
                99.7593047710001,17.756489635,0
                99.759267853,17.7564073230001,0
                99.7592202270001,17.75633742,0
                99.7591360340001,17.75626766,0
                99.7589915390001,17.756183702,0
                99.7588213070001,17.756118397,0
                99.7587157230001,17.756079637,0
                99.7585971930001,17.7560306250001,0
                99.7584763850001,17.755950699,0
                99.7583813240001,17.7558562400001,0
                99.7582904860001,17.7557411560001,0
                99.758183171,17.755587258,0
                99.758077212,17.7554957080001,0
                99.7579874310001,17.7554470050001,0
                99.7579042,17.7554350670001,0
                99.7578082540001,17.7554415710001,0
                99.757683576,17.755463509,0
                99.7574950730001,17.755522478,0
                99.7573865090001,17.7555719470001,0
                99.7572398,17.7556798040001,0
                99.757140893,17.75574456,0
                99.7570322940001,17.755784829,0
                99.75692997,17.755797484,0
                99.7567923030001,17.755773495,0
                99.7566641960001,17.755740267,0
                99.7565264520001,17.7556978810001,0
                99.756385525,17.755658575,0
                99.756244623,17.7556254020001,0
                99.7561740960001,17.7555919530001,0
                99.756109897,17.7555400910001,0
                99.7560455780001,17.7554606350001,0
                99.756000342,17.75535352,0
                99.7559226720001,17.7551423030001,0
                99.7558032490001,17.7548914000001,0
                99.7556190970001,17.7544629490001,0
                99.7556058120001,17.7543465140001,0
                99.7555925930001,17.7542454050001,0
                99.755573639,17.754081403,0
                99.75555525,17.7539883630001,0
                99.7554971340001,17.7538609910001,0
                99.7554174190001,17.7537336950001,0
                99.7553645190001,17.7536701920001,0
                99.7553486910001,17.7536511930001,0
                99.7552836,17.753577304,0
                99.7552004880001,17.7534983030001,0
                99.755119171,17.7534175770001,0
                99.755066662,17.753340183,0
                99.7550303120001,17.753254108,0
                99.7550120110001,17.7531817560001,0
                99.7549989710001,17.753076623,0
                99.754994948,17.752974904,0
                99.7550035400001,17.7528783110001,0
                99.755009278,17.7528618540001,0
                99.755042657,17.752766083,0
                99.755142821,17.752620855,0
                99.755223239,17.752487773,0
                99.755249946,17.752418699,0
                99.7552542080001,17.7523823220001,0
                99.7552508940001,17.75231552,0
                99.7552467680001,17.7522987020001,0
                99.7552319330001,17.752256619,0
                99.7552113450001,17.752230211,0
                99.7551779870001,17.752209904,0
                99.755094258,17.752196864,0
                99.754986235,17.752185211,0
                99.7548187890001,17.7521634400001,0
                99.7546800540001,17.752122587,0
                99.7545087550001,17.752038758,0
                99.754449304,17.7520234690001,0
                99.7543970850001,17.752015047,0
                99.7543251270001,17.752020497,0
                99.7542352340001,17.75203981,0
                99.7541598030001,17.752076312,0
                99.7540448650001,17.7521302050001,0
                99.753872458,17.7522136370001,0
                99.7536784120001,17.752285074,0
                99.753504137,17.752352993,0
                99.7532219180001,17.7524247750001,0
                99.7529324180001,17.7524782940001,0
                99.75279363,17.7525192000001,0
                99.7527833290001,17.7525224300001,0
                99.7527410540001,17.752540943,0
                99.752736822,17.7525427950001,0
                99.752697895,17.7525700680001,0
                99.7526131260001,17.752657152,0
                99.7525891720001,17.752676084,0
                99.75254419,17.7526921080001,0
                99.7525086480001,17.7526965050001,0
                99.752429476,17.752698534,0
                99.7520407390001,17.752689677,0
                99.7518877630001,17.752685093,0
                99.751682605,17.7526824280001,0
                99.75140738,17.7527059020001,0
                99.751196898,17.7527204990001,0
                99.7510079770001,17.7527281230001,0
                99.7508873940001,17.752723412,0
                99.7508135780001,17.7527150720001,0
                99.7507324870001,17.7526877920001,0
                99.750669314,17.752643204,0
                99.7506078370001,17.7525727450001,0
                99.7505741020001,17.7525193480001,0
                99.750558927,17.7524953380001,0
                99.750526042,17.7523764850001,0
                99.7505093650001,17.752261021,0
                99.7505054210001,17.7521782700001,0
                99.750517657,17.752092007,0
                99.7505371130001,17.7520108900001,0
                99.7505744730001,17.7519072870001,0
                99.750690482,17.7516775120001,0
                99.750819074,17.7514442400001,0
                99.75098467,17.751022877,0
                99.7511309060001,17.7507050410001,0
                99.751241253,17.7504132130001,0
                99.7513065620001,17.75010776,0
                99.7513649850001,17.749878203,0
                99.7514005630001,17.7497797820001,0
                99.75143984,17.74970376,0
                99.7514882,17.749650123,0
                99.751549218,17.749610229,0
                99.751628204,17.749565095,0
                99.7517215820001,17.749518182,0
                99.7518311810001,17.7494781030001,0
                99.751985797,17.749443023,0
                99.7521261080001,17.749432137,0
                99.7522898460001,17.7494280600001,0
                99.7524517890001,17.7494257170001,0
                99.7534363940001,17.7494943570001,0
                99.7538861790001,17.7495085350001,0
                99.7539727100001,17.749511263,0
                99.7540531760001,17.7495079880001,0
                99.7540662680001,17.749507454,0
                99.7541183820001,17.7494900140001,0
                99.7541650140001,17.749453622,0
                99.7542367610001,17.7493981690001,0
                99.754295922,17.7493444890001,0
                99.754356988,17.749316665,0
                99.7544504420001,17.749288716,0
                99.7545565230001,17.7492676160001,0
                99.754686011,17.7492498780001,0
                99.7547759920001,17.7492512530001,0
                99.754894801,17.7492611440001,0
                99.7550171990001,17.7492692920001,0
                99.7551918620001,17.749296207,0
                99.7553917480001,17.7493299220001,0
                99.7555177670001,17.7493432360001,0
                99.7557246750001,17.7493355400001,0
                99.755981874,17.7493052350001,0
                99.7561437290001,17.749282195,0
                99.7563919080001,17.749246753,0
                99.7565123320001,17.7492135250001,0
                99.7565913590001,17.74917701,0
                99.756664942,17.7491301690001,0
                99.756702406,17.7490794780001,0
                99.7567275650001,17.749045439,0
                99.756773948,17.7489487,0
                99.756813004,17.7488226740001,0
                99.756825167,17.748719169,0
                99.7568246590001,17.7485984680001,0
                99.7568114310001,17.748448506,0
                99.756798292,17.7483192330001,0
                99.7567798600001,17.748214121,0
                99.756754201,17.748103863,0
                99.7567033010001,17.7479816370001,0
                99.7566561190001,17.747886981,0
                99.7565674290001,17.747764897,0
                99.756489677,17.7476755330001,0
                99.7563127700001,17.7475417210001,0
                99.7562138330001,17.7474692480001,0
                99.7561394880001,17.747414791,0
                99.7559896650001,17.747303285,0
                99.755791119,17.7471592140001,0
                99.7556682270001,17.747033813,0
                99.755516443,17.7468826580001,0
                99.7553466360001,17.7467263980001,0
                99.7552346040001,17.746614752,0
                99.7551568870001,17.746534006,0
                99.75511664,17.746479145,0
                99.7551152620001,17.746477267,0
                99.7550681050001,17.7463895060001,0
                99.7550372590001,17.7463275490001,0
                99.7549992880001,17.746284587,0
                99.7549109020001,17.746233203,0
                99.754797281,17.746173286,0
                99.7546764680001,17.746113404,0
                99.7545034240001,17.746043371,0
                99.7542078530001,17.7459324270001,0
                99.7539556030001,17.7458540810001,0
                99.7537970650001,17.7458098560001,0
                99.753790736,17.7458079,0
                99.753697968,17.7457792000001,0
                99.753606027,17.745738171,0
                99.753499521,17.745657538,0
                99.7534254480001,17.745587127,0
                99.7533513180001,17.7455029170001,0
                99.753273526,17.745403207,0
                99.7531973690001,17.7452655550001,0
                99.7531300800001,17.7450951060001,0
                99.753010008,17.744781742,0
                99.7529228110001,17.7445855080001,0
                99.7528537150001,17.7444133430001,0
                99.7527972,17.74423768,0
                99.7527099050001,17.7440173050001,0
                99.752698894,17.7439656180001,0
                99.752702227,17.743901808,0
                99.7527289710001,17.743843075,0
                99.7527683530001,17.743794645,0
                99.752789598,17.743765904,0
                99.7528122690001,17.7437246420001,0
                99.7528203630001,17.743668751,0
                99.7528042550001,17.7435685780001,0
                99.7527602660001,17.743434978,0
                99.752685414,17.74332423,0
                99.7525328450001,17.7429851260001,0
                99.7524216690001,17.7426458640001,0
                99.7523705440001,17.7424684550001,0
                99.7523410490001,17.742276501,0
                99.7523276420001,17.742129409,0
                99.752360765,17.7416357490001,0
                99.7523533870001,17.7413997400001,0
                99.7523396700001,17.7412279210001,0
                99.752352854,17.7410945240001,0
                99.7523640260001,17.7410357960001,0
                99.7523893250001,17.7409606950001,0
                99.7524684430001,17.740803402,0
                99.7525291490001,17.7407296650001,0
                99.7525760300001,17.7406843800001,0
                99.752645638,17.7406540430001,0
                99.7526613890001,17.7406508280001,0
                99.752693203,17.740644339,0
                99.7528459500001,17.7406131810001,0
                99.7528886740001,17.74059979,0
                99.7528999190001,17.7405962670001,0
                99.752917713,17.7405879900001,0
                99.7529344870001,17.740580187,0
                99.752953619,17.740571287,0
                99.7529851400001,17.740547495,0
                99.7530172720001,17.7405120180001,0
                99.7530181650001,17.7405105020001,0
                99.753019749,17.7405078150001,0
                99.753032841,17.740466144,0
                99.7530353160001,17.7404570910001,0
                99.7530337840001,17.7404402540001,0
                99.7529741710001,17.7401701910001,0
                99.7529534800001,17.7399419500001,0
                99.7529283420001,17.739787784,0
                99.7528945480001,17.7396571240001,0
                99.752839753,17.739524869,0
                99.7527732600001,17.739388252,0
                99.752744449,17.7393290570001,0
                99.7526740270001,17.739227041,0
                99.7524456370001,17.739006585,0
                99.752283957,17.738839527,0
                99.7521363930001,17.7386992410001,0
                99.7519570580001,17.7384936830001,0
                99.7518569540001,17.7384051970001,0
                99.7517867160001,17.7383467830001,0
                99.7517218460001,17.7383151710001,0
                99.7513991960001,17.7381504090001,0
                99.751239652,17.738073888,0
                99.7511555040001,17.738035645,0
                99.751127039,17.7380270350001,0
                99.751085258,17.738027195,0
                99.7510842060001,17.738027199,0
                99.751080314,17.738028092,0
                99.7510635420001,17.7380319420001,0
                99.7510632020001,17.73803202,0
                99.7510546670001,17.738041046,0
                99.7510373420001,17.7380593780001,0
                99.7510115800001,17.73810782,0
                99.7509749450001,17.738176703,0
                99.750951081,17.7382064280001,0
                99.750914847,17.73823107,0
                99.7508729030001,17.738242965,0
                99.7508504180001,17.738242336,0
                99.7508127720001,17.7382377750001,0
                99.7507555320001,17.738209882,0
                99.7506835820001,17.738159855,0
                99.7504463560001,17.737917629,0
                99.7504255800001,17.7378929430001,0
                99.750379776,17.7378220100001,0
                99.7503546780001,17.73775198,0
                99.750331551,17.7376615210001,0
                99.7503169840001,17.737524079,0
                99.7503148850001,17.737440249,0
                99.7502871630001,17.7373898980001,0
                99.7501622250001,17.737267161,0
                99.7499708760001,17.737132758,0
                99.7497723130001,17.7370041300001,0
                99.7496303,17.7368790850001,0
                99.749475524,17.736701425,0
                99.7494003520001,17.7365784990001,0
                99.7492865870001,17.7361496790001,0
                99.7492232160001,17.7358717000001,0
                99.74918855,17.7355141210001,0
                99.7491681600001,17.7354278170001,0
                99.749154774,17.735371166,0
                99.7491087080001,17.735264027,0
                99.749008723,17.7351570920001,0
                99.7488923290001,17.735093948,0
                99.7486057730001,17.7350036240001,0
                99.748385828,17.734972665,0
                99.7482469710001,17.734993731,0
                99.7480979700001,17.735068488,0
                99.747728141,17.7352341820001,0
                99.7474854640001,17.735388792,0
                99.7473807000001,17.735463381,0
                99.7473367480001,17.7355324430001,0
                99.7472986960001,17.7356915710001,0
                99.7472385470001,17.735856079,0
                99.7471672940001,17.736010036,0
                99.747046358,17.7361853800001,0
                99.7467762030001,17.7363824870001,0
                99.7465667430001,17.736547563,0
                99.746334678,17.7367000830001,0
                99.7462909880001,17.736728794,0
                99.7460590590001,17.736809168,0
                99.745843564,17.7368523860001,0
                99.7455836490001,17.7368533740001,0
                99.7453732920001,17.7368011770001,0
                99.7451683080001,17.7367118660001,0
                99.74496293,17.736527161,0
                99.7448348660001,17.7363156700001,0
                99.7447842190001,17.736103884,0
                99.7447446530001,17.7358973560001,0
                99.7447437770001,17.7356853840001,0
                99.744770466,17.735452106,0
                99.744830091,17.7351604140001,0
                99.744884121,17.734852839,0
                99.7448832010001,17.7346302670001,0
                99.744787767,17.734286162,0
                99.744720488,17.734063841,0
                99.744703154,17.7338837250001,0
                99.7447354350001,17.733666328,0
                99.744783935,17.7333587740001,0
                99.744783081,17.7331521,0
                99.744738296,17.733019788,0
                99.744654864,17.732903516,0
                99.7445437860001,17.7327873460001,0
                99.7443829160001,17.732666071,0
                99.744161192,17.7325397220001,0
                99.7438621630001,17.7324401700001,0
                99.7435798110001,17.7323617480001,0
                99.7430153050001,17.7322525970001,0
                99.7424893090001,17.7320956040001,0
                99.7420286240001,17.7318502580001,0
                99.7417162620001,17.731533471,0
                99.74152037,17.731299709,0
                99.7414409,17.731137055,0
                99.7413903620001,17.730950439,0
                99.741364451,17.7307001410001,0
                99.7413002270001,17.730211507,0
                99.7412597650001,17.7294485410001,0
                99.741191675,17.7290274870001,0
                99.7411821910001,17.728972325,0
                99.741153431,17.7288050550001,0
                99.741091054,17.7286390080001,0
                99.7410785110001,17.728617523,0
                99.741060195,17.728586152,0
                99.7409889770001,17.7285132280001,0
                99.7409842270001,17.7285099650001,0
                99.740860415,17.7284248400001,0
                99.7406921250001,17.728365351,0
                99.7406767260001,17.7283620260001,0
                99.7405667310001,17.7283382690001,0
                99.7402181610001,17.7282918880001,0
                99.740125956,17.728283902,0
                99.7397783810001,17.7282537990001,0
                99.7393717990001,17.728219557,0
                99.7389719540001,17.7281596490001,0
                99.7389319050001,17.728153648,0
                99.7386679970001,17.728090583,0
                99.7384664240001,17.7280024720001,0
                99.7382735040001,17.727890852,0
                99.7380892850001,17.7277691400001,0
                99.7377734490001,17.72755067,0
                99.737715773,17.7275046980001,0
                99.7375996660001,17.7274121510001,0
                99.7374663090001,17.7273187480001,0
                99.7373102170001,17.727227117,0
                99.7372814930001,17.727207617,0
                99.7372508300001,17.7271910010001,0
                99.7372037470001,17.7271729080001,0
                99.737159471,17.7271606090001,0
                99.7370193900001,17.7271343040001,0
                99.7367427500001,17.7270867180001,0
                99.7364976590001,17.727054101,0
                99.7363523400001,17.727029498,0
                99.7362559850001,17.7269996750001,0
                99.7361665770001,17.7269564150001,0
                99.735905325,17.7268215760001,0
                99.7357944220001,17.726761391,0
                99.7357580280001,17.726741641,0
                99.7357103430001,17.7267187890001,0
                99.735580966,17.72665679,0
                99.735454787,17.7266069610001,0
                99.73538433,17.726594302,0
                99.7353414930001,17.7265922920001,0
                99.7353414390001,17.726592291,0
                99.7351877440001,17.726585078,0
                99.7351284630001,17.726576629,0
                99.7351048240001,17.7265732550001,0
                99.7350756220001,17.7265621130001,0
                99.735070969,17.726560337,0
                99.7350318410001,17.7265454010001,0
                99.735012978,17.7265348020001,0
                99.7349998230001,17.72652472,0
                99.734949607,17.726486245,0
                99.7349444640001,17.726482302,0
                99.7349395560001,17.72647627,0
                99.73484655,17.7263619760001,0
                99.7348031380001,17.726294491,0
                99.7347796830001,17.7262439460001,0
                99.734744257,17.7261367630001,0
                99.7347280770001,17.726031189,0
                99.734713475,17.725882008,0
                99.734704058,17.725717719,0
                99.734715683,17.7255650910001,0
                99.734743097,17.7254224590001,0
                99.7347689300001,17.7253217580001,0
                99.7348088080001,17.725232738,0
                99.7348487960001,17.72517055,0
                99.7349063060001,17.725113322,0
                99.734970849,17.7250661310001,0
                99.735047648,17.7250205720001,0
                99.7351279810001,17.724983379,0
                99.735251996,17.724932612,0
                99.735403997,17.724878388,0
                99.735477438,17.724861425,0
                99.7355368450001,17.724847708,0
                99.735622735,17.7248283060001,0
                99.7357029080001,17.7248101960001,0
                99.7358060180001,17.7247813020001,0
                99.7359526980001,17.724710331,0
                99.736022243,17.7246647440001,0
                99.7361049940001,17.7246105,0
                99.736153372,17.7245787900001,0
                99.736418685,17.724423529,0
                99.736491958,17.7243712750001,0
                99.7365616770001,17.7243072950001,0
                99.7366243260001,17.724223222,0
                99.7366765530001,17.7241593090001,0
                99.7366956380001,17.724120672,0
                99.7367007020001,17.7240753790001,0
                99.736696942,17.7240116740001,0
                99.7366545140001,17.7239045220001,0
                99.736541802,17.7237238490001,0
                99.7364500880001,17.7235447780001,0
                99.736397174,17.7234410180001,0
                99.7363584940001,17.723394215,0
                99.7363393580001,17.7233779860001,0
                99.7362935290001,17.72333912,0
                99.736167235,17.7232607870001,0
                99.7360180630001,17.723149004,0
                99.735960075,17.723087176,0
                99.7359020280001,17.7230119430001,0
                99.735863179,17.722924891,0
                99.7358524940001,17.722901559,0
                99.735804924,17.722797674,0
                99.7357696920001,17.72273912,0
                99.735727577,17.7227090960001,0
                99.7356819990001,17.722687469,0
                99.7356277150001,17.7226759330001,0
                99.735583949,17.722669389,0
                99.7355419770001,17.7226745830001,0
                99.735500028,17.722684798,0
                99.7354406800001,17.722718555,0
                99.735397085,17.7227539290001,0
                99.7353447410001,17.7227893400001,0
                99.7352661990001,17.72283658,0
                99.735196337,17.7228670270001,0
                99.735117657,17.7228807340001,0
                99.735025051,17.7229112630001,0
                99.7349727150001,17.72294835,0
                99.734894275,17.723020746,0
                99.7348263110001,17.723086391,0
                99.734732234,17.723185674,0
                99.7346625210001,17.723253007,0
                99.734597981,17.7233001980001,0
                99.73452638,17.723334003,0
                99.7344512350001,17.723356079,0
                99.7343481870001,17.7234000660001,0
                99.7342835800001,17.7234321620001,0
                99.7342016330001,17.723501218,0
                99.734151141,17.7235617700001,0
                99.734111059,17.7236021620001,0
                99.734093869,17.7236141220001,0
                99.7340674420001,17.7236325100001,0
                99.734029041,17.723654448,0
                99.7339661350001,17.7236748070001,0
                99.7338909270001,17.7236801180001,0
                99.7337787820001,17.723669144,0
                99.7337754010001,17.7236688130001,0
                99.733558315,17.723636089,0
                99.732982318,17.7235460150001,0
                99.7325831000001,17.7234720490001,0
                99.732323981,17.7234294200001,0
                99.7321068130001,17.723376574,0
                99.7319580010001,17.7233536520001,0
                99.7318407290001,17.7233423540001,0
                99.7317567810001,17.723351048,0
                99.7316798580001,17.7233664250001,0
                99.73158376,17.7233986430001,0
                99.7314824210001,17.723432557,0
                99.7313880030001,17.723447999,0
                99.7313215300001,17.723451599,0
                99.7312095440001,17.7234486630001,0
                99.7311342890001,17.723443913,0
                99.7310757100001,17.7234338690001,0
                99.730990719,17.7234192990001,0
                99.7308611070001,17.723384567,0
                99.7307664790001,17.7233480310001,0
                99.730652434,17.7232696460001,0
                99.730583956,17.7232095370001,0
                99.7305727340001,17.7231964970001,0
                99.730536493,17.7231543780001,0
                99.7305117660001,17.7230974600001,0
                99.730504577,17.7230505380001,0
                99.730504319,17.722986817,0
                99.7305158190001,17.7228023320001,0
                99.730581321,17.722558954,0
                99.730617624,17.722451505,0
                99.730632858,17.722324015,0
                99.7306270460001,17.722184864,0
                99.730617754,17.722050752,0
                99.730598092,17.721948544,0
                99.7305752410001,17.721921798,0
                99.7305278620001,17.7218884370001,0
                99.7304472970001,17.7218669420001,0
                99.7303720150001,17.721855481,0
                99.7302565480001,17.7218575900001,0
                99.7301375390001,17.7218496460001,0
                99.7300517660001,17.721838231,0
                99.7299413630001,17.721795043,0
                99.7298344650001,17.721751844,0
                99.7297731230001,17.7217269180001,0
                99.72965758,17.7217089060001,0
                99.7295911050001,17.7217125060001,0
                99.7294878810001,17.72171289,0
                99.7293724620001,17.7217267360001,0
                99.7292063420001,17.721750824,0
                99.7291154260001,17.7217662520001,0
                99.7290385410001,17.721790013,0
                99.7289634560001,17.721827182,0
                99.7288796870001,17.7218794720001,0
                99.72881162,17.7219216440001,0
                99.72876446,17.721940263,0
                99.728706807,17.721962277,0
                99.728552988,17.72199806,0
                99.728365942,17.722038996,0
                99.728152676,17.7220850620001,0
                99.7277331910001,17.7221905750001,0
                99.7275496810001,17.7222398800001,0
                99.7274202710001,17.7222554530001,0
                99.727367798,17.722259002,0
                99.727294251,17.722244183,0
                99.7272346730001,17.722220927,0
                99.7271925740001,17.722194254,0
                99.7270643040001,17.72205891,0
                99.7269342880001,17.721923571,0
                99.7267287390001,17.721714736,0
                99.726642697,17.72163792,0
                99.7265760390001,17.7215945720001,0
                99.726493652,17.7215563080001,0
                99.7264305640001,17.7215313930001,0
                99.7263640200001,17.721516546,0
                99.726292271,17.7215134580001,0
                99.7262188060001,17.721517083,0
                99.726152347,17.7215240360001,0
                99.726064921,17.7215377750001,0
                99.7259845250001,17.7215598670001,0
                99.72588139,17.7215820500001,0
                99.7257433070001,17.721616098,0
                99.7255318270001,17.721672212,0
                99.725425219,17.721701108,0
                99.7253623400001,17.7217281700001,0
                99.72533445,17.721753425,0
                99.7253048540001,17.7217904250001,0
                99.725294493,17.721823995,0
                99.725296497,17.7218877080001,0
                99.7252915000001,17.721949769,0
                99.72528292,17.721977548,0
                99.7252678240001,17.722009862,0
                99.7252458360001,17.7220569290001,0
                99.7252023280001,17.7221442640001,0
                99.7251568730001,17.7222923410001,0
                99.725143007,17.7223375140001,0
                99.7251188170001,17.72238119,0
                99.7250994300001,17.7224077220001,0
                99.7250544920001,17.7224464810001,0
                99.7250534670001,17.722447131,0
                99.7249817300001,17.722483117,0
                99.7249801290001,17.722483916,0
                99.7249750860001,17.7224857250001,0
                99.724954659,17.722493049,0
                99.7248533330001,17.722512861,0
                99.7248529610001,17.7225129330001,0
                99.7248527730001,17.7225129460001,0
                99.724816563,17.7225156000001,0
                99.724651603,17.722527686,0
                99.7245890920001,17.722535152,0
                99.7245216430001,17.7225565370001,0
                99.724461794,17.722585983,0
                99.7244197150001,17.7226250570001,0
                99.724365741,17.722725672,0
                99.724353459,17.722761442,0
                99.7243223030001,17.722845395,0
                99.724287711,17.722944453,0
                99.7242602140001,17.723068637,0
                99.724215611,17.7232901350001,0
                99.724202183,17.7234310320001,0
                99.724204248,17.7235098350001,0
                99.7242114690001,17.7235651410001,0
                99.724225705,17.7236254540001,0
                99.724257402,17.7236756400001,0
                99.7243065930001,17.7237257630001,0
                99.724357506,17.72376917,0
                99.7244293900001,17.723805794,0
                99.7245070450001,17.7238263520001,0
                99.7246168,17.7238554050001,0
                99.7247358960001,17.7238851500001,0
                99.7247867410001,17.7239117930001,0
                99.7248166890001,17.7239619860001,0
                99.7248275630001,17.7240558440001,0
                99.7248191250001,17.724133008,0
                99.7247813020001,17.7242991480001,0
                99.7247526240001,17.7244120390001,0
                99.7247382400001,17.724468662,0
                99.7247229960001,17.724594478,0
                99.7247095540001,17.7247320230001,0
                99.724699731,17.724899737,0
                99.7247213100001,17.725045541,0
                99.7247568160001,17.7251728460001,0
                99.7247978250001,17.7253638460001,0
                99.7248230500001,17.725544848,0
                99.7248304940001,17.725655487,0
                99.7248291940001,17.725742434,0
                99.724829115,17.725747713,0
                99.724815484,17.7258481550001,0
                99.7247456860001,17.726023297,0
                99.724605717,17.7262821580001,0
                99.7244657310001,17.726537047,0
                99.7243132200001,17.7267721160001,0
                99.724199862,17.726889144,0
                99.7241934480001,17.726895767,0
                99.7240983610001,17.7269716370001,0
                99.7239948710001,17.727019715,0
                99.7238582150001,17.72707189,0
                99.7237132370001,17.727116143,0
                99.72355996,17.727160428,0
                99.7234357010001,17.727200635,0
                99.7233322390001,17.72725666,0
                99.723253744,17.727332463,0
                99.7232045050001,17.7274638100001,0
                99.7232022850001,17.7275702330001,0
                99.7232070860001,17.727624775,0
                99.7232215440001,17.7276801140001,0
                99.7232554660001,17.7277617130001,0
                99.72335157,17.7279402180001,0
                99.7234501760001,17.728127283,0
                99.7234856430001,17.728245643,0
                99.7234953180001,17.728330564,0
                99.723491036,17.728426714,0
                99.7234591640001,17.728508387,0
                99.7234587080001,17.7285095560001,0
                99.7233431490001,17.7287805030001,0
                99.723155584,17.729129964,0
                99.723099399,17.729221506,0
                99.7230304240001,17.729333879,0
                99.723004609,17.729377358,0
                99.7229585900001,17.7294548670001,0
                99.7228866670001,17.729553504,0
                99.722803039,17.7296432410001,0
                99.7227355900001,17.7296949130001,0
                99.7227197750001,17.729705826,0
                99.722628855,17.729753649,0
                99.7225858260001,17.729767908,0
                99.7225826000001,17.7297689760001,0
                99.72249694,17.729776133,0
                99.7224028730001,17.7297740430001,0
                99.722130727,17.7297409340001,0
                99.7220696970001,17.729736287,0
                99.722036018,17.729736411,0
                99.72199485,17.7297434270001,0
                99.7219731340001,17.729750457,0
                99.7219659450001,17.729753358,0
                99.7219402050001,17.729763747,0
                99.7218584410001,17.7297967480001,0
                99.7217980090001,17.729817682,0
                99.7216888190001,17.7298473170001,0
                99.7215948150001,17.7298622820001,0
                99.721493142,17.7298650920001,0
                99.721416848,17.729858065,0
                99.721317615,17.7298365030001,0
                99.7212412540001,17.729820535,0
                99.721134427,17.729798193,0
                99.7210352530001,17.7297912500001,0
                99.7209513620001,17.729791558,0
                99.7208497680001,17.7298138580001,0
                99.7207608960001,17.729840983,0
                99.720687323,17.729877795,0
                99.7206416990001,17.729912073,0
                99.72061016,17.7299567700001,0
                99.7205710590001,17.7300420460001,0
                99.7205561530001,17.7301340830001,0
                99.720556312,17.7301738510001,0
                99.7205497720001,17.7303132960001,0
                99.7205501210001,17.730400489,0
                99.7205624530001,17.730568121,0
                99.7205934730001,17.73074016,0
                99.7205986720001,17.730874283,0
                99.7205992,17.7310061860001,0
                99.7205959060001,17.731060051,0
                99.7205843090001,17.7310980870001,0
                99.72054389,17.7311763050001,0
                99.720490479,17.731243068,0
                99.7201647460001,17.7315643900001,0
                99.720081722,17.731646287,0
                99.7200031290001,17.731700173,0
                99.7199498300001,17.7317222950001,0
                99.719888858,17.731732262,0
                99.7198227540001,17.731730069,0
                99.7196122730001,17.7316983850001,0
                99.7195817400001,17.731693787,0
                99.7194421200001,17.7316851790001,0
                99.7193319300001,17.7316855830001,0
                99.7192125070001,17.731700635,0
                99.7191058430001,17.7317278240001,0
                99.719044948,17.731757282,0
                99.7189688670001,17.7318038500001,0
                99.7189158130001,17.7318354070001,0
                99.7189042680001,17.731841807,0
                99.7188588320001,17.731866993,0
                99.718793808,17.7318921950001,0
                99.7187454360001,17.7319033630001,0
                99.7186972910001,17.7319144750001,0
                99.7185829520001,17.7319295130001,0
                99.7184393940001,17.731927951,0
                99.7183874930001,17.7319231110001,0
                99.718275368,17.731912661,0
                99.7182738860001,17.7319125220001,0
                99.718240945,17.7319072060001,0
                99.7180765510001,17.7318566280001,0
                99.7179968930001,17.7318199760001,0
                99.717986925,17.7318153890001,0
                99.717925715,17.731777553,0
                99.7179051250001,17.731764823,0
                99.717872012,17.7317443520001,0
                99.717709132,17.7315882280001,0
                99.7177043300001,17.731583625,0
                99.7176922990001,17.7315720930001,0
                99.717688867,17.731568807,0
                99.7176513380001,17.7315903730001,0
                99.7176486540001,17.7315919160001,0
                99.7176240220001,17.7316258810001,0
                99.7176177170001,17.7316423450001,0
                99.7176092500001,17.7316856150001,0
                99.7176098,17.7317007070001,0
                99.7176227620001,17.731788146,0
                99.7176308670001,17.7318428200001,0
                99.7176395490001,17.731901384,0
                99.7176368660001,17.731920411,0
                99.7176355500001,17.731929752,0
                99.7176317660001,17.7319566100001,0
                99.717628232,17.731963907,0
                99.717625157,17.731970255,0
                99.7176235620001,17.7319735500001,0
                99.717607963,17.732005757,0
                99.717558479,17.7320335360001,0
                99.7175301220001,17.73204271,0
                99.7175249220001,17.732044392,0
                99.7175244960001,17.732045026,0
                99.7175124250001,17.7320630560001,0
                99.7175090580001,17.732075067,0
                99.7175173210001,17.7320978400001,0
                99.7175201220001,17.7321013330001,0
                99.7175235620001,17.732104194,0
                99.7175410950001,17.732118487,0
                99.7175572660001,17.7321316690001,0
                99.7177303140001,17.7321954350001,0
                99.7177411310001,17.7321999960001,0
                99.7177447400001,17.7322015140001,0
                99.7177456780001,17.73220265,0
                99.7177538830001,17.7322125800001,0
                99.7177624240001,17.7322229160001,0
                99.717768903,17.7322428210001,0
                99.717762625,17.7322735110001,0
                99.7177607520001,17.732278965,0
                99.7177578800001,17.7322873260001,0
                99.7177410080001,17.7323065850001,0
                99.7177403600001,17.732307324,0
                99.7177387660001,17.7323084770001,0
                99.7177116440001,17.732328126,0
                99.7177071150001,17.7323311120001,0
                99.71764405,17.732359285,0
                99.7172199980001,17.7324850840001,0
                99.7170951850001,17.732528662,0
                99.7170340750001,17.732581118,0
                99.7170221640001,17.7326003090001,0
                99.7170022620001,17.732640308,0
                99.716973233,17.732679573,0
                99.7169705030001,17.7326832700001,0
                99.716954881,17.732693188,0
                99.7169228060001,17.732713556,0
                99.7169016070001,17.732717931,0
                99.71687368,17.7327237000001,0
                99.7168316440001,17.732721553,0
                99.716794801,17.732710954,0
                99.7167629510001,17.7326896450001,0
                99.7167542880001,17.732680943,0
                99.716749694,17.732676326,0
                99.716743781,17.732657693,0
                99.7167427360001,17.732654402,0
                99.7167425540001,17.7326086420001,0
                99.7167430110001,17.73260742,0
                99.7167626790001,17.7325549710001,0
                99.716782863,17.732515915,0
                99.7168158040001,17.732488996,0
                99.716861448,17.732459595,0
                99.7169020140001,17.732432649,0
                99.716917149,17.73241641,0
                99.7169233690001,17.7323986500001,0
                99.7169221300001,17.7323765420001,0
                99.7169136470001,17.7323445500001,0
                99.7168799040001,17.732293015,0
                99.7168581370001,17.732267146,0
                99.716807089,17.7322161710001,0
                99.7167006070001,17.7321317890001,0
                99.7166515640001,17.732102237,0
                99.7165853920001,17.7320829870001,0
                99.7165243900001,17.732085646,0
                99.7164634520001,17.7321053590001,0
                99.71641528,17.7321372050001,0
                99.7163090980001,17.732286205,0
                99.7162924360001,17.7323047720001,0
                99.7162682960001,17.7323178710001,0
                99.7162425010001,17.732327432,0
                99.7162070830001,17.7323326860001,0
                99.7161625310001,17.732334286,0
                99.7161361020001,17.7323267900001,0
                99.716094056,17.732314869,0
                99.7159614830001,17.732268547,0
                99.7158589970001,17.7322186260001,0
                99.71566384,17.7321235650001,0
                99.7156106070001,17.732111016,0
                99.715564505,17.7321111840001,0
                99.7155583400001,17.732111779,0
                99.7155223600001,17.732120192,0
                99.7155076270001,17.732123637,0
                99.7155057860001,17.732125556,0
                99.71550303,17.732128421,0
                99.715481341,17.732150974,0
                99.7154551720001,17.7322074960001,0
                99.7154512660001,17.732246424,0
                99.7154520970001,17.73225734,0
                99.7154555500001,17.732302835,0
                99.7154556890001,17.7323378580001,0
                99.7154674500001,17.7324031480001,0
                99.715468436,17.732408628,0
                99.7154847560001,17.7324992480001,0
                99.715485196,17.732518086,0
                99.715485856,17.732546498,0
                99.7154872010001,17.7326043100001,0
                99.715469876,17.732720645,0
                99.7154698720001,17.732720683,0
                99.7154343280001,17.732959372,0
                99.715413663,17.733036741,0
                99.7153725420001,17.7331674770001,0
                99.7153578320001,17.733276355,0
                99.7153544830001,17.733385195,0
                99.715343573,17.733497684,0
                99.7153327070001,17.7336210560001,0
                99.7153130740001,17.7337630590001,0
                99.715315618,17.7337960790001,0
                99.715325954,17.7338278500001,0
                99.715360279,17.733893016,0
                99.715405993,17.733965401,0
                99.715441173,17.7340352100001,0
                99.7154553340001,17.7340782040001,0
                99.7154633470001,17.7341102890001,0
                99.7154636210001,17.7341792140001,0
                99.7154486800001,17.7342300500001,0
                99.7154476030001,17.734234246,0
                99.7154263150001,17.734317194,0
                99.7154071800001,17.73442306,0
                99.7154024490001,17.734482567,0
                99.7154001230001,17.734494312,0
                99.715387617,17.7345455190001,0
                99.715347239,17.73462119,0
                99.7153434040001,17.7346279020001,0
                99.7152538270001,17.734784758,0
                99.7151855130001,17.7348678380001,0
                99.7151359310001,17.7349142630001,0
                99.715128593,17.734919328,0
                99.7151076750001,17.734933762,0
                99.7150545710001,17.734970407,0
                99.7149776140001,17.7350098960001,0
                99.714863209,17.735068239,0
                99.7148143140001,17.735102349,0
                99.7147668700001,17.735138356,0
                99.7146734200001,17.7352092690001,0
                99.714517351,17.735306571,0
                99.714346344,17.73545713,0
                99.7142609470001,17.7355590080001,0
                99.7142253220001,17.735613105,0
                99.7141907070001,17.735665667,0
                99.714080402,17.7358498620001,0
                99.7140353390001,17.7359419220001,0
                99.713995524,17.736082331,0
                99.7139508060001,17.7362614460001,0
                99.713910889,17.736377669,0
                99.71389299,17.736426867,0
                99.713853085,17.7364922740001,0
                99.7138055730001,17.7365473350001,0
                99.71367982,17.736654201,0
                99.7136377450001,17.736697368,0
                99.7135774860001,17.736749945,0
                99.7135188300001,17.736785373,0
                99.7134496640001,17.736820578,0
                99.7133974860001,17.736837456,0
                99.713347458,17.7368440340001,0
                99.713271788,17.736853984,0
                99.713105177,17.736840079,0
                99.712842482,17.736778159,0
                99.712611833,17.736734821,0
                99.7123582390001,17.736722351,0
                99.712137054,17.7367207180001,0
                99.712048096,17.736725913,0
                99.711997318,17.7367431480001,0
                99.7119668980001,17.736765185,0
                99.7119390770001,17.736801832,0
                99.7119328200001,17.7368274470001,0
                99.711926566,17.736853035,0
                99.7119318850001,17.736911489,0
                99.7119858120001,17.7370477220001,0
                99.7119986610001,17.7371858120001,0
                99.711996388,17.737240711,0
                99.7119932020001,17.7373104070001,0
                99.711974093,17.737370206,0
                99.711936569,17.737429552,0
                99.7118979530001,17.7374743020001,0
                99.7118273880001,17.7375302780001,0
                99.7117224500001,17.7375911350001,0
                99.7115941160001,17.7376468210001,0
                99.711540879,17.7376568060001,0
                99.7114851810001,17.737661861,0
                99.7114339970001,17.737656343,0
                99.711412087,17.7376515820001,0
                99.7113973950001,17.7376463620001,0
                99.711370312,17.737624904,0
                99.7113497940001,17.737578688,0
                99.7113368980001,17.7375324500001,0
                99.71129792,17.737318202,0
                99.7112798530001,17.737250051,0
                99.711263902,17.7372159980001,0
                99.7112458380001,17.7371976480001,0
                99.7112404000001,17.737192765,0
                99.711218552,17.7371771850001,0
                99.7112097780001,17.737169539,0
                99.711204051,17.7371666450001,0
                99.711136244,17.737141534,0
                99.7110865960001,17.7371231490001,0
                99.7109919750001,17.73709761,0
                99.710938539,17.7370856250001,0
                99.7108901870001,17.737073621,0
                99.7108291170001,17.737059222,0
                99.7107655620001,17.737059453,0
                99.7107097000001,17.7370767100001,0
                99.71064885,17.7371183440001,0
                99.7106279750001,17.7371356240001,0
                99.7105575800001,17.7371843650001,0
                99.7105224970001,17.7371969600001,0
                99.7104790380001,17.737204696,0
                99.7104585270001,17.7372067370001,0
                99.7104026360001,17.7372166870001,0
                99.710359483,17.737233894,0
                99.7103240170001,17.7372656970001,0
                99.7102860680001,17.737312119,0
                99.7102304650001,17.737395152,0
                99.7100639920001,17.7377295210001,0
                99.7100425930001,17.737780399,0
                99.710021597,17.737813623,0
                99.7099770200001,17.7378525130001,0
                99.7099577440001,17.737863899,0
                99.7098172380001,17.7379445340001,0
                99.709775758,17.737979963,0
                99.7097318360001,17.7380283140001,0
                99.7096995970001,17.7380769850001,0
                99.709655329,17.7381658690001,0
                99.7096232270001,17.7382698320001,0
                99.70958841,17.7384005480001,0
                99.709553708,17.7385602840001,0
                99.7095376410001,17.7386525740001,0
                99.709536584,17.738727849,0
                99.70953432,17.73879851,0
                99.709531999,17.738854551,0
                99.7095118990001,17.7389155280001,0
                99.7094356800001,17.739024307,0
                99.709423121,17.7390422280001,0
                99.709391328,17.7390976890001,0
                99.709327654,17.7392572690001,0
                99.7092975790001,17.739367008,0
                99.709292706,17.7394206230001,0
                99.7092979720001,17.739466893,0
                99.7093133820001,17.739505815,0
                99.7093643960001,17.7395494850001,0
                99.709456447,17.7396049550001,0
                99.70946888,17.7396124480001,0
                99.7095275630001,17.7396658330001,0
                99.7095531780001,17.7397144650001,0
                99.7095660740001,17.7397607090001,0
                99.70957651,17.739828883,0
                99.7095794190001,17.7398608680001,0
                99.7095753550001,17.7399043620001,0
                99.7095642140001,17.739933686,0
                99.70951354,17.739977723,0
                99.709450152,17.7400218020001,0
                99.7094146860001,17.7400536050001,0
                99.7093843900001,17.740107311,0
                99.7093644240001,17.7402023940001,0
                99.7093573550001,17.7403437200001,0
                99.709360271,17.740438725,0
                99.7093706730001,17.7404971560001,0
                99.7093864330001,17.7406262210001,0
                99.7093866440001,17.7406798170001,0
                99.709376697,17.740735886,0
                99.7093412840001,17.740782304,0
                99.7092881200001,17.740838529,0
                99.709181583,17.740899819,0
                99.7091207990001,17.7409585070001,0
                99.7091006220001,17.7409999980001,0
                99.7091008140001,17.7410487230001,0
                99.709108669,17.741107164,0
                99.709137028,17.7412069480001,0
                99.7091474640001,17.741275122,0
                99.7091476560001,17.741323847,0
                99.7091225340001,17.7413994620001,0
                99.709069383,17.7415750700001,0
                99.7090671810001,17.7416109600001,0
                99.7090773790001,17.741642402,0
                99.7090781080001,17.741644647,0
                99.709097065,17.741671888,0
                99.7091071560001,17.741679209,0
                99.709128019,17.741694336,0
                99.7091640660001,17.741704558,0
                99.70916888,17.741705541,0
                99.7093036530001,17.7417098350001,0
                99.709333229,17.741711826,0
                99.709517809,17.741707433,0
                99.7095788620001,17.7417169600001,0
                99.709604788,17.741727079,0
                99.7096370550001,17.741754638,0
                99.709660495,17.741787312,0
                99.7096734250001,17.741843299,0
                99.7096674690001,17.742267226,0
                99.7096676900001,17.7423232580001,0
                99.7096776100001,17.7423476980001,0
                99.709700566,17.742366482,0
                99.7097130010001,17.7423723850001,0
                99.7098408640001,17.742398156,0
                99.7098892660001,17.742422343,0
                99.7098980390001,17.7424312420001,0
                99.7099275520001,17.742461183,0
                99.7099556810001,17.7425024990001,0
                99.709983906,17.7425681730001,0
                99.7100147680001,17.7426582050001,0
                99.7100587740001,17.74281496,0
                99.71007546,17.7428823430001,0
                99.7101725800001,17.743191537,0
                99.7102240280001,17.743438015,0
                99.7102500460001,17.743696668,0
                99.7102501400001,17.743709408,0
                99.7102559410001,17.744502778,0
                99.710246102,17.744587272,0
                99.710219189,17.74463934,0
                99.710151597,17.744691559,0
                99.7100770490001,17.744698323,0
                99.7100092520001,17.744698569,0
                99.7099142860001,17.7446859200001,0
                99.7098294880001,17.7446732340001,0
                99.709758331,17.7446799900001,0
                99.7097114220001,17.74470268,0
                99.7096740850001,17.744774912,0
                99.7096445270001,17.744958813,0
                99.709635484,17.745013338,0
                99.7095884080001,17.745430965,0
                99.7095886380001,17.745489433,0
                99.7096058560001,17.745557583,0
                99.7096604100001,17.7456385950001,0
                99.7097660220001,17.7457713920001,0
                99.709776118,17.745816506,0
                99.7097654310001,17.745867919,0
                99.709759503,17.74588228,0
                99.7097443680001,17.745906006,0
                99.709685408,17.7459600870001,0
                99.7096212320001,17.7460187880001,0
                99.7095644560001,17.746105002,0
                99.709558266,17.746124756,0
                99.7095435990001,17.7462457240001,0
                99.709538992,17.746356979,0
                99.7095292800001,17.746453746,0
                99.7094992790001,17.746526406,0
                99.7094389380001,17.7465846640001,0
                99.709298016,17.746686746,0
                99.7092541920001,17.746715533,0
                99.7092173280001,17.746751123,0
                99.7091464380001,17.7468260900001,0
                99.709065465,17.746923829,0
                99.7089810370001,17.7470053430001,0
                99.7088490620001,17.747064289,0
                99.708696939,17.747107499,0
                99.708628966,17.747126802,0
                99.708483368,17.747169555,0
                99.7084021520001,17.7472055810001,0
                99.7083413650001,17.7472642700001,0
                99.7082942360001,17.747324007,0
                99.7080729070001,17.7478783760001,0
                99.7080364700001,17.7479696410001,0
                99.7080364590001,17.7479696730001,0
                99.7080163630001,17.7480694280001,0
                99.70802681,17.7481296440001,0
                99.7080509940001,17.7481798320001,0
                99.7080981760001,17.748260079,0
                99.7082546510001,17.748526213,0
                99.7082549100001,17.7485266890001,0
                99.7085502740001,17.749069068,0
                99.708707626,17.7493133880001,0
                99.7087076480001,17.7493134220001,0
                99.7089667100001,17.749715667,0
                99.709024953,17.749830821,0
                99.7090456540001,17.749925956,0
                99.7090456860001,17.74992611,0
                99.709047517,17.749934535,0
                99.7090474820001,17.749935109,0
                99.7090448490001,17.7499780370001,0
                99.709018583,17.750045933,0
                99.708798507,17.7503995880001,0
                99.7087735260001,17.750507483,0
                99.7087737320001,17.75055995,0
                99.7087945580001,17.7506161420001,0
                99.7089325520001,17.750804702,0
                99.7089923080001,17.750946293,0
                99.7090047120001,17.751042307,0
                99.7090006940001,17.751059529,0
                99.708989644,17.751106899,0
                99.7089851210001,17.751117622,0
                99.7089735740001,17.751145004,0
                99.70889551,17.7513300640001,0
                99.7088923320001,17.75133621,0
                99.7088585170001,17.7514153540001,0
                99.708808343,17.7515347500001,0
                99.7087794020001,17.7516036100001,0
                99.7087552870001,17.7516609900001,0
                99.7087116530001,17.751771591,0
                99.70870053,17.7518333400001,0
                99.708695483,17.751969796,0
                99.708685647,17.752054286,0
                99.7086798440001,17.7520872740001,0
                99.7086588930001,17.7521742530001,0
                99.7085989120001,17.7523258030001,0
                99.7085989010001,17.752325835,0
                99.7085750830001,17.7523860160001,0
                99.7084777840001,17.752642983,0
                99.7084275600001,17.752802333,0
                99.7084144230001,17.752909575,0
                99.7084126680001,17.7529334970001,0
                99.7084230180001,17.753031182,0
                99.70842335,17.753032907,0
                99.708453321,17.7531273390001,0
                99.7084778230001,17.753212644,0
                99.7085137990001,17.753287727,0
                99.708517644,17.753295748,0
                99.708541729,17.753386618,0
                99.7085455810001,17.753503541,0
                99.7085455610001,17.7535036460001,0
                99.7085074970001,17.753702301,0
                99.7084939280001,17.7537501360001,0
                99.708424031,17.754027701,0
                99.7083957850001,17.754120545,0
                99.708337079,17.7542504570001,0
                99.7082543060001,17.754433609,0
                99.7081937090001,17.7545410220001,0
                99.7081363870001,17.754619189,0
                99.7080552190001,17.7546682080001,0
                99.707909564,17.7546979680001,0
                99.7078220340001,17.7547208890001,0
                99.7078215110001,17.754721026,0
                99.7077606830001,17.7547699670001,0
                99.707713594,17.7548643380001,0
                99.707708245,17.7548878310001,0
                99.7076914560001,17.754961531,0
                99.7076840180001,17.7550165750001,0
                99.7076770560001,17.7551301710001,0
                99.7076925150001,17.755293379,0
                99.7077007020001,17.755492105,0
                99.7077357050001,17.755752439,0
                99.7077427310001,17.7559019920001,0
                99.707756083,17.7561862490001,0
                99.707736304,17.756329248,0
                99.7076859380001,17.756452865,0
                99.7075679020001,17.7566092070001,0
                99.7074370670001,17.7567405670001,0
                99.7072790760001,17.7568516440001,0
                99.707200959,17.7569009850001,0
                99.7069741510001,17.7570890860001,0
                99.706914457,17.757157879,0
                99.7068178690001,17.757363013,0
                99.706768443,17.757467981,0
                99.7066947820001,17.7575533290001,0
                99.706660055,17.7575868550001,0
                99.7066250140001,17.7576042900001,0
                99.706568583,17.7576225380001,0
                99.7065618660001,17.757624713,0
                99.7064484750001,17.757644026,0
                99.706396236,17.7576343440001,0
                99.706389243,17.7576347850001,0
                99.7062708120001,17.757625762,0
                99.7059255,17.7575393070001,0
                99.7058387660001,17.7575175920001,0
                99.7057868810001,17.757504602,0
                99.705721398,17.7575061630001,0
                99.705573847,17.7575096800001,0
                99.705493813,17.7575287,0
                99.7054493730001,17.7575426120001,0
                99.70530383,17.7576016040001,0
                99.7050534080001,17.757716198,0
                99.7049780830001,17.75774291,0
                99.7048912660001,17.757766329,0
                99.704823091,17.757768996,0
                99.7047450700001,17.757756284,0
                99.7046397590001,17.757701443,0
                99.7046101820001,17.7576771510001,0
                99.704450556,17.757546054,0
                99.7044401000001,17.7575389560001,0
                99.704405346,17.7575199240001,0
                99.7042617770001,17.7574533440001,0
                99.7040384520001,17.7573789520001,0
                99.703929927,17.757367791,0
                99.7038322370001,17.757406744,0
                99.7038195360001,17.7574152770001,0
                99.7037066340001,17.7574911340001,0
                99.7036961800001,17.7574963180001,0
                99.7035942990001,17.757534419,0
                99.7035448080001,17.7575425470001,0
                99.703500901,17.757544458,0
                99.7031453370001,17.757552832,0
                99.702766447,17.7575610380001,0
                99.7023729210001,17.7575639790001,0
                99.7023049460001,17.757557331,0
                99.7020622810001,17.757499067,0
                99.7015351860001,17.757501749,0
                99.7014532910001,17.7574874540001,0
                99.701396662,17.757466815,0
                99.7012927280001,17.7574104010001,0
                99.7011738090001,17.75731145,0
                99.701025121,17.757177112,0
                99.7008838420001,17.757042745,0
                99.7007499160001,17.756894157,0
                99.7005269530001,17.756710395,0
                99.7004413720001,17.75663805,0
                99.70035296,17.7565836840001,0
                99.7002323120001,17.756555238,0
                99.7000695950001,17.756555819,0
                99.699587567,17.7565864170001,0
                99.6994248670001,17.7565927680001,0
                99.699286165,17.7565701660001,0
                99.6991713880001,17.756501278,0
                99.6989658800001,17.7562884540001,0
                99.698877672,17.756246586,0
                99.698748487,17.7562371450001,0
                99.698567682,17.7562377890001,0
                99.6983567720001,17.756244316,0
                99.698324094,17.75623252,0
                99.698282578,17.756233143,0
                99.697872675,17.7562275880001,0
                99.697785691,17.7562422780001,0
                99.697306106,17.756384557,0
                99.6970328940001,17.7565510470001,0
                99.6966857770001,17.75679961,0
                99.696449563,17.7570413660001,0
                99.6959313890001,17.7576862230001,0
                99.6952988960001,17.758796552,0
                99.6952110500001,17.758926338,0
                99.6952062510001,17.758933427,0
                99.694839029,17.759475939,0
                99.6947831790001,17.7595584480001,0
                99.6946200790001,17.759736887,0
                99.6943497890001,17.759933086,0
                99.6942253700001,17.7599932430001,0
                99.6941380810001,17.7600261260001,0
                99.6941291810001,17.760026157,0
                99.694044192,17.760026458,0
                99.6940222860001,17.7600221210001,0
                99.6939976510001,17.7600145430001,0
                99.6939656170001,17.7599976380001,0
                99.6939590810001,17.759994186,0
                99.6939422470001,17.7599804660001,0
                99.6939239880001,17.7599655810001,0
                99.6937846600001,17.7598520060001,0
                99.6936746850001,17.7597074660001,0
                99.6935304310001,17.7594699250001,0
                99.6934456100001,17.7593302440001,0
                99.6934277560001,17.7593112230001,0
                99.6933571220001,17.7592672800001,0
                99.693327051,17.7592515420001,0
                99.6930398860001,17.7591760120001,0
                99.6930276210001,17.7591717620001,0
                99.692892687,17.759125001,0
                99.6928112080001,17.7590728980001,0
                99.692770093,17.759039466,0
                99.692626153,17.75888057,0
                99.6925748300001,17.7587938890001,0
                99.6925064320001,17.7586882690001,0
                99.6924664160001,17.75859612,0
                99.6924527530001,17.75857275,0
                99.692450179,17.7585683570001,0
                99.692423777,17.758542682,0
                99.692389393,17.7585312840001,0
                99.692349129,17.758517941,0
                99.6922435180001,17.75850567,0
                99.6922334870001,17.758504508,0
                99.692056624,17.7584993880001,0
                99.692035644,17.7585015770001,0
                99.6919447240001,17.758511072,0
                99.6916433920001,17.758576353,0
                99.6915753680001,17.7586012900001,0
                99.6914665240001,17.7586411890001,0
                99.6912418690001,17.7587291340001,0
                99.6910222110001,17.758872099,0
                99.690890777,17.7590020590001,0
                99.690806191,17.7591112600001,0
                99.690717776,17.759308973,0
                99.6907081000001,17.759350231,0
                99.6906991390001,17.7594029470001,0
                99.6906922060001,17.7594437290001,0
                99.6907064490001,17.7596437560001,0
                99.6907169460001,17.7596814130001,0
                99.6907715720001,17.7598374620001,0
                99.690828621,17.759973496,0
                99.6909264930001,17.760124633,0
                99.6909334640001,17.760136919,0
                99.6910623080001,17.760363973,0
                99.6911324310001,17.760553864,0
                99.6911685950001,17.760839321,0
                99.6912674320001,17.7613619160001,0
                99.6913289810001,17.7614671490001,0
                99.6913659560001,17.7615081750001,0
                99.6915453220001,17.7617071940001,0
                99.6918200140001,17.762011977,0
                99.6918866110001,17.762132142,0
                99.6919063720001,17.762231109,0
                99.6919021140001,17.7623687280001,0
                99.6918882640001,17.7625017940001,0
                99.691832645,17.762692767,0
                99.6917527940001,17.7630437940001,0
                99.6916150210001,17.763649464,0
                99.6916062230001,17.7638513110001,0
                99.6916163440001,17.763993467,0
                99.691635934,17.7641080710001,0
                99.6916745970001,17.764204256,0
                99.6917853040001,17.7643598170001,0
                99.6919338810001,17.7645177480001,0
                99.6919487200001,17.764528953,0
                99.6920210600001,17.7646092200001,0
                99.6920405400001,17.76464981,0
                99.692049883,17.7646937210001,0
                99.6920645800001,17.764780816,0
                99.6920647640001,17.7648286780001,0
                99.6920561350001,17.7648685770001,0
                99.692031102,17.764923094,0
                99.6920268640001,17.7649323140001,0
                99.6918645860001,17.765142504,0
                99.6918408970001,17.7652026110001,0
                99.6918212150001,17.765252549,0
                99.691801528,17.7653627550001,0
                99.6918015250001,17.7653627820001,0
                99.6917831060001,17.7656122600001,0
                99.6917427610001,17.765717825,0
                99.6917389450001,17.7657278080001,0
                99.6917273440001,17.765745297,0
                99.6916760460001,17.765822648,0
                99.6916687290001,17.765832066,0
                99.6915593310001,17.765961519,0
                99.6914535080001,17.7660943390001,0
                99.6914182190001,17.7661352260001,0
                99.691393593,17.7661828560001,0
                99.6913831840001,17.766244027,0
                99.69138351,17.766328951,0
                99.69138029,17.766413867,0
                99.6913664420001,17.7665022190001,0
                99.6913655530001,17.7665058100001,0
                99.691342009,17.766600806,0
                99.6913104060001,17.7666790260001,0
                99.691275579,17.7667282030001,0
                99.691264586,17.7667437220001,0
                99.6912222390001,17.766794829,0
                99.6911550900001,17.766849404,0
                99.6910737520001,17.7668972340001,0
                99.691020634,17.7669144130001,0
                99.6909745340001,17.7669077790001,0
                99.6909213120001,17.7668977710001,0
                99.6908502950001,17.766867452,0
                99.690789984,17.7668540920001,0
                99.690722565,17.766837336,0
                99.6906800400001,17.766837486,0
                99.6906517230001,17.76684778,0
                99.6906092980001,17.766878499,0
                99.69058118,17.7669397330001,0
                99.69055667,17.767017927,0
                99.6905392950001,17.7671130910001,0
                99.6905081100001,17.767300004,0
                99.6905009150001,17.7673568980001,0
                99.6904820290001,17.767411456,0
                99.6904370780001,17.7674859090001,0
                99.690433006,17.767495234,0
                99.6904021880001,17.7675657410001,0
                99.6903831800001,17.767614855,0
                99.6903801110001,17.7676485870001,0
                99.6903820300001,17.7676593630001,0
                99.6903962750001,17.767691449,0
                99.690396332,17.7676915170001,0
                99.6904187750001,17.767718959,0
                99.69048286,17.767743259,0
                99.690488368,17.767746624,0
                99.6905726590001,17.7677981210001,0
                99.6906044520001,17.7678331330001,0
                99.6906119220001,17.7678413580001,0
                99.6906339000001,17.7679146850001,0
                99.6906340520001,17.7679542500001,0
                99.690632754,17.7680160310001,0
                99.6906283010001,17.76822795,0
                99.690608969,17.7683167430001,0
                99.6905845640001,17.7683989330001,0
                99.690559202,17.7684603340001,0
                99.690552514,17.7684690890001,0
                99.6905145490001,17.7684972820001,0
                99.6904570060001,17.7685097450001,0
                99.690439241,17.768511511,0
                99.6903930160001,17.76850997,0
                99.690307799,17.7685018280001,0
                99.6902079770001,17.7684922890001,0
                99.6902073740001,17.768492231,0
                99.6901405620001,17.7684985990001,0
                99.690026865,17.7685094300001,0
                99.689977749,17.7685176700001,0
                99.6899176150001,17.7685444470001,0
                99.6899014260001,17.7685516560001,0
                99.6898780880001,17.7685638990001,0
                99.6897662280001,17.76862584,0
                99.689735451,17.7686428810001,0
                99.689655401,17.768699199,0
                99.6895956370001,17.7687704800001,0
                99.6895321950001,17.7688657850001,0
                99.6894899120001,17.768933867,0
                99.6894605040001,17.769003474,0
                99.6894501150001,17.769046858,0
                99.6894410820001,17.769106014,0
                99.689429219,17.7692302150001,0
                99.689414131,17.7693189570001,0
                99.6894083130001,17.7694106170001,0
                99.6894013300001,17.7694530810001,0
                99.6893646600001,17.769556025,0
                99.689338094,17.7696059740001,0
                99.689276782,17.769709661,0
                99.689236715,17.76976668,0
                99.6891679620001,17.7698288930001,0
                99.688986313,17.769959262,0
                99.6889862880001,17.769959283,0
                99.6888707750001,17.770042185,0
                99.6887107740001,17.7701580400001,0
                99.6887034570001,17.770163806,0
                99.6886758210001,17.7701798250001,0
                99.6885556340001,17.7702719480001,0
                99.688474435,17.770357141,0
                99.6884373060001,17.770412929,0
                99.6884187690001,17.7704487710001,0
                99.688412482,17.770489674,0
                99.6884120180001,17.770496671,0
                99.6884122110001,17.7705469410001,0
                99.6884445950001,17.7706637810001,0
                99.688449828,17.77068266,0
                99.6884619400001,17.7707145860001,0
                99.688459703,17.770757544,0
                99.68844169,17.770794569,0
                99.688390321,17.770844149,0
                99.6883293480001,17.770891132,0
                99.6880490230001,17.7710565250001,0
                99.6880234050001,17.7710685770001,0
                99.6879868540001,17.7710905330001,0
                99.6878905080001,17.7711671170001,0
                99.687745809,17.771310656,0
                99.6876954990001,17.771384509,0
                99.6876913820001,17.771387792,0
                99.6876870520001,17.771395467,0
                99.6876638050001,17.771419806,0
                99.6875622850001,17.771483914,0
                99.6875589480001,17.771486021,0
                99.6875399300001,17.771498029,0
                99.687528248,17.771510877,0
                99.687526022,17.7715177920001,0
                99.687520809,17.771533974,0
                99.687523894,17.771584659,0
                99.687530059,17.7716055700001,0
                99.687541965,17.7716281780001,0
                99.687591846,17.771688786,0
                99.687832298,17.771872527,0
                99.6878323230001,17.7718725450001,0
                99.687891091,17.771917451,0
                99.6879125030001,17.771940525,0
                99.6879263070001,17.7719681840001,0
                99.6879363260001,17.7720187410001,0
                99.687936424,17.7720442240001,0
                99.687916767,17.7721290920001,0
                99.687899261,17.772162947,0
                99.687866279,17.772192143,0
                99.6878577190001,17.772194911,0
                99.6877929710001,17.7722069610001,0
                99.6876769720001,17.7721902820001,0
                99.6876725690001,17.7721896460001,0
                99.6875335080001,17.77213397,0
                99.6871636560001,17.7719309560001,0
                99.6871167260001,17.7719253230001,0
                99.6870765880001,17.771935077,0
                99.6870349750001,17.7719538710001,0
                99.6870038690001,17.7720009400001,0
                99.6869970340001,17.772036584,0
                99.6870058120001,17.7720912550001,0
                99.6870404730001,17.7721950920001,0
                99.6871010240001,17.772350809,0
                99.6871126360001,17.772402738,0
                99.6871014010001,17.772449287,0
                99.6870729600001,17.772482214,0
                99.687047459,17.772498624,0
                99.6870338580001,17.7725034420001,0
                99.6870275210001,17.7725052280001,0
                99.6869445900001,17.772512744,0
                99.686821992,17.772505079,0
                99.6865733320001,17.7724540130001,0
                99.686424549,17.7724078790001,0
                99.6863252320001,17.7723718280001,0
                99.6862956320001,17.7723644170001,0
                99.6862416420001,17.7723615740001,0
                99.6861807480001,17.772369074,0
                99.6861460470001,17.772384867,0
                99.6861118670001,17.772404678,0
                99.68610871,17.7724065080001,0
                99.686096186,17.772413769,0
                99.6860678410001,17.772434209,0
                99.6859485020001,17.772571941,0
                99.6858715120001,17.772635633,0
                99.685853556,17.772651825,0
                99.685833684,17.7726681230001,0
                99.6858247690001,17.7726754390001,0
                99.685591049,17.77286918,0
                99.6853876010001,17.7730443130001,0
                99.6850122700001,17.7733021920001,0
                99.68537137,17.7735677740001,0
                99.6855931950001,17.7737996170001,0
                99.685654421,17.773881741,0
                99.685663558,17.7738939980001,0
                99.6857601410001,17.774082482,0
                99.685763761,17.774089546,0
                99.6859616990001,17.7744758220001,0
                99.6860167660001,17.774614968,0
                99.6864369050001,17.7754682950001,0
                99.686524487,17.775686643,0
                99.686596179,17.775975568,0
                99.6865964290001,17.7759809070001,0
                99.6865995030001,17.776046665,0
                99.6865912700001,17.7764290920001,0
                99.6865108480001,17.776831412,0
                99.6864662470001,17.776979661,0
                99.686335124,17.777274602,0
                99.68535625,17.778657896,0
                99.6852652330001,17.7787921400001,0
                99.6848166070001,17.7794510430001,0
                99.6843587130001,17.780145992,0
                99.68394764,17.7807957540001,0
                99.6836207380001,17.7813371710001,0
                99.683172271,17.7820410890001,0
                99.6828419190001,17.782524924,0
                99.6825790070001,17.782903339,0
                99.6821836570001,17.783472368,0
                99.6816365510001,17.7842726100001,0
                99.6811300940001,17.785126962,0
                99.6807421500001,17.785663447,0
                99.6795578970001,17.7869494930001,0
                99.678812695,17.7875168460001,0
                99.678062577,17.787909115,0
                99.677285575,17.788208293,0
                99.67615571,17.788533543,0
                99.6758176920001,17.7886767250001,0
                99.6754929800001,17.788849822,0
                99.6752208290001,17.789035911,0
                99.6750109260001,17.7892030350001,0
                99.6747173740001,17.7895217120001,0
                99.6738018350001,17.7906091670001,0
                99.6735556120001,17.790974272,0
                99.673373434,17.7913517970001,0
                99.6730642470001,17.7919924930001,0
                99.672311295,17.7934647980001,0
                99.6722737970001,17.7935242770001,0
                99.6719043940001,17.7939617760001,0
                99.6715799740001,17.7946998740001,0
                99.6715396550001,17.794794648,0
                99.6714572540001,17.7949883150001,0
                99.671406925,17.7951992700001,0
                99.6713357500001,17.7954975980001,0
                99.671257009,17.7958276410001,0
                99.6712437560001,17.7959519630001,0
                99.6711801220001,17.796548945,0
                99.6710212200001,17.7977433670001,0
                99.6706950220001,17.799251892,0
                99.6705299750001,17.7992205790001,0
                99.6705023680001,17.7992129960001,0
                99.6679502060001,17.7985122850001,0
                99.6670670490001,17.798390022,0
                99.666568581,17.798321018,0
                99.664983346,17.798391737,0
                99.663676325,17.7985778680001,0
                99.6630407640001,17.7986433040001,0
                99.6620522110001,17.798711976,0
                99.6615933630001,17.7986703070001,0
                99.660977185,17.7985754530001,0
                99.660783564,17.798508745,0
                99.660738516,17.7984981180001,0
                99.659575363,17.7980806350001,0
                99.65646036,17.796736051,0
                99.6561717070001,17.7966152760001,0
                99.655653009,17.7963982470001,0
                99.6550211360001,17.796133863,0
                99.6546925700001,17.796013718,0
                99.654356813,17.795942127,0
                99.653834734,17.795863341,0
                99.65374151,17.7958563130001,0
                99.652621169,17.795816696,0
                99.6516934210001,17.7958414660001,0
                99.650732271,17.7960180970001,0
                99.650088828,17.7962420320001,0
                99.64946711,17.7966076380001,0
                99.6490949180001,17.7969293730001,0
                99.6485985510001,17.797358447,0
                99.648065419,17.79791477,0
                99.6476266670001,17.798372607,0
                99.6474294440001,17.798578406,0
                99.6468696200001,17.799162568,0
                99.6467159950001,17.799326638,0
                99.646254335,17.799956858,0
                99.645928101,17.80048907,0
                99.6455569940001,17.80112983,0
                99.6452876110001,17.8017377350001,0
                99.644961175,17.8022157520001,0
                99.6449135410001,17.8022826120001,0
                99.644810308,17.8023490320001,0
                99.6447014660001,17.802368362,0
                99.6445883490001,17.8023795720001,0
                99.6444653880001,17.802345111,0
                99.644178083,17.802235582,0
                99.6434622740001,17.8018361330001,0
                99.6433120770001,17.801752317,0
                99.6430477630001,17.8016048170001,0
                99.6430466570001,17.8016041970001,0
                99.6428087620001,17.8015291020001,0
                99.642571294,17.8015732430001,0
                99.6424687800001,17.801643067,0
                99.642346579,17.801764017,0
                99.6421658040001,17.802094873,0
                99.6418738500001,17.802724525,0
                99.641408018,17.8040823040001,0
                99.6411104860001,17.8045785050001,0
                99.641018155,17.80466934,0
                99.6409756990001,17.80471111,0
                99.640822487,17.804828591,0
                99.6406504180001,17.804960528,0
                99.6405700480001,17.805011242,0
                99.6401696670001,17.8052046550001,0
                99.6399246220001,17.805254056,0
                99.6397419840001,17.8052723770001,0
                99.6381145890001,17.8052082470001,0
                99.6379470950001,17.805198584,0
                99.637889961,17.8051952860001,0
                99.6369674370001,17.80514207,0
                99.636467806,17.8052028070001,0
                99.635987905,17.8053994430001,0
                99.6357284520001,17.805627918,0
                99.635458064,17.805964825,0
                99.6352217390001,17.806334136,0
                99.6350985720001,17.806703085,0
                99.635087103,17.806891056,0
                99.635103686,17.80746699,0
                99.6351875770001,17.8081533810001,0
                99.635194428,17.808209473,0
                99.6351965470001,17.8082629690001,0
                99.6352029670001,17.8084253220001,0
                99.6352030910001,17.808428453,0
                99.635164935,17.8085873630001,0
                99.6350492810001,17.8087627620001,0
                99.6348801970001,17.808947581,0
                99.6341998460001,17.80941606,0
                99.6337316190001,17.809766833,0
                99.633114262,17.810229329,0
                99.6326651350001,17.8105657890001,0
                99.6320981110001,17.8110228850001,0
                99.6319457490001,17.811137193,0
                99.6318731370001,17.8112256650001,0
                99.6317851810001,17.811332828,0
                99.6315997280001,17.8116911290001,0
                99.631489769,17.81179717,0
                99.6313458600001,17.811903321,0
                99.6307024760001,17.8123687890001,0
                99.6306629090001,17.8124069410001,0
                99.6305367130001,17.81257835,0
                99.6304787390001,17.8126791070001,0
                99.6303948840001,17.81291042,0
                99.6303906370001,17.812927534,0
                99.630373676,17.8129958330001,0
                99.630350262,17.81311578,0
                99.6302151980001,17.8138076590001,0
                99.6301432980001,17.813966383,0
                99.6300783350001,17.8140572610001,0
                99.6300634520001,17.8140780840001,0
                99.6300539730001,17.8140885940001,0
                99.6299212920001,17.8142357460001,0
                99.6298943680001,17.8142656100001,0
                99.6296511670001,17.8144122950001,0
                99.6296233480001,17.814429078,0
                99.629385546,17.814513173,0
                99.6290859440001,17.814576963,0
                99.6286346430001,17.8146202630001,0
                99.6283495160001,17.8146280080001,0
                99.6277762770001,17.8146435780001,0
                99.6273967070001,17.8145963380001,0
                99.627090502,17.814485728,0
                99.626856811,17.8142911850001,0
                99.6265702520001,17.8138157770001,0
                99.6260511880001,17.8129546230001,0
                99.625748038,17.8125271480001,0
                99.6256634260001,17.812407836,0
                99.6255681050001,17.812330628,0
                99.6255190780001,17.8123092920001,0
                99.6252767380001,17.812203835,0
                99.6250291250001,17.8121906750001,0
                99.624898112,17.812205045,0
                99.6245343360001,17.8122899030001,0
                99.623979783,17.812563642,0
                99.6238801370001,17.812612831,0
                99.6234605160001,17.812878885,0
                99.6233027060001,17.8129507370001,0
                99.6229932200001,17.813020189,0
                99.622795323,17.8130326690001,0
                99.622390206,17.8130507880001,0
                99.6218913540001,17.8129973370001,0
                99.6216324230001,17.8129981600001,0
                99.6213816900001,17.8130299590001,0
                99.6209291740001,17.813209665,0
                99.620643204,17.813371234,0
                99.6205496840001,17.8134433860001,0
                99.6203641800001,17.8136222570001,0
                99.6201710220001,17.8139251540001,0
                99.6198153890001,17.8146856380001,0
                99.619793498,17.814732443,0
                99.6196164450001,17.8150120330001,0
                99.6194550120001,17.81512881,0
                99.619260995,17.8151836820001,0
                99.6190587570001,17.8151998230001,0
                99.6186623420001,17.815224329,0
                99.6181367250001,17.815326751,0
                99.6178747480001,17.8154003880001,0
                99.6175789280001,17.815483532,0
                99.617134573,17.8156864590001,0
                99.616859961,17.815834593,0
                99.616496682,17.816083765,0
                99.616085307,17.816464855,0
                99.6157062950001,17.816845846,0
                99.615311471,17.8173353930001,0
                99.614997111,17.817692924,0
                99.614936754,17.817745297,0
                99.614853386,17.817801746,0
                99.6147871730001,17.8178253500001,0
                99.614618878,17.8178662130001,0
                99.6145463970001,17.817875121,0
                99.614450133,17.817886953,0
                99.613754686,17.8179724400001,0
                99.6137016220001,17.817969932,0
                99.6133182180001,17.8179518110001,0
                99.6131514150001,17.817914323,0
                99.6131450620001,17.817911474,0
                99.613021336,17.817855982,0
                99.6128622140001,17.817767267,0
                99.6128584300001,17.81776323,0
                99.6126572840001,17.8175488640001,0
                99.6124100520001,17.817160089,0
                99.6122718810001,17.816795837,0
                99.612170522,17.816528631,0
                99.6120859920001,17.816388191,0
                99.61193932,17.8162601290001,0
                99.6119293580001,17.8162526130001,0
                99.6118773210001,17.816235539,0
                99.6117604290001,17.816197194,0
                99.6117425560001,17.816194104,0
                99.611425195,17.816139299,0
                99.6110334560001,17.816163499,0
                99.6107914550001,17.8161844200001,0
                99.6106657290001,17.8161952880001,0
                99.6099903640001,17.816299558,0
                99.6094964370001,17.81628097,0
                99.609054976,17.8162420840001,0
                99.608613452,17.816183074,0
                99.60821565,17.816198967,0
                99.6081357940001,17.8162179620001,0
                99.6079685920001,17.816257735,0
                99.6078783250001,17.816306136,0
                99.6076477380001,17.8164779590001,0
                99.6076296130001,17.816500331,0
                99.607386137,17.816800851,0
                99.607284168,17.817034286,0
                99.60698991,17.8177079270001,0
                99.6068767020001,17.8181477300001,0
                99.6068423150001,17.81825322,0
                99.6067710870001,17.8187262440001,0
                99.606758804,17.8188246880001,0
                99.6067134130001,17.8191041740001,0
                99.6066947140001,17.8191666870001,0
                99.606600605,17.8193028530001,0
                99.6065237910001,17.8193557700001,0
                99.6064767700001,17.8193881620001,0
                99.6064056430001,17.8194310490001,0
                99.6063412570001,17.819452498,0
                99.6061504140001,17.819490192,0
                99.6061461410001,17.8194905760001,0
                99.6059901130001,17.8194960440001,0
                99.6045423930001,17.8195575190001,0
                99.6043076220001,17.819611201,0
                99.6041734400001,17.819673258,0
                99.6041253380001,17.819695505,0
                99.6040652560001,17.819748163,0
                99.6039524670001,17.819847012,0
                99.6037955250001,17.8199917360001,0
                99.6036692150001,17.820079704,0
                99.6034945910001,17.8202013310001,0
                99.60308746,17.8204120610001,0
                99.603008485,17.820448883,0
                99.6025350800001,17.8206030470001,0
                99.6022211430001,17.820675603,0
                99.6020717710001,17.820698271,0
                99.601783846,17.8207065280001,0
                99.601688648,17.820709257,0
                99.6016475370001,17.8207018370001,0
                99.601436381,17.8206637210001,0
                99.6010219520001,17.820530956,0
                99.600797405,17.820426227,0
                99.6006582910001,17.8203856970001,0
                99.6006311680001,17.8203845420001,0
                99.6005092460001,17.820398547,0
                99.600405977,17.820448399,0
                99.6003679350001,17.820476548,0
                99.6002551940001,17.820598827,0
                99.5999413170001,17.8211113510001,0
                99.5998239780001,17.8213714570001,0
                99.599785582,17.8214293300001,0
                99.5996191390001,17.821561892,0
                99.5994574530001,17.82160889,0
                99.5991824760001,17.82165624,0
                99.5987257180001,17.8216516480001,0
                99.598614248,17.8216309210001,0
                99.598465457,17.8215802730001,0
                99.5983636920001,17.8215085530001,0
                99.5982156860001,17.821356651,0
                99.597885519,17.82068063,0
                99.597845555,17.8205613100001,0
                99.5977567570001,17.820389124,0
                99.5976482990001,17.820227022,0
                99.5975102680001,17.820087927,0
                99.5973238650001,17.820003238,0
                99.597186202,17.819972652,0
                99.5970081230001,17.819957695,0
                99.596781547,17.819958387,0
                99.5964257080001,17.820021481,0
                99.5959244690001,17.820162527,0
                99.5957035360001,17.8201888610001,0
                99.595580834,17.82017696,0
                99.5954550810001,17.8201484570001,0
                99.5951226880001,17.819963445,0
                99.5948957000001,17.819840125,0
                99.594701366,17.8198019590001,0
                99.594507207,17.819818051,0
                99.5941756940001,17.819896568,0
                99.593812019,17.8200371900001,0
                99.5934321560001,17.8201778600001,0
                99.592963178,17.820287794,0
                99.5927285060001,17.820316043,0
                99.5925947580001,17.820332143,0
                99.5924942770001,17.820333943,0
                99.5923693880001,17.8203312530001,0
                99.5919231970001,17.8202409730001,0
                99.5916174170001,17.8201386440001,0
                99.5911914070001,17.8198983180001,0
                99.5908652410001,17.81962206,0
                99.5905150830001,17.819325479,0
                99.5904674160001,17.819256732,0
                99.5903527680001,17.8191385220001,0
                99.5902005350001,17.819022621,0
                99.5900051020001,17.8189325870001,0
                99.5897781950001,17.818832512,0
                99.5895190000001,17.8187557850001,0
                99.5892113520001,17.8187102050001,0
                99.588877665,17.8186544180001,0
                99.588648542,17.8185916080001,0
                99.58836089,17.818484063,0
                99.5877935190001,17.818201769,0
                99.58756314,17.8180965810001,0
                99.5874227770001,17.818032498,0
                99.5871817020001,17.817922432,0
                99.5869163850001,17.817831407,0
                99.5869075000001,17.8178283610001,0
                99.5865689030001,17.817782418,0
                99.5862354810001,17.817765787,0
                99.586047664,17.817756418,0
                99.585777019,17.817742918,0
                99.5854507660001,17.8177014240001,0
                99.5851456020001,17.817625231,0
                99.585062597,17.817593978,0
                99.5849207270001,17.817540563,0
                99.5848125810001,17.8174861360001,0
                99.5845454130001,17.81729147,0
                99.583969321,17.816718452,0
                99.5836204400001,17.816432709,0
                99.5833691390001,17.8162939420001,0
                99.583012592,17.816139988,0
                99.5829125340001,17.816107147,0
                99.5824846850001,17.816040796,0
                99.5822516300001,17.8160414910001,0
                99.5821940070001,17.8160453450001,0
                99.5817662210001,17.8160739420001,0
                99.5813778630001,17.8160905980001,0
                99.5811189,17.8160836180001,0
                99.5808111840001,17.8160147740001,0
                99.580744999,17.8159859560001,0
                99.5804222240001,17.8158454100001,0
                99.5802035720001,17.815734836,0
                99.5799115730001,17.815632457,0
                99.579749823,17.8156071270001,0
                99.5795498530001,17.8156183630001,0
                99.5792876030001,17.815658195,0
                99.5779939490001,17.8158546880001,0
                99.577063728,17.8159663800001,0
                99.5763463330001,17.815961031,0
                99.5757917750001,17.81585649,0
                99.5754577500001,17.8157601890001,0
                99.575168224,17.8156487970001,0
                99.5745085410001,17.815492885,0
                99.574072942,17.8154716130001,0
                99.573951369,17.81547197,0
                99.5733690000001,17.815585652,0
                99.5730849010001,17.815700017,0
                99.5725324890001,17.8159380320001,0
                99.572320828,17.81602923,0
                99.5718801520001,17.8161605240001,0
                99.5718212510001,17.816165993,0
                99.571450208,17.816167078,0
                99.5713289460001,17.8161342760001,0
                99.5712027980001,17.816100152,0
                99.570985416,17.8159586130001,0
                99.5709564640001,17.815913306,0
                99.570688997,17.815420633,0
                99.570449663,17.814801258,0
                99.5701780320001,17.814202644,0
                99.5699289200001,17.813704651,0
                99.569759763,17.813443675,0
                99.569451525,17.8130576240001,0
                99.569036597,17.8126243630001,0
                99.5688759380001,17.81249666,0
                99.5686125500001,17.812287301,0
                99.568249527,17.8121037820001,0
                99.5670571970001,17.811692383,0
                99.5660720000001,17.8113024940001,0
                99.56580776,17.811253611,0
                99.5655331090001,17.811212751,0
                99.565239895,17.811169125,0
                99.564807375,17.8111872860001,0
                99.563725118,17.811397589,0
                99.563074166,17.8115971990001,0
                99.5625582700001,17.8117553930001,0
                99.5615888250001,17.8120526610001,0
                99.5609203430001,17.8123116740001,0
                99.560846509,17.81233516,0
                99.560840962,17.8123369250001,0
                99.5605136770001,17.8123835260001,0
                99.560485332,17.8123836070001,0
                99.560296684,17.812356363,0
                99.5602390920001,17.8123412260001,0
                99.560043453,17.8122326610001,0
                99.5600046800001,17.812211382,0
                99.5599642350001,17.8121891870001,0
                99.559722418,17.812014235,0
                99.5593479340001,17.8116350990001,0
                99.559247213,17.8115587770001,0
                99.5591979220001,17.81152445,0
                99.5589837350001,17.8114252500001,0
                99.558778508,17.811354926,0
                99.5586072350001,17.811322176,0
                99.558303676,17.811310932,0
                99.5576321390001,17.8113360990001,0
                99.5568718580001,17.8114467820001,0
                99.5563301050001,17.811572336,0
                99.5557803470001,17.811728918,0
                99.5556691350001,17.811762324,0
                99.5554806810001,17.8117939790001,0
                99.5553171750001,17.811787732,0
                99.5550520730001,17.811723236,0
                99.5549166630001,17.811689514,0
                99.5545240610001,17.8116564490001,0
                99.5540795810001,17.8116523850001,0
                99.5537896270001,17.8116803130001,0
                99.553150696,17.811782882,0
                99.5526655770001,17.811908271,0
                99.5521806250001,17.812087911,0
                99.5519138350001,17.812166174,0
                99.551711616,17.812189996,0
                99.5514364240001,17.812167521,0
                99.5507644300001,17.8120453980001,0
                99.5502140520001,17.812000444,0
                99.5498513790001,17.8120316800001,0
                99.5498305560001,17.8120352500001,0
                99.5492111450001,17.812141507,0
                99.5490120370001,17.8121488410001,0
                99.548545576,17.812119076,0
                99.5476149730001,17.8119333720001,0
                99.5466122050001,17.8115923400001,0
                99.5458551770001,17.8112741310001,0
                99.545486639,17.811073548,0
                99.5452564820001,17.810973329,0
                99.545065519,17.8109376580001,0
                99.5450644570001,17.8109374800001,0
                99.544958347,17.810940599,0
                99.5447157660001,17.8109477300001,0
                99.544567633,17.8109520830001,0
                99.5443343360001,17.8109300460001,0
                99.544261916,17.810914557,0
                99.544053708,17.8108534850001,0
                99.5438861750001,17.810794577,0
                99.5438389780001,17.810773292,0
                99.5436422720001,17.810660663,0
                99.5435399390001,17.81057759,0
                99.5434284150001,17.8104382240001,0
                99.5432840920001,17.810211601,0
                99.5432598180001,17.810177187,0
                99.5431772520001,17.810098555,0
                99.5430280680001,17.810008404,0
                99.5428605000001,17.8099437380001,0
                99.54239068,17.8098165640001,0
                99.5420554870001,17.8096711060001,0
                99.542023429,17.8096571940001,0
                99.5419479390001,17.809594889,0
                99.5418943380001,17.8095289660001,0
                99.5418526240001,17.809437485,0
                99.5418114180001,17.809271875,0
                99.5418105360001,17.80897974,0
                99.541835764,17.808459875,0
                99.5418141440001,17.808315243,0
                99.5417635220001,17.80815133,0
                99.5411907600001,17.8072229740001,0
                99.5411874440001,17.8072175990001,0
                99.5408860410001,17.806561678,0
                99.540504991,17.8057324380001,0
                99.5403716690001,17.805485735,0
                99.540264144,17.805315729,0
                99.540058818,17.8050370600001,0
                99.5399312530001,17.804911448,0
                99.539835026,17.804836472,0
                99.5396081870001,17.8047440880001,0
                99.539300579,17.8046984280001,0
                99.5386027660001,17.8045889970001,0
                99.538241944,17.804490215,0
                99.537967124,17.8043988100001,0
                99.5373777440001,17.804130458,0
                99.5369421790001,17.803872778,0
                99.5368824610001,17.803834583,0
                99.536803853,17.8037909450001,0
                99.5365949710001,17.8036749880001,0
                99.536020099,17.803331836,0
                99.536011354,17.8033277970001,0
                99.5357682220001,17.8031966950001,0
                99.5352281280001,17.80287422,0
                99.5348765790001,17.802664318,0
                99.534806201,17.802623381,0
                99.5339218380001,17.802031954,0
                99.533633991,17.801839451,0
                99.5331589,17.8016027080001,0
                99.5329610510001,17.801552261,0
                99.5327670400001,17.8015027880001,0
                99.5314996390001,17.8014838570001,0
                99.5314327820001,17.801482858,0
                99.5309647290001,17.8014519880001,0
                99.5308289100001,17.801430683,0
                99.5308253040001,17.801430118,0
                99.530585483,17.801376475,0
                99.53037937,17.80127845,0
                99.5298849750001,17.80087732,0
                99.5297672060001,17.800761059,0
                99.5297313670001,17.800728098,0
                99.5295597400001,17.800570253,0
                99.529116672,17.8001752760001,0
                99.529040519,17.8001205680001,0
                99.528733742,17.7999658360001,0
                99.5284725910001,17.799834118,0
                99.52815904,17.799785838,0
                99.527859859,17.79973977,0
                99.526690451,17.7996789150001,0
                99.525334092,17.7997210070001,0
                99.524953258,17.7996622530001,0
                99.5246522,17.7995243820001,0
                99.524538308,17.799429456,0
                99.5242949930001,17.7992266580001,0
                99.5242052520001,17.799146514,0
                99.5238750130001,17.7988515920001,0
                99.5238394510001,17.798819834,0
                99.5235913510001,17.798696675,0
                99.5219210770001,17.7982108750001,0
                99.5203625030001,17.7978739710001,0
                99.52029909,17.7978662400001,0
                99.5192737280001,17.797552389,0
                99.5190261340001,17.7974298870001,0
                99.5188587280001,17.797249145,0
                99.5187931130001,17.7970391370001,0
                99.5187825900001,17.7969796730001,0
                99.5187579830001,17.7968634710001,0
                99.5186864220001,17.7967408820001,0
                99.51865838,17.7967161980001,0
                99.518612438,17.7966757570001,0
                99.5184852200001,17.7965637720001,0
                99.5170173050001,17.7952716390001,0
                99.5164396540001,17.794591312,0
                99.5163518830001,17.7944020460001,0
                99.516325147,17.7943258990001,0
                99.5163135830001,17.7942542110001,0
                99.5162988500001,17.7941628730001,0
                99.5163345760001,17.7938559340001,0
                99.516385928,17.7936568330001,0
                99.5163938790001,17.793626004,0
                99.516587728,17.7932878720001,0
                99.5171864860001,17.792243442,0
                99.5172322910001,17.7921635440001,0
                99.5173083600001,17.7920308560001,0
                99.517372848,17.7919098450001,0
                99.517397196,17.7918073010001,0
                99.5174006460001,17.791771576,0
                99.5174075350001,17.791700195,0
                99.5173875040001,17.7915592420001,0
                99.5173829510001,17.791537643,0
                99.5172790490001,17.7913851120001,0
                99.517116683,17.791146752,0
                99.5167775420001,17.7908236430001,0
                99.516581203,17.7906365810001,0
                99.5164943720001,17.790563403,0
                99.5164085100001,17.7904910410001,0
                99.516236022,17.790287135,0
                99.516147065,17.7901178560001,0
                99.5160967800001,17.789995413,0
                99.515946608,17.7896297300001,0
                99.51579194,17.789403352,0
                99.51565393,17.789285469,0
                99.5155417130001,17.7892261280001,0
                99.5154978720001,17.789179297,0
                99.5152786770001,17.7890619400001,0
                99.5152558340001,17.7890497070001,0
                99.5151492840001,17.789019081,0
                99.5149444240001,17.7889601960001,0
                99.5148030000001,17.788944633,0
                99.5146410090001,17.7888830540001,0
                99.514527425,17.7887748360001,0
                99.514452647,17.7886274740001,0
                99.514420138,17.7884924520001,0
                99.5144089630001,17.788260877,0
                99.5144161040001,17.7881649330001,0
                99.514471525,17.7879112110001,0
                99.514484333,17.78785258,0
                99.514596468,17.7874569850001,0
                99.514732989,17.787100078,0
                99.5148134730001,17.786952597,0
                99.5149021140001,17.786828347,0
                99.515224849,17.786517458,0
                99.5153861270001,17.7863310110001,0
                99.5154008310001,17.7862994770001,0
                99.515458498,17.7861758,0
                99.5154810970001,17.7861129950001,0
                99.515515608,17.7859087740001,0
                99.5155059310001,17.7857881210001,0
                99.515494382,17.785729997,0
                99.515458547,17.7856310820001,0
                99.5152625750001,17.7850901410001,0
                99.5150942000001,17.78462538,0
                99.5149642170001,17.7843212490001,0
                99.5149157750001,17.784080735,0
                99.514908764,17.783935382,0
                99.5149995730001,17.7836631340001,0
                99.5150101440001,17.783631443,0
                99.5150953790001,17.7834951610001,0
                99.515280062,17.7831998790001,0
                99.5152824850001,17.7831962070001,0
                99.515336254,17.7830454790001,0
                99.515336043,17.782971978,0
                99.515324922,17.782931456,0
                99.515255574,17.7828045480001,0
                99.515127766,17.782674652,0
                99.5140519720001,17.781797636,0
                99.513815751,17.7816050610001,0
                99.5136847470001,17.7815230730001,0
                99.5136206980001,17.781501919,0
                99.513487141,17.781479018,0
                99.5132504800001,17.781473826,0
                99.5128925660001,17.781503828,0
                99.5124983600001,17.781574619,0
                99.5122194410001,17.7816451080001,0
                99.511983028,17.781727114,0
                99.511789121,17.7818206320001,0
                99.511522669,17.7820073550001,0
                99.5111534760001,17.782339672,0
                99.5109838920001,17.782450566,0
                99.5108444950001,17.782509066,0
                99.5107110700001,17.7825326650001,0
                99.5105836120001,17.78252137,0
                99.5104034870001,17.7824701120001,0
                99.509946712,17.7822510730001,0
                99.5098914750001,17.782228128,0
                99.5095818,17.78206483,0
                99.509284203,17.781888828,0
                99.50914801,17.781797812,0
                99.5088054030001,17.7815167850001,0
                99.5078140740001,17.7807036200001,0
                99.5074565130001,17.780425839,0
                99.5072622010001,17.780304385,0
                99.507052291,17.7801731870001,0
                99.5070108290001,17.780147277,0
                99.506412406,17.7799357050001,0
                99.505855431,17.779630792,0
                99.5053862600001,17.7791908090001,0
                99.504977237,17.7788072330001,0
                99.504154692,17.777996844,0
                99.503257149,17.7775100440001,0
                99.5031017210001,17.777386624,0
                99.502148709,17.7767299600001,0
                99.5018963900001,17.77651073,0
                99.5018111670001,17.7764261300001,0
                99.500849466,17.775559475,0
                99.4999302360001,17.775006525,0
                99.499223848,17.7746812710001,0
                99.4989072110001,17.774535476,0
                99.4988201040001,17.774478308,0
                99.498593768,17.77430651,0
                99.498517355,17.7742102130001,0
                99.498354449,17.7739941990001,0
                99.4982107230001,17.773750912,0
                99.4978019160001,17.772727951,0
                99.4978002240001,17.7727237180001,0
                99.497431841,17.7719891410001,0
                99.497227652,17.771532704,0
                99.4970476810001,17.771258443,0
                99.4969035080001,17.7709669120001,0
                99.4967593380001,17.7706753860001,0
                99.4966509120001,17.770349432,0
                99.496615203,17.770205731,0
                99.4965784230001,17.770057724,0
                99.4964696660001,17.7696115750001,0
                99.4963973200001,17.7693713780001,0
                99.49633485,17.7692038930001,0
                99.4962978300001,17.7690867790001,0
                99.4962732180001,17.769034101,0
                99.4961935140001,17.768963978,0
                99.4961199540001,17.768905563,0
                99.4960158250001,17.7688530820001,0
                99.4958750700001,17.768824135,0
                99.495719437,17.768803238,0
                99.4956609120001,17.768795378,0
                99.495495755,17.768789935,0
                99.4952693990001,17.768772927,0
                99.4950797720001,17.7687675440001,0
                99.4949145780001,17.7687503820001,0
                99.494724907,17.7687274190001,0
                99.49447402,17.7686870310001,0
                99.4942170480001,17.7686583770001,0
                99.494009007,17.7686295980001,0
                99.4936752300001,17.7685665160001,0
                99.4936706140001,17.7685652970001,0
                99.493559126,17.7685358530001,0
                99.4933957170001,17.7684568060001,0
                99.493395681,17.7684567900001,0
                99.4929121980001,17.768222903,0
                99.492661549,17.76802135,0
                99.4926138050001,17.767982956,0
                99.492552167,17.767909397,0
                99.4924447380001,17.7676963970001,0
                99.49243585,17.7676646670001,0
                99.4923178050001,17.767243336,0
                99.4921404180001,17.766610186,0
                99.4921370160001,17.766598043,0
                99.4920810870001,17.766398398,0
                99.491963889,17.766145002,0
                99.491751487,17.7659324320001,0
                99.491528713,17.7658010690001,0
                99.4907127000001,17.7656204570001,0
                99.490385942,17.7655412390001,0
                99.4903461860001,17.765531599,0
                99.4902137780001,17.7654729130001,0
                99.4900703430001,17.765349873,0
                99.490044659,17.765327842,0
                99.489625688,17.764734945,0
                99.4893615860001,17.764361201,0
                99.4893381470001,17.764328032,0
                99.4892337300001,17.764247266,0
                99.489098831,17.7641429230001,0
                99.4890318490001,17.764115368,0
                99.488872755,17.7640499190001,0
                99.4880603060001,17.763922258,0
                99.4878332100001,17.7638684610001,0
                99.487733479,17.763829663,0
                99.4875103840001,17.763692587,0
                99.4870422980001,17.763187725,0
                99.4867110110001,17.762812981,0
                99.4866439180001,17.762642901,0
                99.486639869,17.7624172000001,0
                99.486752611,17.761970268,0
                99.4871310840001,17.7609465210001,0
                99.4873891170001,17.76022878,0
                99.487562159,17.7594832670001,0
                99.4875834210001,17.759045895,0
                99.4875308750001,17.758412859,0
                99.4874675030001,17.7581775840001,0
                99.4872782910001,17.757736171,0
                99.4872569680001,17.75769983,0
                99.4871472030001,17.7575127640001,0
                99.4867408860001,17.757004512,0
                99.4867391750001,17.757002374,0
                99.4865722360001,17.75685329,0
                99.4858895880001,17.75624364,0
                99.485368699,17.7558640120001,0
                99.485184792,17.755706236,0
                99.4849273660001,17.755501764,0
                99.484759092,17.7553413520001,0
                99.4845490960001,17.7550983040001,0
                99.4843540940001,17.754755459,0
                99.4842975230001,17.7545876790001,0
                99.4842422520001,17.754274891,0
                99.484169562,17.753897329,0
                99.4841325660001,17.753468164,0
                99.4841313200001,17.7530045710001,0
                99.484130027,17.7525238110001,0
                99.484056368,17.7517856750001,0
                99.4839836770001,17.751408113,0
                99.4839613450001,17.751213142,0
                99.4838387070001,17.750677726,0
                99.4836939300001,17.7502755940001,0
                99.4834412700001,17.749606584,0
                99.483134625,17.748851852,0
                99.482990219,17.7484572920001,0
                99.482809924,17.7480456530001,0
                99.482766192,17.7479416620001,0
                99.4821913210001,17.7461946670001,0
                99.4818827870001,17.745257043,0
                99.4818394210001,17.7451744690001,0
                99.481793252,17.7450603070001,0
                99.4817242170001,17.7449725720001,0
                99.4816702510001,17.7449382900001,0
                99.4816552940001,17.744928787,0
                99.481494571,17.7448588570001,0
                99.4813889970001,17.7448283520001,0
                99.4813278020001,17.7448138500001,0
                99.4808427880001,17.7448499920001,0
                99.4807807770001,17.7448546140001,0
                99.4804719810001,17.7448455050001,0
                99.4801343350001,17.744791928,0
                99.4800449000001,17.7447613200001,0
                99.4799300910001,17.744708857,0
                99.4798152560001,17.744647607,0
                99.479682815,17.744567777,0
                99.479162181,17.744191302,0
                99.478856846,17.7439173280001,0
                99.478515487,17.743574757,0
                99.4781919600001,17.743197799,0
                99.477796804,17.7428381890001,0
                99.4773659530001,17.7425301760001,0
                99.476917363,17.7422908840001,0
                99.476584099,17.7421596830001,0
                99.4755723820001,17.741864891,0
                99.4748697050001,17.7416242950001,0
                99.4745100980001,17.741468363,0
                99.474336872,17.74135654,0
                99.47432574,17.741347353,0
                99.4742449000001,17.741280632,0
                99.474141123,17.741194982,0
                99.474082034,17.7411142560001,0
                99.473993297,17.7409930330001,0
                99.4735502790001,17.7401427720001,0
                99.4729221110001,17.739461396,0
                99.4715846330001,17.7383322050001,0
                99.4710508210001,17.737868061,0
                99.4708598920001,17.7379244690001,0
                99.470573324,17.7379404170001,0
                99.4702708140001,17.737951315,0
                99.4700266780001,17.737956985,0
                99.4696658140001,17.737978194,0
                99.4694323430001,17.738004183,0
                99.4691617990001,17.738060779,0
                99.468848742,17.7380971310001,0
                99.4686046720001,17.7381282280001,0
                99.4682968290001,17.7381289630001,0
                99.4679996040001,17.7381296720001,0
                99.4676545570001,17.738110152,0
                99.4673571420001,17.7380396510001,0
                99.467334678,17.738034882,0
                99.467049128,17.737974266,0
                99.4666720390001,17.7378785220001,0
                99.466369322,17.7378080350001,0
                99.466071909,17.7377375360001,0
                99.465816976,17.7376720190001,0
                99.465588589,17.7376115280001,0
                99.465407934,17.737535662,0
                99.4651582000001,17.7374294430001,0
                99.4648553540001,17.7373080900001,0
                99.4645417720001,17.7371409900001,0
                99.464291947,17.7369991630001,0
                99.4641696630001,17.736918072,0
                99.4640525950001,17.736801368,0
                99.463962102,17.736699855,0
                99.4638289150001,17.7365068930001,0
                99.4637275750001,17.7363138590001,0
                99.4636210040001,17.7361513480001,0
                99.4635196130001,17.7359379690001,0
                99.4634127940001,17.73567882,0
                99.46332191,17.7354247230001,0
                99.463225681,17.7351553820001,0
                99.4630704720001,17.73465221,0
                99.462982233,17.734454101,0
                99.4628622740001,17.734184767,0
                99.4627234930001,17.733879917,0
                99.4625634600001,17.7335649500001,0
                99.4624728310001,17.733407492,0
                99.4623664600001,17.733321276,0
                99.462270742,17.7332502940001,0
                99.4621007060001,17.7331743990001,0
                99.461813765,17.733042831,0
                99.461643795,17.732992369,0
                99.4615426820001,17.7329612830001,0
                99.461463199,17.732936845,0
                99.461128644,17.7328664250001,0
                99.4607835150001,17.7328112860001,0
                99.4604808590001,17.732761135,0
                99.4602312640001,17.732705771,0
                99.4600719370001,17.732665453,0
                99.4599550300001,17.7326097770001,0
                99.4597955080001,17.7324931700001,0
                99.4597050460001,17.732401829,0
                99.4596091610001,17.7322647240001,0
                99.4595238530001,17.732112338,0
                99.459475646,17.73193952,0
                99.459459257,17.7317564530001,0
                99.4594585310001,17.7314716230001,0
                99.4594474890001,17.731303806,0
                99.4594551490001,17.7311914740001,0
                99.459467955,17.7310036710001,0
                99.459478,17.73077985,0
                99.4595196260001,17.730454234,0
                99.4595401970001,17.730194786,0
                99.4595342640001,17.729950662,0
                99.4595339790001,17.7298387650001,0
                99.4594964390001,17.729686267,0
                99.4594323760001,17.729538914,0
                99.4593629780001,17.7293814020001,0
                99.4592778270001,17.7292900480001,0
                99.4591396700001,17.7292242500001,0
                99.4590333780001,17.7291685540001,0
                99.4589112030001,17.7291281460001,0
                99.4587412550001,17.729082767,0
                99.458369502,17.728992083,0
                99.4579226370001,17.7288519200001,0
                99.4578383400001,17.7288254760001,0
                99.4575535650001,17.728718868,0
                99.457514282,17.7287041640001,0
                99.4571688140001,17.7285116890001,0
                99.456892522,17.7283902660001,0
                99.4566109510001,17.728279023,0
                99.456467434,17.728192888,0
                99.456302533,17.7280457690001,0
                99.4561748250001,17.7279138260001,0
                99.4560949300001,17.7278021130001,0
                99.4560575340001,17.727705563,0
                99.456036033,17.7275988000001,0
                99.4560196630001,17.7274208200001,0
                99.456013865,17.727227557,0
                99.4560183390001,17.726896938,0
                99.456012398,17.72664773,0
                99.4560066180001,17.7264595500001,0
                99.4559739090001,17.7262899830001,0
                99.4556289910001,17.725792518,0
                99.455403296,17.7253535450001,0
                99.4553690050001,17.7250779450001,0
                99.4555275920001,17.7246177280001,0
                99.4558775570001,17.724319779,0
                99.456576592,17.723827789,0
                99.457479505,17.7233025840001,0
                99.4579500550001,17.722901526,0
                99.4581687190001,17.7224298670001,0
                99.4581339270001,17.722188165,0
                99.4579087910001,17.721737897,0
                99.4574799160001,17.721136686,0
                99.4572664570001,17.7206411760001,0
                99.4570192,17.719833931,0
                99.45693694,17.7194759560001,0
                99.4569288180001,17.7188308500001,0
                99.456846581,17.718474013,0
                99.456764058,17.718242581,0
                99.4561861890001,17.7170169780001,0
                99.4561770240001,17.7169694300001,0
                99.4558926010001,17.715493886,0
                99.4552037750001,17.7146457220001,0
                99.4542148370001,17.713441177,0
                99.45416291,17.713362854,0
                99.453813139,17.712889723,0
                99.4535526980001,17.7124785410001,0
                99.45341432,17.7122535500001,0
                99.4532518190001,17.712106303,0
                99.4530325530001,17.711951417,0
                99.452813388,17.7118353820001,0
                99.4526266460001,17.711719268,0
                99.4522778150001,17.7116190680001,0
                99.4518963820001,17.711449019,0
                99.4516365090001,17.711263149,0
                99.451327903,17.711038542,0
                99.4510924470001,17.7108914630001,0
                99.4508650020001,17.7107055180001,0
                99.4506618390001,17.7105039780001,0
                99.4505314640001,17.7103796210001,0
                99.450369311,17.710224947,0
                99.4501010440001,17.70992255,0
                99.4498897330001,17.70970549,0
                99.4497190760001,17.70953495,0
                99.4495403670001,17.709387739,0
                99.4492805570001,17.7092251770001,0
                99.4489882840001,17.7090471440001,0
                99.44885034,17.708993073,0
                99.4486637830001,17.7089468830001,0
                99.448485362,17.708916211,0
                99.4482908300001,17.708924428,0
                99.4480638940001,17.708940483,0
                99.4477236960001,17.709050029,0
                99.44743206,17.7091283870001,0
                99.447091786,17.7092068580001,0
                99.44681632,17.709269643,0
                99.4466299170001,17.709285605,0
                99.446451498,17.70925493,0
                99.4462811330001,17.709200932,0
                99.4461025400001,17.709100333,0
                99.4458265390001,17.7089455710001,0
                99.445542419,17.708783054,0
                99.444737064,17.7084369830001,0
                99.4432404440001,17.7077310760001,0
                99.442647934,17.7075338120001,0
                99.4421594410001,17.707506537,0
                99.4416563230001,17.707550225,0
                99.441094175,17.7076649740001,0
                99.44045837,17.707921743,0
                99.439733861,17.7082212670001,0
                99.4390238390001,17.708393083,0
                99.4383578750001,17.708422942,0
                99.4365963130001,17.708313375,0
                99.4344797730001,17.708303883,0
                99.4327925250001,17.708321788,0
                99.432200562,17.708351463,0
                99.4316977460001,17.708522799,0
                99.431402238,17.708736231,0
                99.4311956010001,17.708977846,0
                99.4309300340001,17.709333072,0
                99.4305170360001,17.7099297770001,0
                99.4300737190001,17.710228649,0
                99.429674263,17.71030045,0
                99.4290821580001,17.710273376,0
                99.428844659,17.71023344,0
                99.428415848,17.710161344,0
                99.427883083,17.710190873,0
                99.4273208160001,17.7102630270001,0
                99.4269668860001,17.710324578,0
                99.4263295550001,17.710435411,0
                99.4255160050001,17.710516936,0
                99.425027378,17.710565903,0
                99.4243021300001,17.710567471,0
                99.4234286060001,17.710455869,0
                99.4228214710001,17.7103295000001,0
                99.4220808270001,17.71007575,0
                99.4215470680001,17.7096796930001,0
                99.4210279120001,17.709198492,0
                99.4205389210001,17.708958382,0
                99.420050001,17.7087466410001,0
                99.4197385560001,17.708477778,0
                99.4194266840001,17.7080244970001,0
                99.4192454340001,17.7075480190001,0
                99.4191139610001,17.707202388,0
                99.4188615950001,17.7068766560001,0
                99.4185647580001,17.7065226450001,0
                99.4180905440001,17.706268306,0
                99.417512538,17.7059290770001,0
                99.41701412,17.7054281170001,0
                99.4163999100001,17.7048107630001,0
                99.4159948430001,17.704488683,0
                99.4153323130001,17.703961873,0
                99.4145468170001,17.703495403,0
                99.413797834,17.7032540070001,0
                99.4132136490001,17.703001704,0
                99.4127540590001,17.7026622130001,0
                99.411894057,17.701968912,0
                99.411360599,17.7016863160001,0
                99.4107682700001,17.701545697,0
                99.409450178,17.7011654300001,0
                99.4085762000001,17.700826788,0
                99.4082135350001,17.7005511090001,0
                99.407701483,17.70016187,0
                99.406959525,17.6992980750001,0
                99.4063591660001,17.6984503670001,0
                99.406157475,17.698154968,0
                99.405504217,17.697116465,0
                99.405408406,17.696993225,0
                99.4051886120001,17.6968152590001,0
                99.4049259720001,17.696649526,0
                99.4046743440001,17.696635858,0
                99.404408011,17.6966647790001,0
                99.4042248210001,17.696737521,0
                99.403668909,17.6970635010001,0
                99.4031367110001,17.6973341230001,0
                99.4027963780001,17.697363189,0
                99.402514991,17.697278652,0
                99.402218454,17.6970381,0
                99.401565684,17.6963301430001,0
                99.400660787,17.6953815420001,0
                99.400008217,17.6947586910001,0
                99.399533718,17.6943482670001,0
                99.3989705170001,17.693980579,0
                99.398377623,17.6935703950001,0
                99.3976796790001,17.693082759,0
                99.3975475660001,17.692990454,0
                99.396406412,17.6922692790001,0
                99.395538404,17.6917929140001,0
                99.3953247460001,17.6916756540001,0
                99.3946243450001,17.6912802140001,0
                99.3939906640001,17.690699507,0
                99.393590649,17.6905017070001,0
                99.3932985760001,17.6904292990001,0
                99.3927913300001,17.6904323750001,0
                99.3924213750001,17.690447299,0
                99.39175528,17.690391886,0
                99.3909407960001,17.690152348,0
                99.3905112460001,17.689982969,0
                99.3902295380001,17.68974237,0
                99.3899773690001,17.6894733390001,0
                99.3896902490001,17.6890678190001,0
                99.3896062570001,17.688949198,0
                99.3893245520001,17.6887085980001,0
                99.3889690670001,17.688567442,0
                99.387902425,17.688058858,0
                99.387546607,17.68784723,0
                99.3872059450001,17.6875566300001,0
                99.386949927,17.68868158,0
                99.387023915,17.6897690500001,0
                99.387316292,17.690902002,0
                99.3874564380001,17.6915402230001,0
                99.3875960670001,17.6919390090001,0
                99.3877494330001,17.692271261,0
                99.3879029970001,17.6926966240001,0
                99.3880148170001,17.693068859,0
                99.3882656150001,17.693533938,0
                99.3884605590001,17.6938394950001,0
                99.3885448830001,17.694331506,0
                99.3886985350001,17.694796776,0
                99.388824436,17.695262095,0
                99.388964248,17.6957406930001,0
                99.3890482020001,17.6960597790001,0
                99.3891598270001,17.696338901,0
                99.389215709,17.696511715,0
                99.3892304170001,17.696897447,0
                99.3892035800001,17.6973231650001,0
                99.3890931860001,17.697616026,0
                99.3890104070001,17.697842327,0
                99.388899811,17.698042076,0
                99.3886643430001,17.6982553720001,0
                99.388220452,17.698349362,0
                99.3878181620001,17.698429968,0
                99.3874851480001,17.69845723,0
                99.387166011,17.698484465,0
                99.3868052400001,17.698511775,0
                99.3865416460001,17.6985522000001,0
                99.3862642830001,17.698645862,0
                99.386015134,17.6989522980001,0
                99.385793769,17.6992719780001,0
                99.3855166610001,17.6994853580001,0
                99.385295096,17.6997119270001,0
                99.3849487960001,17.700018549,0
                99.3846856520001,17.700271807,0
                99.3844918090001,17.7004850170001,0
                99.3841873410001,17.700884672,0
                99.3839241110001,17.7010980210001,0
                99.3833694610001,17.701325234,0
                99.3829957060001,17.701454002,0
                99.3829811560001,17.7014590150001,0
                99.382454431,17.7017659840001,0
                99.3821634390001,17.7019793860001,0
                99.3819695070001,17.7021526880001,0
                99.3817478500001,17.7023393480001,0
                99.381470903,17.702632529,0
                99.3813050380001,17.702952098,0
                99.3811946270001,17.7032449600001,0
                99.381153554,17.7035110780001,0
                99.3810296870001,17.704003496,0
                99.3809195570001,17.7044293760001,0
                99.380781755,17.7048952120001,0
                99.3806715150001,17.7052678850001,0
                99.3805751500001,17.705640526,0
                99.3805203370001,17.705973181,0
                99.3805486560001,17.706239167,0
                99.3806323760001,17.706451842,0
                99.380851701,17.706713215,0
                99.3810220970001,17.7069831650001,0
                99.38121713,17.707328642,0
                99.3812402570001,17.707357024,0
                99.38150934,17.7076872280001,0
                99.3816210420001,17.708006261,0
                99.381677261,17.7083387010001,0
                99.381594777,17.7087113200001,0
                99.3813872710001,17.7090309720001,0
                99.3811522560001,17.709470395,0
                99.3805979750001,17.7098838310001,0
                99.3804957340001,17.710009778,0
                99.3804256710001,17.71009609,0
                99.3802518970001,17.7103101650001,0
                99.3800443590001,17.710616515,0
                99.379836567,17.7108031430001,0
                99.379739752,17.710962953,0
                99.3796015190001,17.7112292620001,0
                99.3795744640001,17.711561868,0
                99.379602945,17.711907663,0
                99.379686807,17.7121868470001,0
                99.3797732130001,17.7122899350001,0
                99.3799094350001,17.7124524540001,0
                99.3802985500001,17.712691138,0
                99.3807152030001,17.712823354,0
                99.38113194,17.712995472,0
                99.381562504,17.713140959,0
                99.381843486,17.7132332100001,0
                99.3819652760001,17.7132731950001,0
                99.3823125380001,17.7134055380001,0
                99.3830345040001,17.7135238500001,0
                99.3833400460001,17.713616372,0
                99.3837291680001,17.713855048,0
                99.38406309,17.7142401520001,0
                99.3844247420001,17.714611904,0
                99.3846059360001,17.7149707030001,0
                99.3848288010001,17.7153427210001,0
                99.384968982,17.715994247,0
                99.385039657,17.716592699,0
                99.38513772,17.717018173,0
                99.3852219620001,17.717470274,0
                99.3852928080001,17.718148538,0
                99.385503219,17.7191856810001,0
                99.385657624,17.719996802,0
                99.3856589360001,17.720010276,0
                99.3857143970001,17.7205819800001,0
                99.385826631,17.721140443,0
                99.3858550140001,17.7214330300001,0
                99.3858833720001,17.721712317,0
                99.3858839120001,17.721965057,0
                99.3858289350001,17.7222179020001,0
                99.3856627710001,17.722404457,0
                99.3854547170001,17.722471376,0
                99.38519103,17.722485195,0
                99.3847606450001,17.722432831,0
                99.383580576,17.7223021180001,0
                99.38284472,17.72219714,0
                99.3821645840001,17.72218516,0
                99.3816371220001,17.7221728850001,0
                99.3812068220001,17.7221604150001,0
                99.3806932950001,17.722174716,0
                99.3803187090001,17.7222552540001,0
                99.3800828640001,17.7223089180001,0
                99.37973615,17.72244261,0
                99.379486763,17.722655923,0
                99.379251223,17.7228559100001,0
                99.378946483,17.72314914,0
                99.378683348,17.7234289890001,0
                99.3781711890001,17.7240950780001,0
                99.3778667510001,17.7245346300001,0
                99.3775901800001,17.7250273380001,0
                99.37738276,17.7254001910001,0
                99.3771476890001,17.7258263090001,0
                99.37689893,17.7263455660001,0
                99.3767824000001,17.7268297630001,0
                99.3767724620001,17.72716474,0
                99.376744139,17.728119189,0
                99.376732544,17.7286687070001,0
                99.376758947,17.729108255,0
                99.376760044,17.7296333310001,0
                99.376735555,17.7301096100001,0
                99.376763183,17.731135286,0
                99.3767006450001,17.7316971180001,0
                99.3767020230001,17.7323565090001,0
                99.3767292680001,17.733199024,0
                99.376729804,17.7334554510001,0
                99.3768194620001,17.7336750800001,0
                99.3770239,17.73394333,0
                99.3772663110001,17.734089397,0
                99.3775470250001,17.734272022,0
                99.378031589,17.7344420470001,0
                99.3784397590001,17.7346366370001,0
                99.378847949,17.7348434370001,0
                99.3792052210001,17.7350747580001,0
                99.3794732480001,17.735281828,0
                99.3796906410001,17.7356477380001,0
                99.3797297630001,17.735869915,0
                99.37974223,17.7359407050001,0
                99.3797423070001,17.735976991,0
                99.3797428990001,17.7362581890001,0
                99.3797180820001,17.7365757260001,0
                99.3795786360001,17.7369179030001,0
                99.3795157440001,17.737308779,0
                99.3793135110001,17.73809068,0
                99.3792508240001,17.73857924,0
                99.37913717,17.739067903,0
                99.3790613800001,17.7393855340001,0
                99.3789855900001,17.7397031690001,0
                99.378965496,17.739838063,0
                99.378954186,17.7399543540001,0
                99.3789601610001,17.7400484660001,0
                99.3789950380001,17.74014806,0
                99.3790587550001,17.74022545,0
                99.3791456660001,17.74034155,0
                99.379290332,17.740446471,0
                99.379434926,17.7405181670001,0
                99.3796950780001,17.7405896390001,0
                99.380018797,17.7406665300001,0
                99.3801633260001,17.7407050030001,0
                99.3802125350001,17.740720617,0
                99.3804061550001,17.740782048,0
                99.3805391820001,17.74084823,0
                99.3806607260001,17.7409476560001,0
                99.380793898,17.7410802750001,0
                99.3808866200001,17.741212977,0
                99.3809678040001,17.741351239,0
                99.381031663,17.7414950690001,0
                99.3810722970001,17.741583575,0
                99.3811129540001,17.7416831570001,0
                99.3811131180001,17.7417606710001,0
                99.3811191400001,17.74187693,0
                99.3810962370001,17.741976632,0
                99.3810560150001,17.7420819060001,0
                99.3810019300001,17.7421674450001,0
                99.3809371730001,17.742232406,0
                99.380790743,17.7423205010001,0
                99.380617805,17.742509082,0
                99.3805026220001,17.7426864820001,0
                99.3804220110001,17.7428195160001,0
                99.38035883,17.742996814,0
                99.3802841870001,17.743218427,0
                99.3801575730001,17.7434567510001,0
                99.3799734080001,17.743800381,0
                99.3798583170001,17.7440220710001,0
                99.379749002,17.744243748,0
                99.3794931780001,17.744745354,0
                99.379353882,17.7451607990001,0
                99.3792985760001,17.7453477080001,0
                99.3792779610001,17.7454173780001,0
                99.3791895080001,17.745771668,0
                99.3791632590001,17.7461670500001,0
                99.3792021450001,17.7464783570001,0
                99.3792888550001,17.746807887,0
                99.3794045640001,17.7472930550001,0
                99.3794916420001,17.7477965910001,0
                99.3795130650001,17.7479694790001,0
                99.3795597060001,17.748345955,0
                99.379579516,17.7486756170001,0
                99.3795802880001,17.749041945,0
                99.379561848,17.74936252,0
                99.3795625820001,17.7497105320001,0
                99.3795783300001,17.7498402750001,0
                99.379601483,17.7500309970001,0
                99.3796208690001,17.750159178,0
                99.379735871,17.7503054860001,0
                99.379868226,17.750418503,0
                99.379917795,17.7504608250001,0
                99.3801188130001,17.7506069660001,0
                99.3803006210001,17.750707354,0
                99.3804824250001,17.750807745,0
                99.3806834660001,17.750963046,0
                99.380855812,17.751109242,0
                99.3809516620001,17.7512372740001,0
                99.381018952,17.751420308,0
                99.3810480160001,17.7516034170001,0
                99.3810678040001,17.7519239170001,0
                99.3811067720001,17.752271856,0
                99.3811076250001,17.7526748170001,0
                99.3811490360001,17.753035982,0
                99.381011802,17.754765515,0
                99.380205118,17.757184212,0
                99.380022877,17.757405149,0
                99.3792780510001,17.758308125,0
                99.3785321020001,17.759212442,0
                99.377387523,17.7605003690001,0
                99.377339953,17.7605511310001,0
                99.3764543610001,17.7614960770001,0
                99.3761227800001,17.7616695680001,0
                99.375787657,17.7618363070001,0
                99.375434748,17.7619623860001,0
                99.375074139,17.7620681600001,0
                99.3747312990001,17.762217955,0
                99.3743943960001,17.762382415,0
                99.3740604480001,17.7625525300001,0
                99.3738027530001,17.762812883,0
                99.3737493610001,17.762959106,0
                99.3732357920001,17.764365438,0
                99.3727723470001,17.7650112810001,0
                99.37267159,17.7651292840001,0
                99.372425482,17.7653462960001,0
                99.3722820090001,17.7655138980001,0
                99.3721488640001,17.765711014,0
                99.3720774660001,17.765957223,0
                99.3720267520001,17.7662722970001,0
                99.3720171890001,17.7666168150001,0
                99.3719561620001,17.766912221,0
                99.371905283,17.767148553,0
                99.3718235440001,17.767365253,0
                99.3717210600001,17.767483559,0
                99.3714234830001,17.7676514570001,0
                99.370940971,17.767809857,0
                99.3706742530001,17.767997377,0
                99.3706356040001,17.7680319020001,0
                99.3705196990001,17.768152682,0
                99.370438698,17.768352172,0
                99.3702852090001,17.7686477500001,0
                99.3701113970001,17.769051641,0
                99.3700299280001,17.769281716,0
                99.3699683990001,17.769455474,0
                99.3698354160001,17.769731329,0
                99.3696614550001,17.770066319,0
                99.3695079230001,17.770342213,0
                99.369303061,17.7706378870001,0
                99.369128818,17.770835074,0
                99.3689136460001,17.771111084,0
                99.3688484500001,17.771172001,0
                99.3678887840001,17.7730412240001,0
                99.3676694590001,17.773335392,0
                99.3675728260001,17.7734878570001,0
                99.3679732350001,17.773934593,0
                99.3683478630001,17.7744139160001,0
                99.368497301,17.775427488,0
                99.3686742680001,17.7771116960001,0
                99.3688294240001,17.777442455,0
                99.369052911,17.777731272,0
                99.3693246670001,17.7779838430001,0
                99.370899711,17.7792310630001,0
                99.374975518,17.781034149,0
                99.3763980240001,17.7816634230001,0
                99.377177627,17.7822533410001,0
                99.3773860970001,17.782543479,0
                99.379582424,17.7856001100001,0
                99.3806215810001,17.7862152170001,0
                99.38339153,17.7887212250001,0
                99.3853900020001,17.790251579,0
                99.3861244820001,17.7915019500001,0
                99.386424117,17.792658089,0
                99.3863560560001,17.793853461,0
                99.3865005220001,17.7949036320001,0
                99.388054303,17.7976262550001,0
                99.3886194090001,17.7990848760001,0
                99.3895209520001,17.8014118740001,0
                99.39252908,17.806282953,0
                99.3926671580001,17.806495963,0
                99.393556602,17.8078680570001,0
                99.39362622,17.8080816450001,0
                99.3937508010001,17.8084226030001,0
                99.3938142740001,17.808589925,0
                99.3938186670001,17.8108488890001,0
                99.3935165940001,17.811835214,0
                99.392481445,17.8131401250001,0
                99.3923397980001,17.8138346860001,0
                99.3926459320001,17.8146997920001,0
                99.393200532,17.815128139,0
                99.3951795130001,17.816127835,0
                99.3963303580001,17.8166125610001,0
                99.3968563760001,17.816834117,0
                99.398282984,17.817142722,0
                99.3983873050001,17.817165286,0
                99.3997658600001,17.81738533,0
                99.4007154130001,17.817837667,0
                99.401540959,17.818855964,0
                99.401925513,17.8198159240001,0
                99.4020820220001,17.8207062500001,0
                99.4025148680001,17.821524981,0
                99.4025219870001,17.8215288710001,0
                99.4036076570001,17.8226487960001,0
                99.4044231550001,17.8231613880001,0
                99.4049527930001,17.82322651,0
                99.4053268520001,17.823281088,0
                99.4057043510001,17.823295,0
                99.4060829760001,17.823289695,0
                99.4064592140001,17.823264055,0
                99.406834818,17.8232259800001,0
                99.407211057,17.8232003410001,0
                99.4075885130001,17.823196173,0
                99.4079659960001,17.8232032870001,0
                99.408343496,17.8232183150001,0
                99.40993688,17.8237241790001,0
                99.4114788640001,17.82493806,0
                99.4125429110001,17.8268486750001,0
                99.4125791260001,17.8272078840001,0
                99.4126230030001,17.827567076,0
                99.4126710150001,17.827926259,0
                99.4126795600001,17.8318981210001,0
                99.412799389,17.83234865,0
                99.41306676,17.832788771,0
                99.4136944000001,17.8335559500001,0
                99.4146442810001,17.8348757680001,0
                99.415124097,17.835690804,0
                99.4156372840001,17.8367466490001,0
                99.4161116240001,17.837594268,0
                99.4162595930001,17.837900334,0
                99.4162802860001,17.8380656370001,0
                99.416339227,17.839307654,0
                99.416308788,17.840765748,0
                99.4164700890001,17.841366226,0
                99.416566887,17.841733565,0
                99.416875652,17.842486367,0
                99.4172454760001,17.842921012,0
                99.41782498,17.843160832,0
                99.4186734890001,17.842935923,0
                99.4195894420001,17.842665547,0
                99.4202432160001,17.8428527040001,0
                99.4204420550001,17.8433552380001,0
                99.4208464270001,17.8443771010001,0
                99.4211049310001,17.8454862460001,0
                99.421435413,17.847622168,0
                99.4219375310001,17.8489809910001,0
                99.4224391760001,17.849837979,0
                99.422997136,17.850461594,0
                99.4238623080001,17.8511580480001,0
                99.4245542130001,17.851615969,0
                99.4255913550001,17.8519996310001,0
                99.4272809020001,17.852363478,0
                99.4277421510001,17.8526565010001,0
                99.427954642,17.8532441040001,0
                99.4280530520001,17.854273005,0
                99.4280928350001,17.8548609850001,0
                99.4283459960001,17.856404103,0
                99.42857861,17.857377575,0
                99.4288866150001,17.857781195,0
                99.4294248210001,17.858147554,0
                99.43050057,17.8586046080001,0
                99.4318261910001,17.859226501,0
                99.4328062690001,17.8597940170001,0
                99.4335172450001,17.8601783560001,0
                99.433617788,17.860255995,0
                99.4341823720001,17.860691955,0
                99.4349794120001,17.861700399,0
                99.4355626610001,17.862315364,0
                99.4365184100001,17.863240632,0
                99.4375980230001,17.8637679330001,0
                99.438630727,17.863787206,0
                99.439954431,17.8636004520001,0
                99.4408722260001,17.863427615,0
                99.4415662160001,17.863504924,0
                99.4420657630001,17.863742695,0
                99.4425088730001,17.864440017,0
                99.4432250780001,17.8669192900001,0
                99.4437070860001,17.867818668,0
                99.4441686760001,17.868221917,0
                99.4445912450001,17.8683679690001,0
                99.445397594,17.868494765,0
                99.446203757,17.868548053,0
                99.4469280580001,17.868683807,0
                99.447529138,17.8690228190001,0
                99.4480103480001,17.8695914,0
                99.4489171330001,17.871500526,0
                99.449303688,17.87258388,0
                99.449690015,17.873575347,0
                99.4507515330001,17.8759435260001,0
                99.452024011,17.878237706,0
                99.452697878,17.879081484,0
                99.4531072400001,17.87951021,0
                99.454154642,17.8804782560001,0
                99.4554674490001,17.8816801130001,0
                99.456884576,17.882424847,0
                99.4572592740001,17.882621756,0
                99.458113079,17.88285318,0
                99.4585550480001,17.8829219190001,0
                99.458855697,17.882943015,0
                99.459720136,17.8829242250001,0
                99.4601126520001,17.882905162,0
                99.460404209,17.882930641,0
                99.4608623560001,17.883093091,0
                99.461111487,17.883150647,0
                99.4614091060001,17.8831731990001,0
                99.461757457,17.8831454840001,0
                99.4626958530001,17.8829143080001,0
                99.463120669,17.882808636,0
                99.4633575930001,17.882842963,0
                99.4636678260001,17.883045731,0
                99.4640898590001,17.8835233510001,0
                99.46442032,17.8840127170001,0
                99.464973764,17.885107121,0
                99.4654509970001,17.885953618,0
                99.465971041,17.886655294,0
                99.4665339740001,17.887243158,0
                99.4675300320001,17.887980725,0
                99.468243284,17.888582871,0
                99.4687955430001,17.8892120990001,0
                99.4688935250001,17.8895219780001,0
                99.468885549,17.890087551,0
                99.4686518840001,17.8920654630001,0
                99.46868506,17.8923651590001,0
                99.4687935370001,17.8925613000001,0
                99.4689990530001,17.8927055240001,0
                99.469344698,17.8927667130001,0
                99.4700247650001,17.8927237280001,0
                99.4709421920001,17.892618139,0
                99.471503549,17.8925961090001,0
                99.4720543860001,17.892677468,0
                99.4726378860001,17.892862119,0
                99.473232346,17.893108769,0
                99.473816013,17.8933554340001,0
                99.4742377110001,17.8935921610001,0
                99.474905284,17.894279849,0
                99.475353435,17.894974602,0
                99.475747733,17.895732836,0
                99.4759847700001,17.896639114,0
                99.4760422450001,17.8968588490001,0
                99.476216315,17.897354598,0
                99.476916728,17.89818559,0
                99.4771875860001,17.8985363840001,0
                99.4771991540001,17.89882579,0
                99.4770705050001,17.8991672270001,0
                99.476426642,17.900646996,0
                99.476298183,17.901060789,0
                99.4762989560001,17.9013502220001,0
                99.4763032320001,17.9016028950001,0
                99.4764659860001,17.901902271,0
                99.4767544160001,17.902093372,0
                99.4775147860001,17.902457901,0
                99.478023105,17.902777099,0
                99.4783806,17.90322071,0
                99.478702781,17.9039182400001,0
                99.4792042540001,17.9057053080001,0
                99.4796986100001,17.907344982,0
                99.480046427,17.908374769,0
                99.4804155680001,17.909128461,0
                99.481361533,17.910455572,0
                99.482275192,17.9116526560001,0
                99.4825950650001,17.9123085840001,0
                99.483084385,17.913794173,0
                99.4834652790001,17.9148889460001,0
                99.4839542350001,17.91601446,0
                99.484149802,17.916458462,0
                99.4841614690001,17.9167788820001,0
                99.4841300020001,17.9171200810001,0
                99.483603599,17.9181137410001,0
                99.483173386,17.918745363,0
                99.482861761,17.9193043340001,0
                99.4827763260001,17.919656005,0
                99.482787827,17.9199144,0
                99.4830366620001,17.920189523,0
                99.4835801790001,17.9200060200001,0
                99.48398638,17.91984281,0
                99.4840905180001,17.919801254,0
                99.4843136010001,17.9197122360001,0
                99.484629586,17.919603318,0
                99.4848779420001,17.9195486300001,0
                99.4852280480001,17.919526133,0
                99.4855219390001,17.919601093,0
                99.4858159780001,17.9197301180001,0
                99.4863250480001,17.920009991,0
                99.4869361660001,17.920430179,0
                99.487547347,17.920871993,0
                99.48803401,17.9212168,0
                99.4882402200001,17.921364044,0
                99.4883961820001,17.9214754110001,0
                99.4906880840001,17.922819002,0
                99.491439111,17.923127204,0
                99.4918315130001,17.9232241390001,0
                99.4922069620001,17.9233537590001,0
                99.4925825880001,17.9235486590001,0
                99.4929925390001,17.9238250770001,0
                99.4933513460001,17.924101625,0
                99.4937443430001,17.9244107260001,0
                99.494137245,17.924687186,0
                99.4946322700001,17.9248981000001,0
                99.4953659870001,17.9251084040001,0
                99.4962192790001,17.9254000060001,0
                99.496731857,17.9257904040001,0
                99.497090809,17.9261159050001,0
                99.4974326700001,17.926425131,0
                99.4978599560001,17.926799422,0
                99.497926384,17.926880227,0
                99.498167902,17.927174016,0
                99.4982883440001,17.927565412,0
                99.498443298,17.928103606,0
                99.4985983880001,17.9286907630001,0
                99.4985998500001,17.9292130330001,0
                99.4985672130001,17.929735388,0
                99.4984832430001,17.930192591,0
                99.4984673810001,17.9306169760001,0
                99.498451517,17.931041361,0
                99.4986917740001,17.931595659,0
                99.4988973310001,17.931937874,0
                99.499171098,17.9322799130001,0
                99.499444769,17.932589305,0
                99.4994504140001,17.9325969180001,0
                99.4998555290001,17.9331431630001,0
                99.5000786480001,17.93366486,0
                99.5002166570001,17.934235743,0
                99.500354664,17.9348066200001,0
                99.500492217,17.9352142920001,0
                99.5006647370001,17.935931969,0
                99.5008707680001,17.93643739,0
                99.5012299790001,17.9368444840001,0
                99.5013972230001,17.937088515,0
                99.5014867960001,17.9372192070001,0
                99.5018457340001,17.937528377,0
                99.5021350650001,17.937783256,0
                99.503638375,17.9386615340001,0
                99.5048093090001,17.939616385,0
                99.5051054930001,17.9401172120001,0
                99.5060385420001,17.942062379,0
                99.506190594,17.9423010140001,0
                99.5063622870001,17.9425216180001,0
                99.506508211,17.9427013550001,0
                99.5066389260001,17.942782197,0
                99.5066795830001,17.9428073400001,0
                99.5069193310001,17.9428967740001,0
                99.5072703050001,17.942994105,0
                99.50749283,17.9430426440001,0
                99.507835201,17.9431236230001,0
                99.5082031620001,17.943179969,0
                99.5086946740001,17.943225054,0
                99.508810618,17.943235686,0
                99.5094589870001,17.943236599,0
                99.510289173,17.943248119,0
                99.511448316,17.9431765740001,0
                99.511777786,17.943271603,0
                99.5121506280001,17.943517222,0
                99.5124664160001,17.943831485,0
                99.5128685210001,17.944296217,0
                99.5133421130001,17.94473336,0
                99.5137871160001,17.94518428,0
                99.514088519,17.945471179,0
                99.5143040460001,17.945758305,0
                99.514307273,17.9457622470001,0
                99.5145051430001,17.946004368,0
                99.5147062380001,17.946250434,0
                99.5150219170001,17.9465235920001,0
                99.515351991,17.946824115,0
                99.5157679850001,17.9471381070001,0
                99.5161837810001,17.947383598,0
                99.516599699,17.947670193,0
                99.5169870710001,17.947984257,0
                99.5173171500001,17.9482847730001,0
                99.5176473110001,17.9486126890001,0
                99.5179776720001,17.949009103,0
                99.5182219550001,17.94933725,0
                99.518623844,17.949719771,0
                99.5188822050001,17.94996568,0
                99.5191691890001,17.9502115080001,0
                99.5195420200001,17.950443411,0
                99.5198719090001,17.950675425,0
                99.520259007,17.950893583,0
                99.5207607,17.951138836,0
                99.5211763920001,17.951343219,0
                99.5214918940001,17.951547867,0
                99.5216328910001,17.951694264,0
                99.5216498230001,17.9517118430001,0
                99.5217654160001,17.952081428,0
                99.5218242330001,17.9526155610001,0
                99.5218540660001,17.9530264740001,0
                99.5219421190001,17.9537660280001,0
                99.5220307760001,17.9547110770001,0
                99.5220898000001,17.955313711,0
                99.5221197540001,17.955765725,0
                99.5222211970001,17.9561901480001,0
                99.5223366340001,17.9565049330001,0
                99.522537754,17.956750986,0
                99.5225412810001,17.956754086,0
                99.5226595990001,17.956858029,0
                99.522724317,17.956914882,0
                99.5229394280001,17.957051301,0
                99.523211594,17.9571190670001,0
                99.5237416530001,17.957268335,0
                99.5241713930001,17.9573767750001,0
                99.5246297250001,17.957471438,0
                99.524987852,17.957566366,0
                99.5251883710001,17.9576069250001,0
                99.5253892540001,17.9577707770001,0
                99.5256333190001,17.9580167140001,0
                99.5260208500001,17.9583718590001,0
                99.5265983230001,17.9586785700001,0
                99.526907937,17.9588659620001,0
                99.527329696,17.9589723780001,0
                99.527723118,17.9589981990001,0
                99.5279762200001,17.959078183,0
                99.528285715,17.95922524,0
                99.528707791,17.959439209,0
                99.5290596340001,17.959653372,0
                99.5293834560001,17.9598945000001,0
                99.5296228730001,17.960095525,0
                99.5299465400001,17.9602828750001,0
                99.5303404890001,17.960483476,0
                99.5306639930001,17.960617042,0
                99.5309734530001,17.9607506470001,0
                99.5313675250001,17.96099158,0
                99.5318175840001,17.961165135,0
                99.5321833620001,17.961338921,0
                99.5325774330001,17.9615798510001,0
                99.5328447100001,17.9617001230001,0
                99.5331681800001,17.9618202400001,0
                99.533519385,17.961819275,0
                99.5338705890001,17.961818309,0
                99.53446045,17.9617629090001,0
                99.5348536810001,17.961721488,0
                99.5352188100001,17.961680148,0
                99.5357947840001,17.9616785590001,0
                99.536103682,17.961623924,0
                99.536440838,17.961622993,0
                99.5367639020001,17.961608653,0
                99.5370168490001,17.9616348440001,0
                99.53736846,17.961768325,0
                99.5383310190001,17.962380813,0
                99.539567176,17.96444588,0
                99.5400788330001,17.9653121100001,0
                99.5403160480001,17.9657815800001,0
                99.540572748,17.966194581,0
                99.540948314,17.966926937,0
                99.5411859340001,17.9675280390001,0
                99.5414238490001,17.968223165,0
                99.541700828,17.968842964,0
                99.5420754300001,17.9692556310001,0
                99.542469624,17.9696494410001,0
                99.5429818370001,17.970080524,0
                99.5437694840001,17.9706236690001,0
                99.5446555650001,17.9712229470001,0
                99.5456990770001,17.971897003,0
                99.546408033,17.9724027460001,0
                99.546722892,17.9725523020001,0
                99.5470964670001,17.9726264660001,0
                99.5474695830001,17.972550197,0
                99.547783167,17.972286039,0
                99.5479983320001,17.971965745,0
                99.5482919780001,17.9716076170001,0
                99.5485270170001,17.971362485,0
                99.5488215890001,17.9713052340001,0
                99.5492342310001,17.9713040670001,0
                99.5497260550001,17.971490725,0
                99.5504145560001,17.971733242,0
                99.5510242810001,17.971919563,0
                99.5516733030001,17.97210577,0
                99.55222344,17.9720854010001,0
                99.5527934020001,17.972121385,0
                99.5533247050001,17.9723643400001,0
                99.5539545520001,17.9727010330001,0
                99.5547809030001,17.973037167,0
                99.55539093,17.973317497,0
                99.5561776920001,17.973559713,0
                99.5569642770001,17.973745508,0
                99.5575150080001,17.973913168,0
                99.5575348230001,17.973920396,0
                99.558026495,17.9740997480001,0
                99.5583613760001,17.9743620570001,0
                99.558637477,17.974680952,0
                99.5588747580001,17.975150397,0
                99.5590730360001,17.975713978,0
                99.5594287520001,17.9763523280001,0
                99.5599214850001,17.976821033,0
                99.5601581810001,17.977102428,0
                99.560473297,17.9773271760001,0
                99.5608867240001,17.977570449,0
                99.5611626620001,17.977832919,0
                99.561281631,17.9781710680001,0
                99.5613223030001,17.978603471,0
                99.561323788,17.9790735930001,0
                99.561324862,17.9794133090001,0
                99.5613255710001,17.979637741,0
                99.5612876330001,17.9800703650001,0
                99.561210579,17.980559521,0
                99.561040054,17.981084289,0
                99.5609964980001,17.9812183220001,0
                99.5608404810001,17.981594875,0
                99.5608823360001,17.9824033690001,0
                99.5610420410001,17.983192725,0
                99.5612017990001,17.9840008780001,0
                99.5612244260001,17.9849410680001,0
                99.561345305,17.9858809730001,0
                99.561484884,17.986519942,0
                99.561820561,17.9870267090001,0
                99.5622738550001,17.9874391060001,0
                99.5626092430001,17.987851843,0
                99.5628854920001,17.988208338,0
                99.56310333,17.9887342490001,0
                99.5632227930001,17.989222833,0
                99.563401206,17.9897112460001,0
                99.5635993400001,17.990218409,0
                99.5638561840001,17.990650181,0
                99.564132326,17.990969062,0
                99.5644868960001,17.9912313020001,0
                99.565018632,17.9915870450001,0
                99.567445262,17.992434255,0
                99.5681269880001,17.992731941,0
                99.5684007360001,17.9929085200001,0
                99.56847257,17.992954856,0
                99.5687936350001,17.993213204,0
                99.5690652810001,17.9934245490001,0
                99.5693122210001,17.993612399,0
                99.569534676,17.9938474630001,0
                99.5698186420001,17.994058771,0
                99.5701642720001,17.994293473,0
                99.5704604760001,17.994481175,0
                99.5708183070001,17.994680483,0
                99.571151355,17.994832715,0
                99.5713736270001,17.9950088480001,0
                99.5715095680001,17.9951498780001,0
                99.57167022,17.995314407,0
                99.57189249,17.995490536,0
                99.57212689,17.9956077030001,0
                99.572397972,17.9956422600001,0
                99.572767479,17.9956411690001,0
                99.5731737830001,17.995592824,0
                99.5734199300001,17.995533166,0
                99.5737153060001,17.9954615770001,0
                99.574047363,17.995307381,0
                99.5743775870001,17.995224792,0
                99.574428879,17.995211963,0
                99.5747244450001,17.9951993020001,0
                99.575020011,17.9951866390001,0
                99.5754018710001,17.9951972920001,0
                99.5756853870001,17.9952671660001,0
                99.5759936490001,17.995372321,0
                99.5763636930001,17.9955362210001,0
                99.576795776,17.9958413680001,0
                99.5769811050001,17.9960176050001,0
                99.577191337,17.996276263,0
                99.577213392,17.9963285530001,0
                99.5772906390001,17.9965116880001,0
                99.5773654180001,17.9967825360001,0
                99.5774776530001,17.997206492,0
                99.5776025480001,17.997736483,0
                99.577702006,17.9980190470001,0
                99.5779864890001,17.9983835570001,0
                99.578394486,17.998853771,0
                99.5786172310001,17.9991713260001,0
                99.5789260020001,17.999429692,0
                99.579395133,17.999758292,0
                99.5798396650001,18.000098753,0
                99.5802045570001,18.0003549480001,0
                99.5820573070001,18.0012937810001,0
                99.5825949950001,18.0017915290001,0
                99.582941851,18.002068412,0
                99.5836723,18.0024751930001,0
                99.5845822100001,18.0030542980001,0
                99.5853726290001,18.003563693,0
                99.5856686000001,18.003697974,0
                99.585911858,18.0038083540001,0
                99.5862234890001,18.003958803,0
                99.587061379,18.004538111,0
                99.5878747340001,18.0051976980001,0
                99.588532849,18.005683764,0
                99.5891315850001,18.00606607,0
                99.5900180420001,18.0065073850001,0
                99.5902822610001,18.0066003430001,0
                99.5909061350001,18.0067294940001,0
                99.5913748400001,18.0067088660001,0
                99.5918677880001,18.0067005820001,0
                99.5922513690001,18.006828205,0
                99.592610984,18.007025947,0
                99.5931375010001,18.0073497110001,0
                99.593544222,18.007685141,0
                99.593842861,18.0080084800001,0
                99.5942127740001,18.0084592580001,0
                99.59460691,18.00890996,0
                99.5948446520001,18.0093825970001,0
                99.5949745450001,18.0097392100001,0
                99.59496018,18.010210381,0
                99.5946185060001,18.0111401090001,0
                99.594208113,18.011471264,0
                99.593737451,18.011791305,0
                99.5929786240001,18.0120975500001,0
                99.592399275,18.012578349,0
                99.5917344200001,18.013265028,0
                99.5915405310001,18.0135514470001,0
                99.5913705470001,18.0139180140001,0
                99.5912233330001,18.0143884510001,0
                99.591161103,18.0148484710001,0
                99.5911228030001,18.0152270730001,0
                99.5911834660001,18.0154976910001,0
                99.5913114480001,18.0158489950001,0
                99.5915848880001,18.016402892,0
                99.591738589,18.016817041,0
                99.5917728100001,18.0171626490001,0
                99.5917705000001,18.017529843,0
                99.5916239100001,18.0180126990001,0
                99.5914537290001,18.0183216560001,0
                99.5912954950001,18.0186780290001,0
                99.5909800840001,18.0191704370001,0
                99.5907625340001,18.0194456460001,0
                99.590399184,18.019903186,0
                99.589722861,18.0205322640001,0
                99.589082864,18.021069729,0
                99.5884900510001,18.021779914,0
                99.5882960900001,18.022043732,0
                99.5881011160001,18.022536926,0
                99.5881820590001,18.0230891320001,0
                99.5883478150001,18.023572175,0
                99.5885376850001,18.0240336860001,0
                99.588715064,18.0244602020001,0
                99.588892689,18.0249669240001,0
                99.5889466,18.02608186,0
                99.5888407240001,18.026829213,0
                99.5887979080001,18.0269256290001,0
                99.5885984860001,18.027374744,0
                99.5881734720001,18.0279986570001,0
                99.587732105,18.0285726600001,0
                99.5873228510001,18.0290713750001,0
                99.586836491,18.0295981840001,0
                99.5865126400001,18.030066135,0
                99.5861079470001,18.0306899830001,0
                99.585763882,18.031196907,0
                99.5853391030001,18.031898642,0
                99.5851614380001,18.0322412890001,0
                99.5850157580001,18.032522241,0
                99.584753226,18.0330872870001,0
                99.584591812,18.033476911,0
                99.5844914680001,18.033885809,0
                99.584451947,18.0342361560001,0
                99.5844937800001,18.0345862510001,0
                99.584738868,18.0348968230001,0
                99.5850042910001,18.0352073340001,0
                99.5854322280001,18.0354589780001,0
                99.5860795140001,18.0357603630001,0
                99.587002753,18.0362128560001,0
                99.5873144070001,18.0363531400001,0
                99.588237388,18.0367254220001,0
                99.5889691140001,18.0369355920001,0
                99.5894732610001,18.0370764100001,0
                99.590517477,18.037322913,0
                99.5909854550001,18.0374163860001,0
                99.591681609,18.037581463,0
                99.5923414480001,18.0378370340001,0
                99.59285629,18.0381732500001,0
                99.5933117180001,18.038394429,0
                99.594138952,18.038731942,0
                99.5948477410001,18.038791912,0
                99.5953655740001,18.038610674,0
                99.5961364780001,18.03835071,0
                99.5969306330001,18.0381584580001,0
                99.5976991420001,18.0382430870001,0
                99.598383024,18.0384420730001,0
                99.5992104430001,18.0388371930001,0
                99.6000312930001,18.039244937,0
                99.6001213550001,18.0392896760001,0
                99.601067384,18.0398346700001,0
                99.601426061,18.0402504510001,0
                99.602192841,18.040690937,0
                99.603066503,18.0413039320001,0
                99.6031694260001,18.0413860030001,0
                99.6035449280001,18.041685441,0
                99.6044664340001,18.042472284,0
                99.604693839,18.0427460810001,0
                99.6050991100001,18.043234032,0
                99.6058132310001,18.044502783,0
                99.606085943,18.045159456,0
                99.60625243,18.045493347,0
                99.6066814330001,18.046093059,0
                99.6073150660001,18.0467858710001,0
                99.6079238340001,18.0474561820001,0
                99.6085094100001,18.048079095,0
                99.6088199550001,18.0484023700001,0
                99.6093108110001,18.048784945,0
                99.6100381940001,18.0498246230001,0
                99.61066494,18.049481132,0
                99.6122089130001,18.0485566140001,0
                99.6130159530001,18.048158637,0
                99.6137982880001,18.047955055,0
                99.6143032360001,18.047969267,0
                99.6153128700001,18.0479276450001,0
                99.6165748870001,18.04794508,0
                99.617403729,18.0480418550001,0
                99.618279768,18.048298921,0
                99.6182947820001,18.048307364,0
                99.6187951300001,18.0485887520001,0
                99.6197031680001,18.0495472690001,0
                99.620528418,18.0502981880001,0
                99.621113726,18.0510024050001,0
                99.6213042310001,18.051267298,0
                99.6215448180001,18.0515553120001,0
                99.621805926,18.0518678610001,0
                99.6221518720001,18.052341251,0
                99.6227251600001,18.0529765950001,0
                99.6234070720001,18.053600288,0
                99.623629211,18.053890655,0
                99.6240157620001,18.054395942,0
                99.6242772670001,18.05486848,0
                99.624504512,18.0551693840001,0
                99.6252070840001,18.0562878430001,0
                99.625516793,18.0568641620001,0
                99.6259019880001,18.0575824700001,0
                99.6260048550001,18.0577742950001,0
                99.6265031990001,18.058914885,0
                99.6269674860001,18.059779921,0
                99.6272888550001,18.060309868,0
                99.627599322,18.060759627,0
                99.628149949,18.0611532570001,0
                99.6288578,18.0614209780001,0
                99.6296371710001,18.061700881,0
                99.630345027,18.061968596,0
                99.6313288970001,18.062295276,0
                99.6320259350001,18.0623438280001,0
                99.6327952170001,18.0622791810001,0
                99.6336266590001,18.0619262280001,0
                99.634397774,18.061550874,0
                99.6347478180001,18.0613452270001,0
                99.6356644310001,18.0607050250001,0
                99.6364497380001,18.0600076260001,0
                99.6370417850001,18.0594351510001,0
                99.6376345900001,18.058748558,0
                99.6381062200001,18.058199055,0
                99.6383716550001,18.057947369,0
                99.6389763830001,18.057294627,0
                99.6396998440001,18.056815471,0
                99.6400319960001,18.056593723,0
                99.6403154910001,18.056404458,0
                99.6407491410001,18.0561296160001,0
                99.6414725020001,18.055788287,0
                99.641845737,18.05562888,0
              </coordinates>
                
            </LinearRing>
            
          </outerBoundaryIs>
        
        </Polygon>
        
      <styleUrl>
        #amphoeStyle</styleUrl>
    </Placemark>

  </Document>
</kml>