<?xml version="1.0" encoding="UTF-8"?>
<kml xmlns="http://www.opengis.net/kml/2.2">
  <Document id="tambon_doc">
    <name>ศรีสมเด็จ, สมเด็จ, Kalasin</name>
    <description>ข้อมูลขอบเขตตำบลศรีสมเด็จ อำเภอสมเด็จ จังหวัดKalasin</description>
    
    <!-- Schema สำหรับข้อมูลตำบล -->
    <Schema id="tambon.schema">
      <SimpleField name="ADM3_EN" type="string">
        <displayName>Subdistrict Name (English)</displayName>
      </SimpleField>
      <SimpleField name="ADM3_TH" type="string">
        <displayName>ชื่อตำบล</displayName>
      </SimpleField>
      <SimpleField name="ADM2_EN" type="string">
        <displayName>District Name (English)</displayName>
      </SimpleField>
      <SimpleField name="ADM2_TH" type="string">
        <displayName>ชื่ออำเภอ</displayName>
      </SimpleField>
      <SimpleField name="ADM1_EN" type="string">
        <displayName>Province Name (English)</displayName>
      </SimpleField>
      <SimpleField name="ADM1_TH" type="string">
        <displayName>ชื่อจังหวัด</displayName>
      </SimpleField>
      <SimpleField name="ADM0_EN" type="string">
        <displayName>Country Name (English)</displayName>
      </SimpleField>
      <SimpleField name="ADM0_TH" type="string">
        <displayName>ชื่อประเทศ</displayName>
      </SimpleField>
    </Schema>

    <!-- Style สำหรับตำบล -->
    <Style id="tambonStyle">
      <LineStyle>
        <color>ffff0000</color>
        <width>1.5</width>
      </LineStyle>
      <PolyStyle>
        <color>33ff0000</color>
        <fill>1</fill>
        <outline>1</outline>
      </PolyStyle>
    </Style>

    <Placemark id="Kalasin.111">
        
        <ExtendedData>
            
          <SchemaData schemaUrl="#tambon.schema">
                
            <SimpleData name="Shape_Leng">
                0.267288413075</SimpleData>
                
            <SimpleData name="Shape_Area">
                0.00285933689893</SimpleData>
                
            <SimpleData name="ADM3_EN">
                Si Somdet</SimpleData>
                
            <SimpleData name="ADM3_TH">
                ศรีสมเด็จ</SimpleData>
                
            <SimpleData name="ADM3_PCODE">
                TH461307</SimpleData>
                
            <SimpleData name="ADM2_EN">
                Somdet</SimpleData>
                
            <SimpleData name="ADM2_TH">
                สมเด็จ</SimpleData>
                
            <SimpleData name="ADM2_PCODE">
                TH4613</SimpleData>
                
            <SimpleData name="ADM1_EN">
                Kalasin</SimpleData>
                
            <SimpleData name="ADM1_TH">
                กาฬสินธุ์</SimpleData>
                
            <SimpleData name="ADM1_PCODE">
                TH46</SimpleData>
                
            <SimpleData name="ADM0_EN">
                Thailand</SimpleData>
                
            <SimpleData name="ADM0_TH">
                ประเทศไทย</SimpleData>
                
            <SimpleData name="ADM0_PCODE">
                TH</SimpleData>
            
          </SchemaData>
        
        </ExtendedData>
        
        <Polygon>
            
          <outerBoundaryIs>
                
            <LinearRing>
                    
              <coordinates>
                    
                103.739771016,16.765392718,0
                103.740296849,16.764342976,0
                103.742418865,16.7613052720001,0
                103.744746472,16.758369558,0
                103.745865931,16.757347483,0
                103.747350047,16.756139089,0
                103.752499679,16.75308484,0
                103.75670369,16.750621638,0
                103.760719947,16.7480381890001,0
                103.765062029,16.745198084,0
                103.766342905,16.744393432,0
                103.766272464,16.7441276170001,0
                103.766234973,16.743963948,0
                103.766200654,16.7437787480001,0
                103.766174828,16.743636269,0
                103.766152533,16.743520781,0
                103.766140701,16.743472427,0
                103.766119591,16.7433954750001,0
                103.766076552,16.743305155,0
                103.766020092,16.7432059020001,0
                103.765948902,16.743093119,0
                103.765920203,16.743048706,0
                103.765873002,16.742983914,0
                103.765786967,16.742852978,0
                103.765783479,16.7428475830001,0
                103.765729569,16.7427641530001,0
                103.765711154,16.7427472370001,0
                103.765693055,16.742743036,0
                103.765671501,16.7427446890001,0
                103.765620294,16.742759746,0
                103.765555866,16.7427739500001,0
                103.765499719,16.742783339,0
                103.765431438,16.742787231,0
                103.765363214,16.7427934340001,0
                103.765224886,16.7428266860001,0
                103.765022431,16.7428702730001,0
                103.764936129,16.74288885,0
                103.76465263,16.742925348,0
                103.76465153,16.742925486,0
                103.764472179,16.7429492850001,0
                103.764432675,16.7429525110001,0
                103.764405893,16.742936952,0
                103.76437777,16.742915641,0
                103.764319089,16.7428233700001,0
                103.764254169,16.7426995610001,0
                103.764230925,16.7426296620001,0
                103.764220727,16.7425869840001,0
                103.764218126,16.742576098,0
                103.764218697,16.742541558,0
                103.764226812,16.7425220320001,0
                103.764246419,16.7425036230001,0
                103.764307123,16.742466313,0
                103.764471648,16.7423962120001,0
                103.76455101,16.7423598500001,0
                103.76458638,16.7423410760001,0
                103.764608578,16.7423115620001,0
                103.764610618,16.742278367,0
                103.764617859,16.7421663330001,0
                103.764616262,16.742044831,0
                103.764613889,16.7419495940001,0
                103.764588242,16.741783072,0
                103.76457191,16.7416453440001,0
                103.764546534,16.7414898660001,0
                103.764524746,16.7413633100001,0
                103.764514936,16.741257191,0
                103.764506556,16.7411510430001,0
                103.764495242,16.7410422,0
                103.764477971,16.7409818300001,0
                103.764454663,16.7409091700001,0
                103.764437048,16.7408350000001,0
                103.764425508,16.7407744970001,0
                103.764427444,16.7407371630001,0
                103.764444048,16.7407133030001,0
                103.764495172,16.740694166,0
                103.764596711,16.7406849120001,0
                103.764653737,16.740672542,0
                103.764702098,16.74065761,0
                103.764721877,16.740646107,0
                103.764735723,16.7406264520001,0
                103.764752018,16.7405901650001,0
                103.764779898,16.7405011290001,0
                103.764803909,16.7403570550001,0
                103.764730578,16.740325338,0
                103.764653386,16.7402757200001,0
                103.76463805,16.740265601,0
                103.764630507,16.7402604210001,0
                103.764623116,16.7402551120001,0
                103.764615944,16.7402496130001,0
                103.764609098,16.740243854,0
                103.76460271,16.7402377280001,0
                103.764597354,16.740231678,0
                103.764592517,16.740225277,0
                103.764588206,16.740218586,0
                103.764584483,16.7402116230001,0
                103.764581686,16.7402050760001,0
                103.764579503,16.740198349,0
                103.764577918,16.7401910570001,0
                103.76457705,16.740183659,0
                103.764576888,16.740176204,0
                103.764577474,16.7401687450001,0
                103.76457883,16.7401614,0
                103.764580823,16.7401541020001,0
                103.764583313,16.7401468520001,0
                103.764586192,16.740139646,0
                103.764589387,16.740132497,0
                103.764592853,16.7401254000001,0
                103.76459707,16.740117406,0
                103.764601507,16.7401094750001,0
                103.76462482,16.740070087,0
                103.764633782,16.7400541650001,0
                103.764637945,16.7400461010001,0
                103.764641442,16.740038683,0
                103.764644613,16.7400311960001,0
                103.7646474,16.7400236550001,0
                103.764649704,16.74001607,0
                103.764651381,16.7400084600001,0
                103.764652299,16.740000647,0
                103.764652373,16.7399929110001,0
                103.764651539,16.739985341,0
                103.764649654,16.739977836,0
                103.764646788,16.739970737,0
                103.764642972,16.739964195,0
                103.76463815,16.7399584080001,0
                103.764632214,16.739953493,0
                103.764625411,16.739949445,0
                103.764617953,16.739946166,0
                103.764610004,16.7399436320001,0
                103.764602521,16.7399419980001,0
                103.764594814,16.739940905,0
                103.764586959,16.73994028,0
                103.764579003,16.739940104,0
                103.764570993,16.7399403790001,0
                103.764562137,16.739941211,0
                103.764553267,16.739942452,0
                103.764544389,16.739943969,0
                103.764517696,16.7399490390001,0
                103.764509253,16.73995051,0
                103.764492324,16.7399530600001,0
                103.764483842,16.739954099,0
                103.764475359,16.7399549400001,0
                103.76446688,16.739955519,0
                103.764457728,16.7399557900001,0
                103.764448622,16.7399556440001,0
                103.764439594,16.739955019,0
                103.764432354,16.7399540960001,0
                103.764425221,16.7399528010001,0
                103.764418224,16.739951128,0
                103.7644114,16.7399490550001,0
                103.76440383,16.739946139,0
                103.764396588,16.7399427190001,0
                103.764389738,16.739938862,0
                103.764383368,16.739934588,0
                103.764377625,16.739929885,0
                103.764372687,16.739924708,0
                103.764368816,16.7399189660001,0
                103.764366408,16.7399131810001,0
                103.764364986,16.7399069630001,0
                103.764364435,16.739900441,0
                103.764364693,16.739893716,0
                103.764365824,16.739886352,0
                103.76436777,16.739878646,0
                103.764370256,16.7398708860001,0
                103.764378722,16.73984739,0
                103.764381205,16.7398394910001,0
                103.764382898,16.7398328990001,0
                103.76438417,16.7398263260001,0
                103.764384948,16.739819814,0
                103.764385152,16.7398124310001,0
                103.764384628,16.7398053050001,0
                103.764383394,16.73979855,0
                103.764381401,16.739792337,0
                103.764378547,16.7397868640001,0
                103.764374665,16.739782388,0
                103.76436901,16.739778819,0
                103.764362212,16.739776475,0
                103.764354599,16.739775056,0
                103.764346401,16.7397743390001,0
                103.764337809,16.7397741820001,0
                103.764328963,16.7397744990001,0
                103.764319969,16.739775262,0
                103.764312793,16.73977618,0
                103.764305606,16.739777356,0
                103.764298424,16.739778766,0
                103.764289569,16.739780819,0
                103.764280778,16.739783172,0
                103.76427206,16.7397857940001,0
                103.764263432,16.739788688,0
                103.764254659,16.73979196,0
                103.764245981,16.739795456,0
                103.764228846,16.7398028910001,0
                103.764211927,16.7398107010001,0
                103.76419523,16.739818821,0
                103.764186986,16.739823041,0
                103.764178849,16.7398274070001,0
                103.764166865,16.7398343400001,0
                103.764161002,16.7398379910001,0
                103.764153464,16.739842961,0
                103.764138757,16.73985341,0
                103.764124413,16.739864341,0
                103.764117373,16.7398699620001,0
                103.764103923,16.739881274,0
                103.764097506,16.739886943,0
                103.764084852,16.739898489,0
                103.764066205,16.739916195,0
                103.764040928,16.7399409720001,0
                103.764028126,16.7399531350001,0
                103.764021574,16.739959019,0
                103.764014873,16.7399646860001,0
                103.764007719,16.739970237,0
                103.764000336,16.739975424,0
                103.763992709,16.7399801650001,0
                103.763984801,16.739984341,0
                103.763977688,16.739987408,0
                103.763970376,16.7399899930001,0
                103.763962903,16.739992117,0
                103.763955302,16.739993785,0
                103.763947595,16.7399949640001,0
                103.763940557,16.739995568,0
                103.763933467,16.7399957860001,0
                103.763926345,16.7399956580001,0
                103.763919205,16.7399952060001,0
                103.763911786,16.7399944220001,0
                103.76390437,16.7399933630001,0
                103.763896966,16.7399920780001,0
                103.763889577,16.7399906040001,0
                103.763882216,16.739988958,0
                103.763873665,16.739986849,0
                103.763856654,16.7399822040001,0
                103.763831267,16.739974728,0
                103.763780688,16.73995939,0
                103.763747137,16.7399488630001,0
                103.763730009,16.7399430620001,0
                103.763712535,16.7399366920001,0
                103.763703855,16.739933364,0
                103.763687219,16.739926655,0
                103.763662507,16.73991605,0
                103.763646217,16.7399086080001,0
                103.763630161,16.7399007450001,0
                103.763610008,16.739890098,0
                103.763596493,16.7398832760001,0
                103.763590158,16.739880385,0
                103.763583745,16.7398777070001,0
                103.763577252,16.7398752660001,0
                103.763570669,16.7398731110001,0
                103.763562923,16.7398710140001,0
                103.76355507,16.7398693430001,0
                103.763547139,16.739868094,0
                103.763538254,16.739867213,0
                103.763529316,16.7398668610001,0
                103.763520359,16.739867046,0
                103.76351184,16.739867729,0
                103.763503326,16.7398688100001,0
                103.763494814,16.739870169,0
                103.763486307,16.739871727,0
                103.763452293,16.739878629,0
                103.763435266,16.7398817540001,0
                103.763426734,16.7398830380001,0
                103.763418185,16.739884024,0
                103.76341043,16.7398846,0
                103.763402667,16.7398848560001,0
                103.763394901,16.7398847920001,0
                103.763386176,16.739884332,0
                103.763377457,16.7398835600001,0
                103.763351253,16.7398805020001,0
                103.763333543,16.739878721,0
                103.763315598,16.7398774910001,0
                103.76328858,16.739876273,0
                103.763261553,16.739875667,0
                103.763243625,16.739875843,0
                103.763234729,16.7398762560001,0
                103.763225908,16.7398769960001,0
                103.763217255,16.7398781570001,0
                103.763208746,16.7398797860001,0
                103.763200441,16.7398819480001,0
                103.763192391,16.7398847260001,0
                103.763184669,16.7398881450001,0
                103.763177359,16.739892271,0
                103.763171902,16.739896092,0
                103.763166731,16.739900327,0
                103.763161803,16.7399048980001,0
                103.763157097,16.7399097430001,0
                103.763151874,16.7399156330001,0
                103.763136894,16.739933894,0
                103.76313183,16.7399397840001,0
                103.763126571,16.7399453680001,0
                103.763121021,16.739950494,0
                103.763115042,16.7399549720001,0
                103.763108498,16.739958684,0
                103.763101496,16.73996169,0
                103.763094152,16.7399641220001,0
                103.763086544,16.739966065,0
                103.763078733,16.739967575,0
                103.763070762,16.7399686690001,0
                103.763062089,16.739969393,0
                103.76305331,16.739969763,0
                103.763044468,16.7399698720001,0
                103.76303557,16.7399698080001,0
                103.763017701,16.7399693560001,0
                103.762990808,16.7399682970001,0
                103.762972886,16.7399674220001,0
                103.762955032,16.7399662890001,0
                103.762946159,16.7399655340001,0
                103.762937342,16.73996458,0
                103.762928611,16.7399633310001,0
                103.762920002,16.7399616820001,0
                103.762912207,16.7399597130001,0
                103.762904552,16.7399573430001,0
                103.762897052,16.7399546190001,0
                103.76288973,16.739951552,0
                103.762882629,16.7399481250001,0
                103.762875807,16.7399442890001,0
                103.762869344,16.7399399820001,0
                103.762862655,16.7399345480001,0
                103.762856444,16.7399285440001,0
                103.762850656,16.739922085,0
                103.76284528,16.739915232,0
                103.762840219,16.7399079090001,0
                103.762835483,16.739900316,0
                103.762830977,16.7398925420001,0
                103.762826627,16.739884643,0
                103.762818221,16.739868631,0
                103.762777378,16.7397878630001,0
                103.762764953,16.7397637330001,0
                103.76275674,16.7397481900001,0
                103.762744157,16.7397250180001,0
                103.762735489,16.7397097740001,0
                103.762731004,16.739702279,0
                103.762726354,16.7396949280001,0
                103.762721475,16.7396877850001,0
                103.762716276,16.739680924,0
                103.762710647,16.7396744650001,0
                103.7627048,16.739668787,0
                103.762698536,16.739663514,0
                103.762691945,16.739658601,0
                103.762685077,16.7396540190001,0
                103.76267797,16.739649785,0
                103.762670633,16.7396459300001,0
                103.76266306,16.739642535,0
                103.76265521,16.7396396570001,0
                103.762647162,16.739637261,0
                103.76263895,16.739635278,0
                103.762630618,16.7396336950001,0
                103.762621944,16.7396324630001,0
                103.762613193,16.7396315610001,0
                103.762604389,16.739630913,0
                103.762595552,16.739630472,0
                103.762586691,16.7396302270001,0
                103.762577817,16.739630161,0
                103.762568578,16.7396302940001,0
                103.762559338,16.739630575,0
                103.762540846,16.739631408,0
                103.762503853,16.7396334760001,0
                103.762466884,16.7396357550001,0
                103.762448506,16.739637239,0
                103.762439391,16.739638202,0
                103.762430361,16.739639416,0
                103.762421457,16.7396409790001,0
                103.762413467,16.739642808,0
                103.762405655,16.7396450310001,0
                103.762398068,16.7396476490001,0
                103.762390759,16.739650711,0
                103.762383823,16.7396542970001,0
                103.762377371,16.739658524,0
                103.762371004,16.739663944,0
                103.762365184,16.7396700640001,0
                103.762359769,16.739676697,0
                103.762354639,16.7396836930001,0
                103.762349717,16.7396909500001,0
                103.762344939,16.7396983890001,0
                103.76233565,16.7397135890001,0
                103.762308372,16.73975999,0
                103.762299133,16.739775342,0
                103.762289558,16.739790364,0
                103.762284543,16.7397976410001,0
                103.762279292,16.739804667,0
                103.762273706,16.7398113400001,0
                103.762267667,16.739817519,0
                103.76226095,16.739823159,0
                103.762253742,16.7398281970001,0
                103.76224613,16.7398326590001,0
                103.762238177,16.7398365340001,0
                103.762229913,16.73983974,0
                103.762223868,16.739841547,0
                103.762217687,16.739842975,0
                103.762211409,16.739844035,0
                103.762202427,16.739844932,0
                103.762193329,16.7398452730001,0
                103.76218415,16.7398451920001,0
                103.762174926,16.739844788,0
                103.762166107,16.7398441490001,0
                103.762148438,16.739842363,0
                103.762130795,16.7398400980001,0
                103.762121993,16.739838806,0
                103.762105343,16.7398360180001,0
                103.762088799,16.739832849,0
                103.762072418,16.7398292300001,0
                103.762064317,16.739827169,0
                103.762056309,16.7398248710001,0
                103.762048065,16.739822154,0
                103.762039949,16.7398191240001,0
                103.76203198,16.739815789,0
                103.762024176,16.7398121160001,0
                103.762016459,16.739808026,0
                103.762008922,16.739803621,0
                103.762001542,16.7397989520001,0
                103.761994319,16.7397940440001,0
                103.761987259,16.739788898,0
                103.761980052,16.739783269,0
                103.761972994,16.739777438,0
                103.761959167,16.739765409,0
                103.761925168,16.739734603,0
                103.761911468,16.7397224000001,0
                103.761897478,16.73971055,0
                103.761884904,16.7397007320001,0
                103.76187195,16.7396914460001,0
                103.761865316,16.739687052,0
                103.761858551,16.739682873,0
                103.761850714,16.739678457,0
                103.761842667,16.739674425,0
                103.761835252,16.739671157,0
                103.76182769,16.7396681910001,0
                103.761820008,16.7396654840001,0
                103.761812229,16.739663019,0
                103.761804358,16.739660799,0
                103.761795867,16.739658696,0
                103.761787298,16.7396568120001,0
                103.761770031,16.739653493,0
                103.761752648,16.7396505740001,0
                103.761735207,16.7396479660001,0
                103.761717705,16.739645744,0
                103.761708931,16.739644847,0
                103.761699965,16.7396441170001,0
                103.761681979,16.7396430950001,0
                103.761654893,16.7396421620001,0
                103.761591379,16.7396406550001,0
                103.761573356,16.7396398240001,0
                103.761564466,16.739639159,0
                103.76155571,16.7396382260001,0
                103.761547165,16.7396369050001,0
                103.761538915,16.7396350500001,0
                103.7615311,16.7396324580001,0
                103.761523657,16.7396288360001,0
                103.761516893,16.739624319,0
                103.761510928,16.7396189940001,0
                103.761505953,16.7396128670001,0
                103.761502508,16.739606746,0
                103.76149992,16.739600108,0
                103.761498089,16.739593089,0
                103.761496981,16.7395857860001,0
                103.761496572,16.739578179,0
                103.761496762,16.739570428,0
                103.761497428,16.7395625840001,0
                103.761498569,16.739554116,0
                103.761500013,16.7395456100001,0
                103.761504906,16.739520097,0
                103.761506351,16.739511631,0
                103.761507498,16.739503213,0
                103.761508197,16.739494855,0
                103.761508253,16.7394865790001,0
                103.761507801,16.739480821,0
                103.761506925,16.7394751350001,0
                103.761505621,16.7394695410001,0
                103.761503614,16.7394633050001,0
                103.761501072,16.739457234,0
                103.761498222,16.7394517120001,0
                103.761494978,16.7394463520001,0
                103.761490299,16.739439695,0
                103.76148518,16.739433247,0
                103.761479761,16.7394269370001,0
                103.761474134,16.739420721,0
                103.76145676,16.7394022350001,0
                103.761445373,16.739389708,0
                103.761439908,16.739383263,0
                103.761434412,16.7393763060001,0
                103.761429178,16.7393691620001,0
                103.761424225,16.7393618310001,0
                103.761418535,16.739352561,0
                103.761414635,16.739345643,0
                103.761403454,16.7393246840001,0
                103.761399634,16.7393178140001,0
                103.761395614,16.739311124,0
                103.761391295,16.7393046890001,0
                103.761387047,16.7392991900001,0
                103.761382452,16.739294032,0
                103.761377483,16.739289275,0
                103.761371466,16.739284497,0
                103.761365028,16.7392802790001,0
                103.761358248,16.739276596,0
                103.761351178,16.739273483,0
                103.761343843,16.7392710070001,0
                103.761336381,16.739269268,0
                103.761328744,16.7392681600001,0
                103.76132099,16.7392676320001,0
                103.761313156,16.7392676690001,0
                103.761305094,16.7392682880001,0
                103.76129701,16.739269372,0
                103.761288917,16.739270812,0
                103.761280826,16.739272522,0
                103.761272749,16.739274435,0
                103.761256639,16.7392787100001,0
                103.761216959,16.739290259,0
                103.761208999,16.739292349,0
                103.761201,16.7392942290001,0
                103.761193321,16.7392957810001,0
                103.761185604,16.73929709,0
                103.761177852,16.7392981620001,0
                103.761170071,16.7392989860001,0
                103.761160984,16.739299615,0
                103.761151877,16.7392999480001,0
                103.761142758,16.7393000280001,0
                103.761133633,16.739299874,0
                103.761124512,16.739299494,0
                103.761115985,16.7392989200001,0
                103.761107477,16.739298148,0
                103.761098982,16.739297186,0
                103.761090511,16.739296026,0
                103.76108147,16.739294549,0
                103.761063465,16.739291058,0
                103.76104554,16.7392870690001,0
                103.761027695,16.739282695,0
                103.761003008,16.739276298,0
                103.760994759,16.7392743080001,0
                103.760986478,16.739272525,0
                103.760978208,16.739271031,0
                103.760969904,16.7392698260001,0
                103.760961575,16.7392689230001,0
                103.760953231,16.7392683630001,0
                103.760945644,16.7392681920001,0
                103.760938061,16.7392683350001,0
                103.760930509,16.7392687890001,0
                103.760922914,16.7392695730001,0
                103.760915388,16.739270676,0
                103.760907949,16.739272118,0
                103.760900633,16.7392739370001,0
                103.760892609,16.7392764800001,0
                103.760884828,16.739279562,0
                103.76087735,16.7392832,0
                103.760871611,16.7392865690001,0
                103.760866129,16.7392903190001,0
                103.760860933,16.739294455,0
                103.760854972,16.7393000280001,0
                103.760849369,16.739306034,0
                103.760844016,16.7393123590001,0
                103.760838837,16.739318892,0
                103.760818488,16.739345637,0
                103.760813187,16.739352141,0
                103.760807679,16.7393584110001,0
                103.76080194,16.73936443,0
                103.760795954,16.7393701340001,0
                103.760789674,16.7393754440001,0
                103.76078304,16.739380253,0
                103.760776025,16.73938444,0
                103.76076867,16.739388089,0
                103.760761049,16.7393912530001,0
                103.760753217,16.7393939620001,0
                103.760745204,16.7393961980001,0
                103.760736918,16.7393979620001,0
                103.760728531,16.73939927,0
                103.760720088,16.739400172,0
                103.760711625,16.739400674,0
                103.760703194,16.7394007520001,0
                103.760694829,16.739400319,0
                103.76068658,16.7393992660001,0
                103.760678279,16.73939742,0
                103.760670166,16.7393948770001,0
                103.760662276,16.739391724,0
                103.760654662,16.739387993,0
                103.760647379,16.7393836630001,0
                103.760640345,16.7393786160001,0
                103.760633618,16.7393730970001,0
                103.760614067,16.739355468,0
                103.760607423,16.739349718,0
                103.760600528,16.7393442750001,0
                103.760593679,16.739339494,0
                103.760586575,16.7393350250001,0
                103.76057929,16.739330786,0
                103.760571877,16.7393267030001,0
                103.760549339,16.739314753,0
                103.760536278,16.739307511,0
                103.760525267,16.7393009200001,0
                103.760511379,16.739291875,0
                103.760497881,16.739282299,0
                103.760491164,16.739277209,0
                103.760478002,16.739266715,0
                103.760465133,16.739255939,0
                103.760459105,16.7392507110001,0
                103.76045321,16.7392453620001,0
                103.760447534,16.739239824,0
                103.7604422,16.739234106,0
                103.760437108,16.7392281800001,0
                103.7604322,16.7392221100001,0
                103.760422813,16.7392097310001,0
                103.760413308,16.7391967090001,0
                103.760408243,16.739190152,0
                103.760402894,16.7391840560001,0
                103.760397031,16.7391786750001,0
                103.760391286,16.739174711,0
                103.760385961,16.7391719550001,0
                103.760373209,16.7391681300001,0
                103.760360223,16.739166943,0
                103.760346035,16.739167271,0
                103.760328525,16.7391703530001,0
                103.760276458,16.739183697,0
                103.760243744,16.739191588,0
                103.760211883,16.7392006480001,0
                103.76017858,16.7392124460001,0
                103.760174773,16.7392137910001,0
                103.760162964,16.739220022,0
                103.760143195,16.7392304430001,0
                103.760135397,16.7392349190001,0
                103.760127763,16.7392395700001,0
                103.760120358,16.7392444560001,0
                103.760113271,16.7392496580001,0
                103.760106619,16.739255283,0
                103.760100819,16.739261105,0
                103.760095464,16.7392673310001,0
                103.760090515,16.73927389,0
                103.760085957,16.739280728,0
                103.760081798,16.739287823,0
                103.760078182,16.7392949600001,0
                103.760074964,16.7393022900001,0
                103.760072157,16.739309791,0
                103.760070106,16.739316252,0
                103.760068337,16.7393228010001,0
                103.760066832,16.7393294290001,0
                103.760065577,16.739336119,0
                103.760064446,16.739343879,0
                103.760062834,16.7393595410001,0
                103.76006085,16.739383167,0
                103.760058859,16.7394011000001,0
                103.760056386,16.7394189770001,0
                103.760053433,16.7394367750001,0
                103.760051726,16.73944563,0
                103.760049812,16.7394544310001,0
                103.760047612,16.7394631660001,0
                103.760045219,16.7394713470001,0
                103.760042559,16.7394794630001,0
                103.760039687,16.739487519,0
                103.76003663,16.739495522,0
                103.760033399,16.739503461,0
                103.760029989,16.739511328,0
                103.760026366,16.739519096,0
                103.760022482,16.73952673,0
                103.760018209,16.7395343320001,0
                103.760013641,16.739541752,0
                103.760008816,16.739548976,0
                103.760003724,16.7395559710001,0
                103.759998339,16.739562671,0
                103.759992607,16.739568982,0
                103.759986427,16.739574767,0
                103.759980664,16.7395792360001,0
                103.759974527,16.7395831810001,0
                103.759968059,16.739586585,0
                103.759960155,16.7395898140001,0
                103.759951919,16.739592298,0
                103.759944336,16.7395939200001,0
                103.759936599,16.739595023,0
                103.75992792,16.739595701,0
                103.759919146,16.7395959130001,0
                103.75991032,16.739595729,0
                103.759901992,16.7395952320001,0
                103.759893656,16.7395944560001,0
                103.759885338,16.7395934310001,0
                103.759877046,16.739592149,0
                103.759861126,16.7395890240001,0
                103.759829436,16.739582055,0
                103.759821489,16.7395805210001,0
                103.759812528,16.739579043,0
                103.759803531,16.73957784,0
                103.759794496,16.739576949,0
                103.759786166,16.739576416,0
                103.75977781,16.7395761,0
                103.759735876,16.7395756720001,0
                103.759718703,16.739575014,0
                103.759710171,16.739574432,0
                103.759701704,16.739573636,0
                103.759693333,16.7395725580001,0
                103.759685093,16.7395711130001,0
                103.759677042,16.739569181,0
                103.759670356,16.7395670500001,0
                103.75966388,16.739564473,0
                103.759657649,16.7395614440001,0
                103.759650308,16.73955704,0
                103.759643447,16.739551975,0
                103.759637135,16.7395462710001,0
                103.759631845,16.7395404260001,0
                103.759626979,16.7395341480001,0
                103.759622446,16.739527546,0
                103.759618159,16.739520709,0
                103.75961407,16.7395136920001,0
                103.759610141,16.739506545,0
                103.759602678,16.739491962,0
                103.759595088,16.7394758730001,0
                103.75958021,16.739443565,0
                103.759572584,16.739428264,0
                103.759564732,16.7394138350001,0
                103.759560607,16.739406742,0
                103.759556322,16.739399747,0
                103.759551848,16.739392869,0
                103.759546949,16.739385839,0
                103.759541856,16.7393789400001,0
                103.759536603,16.739372143,0
                103.759531225,16.7393654310001,0
                103.759520153,16.739352234,0
                103.759508663,16.7393393580001,0
                103.759502634,16.739332953,0
                103.759478011,16.739307734,0
                103.759465952,16.7392949110001,0
                103.759460653,16.7392889270001,0
                103.759450428,16.73927667,0
                103.759440707,16.7392640460001,0
                103.759436075,16.7392575820001,0
                103.759428282,16.7392457340001,0
                103.759424619,16.7392396760001,0
                103.759420313,16.7392320550001,0
                103.759416229,16.7392243210001,0
                103.759412335,16.739216497,0
                103.75940863,16.7392085970001,0
                103.759405139,16.739200628,0
                103.759401903,16.739192582,0
                103.759398997,16.739184446,0
                103.759397115,16.7391783520001,0
                103.759395488,16.739172201,0
                103.759393777,16.739163966,0
                103.75939256,16.739155661,0
                103.759391875,16.739147308,0
                103.759391745,16.739139618,0
                103.759392077,16.7391319170001,0
                103.75939285,16.7391242510001,0
                103.759393983,16.7391166,0
                103.759395388,16.7391089600001,0
                103.759397018,16.7391013320001,0
                103.759400797,16.739086134,0
                103.75940529,16.7390706480001,0
                103.759412779,16.7390469590001,0
                103.759417525,16.7390311250001,0
                103.759419642,16.7390231530001,0
                103.759421477,16.7390151330001,0
                103.759423017,16.7390067150001,0
                103.759424237,16.738998241,0
                103.759425199,16.7389897190001,0
                103.759425954,16.738981166,0
                103.759426522,16.7389725900001,0
                103.759426902,16.738964009,0
                103.759427072,16.738955429,0
                103.759426986,16.738946872,0
                103.759426568,16.7389383600001,0
                103.759425883,16.738931146,0
                103.759424882,16.7389240040001,0
                103.759423547,16.7389169630001,0
                103.759421836,16.738910058,0
                103.759419686,16.738903334,0
                103.759417746,16.738898475,0
                103.7594155,16.738893768,0
                103.759411773,16.738887409,0
                103.759407471,16.7388814290001,0
                103.759402627,16.7388758760001,0
                103.759397249,16.738870822,0
                103.759391004,16.738866108,0
                103.75938426,16.738861996,0
                103.759377105,16.738858457,0
                103.759369608,16.738855507,0
                103.75936147,16.7388530760001,0
                103.759353084,16.738851197,0
                103.759344521,16.738849745,0
                103.759335657,16.7388486200001,0
                103.759326707,16.7388477640001,0
                103.759308656,16.7388465670001,0
                103.759290506,16.7388457650001,0
                103.759244615,16.7388443560001,0
                103.759226349,16.7388433630001,0
                103.759217357,16.7388425390001,0
                103.759208511,16.738841359,0
                103.759199882,16.738839679,0
                103.759192262,16.7388375890001,0
                103.759184937,16.7388349550001,0
                103.759177968,16.738831771,0
                103.759171447,16.7388279790001,0
                103.759165498,16.7388234920001,0
                103.759159717,16.7388176590001,0
                103.759154581,16.7388110800001,0
                103.7591499,16.738803982,0
                103.75914551,16.7387965350001,0
                103.759132848,16.7387733780001,0
                103.759128405,16.738765729,0
                103.759123697,16.738758294,0
                103.759118609,16.738751182,0
                103.759113004,16.738744538,0
                103.759107481,16.7387391,0
                103.759101518,16.7387340770001,0
                103.759095223,16.7387294000001,0
                103.759088646,16.738725027,0
                103.759081846,16.7387209390001,0
                103.759074843,16.7387171440001,0
                103.759067657,16.7387136680001,0
                103.759060273,16.738710563,0
                103.759051728,16.7387075560001,0
                103.759042987,16.7387049720001,0
                103.759034114,16.7387027030001,0
                103.759025139,16.738700657,0
                103.759016098,16.738698788,0
                103.758997894,16.738695423,0
                103.758974396,16.7386915000001,0
                103.758958784,16.7386887330001,0
                103.758951028,16.738687181,0
                103.758942543,16.7386852820001,0
                103.758934123,16.738683173,0
                103.758925777,16.7386808470001,0
                103.758917509,16.73867828,0
                103.758909347,16.738675449,0
                103.758901263,16.738672395,0
                103.758885299,16.7386657870001,0
                103.758869583,16.738658651,0
                103.758861828,16.7386548870001,0
                103.758854172,16.7386509630001,0
                103.758846642,16.738646842,0
                103.758839269,16.7386424740001,0
                103.758829806,16.738636216,0
                103.758823531,16.73863162,0
                103.758817392,16.738626831,0
                103.758805418,16.7386168640001,0
                103.75878858,16.7386023890001,0
                103.75878288,16.7385977390001,0
                103.758777053,16.73859329,0
                103.758770319,16.7385886330001,0
                103.758763375,16.738584385,0
                103.758756214,16.738580621,0
                103.75874881,16.7385774430001,0
                103.758743023,16.7385754950001,0
                103.758737105,16.738573946,0
                103.758731079,16.738572774,0
                103.758724051,16.738571891,0
                103.75871694,16.738571456,0
                103.75870896,16.7385714600001,0
                103.758700931,16.7385718890001,0
                103.758692886,16.7385726740001,0
                103.758684837,16.7385737930001,0
                103.758676813,16.7385752220001,0
                103.758668365,16.73857708,0
                103.758659972,16.738579257,0
                103.758651638,16.7385817300001,0
                103.758643391,16.7385844940001,0
                103.75863485,16.7385876930001,0
                103.758609486,16.7385980720001,0
                103.758601,16.7386014090001,0
                103.758594348,16.738603825,0
                103.758587659,16.73860604,0
                103.758580925,16.738608002,0
                103.758574142,16.738609646,0
                103.758565602,16.7386111640001,0
                103.758557031,16.7386120470001,0
                103.758550007,16.738612254,0
                103.758543036,16.7386119920001,0
                103.75853517,16.7386111050001,0
                103.758527486,16.7386096290001,0
                103.758520068,16.738607587,0
                103.75851301,16.738604943,0
                103.75850644,16.7386016240001,0
                103.758500527,16.738597488,0
                103.758495118,16.7385921110001,0
                103.758490435,16.7385859,0
                103.758486304,16.738579069,0
                103.758482596,16.738571795,0
                103.758479208,16.7385641980001,0
                103.75847609,16.738556365,0
                103.758473201,16.73854836,0
                103.758470543,16.738540228,0
                103.758468172,16.738532175,0
                103.758466006,16.73852405,0
                103.758464025,16.7385158750001,0
                103.75846223,16.73850766,0
                103.758460655,16.7384994130001,0
                103.758459331,16.7384911280001,0
                103.758458295,16.7384827700001,0
                103.758457497,16.738474383,0
                103.758456881,16.738465978,0
                103.758456027,16.738449147,0
                103.758455528,16.738432308,0
                103.758455395,16.7384154820001,0
                103.758455824,16.7383986940001,0
                103.758456324,16.7383908,0
                103.758457884,16.738375075,0
                103.758458933,16.738367254,0
                103.758460194,16.738359474,0
                103.758461695,16.7383517550001,0
                103.758463727,16.738343163,0
                103.758466121,16.7383346840001,0
                103.758468902,16.7383263410001,0
                103.758472123,16.738318172,0
                103.758475836,16.7383102580001,0
                103.758480061,16.7383025890001,0
                103.758484737,16.7382952300001,0
                103.758489822,16.7382881180001,0
                103.758495254,16.738281237,0
                103.758500997,16.7382746050001,0
                103.75850705,16.7382682460001,0
                103.758513429,16.7382622170001,0
                103.758519068,16.7382574220001,0
                103.758536363,16.738243642,0
                103.758542416,16.738238401,0
                103.75854806,16.7382328890001,0
                103.758553115,16.7382270040001,0
                103.758556911,16.7382214940001,0
                103.758560129,16.738215665,0
                103.758562765,16.7382095560001,0
                103.758564823,16.7382031670001,0
                103.758566338,16.738196584,0
                103.758567511,16.738188624,0
                103.758568156,16.7381805110001,0
                103.758568377,16.73817229,0
                103.758568241,16.738164005,0
                103.75856779,16.7381556730001,0
                103.758567032,16.738147182,0
                103.75856485,16.7381301790001,0
                103.758562089,16.738113202,0
                103.758558866,16.73809629,0
                103.758555036,16.738079199,0
                103.758548521,16.738053268,0
                103.758544367,16.7380359640001,0
                103.75854085,16.738019041,0
                103.758537728,16.738002045,0
                103.758533486,16.7379765000001,0
                103.758530943,16.737959464,0
                103.758529628,16.737949287,0
                103.758528366,16.737935034,0
                103.758527805,16.737920742,0
                103.7585278,16.737913775,0
                103.758528263,16.737899842,0
                103.758529485,16.737884121,0
                103.758531491,16.7378666290001,0
                103.758535091,16.7378404250001,0
                103.758540298,16.737805516,0
                103.75854582,16.7377706460001,0
                103.758550367,16.7377443560001,0
                103.75856302,16.7376743030001,0
                103.758565863,16.7376567690001,0
                103.758567095,16.7376480020001,0
                103.758568121,16.7376392260001,0
                103.758569055,16.737627162,0
                103.758569256,16.7376211320001,0
                103.758569181,16.737612863,0
                103.758568691,16.737604623,0
                103.758567762,16.7375964280001,0
                103.758566889,16.737591031,0
                103.758565806,16.737585666,0
                103.758563777,16.7375774430001,0
                103.758561394,16.737569282,0
                103.758558746,16.737561172,0
                103.758552892,16.7375450650001,0
                103.758546475,16.7375291060001,0
                103.75854298,16.737520966,0
                103.758535725,16.737504788,0
                103.758520669,16.737472655,0
                103.758508952,16.737448774,0
                103.75850077,16.737433265,0
                103.758492149,16.7374182040001,0
                103.758487606,16.73741081,0
                103.758477721,16.7373959180001,0
                103.758467358,16.7373813070001,0
                103.75845132,16.737359698,0
                103.758440286,16.737345428,0
                103.758423304,16.737324196,0
                103.758411777,16.7373102120001,0
                103.758400013,16.7372964580001,0
                103.758393976,16.7372897340001,0
                103.758387783,16.7372831530001,0
                103.75838138,16.7372767840001,0
                103.758375062,16.737270972,0
                103.758368547,16.737265349,0
                103.758361885,16.737259861,0
                103.758348289,16.73724916,0
                103.758299818,16.73721249,0
                103.758279301,16.737196419,0
                103.758259059,16.737179531,0
                103.758206013,16.737133466,0
                103.758192607,16.7371225000001,0
                103.758185804,16.7371173350001,0
                103.758178897,16.73711251,0
                103.758171834,16.737108157,0
                103.758164567,16.737104463,0
                103.758157013,16.737101653,0
                103.758148915,16.737099889,0
                103.758140522,16.737099055,0
                103.758131912,16.7370988980001,0
                103.758123146,16.737099227,0
                103.758114276,16.737099905,0
                103.758096323,16.737101911,0
                103.758041923,16.73710949,0
                103.758023758,16.7371118070001,0
                103.758005595,16.7371136510001,0
                103.757996513,16.737114262,0
                103.757989943,16.737114531,0
                103.757976815,16.7371145720001,0
                103.757969399,16.737114288,0
                103.757961997,16.737113788,0
                103.757954608,16.737113089,0
                103.757945586,16.737111977,0
                103.757927597,16.7371091470001,0
                103.757900695,16.737104131,0
                103.757873844,16.7370987300001,0
                103.757847069,16.737093025,0
                103.757829323,16.7370888740001,0
                103.757812283,16.7370843100001,0
                103.757795948,16.7370793470001,0
                103.757779716,16.737074029,0
                103.757763595,16.7370684260001,0
                103.7577476,16.7370624810001,0
                103.757730756,16.7370556590001,0
                103.757714093,16.7370484320001,0
                103.757697632,16.7370408080001,0
                103.757689501,16.7370368140001,0
                103.757681456,16.7370326550001,0
                103.757673452,16.737028283,0
                103.757649673,16.7370147670001,0
                103.757641688,16.737010399,0
                103.757633558,16.7370062110001,0
                103.757625321,16.737002268,0
                103.757616979,16.7369985990001,0
                103.757608515,16.736995279,0
                103.757599903,16.736992404,0
                103.757593098,16.7369905420001,0
                103.757586202,16.7369889930001,0
                103.757579234,16.7369877260001,0
                103.757572203,16.736986743,0
                103.757563033,16.7369858640001,0
                103.757553796,16.7369853430001,0
                103.757544515,16.736985084,0
                103.757535201,16.736985025,0
                103.757525867,16.7369851180001,0
                103.757501461,16.7369857,0
                103.757485234,16.736985813,0
                103.757477161,16.7369856030001,0
                103.757468138,16.736985036,0
                103.757459189,16.7369840530001,0
                103.757450359,16.736982567,0
                103.757443528,16.7369809850001,0
                103.757436801,16.7369790590001,0
                103.757430178,16.736976805,0
                103.757422695,16.736973827,0
                103.757415354,16.7369705040001,0
                103.75740815,16.736966889,0
                103.757401084,16.736963023,0
                103.757394186,16.736958906,0
                103.757387482,16.736954531,0
                103.757381028,16.7369498580001,0
                103.757374893,16.73694483,0
                103.757369107,16.7369393710001,0
                103.757363644,16.7369335660001,0
                103.757358451,16.7369274980001,0
                103.757353473,16.736921227,0
                103.757348687,16.736914789,0
                103.757344089,16.7369082070001,0
                103.757339689,16.736901495,0
                103.757335511,16.7368946460001,0
                103.757331703,16.7368878610001,0
                103.757328136,16.736880958,0
                103.757324818,16.7368739360001,0
                103.757321778,16.7368667960001,0
                103.757318658,16.736858507,0
                103.757315843,16.7368500910001,0
                103.757310797,16.736833023,0
                103.75729941,16.736789849,0
                103.757294619,16.736772698,0
                103.757291996,16.7367642410001,0
                103.757289127,16.7367559250001,0
                103.757285909,16.736747806,0
                103.757282197,16.7367399770001,0
                103.7572785,16.7367335280001,0
                103.757274362,16.7367273900001,0
                103.757269807,16.7367215830001,0
                103.757264836,16.7367161720001,0
                103.757259419,16.7367112320001,0
                103.757252777,16.736706342,0
                103.757245628,16.736702117,0
                103.757238074,16.736698538,0
                103.757230158,16.736695642,0
                103.757222093,16.736693503,0
                103.757213798,16.736691923,0
                103.757205337,16.736690776,0
                103.757196762,16.736689955,0
                103.757188109,16.7366893980001,0
                103.757179405,16.736689067,0
                103.757170665,16.73668894,0
                103.757161402,16.7366890280001,0
                103.757142844,16.7366896680001,0
                103.757115014,16.7366913290001,0
                103.757059405,16.736695813,0
                103.75705021,16.7366963910001,0
                103.757041066,16.736696786,0
                103.757032,16.73669691,0
                103.757023041,16.7366966390001,0
                103.757014232,16.73669582,0
                103.757005629,16.736694243,0
                103.756997566,16.7366918330001,0
                103.756989728,16.7366886790001,0
                103.756982072,16.736684944,0
                103.7569746,16.736680736,0
                103.756967306,16.7366761270001,0
                103.756960218,16.7366711440001,0
                103.756953364,16.7366658170001,0
                103.756946681,16.736660221,0
                103.75694012,16.736654437,0
                103.756927224,16.7366425440001,0
                103.756908005,16.736624487,0
                103.756894998,16.7366126680001,0
                103.756888095,16.73660669,0
                103.756874013,16.7365950760001,0
                103.75685955,16.7365839450001,0
                103.756852144,16.736578604,0
                103.756844802,16.7365735860001,0
                103.756829829,16.7365639450001,0
                103.756814607,16.7365546520001,0
                103.756791484,16.736541151,0
                103.756775853,16.736532508,0
                103.756767939,16.7365283550001,0
                103.756759915,16.7365243350001,0
                103.75674368,16.7365166160001,0
                103.756727306,16.7365091390001,0
                103.756694368,16.736494441,0
                103.756669569,16.73648353,0
                103.756652947,16.736476414,0
                103.756644587,16.73647297,0
                103.756629167,16.7364669720001,0
                103.756613568,16.7364615180001,0
                103.756605692,16.7364590820001,0
                103.756597743,16.7364569260001,0
                103.75658961,16.73645509,0
                103.756581416,16.736453603,0
                103.756573175,16.736452464,0
                103.756564905,16.736451695,0
                103.756557296,16.7364513480001,0
                103.756549699,16.7364513380001,0
                103.75654213,16.7364516660001,0
                103.756534622,16.7364523530001,0
                103.756527193,16.7364534490001,0
                103.756518745,16.7364552980001,0
                103.75651049,16.7364577280001,0
                103.756502463,16.7364607260001,0
                103.756494742,16.736464325,0
                103.756487995,16.7364681940001,0
                103.756481584,16.736472583,0
                103.756475536,16.7364774600001,0
                103.756469463,16.736483224,0
                103.756463747,16.7364894130001,0
                103.756458291,16.7364959080001,0
                103.756453028,16.736502623,0
                103.756442857,16.7365164500001,0
                103.756413193,16.736558927,0
                103.756397857,16.7365801830001,0
                103.756387337,16.736594258,0
                103.75637663,16.736608156,0
                103.75636562,16.736621696,0
                103.756359935,16.7366282180001,0
                103.756354066,16.736634474,0
                103.756347941,16.7366403570001,0
                103.756341479,16.7366457160001,0
                103.75633452,16.736650442,0
                103.756327177,16.736654425,0
                103.756319505,16.736657585,0
                103.756312293,16.736659645,0
                103.756304896,16.736660875,0
                103.756296284,16.736661204,0
                103.756288425,16.736660606,0
                103.756280522,16.7366593460001,0
                103.756272592,16.736657587,0
                103.756264662,16.73665544,0
                103.756256744,16.736652991,0
                103.756248847,16.736650293,0
                103.756240991,16.736647378,0
                103.756232436,16.7366439520001,0
                103.756223945,16.736640331,0
                103.756207145,16.736632629,0
                103.756177589,16.736617966,0
                103.756162795,16.7366108310001,0
                103.756155331,16.736607474,0
                103.756147793,16.736604345,0
                103.75614015,16.7366015150001,0
                103.756132403,16.736599026,0
                103.75612542,16.736597132,0
                103.756118364,16.7365955330001,0
                103.756111241,16.736594215,0
                103.756102778,16.7365930170001,0
                103.756094257,16.7365921370001,0
                103.756085701,16.73659151,0
                103.756077117,16.736591086,0
                103.756068528,16.7365908520001,0
                103.756059945,16.736590806,0
                103.75605138,16.736590977,0
                103.75604285,16.736591404,0
                103.756034379,16.736592154,0
                103.756027158,16.736593123,0
                103.756020015,16.736594396,0
                103.756012959,16.7365959970001,0
                103.756006025,16.736597955,0
                103.755999426,16.7366002260001,0
                103.75599297,16.73660284,0
                103.755986654,16.736605776,0
                103.755980505,16.736609027,0
                103.75597402,16.7366128950001,0
                103.755948649,16.736629566,0
                103.755941334,16.736633903,0
                103.755933829,16.7366379480001,0
                103.755926144,16.736641677,0
                103.755917745,16.736645305,0
                103.755909193,16.736648626,0
                103.755900523,16.7366517150001,0
                103.75589177,16.7366546210001,0
                103.755874078,16.736659973,0
                103.755865163,16.736662423,0
                103.755856206,16.736664681,0
                103.755847205,16.7366667000001,0
                103.755839902,16.7366681080001,0
                103.755832569,16.736669292,0
                103.755825216,16.736670223,0
                103.755817842,16.736670862,0
                103.755809501,16.7366711760001,0
                103.75580115,16.7366711080001,0
                103.75579281,16.736670696,0
                103.755784489,16.736669964,0
                103.755776208,16.7366688980001,0
                103.755767982,16.736667461,0
                103.75575935,16.7366655020001,0
                103.755750789,16.7366631800001,0
                103.755742278,16.736660596,0
                103.75572535,16.7366549160001,0
                103.755708506,16.7366488600001,0
                103.755666492,16.7366333030001,0
                103.755649652,16.7366272470001,0
                103.755632739,16.736621585,0
                103.755624237,16.736619014,0
                103.755615682,16.736616719,0
                103.755607065,16.736614796,0
                103.755600014,16.7366135840001,0
                103.755592924,16.7366126790001,0
                103.7555858,16.7366120780001,0
                103.755578655,16.7366117830001,0
                103.755570616,16.736611838,0
                103.755562573,16.7366122670001,0
                103.755554542,16.736613047,0
                103.755546013,16.736614253,0
                103.75553751,16.7366157660001,0
                103.755529031,16.736617516,0
                103.755520572,16.736619456,0
                103.755503738,16.736623797,0
                103.755486506,16.7366288320001,0
                103.755469348,16.736634195,0
                103.755400825,16.7366565670001,0
                103.755383641,16.73666202,0
                103.755366409,16.7366670910001,0
                103.75535778,16.7366693500001,0
                103.755349138,16.7366713120001,0
                103.75534057,16.7366728530001,0
                103.755332023,16.736673906,0
                103.755323526,16.736674355,0
                103.755318187,16.736674248,0
                103.7553129,16.7366738110001,0
                103.755306377,16.7366727400001,0
                103.755300008,16.736671103,0
                103.755293825,16.7366688880001,0
                103.755287859,16.7366661460001,0
                103.755282137,16.7366628890001,0
                103.755275139,16.736657967,0
                103.755268495,16.7366524190001,0
                103.755262107,16.736646428,0
                103.755255902,16.736640122,0
                103.755243853,16.7366269250001,0
                103.755226216,16.736606475,0
                103.755179638,16.736551471,0
                103.755167839,16.7365379930001,0
                103.755155756,16.736524955,0
                103.755149521,16.7365187390001,0
                103.755143084,16.7365128490001,0
                103.755136368,16.736507406,0
                103.755129269,16.736502586,0
                103.755121552,16.736498469,0
                103.755113419,16.736495087,0
                103.755104965,16.7364923710001,0
                103.755096256,16.736490309,0
                103.755087418,16.7364889090001,0
                103.755078429,16.7364879990001,0
                103.755069332,16.736487438,0
                103.755050952,16.736486929,0
                103.75502324,16.736486578,0
                103.755014024,16.7364863220001,0
                103.755004845,16.736485875,0
                103.754995721,16.736485153,0
                103.754988642,16.736484338,0
                103.754981619,16.7364832750001,0
                103.754974663,16.7364819530001,0
                103.754966208,16.7364799210001,0
                103.754957909,16.736477436,0
                103.754949795,16.7364744500001,0
                103.754941651,16.736470835,0
                103.754933665,16.736466809,0
                103.75490998,16.736453854,0
                103.754902336,16.7364498700001,0
                103.754894603,16.736446051,0
                103.754886786,16.7364424100001,0
                103.75487888,16.7364389730001,0
                103.754870878,16.736435796,0
                103.754862762,16.7364329370001,0
                103.754856606,16.7364310460001,0
                103.754850381,16.736429378,0
                103.754844092,16.7364279230001,0
                103.75483552,16.736426296,0
                103.754826871,16.7364249680001,0
                103.754818167,16.736423862,0
                103.754800649,16.736422071,0
                103.754747837,16.736417729,0
                103.754721537,16.736415118,0
                103.754704155,16.7364127920001,0
                103.754695536,16.736411333,0
                103.754675171,16.736407206,0
                103.754668367,16.736405925,0
                103.754660675,16.73640471,0
                103.754652942,16.736403712,0
                103.754637364,16.7364022740001,0
                103.754621699,16.736401508,0
                103.754613094,16.736401378,0
                103.75460448,16.736401433,0
                103.754587263,16.736402001,0
                103.754578675,16.7364025150001,0
                103.754570114,16.7364032040001,0
                103.754561591,16.7364041220001,0
                103.754553127,16.736405317,0
                103.75454523,16.7364067620001,0
                103.754537416,16.73640851,0
                103.754529698,16.7364105680001,0
                103.75452211,16.736412956,0
                103.754514676,16.736415719,0
                103.754506922,16.736419138,0
                103.754499394,16.7364229940001,0
                103.754492091,16.736427237,0
                103.75448503,16.7364318480001,0
                103.754479967,16.7364355030001,0
                103.754475048,16.736439321,0
                103.754462352,16.7364498040001,0
                103.754455938,16.7364548240001,0
                103.754450927,16.736458333,0
                103.754445754,16.736461521,0
                103.754440393,16.7364643220001,0
                103.754433786,16.7364670440001,0
                103.754426938,16.7364690810001,0
                103.754419806,16.7364704350001,0
                103.754412509,16.7364711810001,0
                103.754405097,16.7364714240001,0
                103.754397604,16.73647125,0
                103.754390065,16.736470694,0
                103.754382507,16.7364697730001,0
                103.754374912,16.736468497,0
                103.754367333,16.736466928,0
                103.754359776,16.736465115,0
                103.754352243,16.7364631030001,0
                103.754344742,16.7364609140001,0
                103.754337288,16.7364585440001,0
                103.754328518,16.7364555240001,0
                103.75431113,16.7364490030001,0
                103.754293868,16.7364421460001,0
                103.75420809,16.7364070790001,0
                103.754173718,16.736393401,0
                103.75415641,16.736386914,0
                103.754139667,16.736381153,0
                103.754122747,16.736375955,0
                103.754114204,16.736373633,0
                103.754105804,16.7363715870001,0
                103.754088872,16.736367971,0
                103.754005762,16.7363521950001,0
                103.753989543,16.7363492700001,0
                103.753972778,16.7363465650001,0
                103.753947548,16.736342961,0
                103.753922251,16.736339867,0
                103.753904994,16.736338233,0
                103.753887363,16.736337044,0
                103.75387855,16.73633663,0
                103.75386095,16.736336243,0
                103.753852173,16.736336351,0
                103.7538431,16.736336758,0
                103.753834072,16.7363374990001,0
                103.753825106,16.7363386160001,0
                103.753817416,16.7363399340001,0
                103.75380979,16.7363415470001,0
                103.753802237,16.736343434,0
                103.753784297,16.7363486030001,0
                103.753775976,16.7363508500001,0
                103.753759134,16.736354867,0
                103.753742113,16.7363584280001,0
                103.753724975,16.736361608,0
                103.753707761,16.736364376,0
                103.753699124,16.736365553,0
                103.753690462,16.736366537,0
                103.753681824,16.736367291,0
                103.7536645,16.73636829,0
                103.753647129,16.736368849,0
                103.753621046,16.7363691530001,0
                103.753603657,16.7363689960001,0
                103.753586168,16.7363683940001,0
                103.753568579,16.736367371,0
                103.753498271,16.7363621480001,0
                103.753472271,16.7363606660001,0
                103.753455445,16.736360044,0
                103.753430193,16.7363595050001,0
                103.753413368,16.7363594560001,0
                103.753396557,16.7363598170001,0
                103.753380209,16.7363607120001,0
                103.753363885,16.736362017,0
                103.753347587,16.736363624,0
                103.753320901,16.7363665560001,0
                103.753303288,16.7363681030001,0
                103.753285839,16.736369154,0
                103.753233435,16.736371607,0
                103.75321602,16.7363728650001,0
                103.753207342,16.7363737420001,0
                103.753198213,16.7363748940001,0
                103.753189102,16.736376249,0
                103.753170933,16.7363793320001,0
                103.75312555,16.736387666,0
                103.753107336,16.7363906200001,0
                103.753098512,16.7363918240001,0
                103.75308081,16.7363937870001,0
                103.753063934,16.7363950870001,0
                103.753047904,16.736395799,0
                103.753031866,16.736396029,0
                103.753023856,16.7363959300001,0
                103.753015856,16.7363956460001,0
                103.75300763,16.736395128,0
                103.752991224,16.73639351,0
                103.75297489,16.7363912370001,0
                103.752966938,16.7363898790001,0
                103.75295112,16.7363867290001,0
                103.752943256,16.736384936,0
                103.752926111,16.7363805140001,0
                103.752900573,16.736373171,0
                103.75279884,16.7363422440001,0
                103.752773441,16.7363340960001,0
                103.752756479,16.736328331,0
                103.752739621,16.7363222980001,0
                103.752722941,16.7363158640001,0
                103.752705988,16.736308593,0
                103.752689301,16.736300767,0
                103.752673426,16.7362926330001,0
                103.752658312,16.73628431,0
                103.752635882,16.736271393,0
                103.752613649,16.73625816,0
                103.752598981,16.73624912,0
                103.752584539,16.7362397680001,0
                103.752577107,16.7362346840001,0
                103.75256246,16.736224228,0
                103.752519052,16.7361921040001,0
                103.752504445,16.736181575,0
                103.752497053,16.736176437,0
                103.752482919,16.736167042,0
                103.752461342,16.736153469,0
                103.752446223,16.7361443350001,0
                103.752423385,16.7361308590001,0
                103.752385069,16.7361088120001,0
                103.752353854,16.73609155,0
                103.752275484,16.7360489340001,0
                103.7522443,16.7360316080001,0
                103.752228295,16.736022382,0
                103.752204459,16.736008258,0
                103.752188697,16.735998657,0
                103.752173331,16.7359890280001,0
                103.752150528,16.735974281,0
                103.752135539,16.7359642070001,0
                103.752128143,16.735959064,0
                103.752087021,16.735928969,0
                103.752066086,16.735914286,0
                103.752043769,16.73589937,0
                103.752021244,16.735884701,0
                103.751983519,16.735860491,0
                103.751953107,16.7358414610001,0
                103.751937319,16.73583196,0
                103.751889707,16.7358038360001,0
                103.751866602,16.735789749,0
                103.751801077,16.7357479130001,0
                103.751752182,16.7357174750001,0
                103.751737696,16.7357080470001,0
                103.751715077,16.7356926190001,0
                103.751632964,16.7356348650001,0
                103.751617954,16.7356244800001,0
                103.751602818,16.7356142790001,0
                103.751587722,16.735604595,0
                103.751572686,16.735595414,0
                103.751511862,16.7355596350001,0
                103.751496736,16.7355505830001,0
                103.751481771,16.735541288,0
                103.751462202,16.7355283090001,0
                103.751449411,16.735519315,0
                103.751443099,16.7355147060001,0
                103.751429244,16.735504142,0
                103.751415589,16.7354933290001,0
                103.751395279,16.7354768880001,0
                103.751368346,16.735454799,0
                103.751320825,16.73541527,0
                103.751307031,16.735404132,0
                103.7512931,16.735393141,0
                103.751271982,16.7353769260001,0
                103.75125845,16.735366931,0
                103.751238974,16.735353183,0
                103.751225788,16.735344298,0
                103.751219114,16.7353399670001,0
                103.751203471,16.7353302820001,0
                103.751187634,16.7353208810001,0
                103.751139811,16.7352931130001,0
                103.751123943,16.7352837490001,0
                103.751108337,16.7352742480001,0
                103.751092995,16.735264623,0
                103.751062491,16.735245091,0
                103.750994058,16.735200848,0
                103.750940986,16.7351662240001,0
                103.75091159,16.735146292,0
                103.750831871,16.7350909570001,0
                103.750809896,16.7350762030001,0
                103.750788817,16.735062876,0
                103.750774563,16.735054313,0
                103.750767369,16.7350501560001,0
                103.750752793,16.735042191,0
                103.750745376,16.7350384540001,0
                103.750737946,16.7350349710001,0
                103.750722854,16.7350284460001,0
                103.750691885,16.7350157970001,0
                103.750675792,16.735009061,0
                103.750651818,16.7349985810001,0
                103.750643902,16.7349949420001,0
                103.750628077,16.7349873250001,0
                103.750573141,16.7349597790001,0
                103.750557276,16.7349522580001,0
                103.750549041,16.7349485720001,0
                103.75053243,16.734941496,0
                103.750515698,16.7349346670001,0
                103.750440269,16.7349089100001,0
                103.750404148,16.7348980560001,0
                103.750373536,16.73488603,0
                103.750236508,16.7348403400001,0
                103.750214298,16.7348379810001,0
                103.750198129,16.7348387640001,0
                103.750180377,16.734844509,0
                103.750163592,16.734854748,0
                103.750155742,16.7348607070001,0
                103.75012178,16.734886499,0
                103.750099208,16.734903848,0
                103.750084478,16.734911164,0
                103.750070128,16.734916421,0
                103.750049377,16.734921415,0
                103.750024327,16.7349248630001,0
                103.749996228,16.734925511,0
                103.749976571,16.7349230940001,0
                103.749947366,16.7349135050001,0
                103.749928053,16.7349055760001,0
                103.749918962,16.7349018470001,0
                103.749895697,16.7348912960001,0
                103.749868518,16.73487756,0
                103.749843333,16.734858436,0
                103.749822781,16.734837156,0
                103.749808691,16.7348185970001,0
                103.74979701,16.734794236,0
                103.749787286,16.7347800970001,0
                103.749775567,16.7347713350001,0
                103.749758272,16.7347610620001,0
                103.749744929,16.7347556230001,0
                103.749728709,16.7347543560001,0
                103.74971007,16.7347584770001,0
                103.74970151,16.734761667,0
                103.749650133,16.734780793,0
                103.749620997,16.734791317,0
                103.749593487,16.734798518,0
                103.749568897,16.73480319,0
                103.749554025,16.734804764,0
                103.749532291,16.7348044440001,0
                103.749504931,16.7348005590001,0
                103.749479586,16.7347921160001,0
                103.749452822,16.734777955,0
                103.749430731,16.734763276,0
                103.749416338,16.7347496510001,0
                103.749407495,16.734736721,0
                103.749399892,16.734722119,0
                103.749393555,16.7347070770001,0
                103.749390672,16.734694006,0
                103.749389501,16.734667388,0
                103.749398459,16.7345444150001,0
                103.749403714,16.7344642520001,0
                103.749402657,16.734438826,0
                103.749399611,16.7344191920001,0
                103.749393628,16.7344012660001,0
                103.749386015,16.734386258,0
                103.749377608,16.7343737250001,0
                103.74936798,16.734363274,0
                103.749356149,16.7343499990001,0
                103.749234712,16.734228837,0
                103.749161249,16.734169778,0
                103.749125354,16.7341480310001,0
                103.74910687,16.734141476,0
                103.74907561,16.7341348100001,0
                103.749049132,16.734132134,0
                103.749032982,16.734132543,0
                103.749023486,16.7341336270001,0
                103.749010967,16.7341361690001,0
                103.749000642,16.7341400440001,0
                103.748992286,16.734143698,0
                103.748984771,16.734147147,0
                103.748977182,16.734150626,0
                103.748912432,16.73419195,0
                103.748884312,16.7342104320001,0
                103.748871728,16.7342174780001,0
                103.748858567,16.7342229770001,0
                103.748845731,16.734227253,0
                103.748828221,16.7342312930001,0
                103.748814966,16.7342331580001,0
                103.748807603,16.7342333280001,0
                103.748798233,16.734232332,0
                103.748784679,16.734229354,0
                103.748773623,16.734225625,0
                103.74876598,16.734221646,0
                103.748760127,16.734217625,0
                103.748755151,16.7342125440001,0
                103.748728565,16.734179738,0
                103.748689819,16.734135112,0
                103.748685587,16.734130243,0
                103.748655428,16.734099331,0
                103.748616538,16.7340599990001,0
                103.748575445,16.7340178470001,0
                103.748522202,16.7339665330001,0
                103.748467729,16.7339172980001,0
                103.748416174,16.7338730930001,0
                103.747000032,16.7323476130001,0
                103.746108735,16.73155344,0
                103.74528837,16.730883353,0
                103.745224866,16.7308250180001,0
                103.744369761,16.730039506,0
                103.743825975,16.7295511730001,0
                103.743654481,16.729397168,0
                103.743201271,16.7290103030001,0
                103.742790416,16.728647605,0
                103.742253751,16.7282626580001,0
                103.741970323,16.7279875520001,0
                103.741711111,16.7276364520001,0
                103.741582437,16.7274985980001,0
                103.741361869,16.7274433200001,0
                103.741096721,16.7274846230001,0
                103.741075101,16.727490367,0
                103.740868584,16.727545193,0
                103.740591637,16.7275314450001,0
                103.7402809,16.7274178960001,0
                103.739720156,16.727113956,0
                103.739174934,16.726804632,0
                103.738663752,16.726605163,0
                103.738022665,16.726428798,0
                103.737664985,16.72631632,0
                103.737347795,16.726152622,0
                103.736770412,16.7258088250001,0
                103.73559566,16.7251568830001,0
                103.733865531,16.72441711,0
                103.732490503,16.7237051560001,0
                103.732570974,16.723635416,0
                103.732654665,16.723576919,0
                103.732741776,16.7235135610001,0
                103.732769773,16.723472531,0
                103.732806656,16.723399456,0
                103.732833005,16.723324297,0
                103.732887909,16.7231653750001,0
                103.732917829,16.7230388720001,0
                103.732954033,16.722906009,0
                103.732968094,16.722855204,0
                103.732965637,16.722821089,0
                103.732951173,16.722790354,0
                103.73289226,16.7227218090001,0
                103.73284577,16.722666958,0
                103.73280461,16.7225995590001,0
                103.732797529,16.722582334,0
                103.732788952,16.722557937,0
                103.732783429,16.7225411530001,0
                103.73278052,16.722526771,0
                103.732779845,16.7225123370001,0
                103.732780439,16.7224975680001,0
                103.732782937,16.722482444,0
                103.732788043,16.72246972,0
                103.732793881,16.7224606720001,0
                103.732802293,16.722452488,0
                103.73281143,16.722447663,0
                103.732826302,16.722442711,0
                103.732846144,16.722439375,0
                103.732858072,16.7224373710001,0
                103.732945147,16.7224362910001,0
                103.733037661,16.722436015,0
                103.733058687,16.7224346090001,0
                103.733075252,16.7224336150001,0
                103.733085043,16.722429699,0
                103.733091302,16.7224246390001,0
                103.733097488,16.722416808,0
                103.733102299,16.722405015,0
                103.733102114,16.7223905430001,0
                103.733102002,16.7223822390001,0
                103.733099822,16.7223481360001,0
                103.73309031,16.722224093,0
                103.733060059,16.722043829,0
                103.733042069,16.7219355120001,0
                103.733024615,16.721914166,0
                103.732990498,16.7219032990001,0
                103.732927248,16.7218876650001,0
                103.73286482,16.721872788,0
                103.732811925,16.721852256,0
                103.732776731,16.7218305420001,0
                103.732749462,16.7218032070001,0
                103.732725853,16.7217610320001,0
                103.732702205,16.7217173080001,0
                103.73266929,16.721624864,0
                103.732652376,16.721592635,0
                103.732641508,16.7215818920001,0
                103.732630223,16.721576833,0
                103.732586402,16.7215646340001,0
                103.732510374,16.7215539530001,0
                103.732483681,16.7215499060001,0
                103.732475576,16.721546351,0
                103.732467338,16.721540965,0
                103.732458173,16.7215287450001,0
                103.732432302,16.721427599,0
                103.732427227,16.721408502,0
                103.732401934,16.7213033140001,0
                103.732368446,16.721187668,0
                103.732342948,16.721119792,0
                103.732338168,16.7210985890001,0
                103.73233674,16.721075253,0
                103.732336314,16.7210580460001,0
                103.732340123,16.721039922,0
                103.732344757,16.7210209630001,0
                103.732354475,16.721001062,0
                103.732375005,16.720971075,0
                103.732395206,16.720945197,0
                103.73239871,16.720931996,0
                103.732399936,16.7209248340001,0
                103.732401313,16.7209167710001,0
                103.732402528,16.7208970660001,0
                103.732402878,16.7208769750001,0
                103.73239949,16.720860246,0
                103.732392182,16.720839916,0
                103.732378373,16.7208148180001,0
                103.732358532,16.7207865780001,0
                103.732338195,16.7207554820001,0
                103.732332305,16.7207408570001,0
                103.73233109,16.7207261290001,0
                103.732329842,16.720706116,0
                103.732331029,16.720623764,0
                103.732343628,16.7205139650001,0
                103.73235694,16.720390282,0
                103.732361577,16.720335488,0
                103.732360489,16.720304717,0
                103.732360123,16.720294246,0
                103.732355242,16.7202737210001,0
                103.732350104,16.720260363,0
                103.732343295,16.720249987,0
                103.732332122,16.7202401390001,0
                103.732319236,16.7202315870001,0
                103.732302874,16.7202239580001,0
                103.73222186,16.720201462,0
                103.732203418,16.7201963370001,0
                103.732202003,16.720195685,0
                103.732196576,16.7201931590001,0
                103.732185287,16.720187911,0
                103.732164466,16.7201765940001,0
                103.732152004,16.720167614,0
                103.732143029,16.720158134,0
                103.732136686,16.720149013,0
                103.732130994,16.7201281960001,0
                103.732120827,16.720075616,0
                103.732108805,16.719980363,0
                103.732094702,16.719831894,0
                103.732091131,16.7198030590001,0
                103.732090229,16.719798172,0
                103.732087142,16.719781486,0
                103.732085104,16.719774907,0
                103.732083721,16.719770446,0
                103.732083381,16.719769349,0
                103.732076483,16.7197583980001,0
                103.732068141,16.71974748,0
                103.732058122,16.7197385470001,0
                103.732048144,16.7197312760001,0
                103.73203854,16.719727607,0
                103.73202522,16.7197251370001,0
                103.732009919,16.7197241000001,0
                103.73199295,16.719725598,0
                103.731981031,16.719727796,0
                103.731972293,16.719729407,0
                103.731940546,16.719739298,0
                103.731919688,16.719746722,0
                103.731903436,16.719753761,0
                103.731892695,16.719762341,0
                103.731880913,16.7197753880001,0
                103.731866257,16.7198004410001,0
                103.731845987,16.719843402,0
                103.731839001,16.7198521710001,0
                103.731831887,16.7198559440001,0
                103.731818433,16.7198595880001,0
                103.731805526,16.7198621060001,0
                103.73179628,16.719861205,0
                103.73178638,16.7198572680001,0
                103.731775225,16.719848916,0
                103.731760384,16.719831481,0
                103.731737923,16.7198024350001,0
                103.731691996,16.719741356,0
                103.731651016,16.719648412,0
                103.731623762,16.7195592360001,0
                103.731594884,16.719464869,0
                103.73156227,16.7193730270001,0
                103.731506494,16.7192646570001,0
                103.731443343,16.719164983,0
                103.731375384,16.7190751680001,0
                103.731315634,16.719010751,0
                103.731262414,16.718954711,0
                103.731229292,16.7189276720001,0
                103.73120766,16.7189100150001,0
                103.731181121,16.71888835,0
                103.731173606,16.7188798870001,0
                103.731116583,16.7188156780001,0
                103.731112196,16.71881074,0
                103.731049802,16.7187415110001,0
                103.731002177,16.718707269,0
                103.730926633,16.7186688,0
                103.730845015,16.7186402150001,0
                103.730804126,16.718622877,0
                103.73076911,16.7185871290001,0
                103.730755664,16.7185545460001,0
                103.730753254,16.718508301,0
                103.730755443,16.718441854,0
                103.7307564,16.718412663,0
                103.730756866,16.7183985730001,0
                103.730764926,16.718315541,0
                103.730779401,16.718236017,0
                103.730799376,16.7181746420001,0
                103.73082618,16.7180826530001,0
                103.730829615,16.7180630730001,0
                103.730832829,16.7180447320001,0
                103.730828406,16.7180192480001,0
                103.730801772,16.7179901440001,0
                103.730767113,16.7179519540001,0
                103.730740319,16.717868099,0
                103.730724169,16.7177601720001,0
                103.730683841,16.717674464,0
                103.730663003,16.7176429470001,0
                103.7306516,16.7176256990001,0
                103.730616128,16.717572051,0
                103.730557297,16.7174651070001,0
                103.730492742,16.717399443,0
                103.730407918,16.7173320810001,0
                103.73032336,16.717275538,0
                103.730248161,16.717233946,0
                103.730155261,16.717203586,0
                103.730070775,16.7171893130001,0
                103.729985984,16.7171749830001,0
                103.729848315,16.7171521490001,0
                103.729794032,16.717138232,0
                103.729748034,16.717095971,0
                103.729721882,16.717038088,0
                103.729702092,16.716964902,0
                103.729674484,16.7167743950001,0
                103.729657636,16.7166078660001,0
                103.729667938,16.716406353,0
                103.729680125,16.7160747020001,0
                103.729694433,16.7158289160001,0
                103.729666032,16.7155844910001,0
                103.729641044,16.715442851,0
                103.729580218,16.715358641,0
                103.729492869,16.715302653,0
                103.729395908,16.715263457,0
                103.729311813,16.71522786,0
                103.72929701,16.715221593,0
                103.729265327,16.715199559,0
                103.729246424,16.7151730900001,0
                103.729231756,16.7151444560001,0
                103.72922412,16.7150960010001,0
                103.729223022,16.7150515330001,0
                103.729225063,16.715003892,0
                103.729233984,16.7149736800001,0
                103.729247039,16.7149371680001,0
                103.729266662,16.714905678,0
                103.729290601,16.714875126,0
                103.729330486,16.7148379980001,0
                103.729378978,16.7148017050001,0
                103.729477343,16.714741507,0
                103.729526197,16.714720453,0
                103.729530385,16.7147186440001,0
                103.729588892,16.7146934250001,0
                103.729689943,16.714654894,0
                103.729752434,16.7146203520001,0
                103.729781131,16.714593054,0
                103.729838729,16.714513239,0
                103.729894478,16.7143918410001,0
                103.72994504,16.7142346590001,0
                103.729961103,16.7141137520001,0
                103.729965218,16.714062959,0
                103.729962,16.7140195760001,0
                103.729950323,16.7139815570001,0
                103.729935813,16.71395913,0
                103.72991287,16.713943102,0
                103.729893957,16.7139385780001,0
                103.729707658,16.7138940040001,0
                103.729672054,16.713881556,0
                103.72956487,16.713844087,0
                103.729535456,16.713833805,0
                103.729487476,16.713803861,0
                103.729464354,16.7137805940001,0
                103.72945089,16.7137571060001,0
                103.729442638,16.713727292,0
                103.729438702,16.713698412,0
                103.7294432,16.7136631270001,0
                103.729456616,16.7136410910001,0
                103.729477489,16.7136168160001,0
                103.729547446,16.7135672260001,0
                103.72975266,16.713464489,0
                103.729867264,16.7134003950001,0
                103.729898359,16.7133809960001,0
                103.729914703,16.713369949,0
                103.729929335,16.7133568,0
                103.729940621,16.71334266,0
                103.729950178,16.7133258910001,0
                103.729957927,16.713303296,0
                103.729960749,16.7132829450001,0
                103.729960209,16.713261072,0
                103.729955847,16.7132414180001,0
                103.72995161,16.713230072,0
                103.72994517,16.713212836,0
                103.729881522,16.713112596,0
                103.729869668,16.7130939200001,0
                103.729853518,16.7130681370001,0
                103.729852028,16.7130526890001,0
                103.729856629,16.713037102,0
                103.729864684,16.713026772,0
                103.729882692,16.713015682,0
                103.729907382,16.7130060440001,0
                103.729930526,16.71300124,0
                103.729960952,16.7129994750001,0
                103.729986562,16.71300476,0
                103.730068078,16.7130306490001,0
                103.730114517,16.7130493380001,0
                103.730137903,16.7130541380001,0
                103.730158377,16.713053137,0
                103.730175431,16.7130484730001,0
                103.730189052,16.7130390880001,0
                103.730206253,16.713017872,0
                103.73021792,16.7129967860001,0
                103.730221912,16.7129790770001,0
                103.730220382,16.7129620310001,0
                103.730214387,16.7129434820001,0
                103.730200571,16.7129224500001,0
                103.73016816,16.712888494,0
                103.730057929,16.7127982320001,0
                103.729910282,16.7127122800001,0
                103.729860124,16.71269054,0
                103.729827435,16.7126720810001,0
                103.729809333,16.712660237,0
                103.729797604,16.7126490580001,0
                103.729790094,16.7126369710001,0
                103.729782817,16.7126171090001,0
                103.729776605,16.712588641,0
                103.729770096,16.7125483310001,0
                103.729768842,16.712532009,0
                103.729770266,16.7125209430001,0
                103.729776969,16.71250035,0
                103.729784609,16.712483418,0
                103.729787759,16.712477802,0
                103.729802483,16.7124515410001,0
                103.729847871,16.712388818,0
                103.72986564,16.7123642620001,0
                103.729875037,16.712349741,0
                103.729889216,16.7123400140001,0
                103.7299206,16.712325918,0
                103.729922774,16.71232494,0
                103.729973388,16.7122963950001,0
                103.729986315,16.712287517,0
                103.729999537,16.7122733190001,0
                103.73000434,16.712261761,0
                103.730005848,16.712252388,0
                103.730006914,16.712245765,0
                103.73000932,16.712205657,0
                103.730005565,16.712163837,0
                103.730004635,16.712153447,0
                103.729998479,16.7121274300001,0
                103.729992645,16.712114485,0
                103.729984805,16.712106083,0
                103.729973136,16.712097359,0
                103.729959425,16.712091544,0
                103.729939773,16.712085861,0
                103.729921103,16.7120854730001,0
                103.729905087,16.712089518,0
                103.729889121,16.712095608,0
                103.72987281,16.7121049740001,0
                103.72985629,16.7121229250001,0
                103.729848731,16.7121327030001,0
                103.7298193,16.7121707760001,0
                103.729800217,16.712187971,0
                103.729786034,16.7121976980001,0
                103.729769252,16.712205028,0
                103.729753246,16.712209482,0
                103.729734221,16.7122119650001,0
                103.729716792,16.7122103180001,0
                103.729701369,16.7122041320001,0
                103.729686271,16.7121938560001,0
                103.729675777,16.712181017,0
                103.729664341,16.7121625660001,0
                103.729628072,16.712104046,0
                103.729580732,16.712024614,0
                103.729569783,16.7120105600001,0
                103.729559426,16.712003442,0
                103.729543167,16.7119976810001,0
                103.729525293,16.711995233,0
                103.729505817,16.7119964950001,0
                103.729486821,16.7119991930001,0
                103.729444112,16.7120052650001,0
                103.729412996,16.712012428,0
                103.729384262,16.7120190410001,0
                103.729377058,16.7120207020001,0
                103.729361376,16.7120210620001,0
                103.729346855,16.7120168970001,0
                103.729336498,16.712009779,0
                103.729328152,16.7119981170001,0
                103.729317897,16.7119779170001,0
                103.729304009,16.7119477100001,0
                103.729277895,16.711876513,0
                103.729246838,16.711779194,0
                103.729190347,16.711638276,0
                103.72913355,16.7114849390001,0
                103.729125985,16.7114105530001,0
                103.72913011,16.7113455630001,0
                103.729128922,16.711239275,0
                103.729125511,16.7111592730001,0
                103.729106149,16.7110713490001,0
                103.729094594,16.711009485,0
                103.729098719,16.710944495,0
                103.729127698,16.7108996480001,0
                103.729201004,16.710851023,0
                103.729269498,16.7107817990001,0
                103.72931941,16.710714379,0
                103.729382864,16.7106148940001,0
                103.729475769,16.7104898810001,0
                103.729515829,16.710429592,0
                103.729531989,16.7103878030001,0
                103.729537038,16.7103600730001,0
                103.729535778,16.7103090150001,0
                103.729512052,16.7102184280001,0
                103.729508744,16.7101425660001,0
                103.729524802,16.710096637,0
                103.729562171,16.7100433100001,0
                103.729611129,16.709995243,0
                103.729669121,16.7099649200001,0
                103.72972882,16.7099456,0
                103.729849833,16.709909474,0
                103.729893894,16.709894186,0
                103.729913364,16.7098828640001,0
                103.729928471,16.7098662020001,0
                103.729941263,16.709841436,0
                103.72994838,16.7098154440001,0
                103.729951166,16.709785471,0
                103.729949794,16.7097583120001,0
                103.729944725,16.709724437,0
                103.72994227,16.7097193010001,0
                103.729930591,16.709694853,0
                103.72991709,16.709669869,0
                103.729910636,16.70965792,0
                103.729895241,16.709634481,0
                103.729874915,16.7096111550001,0
                103.729846936,16.7095920830001,0
                103.72981921,16.7095717340001,0
                103.729763725,16.7095310010001,0
                103.729613357,16.7094470490001,0
                103.729486871,16.7093726320001,0
                103.729391756,16.709291969,0
                103.729288659,16.7091783500001,0
                103.729165485,16.7090638120001,0
                103.729042886,16.7089727380001,0
                103.728936043,16.7088233060001,0
                103.728772575,16.708585429,0
                103.72868632,16.7084576190001,0
                103.728669172,16.708401399,0
                103.728668836,16.7083296110001,0
                103.728681825,16.7082754680001,0
                103.728725806,16.7081999010001,0
                103.728757688,16.7081563680001,0
                103.728784347,16.7081336640001,0
                103.728829417,16.7081022580001,0
                103.728894365,16.7080634880001,0
                103.728974622,16.7080064200001,0
                103.728999888,16.707985131,0
                103.729012128,16.707958616,0
                103.729034836,16.70789182,0
                103.729053861,16.707849965,0
                103.729075066,16.7078384320001,0
                103.729108,16.707837677,0
                103.729195446,16.7078398150001,0
                103.729231041,16.7078307150001,0
                103.72928225,16.707815732,0
                103.729330867,16.7078118590001,0
                103.729405121,16.707801874,0
                103.729439178,16.707788663,0
                103.72948439,16.707762775,0
                103.729522402,16.7077356730001,0
                103.729565531,16.7076835980001,0
                103.729662867,16.7075640050001,0
                103.72979945,16.7074089930001,0
                103.729876398,16.7073340540001,0
                103.729938037,16.707277413,0
                103.729994325,16.7072360830001,0
                103.730084573,16.7071774020001,0
                103.730108302,16.7071520060001,0
                103.730146488,16.7070738090001,0
                103.730222891,16.7069187980001,0
                103.730248157,16.706839518,0
                103.73028,16.7067366150001,0
                103.730280856,16.706713123,0
                103.730277377,16.706688351,0
                103.730258901,16.706578318,0
                103.7302393,16.7064227500001,0
                103.730224136,16.706214609,0
                103.730209151,16.706153564,0
                103.730205355,16.7061380970001,0
                103.7301898,16.706079313,0
                103.730186255,16.7060501620001,0
                103.730188971,16.706027353,0
                103.730195743,16.7060057580001,0
                103.730206702,16.7059925950001,0
                103.730227128,16.7059796290001,0
                103.730275807,16.7059631390001,0
                103.73037393,16.705942357,0
                103.730387375,16.705939507,0
                103.730526897,16.7059180370001,0
                103.730579572,16.705906923,0
                103.730706426,16.7058868300001,0
                103.730767157,16.705870713,0
                103.730812553,16.7058524880001,0
                103.730847102,16.7058075140001,0
                103.730871103,16.705748053,0
                103.730874921,16.705696419,0
                103.730866133,16.7056499830001,0
                103.730826498,16.7055919810001,0
                103.730753463,16.705522472,0
                103.730595579,16.7054205430001,0
                103.730499335,16.7053392940001,0
                103.730415878,16.705260208,0
                103.730368363,16.7051925660001,0
                103.730338424,16.705114705,0
                103.730327945,16.70499958,0
                103.730315221,16.7046905940001,0
                103.730316259,16.704423019,0
                103.730350324,16.7042553220001,0
                103.730393665,16.7040506000001,0
                103.730441369,16.7039194130001,0
                103.730474465,16.703815557,0
                103.730505797,16.703738937,0
                103.730528232,16.7037162620001,0
                103.73062992,16.7036632140001,0
                103.730651881,16.70365486,0
                103.730923331,16.703551638,0
                103.731264979,16.7034350710001,0
                103.73148058,16.7033544020001,0
                103.731544201,16.703319939,0
                103.731573734,16.703292076,0
                103.731602164,16.7032195830001,0
                103.731615303,16.7031804490001,0
                103.731606004,16.7031301800001,0
                103.731584092,16.7030588370001,0
                103.730347358,16.70360859,0
                103.729020281,16.7041777920001,0
                103.726842129,16.705093501,0
                103.726023353,16.7054392640001,0
                103.723736422,16.7064010390001,0
                103.722287642,16.7070165920001,0
                103.721392016,16.707392133,0
                103.719901378,16.7080148640001,0
                103.718881002,16.7084430800001,0
                103.718052583,16.7087921570001,0
                103.717150705,16.709177164,0
                103.716405412,16.709490078,0
                103.715205977,16.7099971170001,0
                103.714255948,16.7103956770001,0
                103.713287066,16.7108164650001,0
                103.712477919,16.711161965,0
                103.711707149,16.7114910180001,0
                103.711150715,16.711731082,0
                103.710667039,16.711958237,0
                103.709557503,16.712398831,0
                103.708636234,16.712785293,0
                103.707612141,16.7131962460001,0
                103.706634117,16.7136116830001,0
                103.705309474,16.7141845150001,0
                103.703916731,16.7147921160001,0
                103.703014101,16.715190991,0
                103.701954894,16.7156230850001,0
                103.701028263,16.716028545,0
                103.700423727,16.7162852540001,0
                103.700023104,16.7164555590001,0
                103.69957945,16.7166502050001,0
                103.699339538,16.7167514440001,0
                103.699044417,16.7168749620001,0
                103.698737361,16.7170057600001,0
                103.698257593,16.7172105660001,0
                103.697843,16.7174045460001,0
                103.697543611,16.7175515210001,0
                103.697204122,16.717743785,0
                103.696797941,16.7179842890001,0
                103.696418359,16.718221816,0
                103.69631714,16.7183121910001,0
                103.695292351,16.7190210750001,0
                103.694530888,16.7195494110001,0
                103.693766921,16.7200828650001,0
                103.693026567,16.7206157740001,0
                103.692298519,16.721115517,0
                103.691235146,16.7218581540001,0
                103.689666135,16.722946633,0
                103.688647556,16.723661253,0
                103.687277752,16.7246132230001,0
                103.686518476,16.725197145,0
                103.685408634,16.7260453760001,0
                103.686240231,16.7270779140001,0
                103.687770006,16.729095855,0
                103.688425605,16.730310257,0
                103.688710686,16.731138779,0
                103.688787876,16.731832861,0
                103.688820356,16.732667129,0
                103.688963089,16.7335800660001,0
                103.689066325,16.734354734,0
                103.689025216,16.735132691,0
                103.688917709,16.7356570170001,0
                103.688640655,16.736138812,0
                103.688424603,16.736654011,0
                103.68830819,16.7373061110001,0
                103.688275984,16.7379562900001,0
                103.688284981,16.738814287,0
                103.688301082,16.739962056,0
                103.688331773,16.7412138650001,0
                103.688346835,16.7418281820001,0
                103.688470261,16.7434258000001,0
                103.688722525,16.7453684070001,0
                103.689018277,16.7476115490001,0
                103.68911272,16.748026899,0
                103.689380992,16.7486586410001,0
                103.690093152,16.749720966,0
                103.691191137,16.7508092900001,0
                103.692000409,16.751904181,0
                103.692541045,16.752842834,0
                103.693904724,16.7549456310001,0
                103.694879548,16.756407842,0
                103.69587132,16.7575797270001,0
                103.696250817,16.7578378040001,0
                103.697494451,16.758482052,0
                103.699296056,16.7592991110001,0
                103.701073042,16.760093511,0
                103.703335827,16.761062345,0
                103.705324896,16.761827071,0
                103.705425142,16.761870404,0
                103.705450274,16.761881074,0
                103.705467139,16.7618879180001,0
                103.705475635,16.7618911760001,0
                103.705483877,16.761894179,0
                103.705500511,16.7618997880001,0
                103.705517323,16.761904848,0
                103.705525809,16.761907115,0
                103.705534651,16.761909238,0
                103.70554355,16.761911185,0
                103.705561447,16.7619147190001,0
                103.705588438,16.76191956,0
                103.705615515,16.7619240830001,0
                103.705633611,16.761926811,0
                103.705642674,16.7619280050001,0
                103.705651757,16.7619290230001,0
                103.705660636,16.761929794,0
                103.705669524,16.761930357,0
                103.705678413,16.7619307210001,0
                103.705687286,16.7619308750001,0
                103.70569614,16.7619307800001,0
                103.705704948,16.7619303760001,0
                103.7057137,16.761929572,0
                103.705720949,16.7619285230001,0
                103.705728128,16.761927137,0
                103.705735225,16.761925424,0
                103.705742224,16.7619233670001,0
                103.705750558,16.761920404,0
                103.705758727,16.7619170040001,0
                103.70576675,16.761913228,0
                103.705774606,16.7619091180001,0
                103.705782286,16.76190467,0
                103.705789834,16.761899837,0
                103.705797222,16.7618947280001,0
                103.705804492,16.761889433,0
                103.70581168,16.7618840000001,0
                103.70582589,16.7618728890001,0
                103.705868169,16.76183902,0
                103.705882359,16.761827861,0
                103.705896738,16.7618169670001,0
                103.705904056,16.761811702,0
                103.705911504,16.7618066100001,0
                103.705919002,16.761801814,0
                103.705926626,16.7617972050001,0
                103.705934348,16.7617927470001,0
                103.705950016,16.7617842390001,0
                103.70595794,16.7617802,0
                103.705965924,16.7617763440001,0
                103.705973975,16.7617727260001,0
                103.705982113,16.761769434,0
                103.705990361,16.7617665820001,0
                103.705998754,16.7617643250001,0
                103.706007375,16.761762794,0
                103.706016138,16.761761882,0
                103.706024998,16.761761463,0
                103.706033918,16.76176143,0
                103.706042875,16.7617617390001,0
                103.70605184,16.7617623720001,0
                103.70606079,16.761763348,0
                103.706073359,16.7617653500001,0
                103.706079607,16.7617666090001,0
                103.706087742,16.7617685050001,0
                103.706095832,16.761770628,0
                103.706111892,16.761775385,0
                103.70612777,16.7617806960001,0
                103.706135625,16.7617835720001,0
                103.706143401,16.7617866310001,0
                103.706157182,16.7617926790001,0
                103.706170651,16.7617993530001,0
                103.706178565,16.7618036430001,0
                103.706194109,16.761812707,0
                103.706209379,16.761822201,0
                103.706224335,16.761832068,0
                103.706231637,16.7618371790001,0
                103.706238752,16.761842465,0
                103.706245606,16.7618479830001,0
                103.706252107,16.7618538150001,0
                103.706257468,16.761859299,0
                103.706262489,16.761865057,0
                103.706267175,16.7618710520001,0
                103.706271515,16.761877267,0
                103.706275481,16.7618836940001,0
                103.706278999,16.7618903380001,0
                103.706281436,16.7618957990001,0
                103.706283539,16.761901403,0
                103.706285977,16.7619096,0
                103.706287905,16.761917984,0
                103.706289467,16.7619265020001,0
                103.706290769,16.761935113,0
                103.706292915,16.761952502,0
                103.706295783,16.761978739,0
                103.706297877,16.7619959400001,0
                103.706300281,16.7620128,0
                103.70630163,16.762021202,0
                103.706304722,16.7620379200001,0
                103.706308168,16.762053039,0
                103.706310131,16.76206053,0
                103.706312269,16.762067954,0
                103.706314612,16.762075301,0
                103.706317209,16.7620825430001,0
                103.70632012,16.762089648,0
                103.706322767,16.7620952930001,0
                103.706325682,16.762100811,0
                103.706329873,16.7621078180001,0
                103.70633442,16.762114641,0
                103.706339244,16.7621213140001,0
                103.70634428,16.762127865,0
                103.706349487,16.762134299,0
                103.706354849,16.7621406170001,0
                103.706360353,16.762146806,0
                103.706366022,16.7621528280001,0
                103.706371873,16.762158648,0
                103.70637796,16.7621641920001,0
                103.706384343,16.7621693830001,0
                103.706391256,16.7621742540001,0
                103.706398473,16.76217875,0
                103.706405912,16.762182965,0
                103.706413519,16.7621869600001,0
                103.706429067,16.7621944740001,0
                103.706444915,16.7622014350001,0
                103.70645293,16.7622046820001,0
                103.706461014,16.7622077240001,0
                103.70646918,16.7622104980001,0
                103.706477445,16.762212919,0
                103.706485681,16.762214885,0
                103.706494006,16.7622165060001,0
                103.706502408,16.762217869,0
                103.706519341,16.762220042,0
                103.706527849,16.7622209200001,0
                103.706544907,16.7622223280001,0
                103.706562,16.7622232030001,0
                103.706570551,16.762223368,0
                103.706579676,16.7622232950001,0
                103.706588801,16.762223014,0
                103.706607046,16.7622220690001,0
                103.706643546,16.7622196300001,0
                103.706661802,16.7622185540001,0
                103.706679822,16.762217795,0
                103.706697854,16.7622172960001,0
                103.706715887,16.7622170510001,0
                103.706733978,16.762217078,0
                103.706770151,16.762217675,0
                103.706797216,16.762218697,0
                103.706806198,16.762219262,0
                103.706815156,16.7622200120001,0
                103.706824065,16.76222103,0
                103.706832217,16.7622222590001,0
                103.706840306,16.7622237910001,0
                103.706849203,16.762225841,0
                103.706858032,16.76222819,0
                103.706866816,16.7622307560001,0
                103.706884272,16.762236338,0
                103.706901612,16.762242337,0
                103.706918812,16.7622487130001,0
                103.706935743,16.762255582,0
                103.706952419,16.7622629030001,0
                103.706968979,16.762270475,0
                103.707043185,16.762305226,0
                103.707076282,16.7623203690001,0
                103.707092988,16.762327568,0
                103.707101418,16.762330981,0
                103.707109583,16.7623341020001,0
                103.707126064,16.7623399720001,0
                103.707142673,16.762345523,0
                103.707159374,16.762350838,0
                103.707184587,16.7623583290001,0
                103.707210994,16.7623653100001,0
                103.707272926,16.762380556,0
                103.707290584,16.762385033,0
                103.70730816,16.762389769,0
                103.707324399,16.7623945490001,0
                103.707340507,16.762399724,0
                103.707357694,16.762405749,0
                103.707374775,16.762412065,0
                103.707425857,16.7624314620001,0
                103.707442939,16.762437796,0
                103.707460245,16.762443935,0
                103.707477785,16.7624498750001,0
                103.707521828,16.7624642000001,0
                103.707557206,16.7624752620001,0
                103.707574977,16.7624805350001,0
                103.707611945,16.762490993,0
                103.707627419,16.7624956870001,0
                103.707642756,16.7625007130001,0
                103.70765789,16.762506198,0
                103.707665346,16.762509187,0
                103.707673797,16.7625128930001,0
                103.707682124,16.762516853,0
                103.70769032,16.7625210460001,0
                103.707698387,16.762525472,0
                103.707706296,16.7625301590001,0
                103.707714021,16.762535116,0
                103.707729095,16.7625456060001,0
                103.707766136,16.7625728960001,0
                103.707781226,16.7625834360001,0
                103.707788401,16.762588121,0
                103.707803017,16.7625970940001,0
                103.707817903,16.762605627,0
                103.707825442,16.7626097140001,0
                103.707833052,16.7626136590001,0
                103.707840747,16.762617418,0
                103.707848557,16.762620944,0
                103.707854754,16.762623498,0
                103.707861029,16.762625869,0
                103.707869088,16.762628637,0
                103.707877235,16.7626311820001,0
                103.707885447,16.762633567,0
                103.707902009,16.762637957,0
                103.707918705,16.7626419370001,0
                103.707935508,16.7626454790001,0
                103.70794439,16.7626471140001,0
                103.70796222,16.7626500280001,0
                103.707989065,16.762653894,0
                103.708015956,16.76265733,0
                103.708033907,16.7626592400001,0
                103.708042888,16.7626599860001,0
                103.708051884,16.762660528,0
                103.708061131,16.7626608300001,0
                103.708070391,16.7626609160001,0
                103.708079661,16.762660844,0
                103.708098214,16.7626604050001,0
                103.708126061,16.762659367,0
                103.708209653,16.762655836,0
                103.708228243,16.762655239,0
                103.708246841,16.7626549350001,0
                103.708265393,16.762655088,0
                103.708283942,16.762655619,0
                103.708302452,16.762656529,0
                103.70831168,16.762657188,0
                103.70832087,16.762658032,0
                103.708330011,16.7626591480001,0
                103.708339081,16.7626606260001,0
                103.708347541,16.762662425,0
                103.70835593,16.762664558,0
                103.708364265,16.762666946,0
                103.708380765,16.762672283,0
                103.70839701,16.762678239,0
                103.708404986,16.762681464,0
                103.708412813,16.762684904,0
                103.708420437,16.7626886190001,0
                103.708427784,16.7626927060001,0
                103.708434755,16.7626972740001,0
                103.708440819,16.7627020530001,0
                103.708446538,16.7627072670001,0
                103.70845198,16.762712821,0
                103.708457185,16.762718643,0
                103.708462186,16.762724689,0
                103.708466985,16.76273093,0
                103.708472222,16.7627382330001,0
                103.708477258,16.7627457040001,0
                103.70848685,16.762760975,0
                103.708491411,16.7627687310001,0
                103.708495791,16.762776563,0
                103.70849993,16.762784477,0
                103.708503744,16.762792489,0
                103.708507107,16.762800638,0
                103.708509268,16.7628069030001,0
                103.708511072,16.7628132570001,0
                103.708512484,16.7628196970001,0
                103.708513675,16.762827782,0
                103.708514345,16.7628359560001,0
                103.708514599,16.7628441800001,0
                103.708514499,16.7628524350001,0
                103.70851409,16.7628607020001,0
                103.708513367,16.7628689530001,0
                103.708512311,16.7628771710001,0
                103.708510856,16.762885335,0
                103.708508943,16.762893487,0
                103.708506639,16.762901567,0
                103.708504011,16.7629095730001,0
                103.7085011,16.7629175000001,0
                103.70849793,16.7629253420001,0
                103.7084945,16.7629330780001,0
                103.708483972,16.762954467,0
                103.708480616,16.76296161,0
                103.70847759,16.7629688370001,0
                103.70847573,16.762974045,0
                103.708474134,16.7629793140001,0
                103.708472364,16.7629868270001,0
                103.708471129,16.7629944180001,0
                103.708470438,16.7630020600001,0
                103.708470302,16.7630090810001,0
                103.70847061,16.763016087,0
                103.708471353,16.763023047,0
                103.708472542,16.763029933,0
                103.708474225,16.7630367100001,0
                103.708476382,16.7630431640001,0
                103.708479044,16.763049444,0
                103.70848281,16.7630566460001,0
                103.708487135,16.7630635830001,0
                103.708491927,16.7630702610001,0
                103.708497141,16.7630766450001,0
                103.708502764,16.7630827,0
                103.70850884,16.763088344,0
                103.7085147,16.763093005,0
                103.708520874,16.763097348,0
                103.708527281,16.763101438,0
                103.708533866,16.763105335,0
                103.708561625,16.7631204250001,0
                103.708569527,16.7631249990001,0
                103.708577321,16.7631297560001,0
                103.708592666,16.763139654,0
                103.708615305,16.763155064,0
                103.708645109,16.7631761100001,0
                103.708659875,16.7631867870001,0
                103.708674261,16.7631974190001,0
                103.708695251,16.7632133220001,0
                103.70875789,16.763261399,0
                103.708771908,16.7632719490001,0
                103.708786076,16.763282288,0
                103.70879326,16.76328733,0
                103.708807905,16.7632970990001,0
                103.708822767,16.763306567,0
                103.708845294,16.7633204470001,0
                103.708868054,16.7633339340001,0
                103.708883455,16.763342519,0
                103.70889127,16.763346594,0
                103.708899292,16.7633505260001,0
                103.708907403,16.7633542840001,0
                103.708923831,16.763361408,0
                103.708940472,16.7633680710001,0
                103.708957184,16.7633741880001,0
                103.708982237,16.7633828040001,0
                103.708998816,16.763388825,0
                103.709014349,16.763395158,0
                103.709029638,16.7634020240001,0
                103.709037194,16.7634056320001,0
                103.709052081,16.7634132690001,0
                103.709059784,16.76341755,0
                103.709074957,16.7634265230001,0
                103.709097402,16.763440523,0
                103.709134558,16.763464303,0
                103.709179062,16.7634929590001,0
                103.709201214,16.7635074200001,0
                103.709223631,16.763522537,0
                103.709253506,16.763543397,0
                103.709275649,16.7635593730001,0
                103.70929,16.7635701140001,0
                103.709346837,16.763613793,0
                103.709368284,16.763630001,0
                103.709382689,16.763640488,0
                103.709397177,16.7636506900001,0
                103.709433751,16.763675736,0
                103.709463265,16.763695424,0
                103.709477935,16.763704891,0
                103.709521522,16.7637323640001,0
                103.709543743,16.7637469680001,0
                103.709558567,16.7637571700001,0
                103.70957316,16.763767671,0
                103.709580334,16.763773069,0
                103.709594501,16.763784107,0
                103.709615414,16.7638010430001,0
                103.70962912,16.763812574,0
                103.709642478,16.7638244190001,0
                103.70964894,16.763830532,0
                103.709655191,16.763836838,0
                103.709661124,16.763843319,0
                103.709666846,16.7638499890001,0
                103.709672408,16.7638568030001,0
                103.709683212,16.7638707030001,0
                103.709693731,16.7638848350001,0
                103.709709077,16.763906348,0
                103.709718883,16.763920952,0
                103.709723467,16.7639281620001,0
                103.709732351,16.7639427500001,0
                103.709758388,16.763986878,0
                103.709767332,16.764001434,0
                103.70977174,16.764008328,0
                103.709785353,16.764028776,0
                103.709799302,16.764049018,0
                103.709818752,16.7640768140001,0
                103.709828487,16.7640913700001,0
                103.709833173,16.764098893,0
                103.709842134,16.7641141870001,0
                103.709872221,16.764168453,0
                103.709881273,16.7641836290001,0
                103.709886064,16.764191032,0
                103.70989113,16.76419824,0
                103.709895055,16.7642033650001,0
                103.709899164,16.7642083550001,0
                103.709905198,16.7642151220001,0
                103.709911479,16.7642216940001,0
                103.709924538,16.7642344700001,0
                103.709944745,16.764253162,0
                103.710033391,16.7643333190001,0
                103.710223715,16.764506431,0
                103.710257821,16.764537209,0
                103.710278223,16.7645550500001,0
                103.71030491,16.7645775190001,0
                103.710352001,16.764616414,0
                103.710365554,16.764627412,0
                103.710379225,16.7646382680001,0
                103.710393266,16.7646489790001,0
                103.710414947,16.7646647670001,0
                103.710510012,16.7647318640001,0
                103.710546461,16.7647578730001,0
                103.710560925,16.764768454,0
                103.7105748,16.7647788670001,0
                103.710636841,16.764826574,0
                103.710650866,16.764836803,0
                103.71065799,16.764841684,0
                103.710665234,16.7648463130001,0
                103.710671428,16.764849935,0
                103.710677742,16.764853256,0
                103.710684186,16.764856219,0
                103.710690788,16.764858722,0
                103.71069642,16.7648603910001,0
                103.710704607,16.7648621010001,0
                103.710712946,16.7648631590001,0
                103.710721375,16.7648636820001,0
                103.71072984,16.764863732,0
                103.710738288,16.7648633270001,0
                103.710746668,16.764862441,0
                103.710754917,16.76486099,0
                103.710762958,16.7648588590001,0
                103.710770916,16.764855837,0
                103.710778575,16.7648520560001,0
                103.710786052,16.764847549,0
                103.710793277,16.764842534,0
                103.710800297,16.7648371400001,0
                103.710807142,16.764831467,0
                103.710813812,16.764825563,0
                103.710820305,16.7648194610001,0
                103.710826582,16.7648131650001,0
                103.710832587,16.76480665,0
                103.710838235,16.7647998680001,0
                103.710843345,16.7647929230001,0
                103.710848089,16.7647857200001,0
                103.71085252,16.7647783260001,0
                103.71085667,16.7647707670001,0
                103.710860531,16.7647630660001,0
                103.710863807,16.764755893,0
                103.710866846,16.764748621,0
                103.710869649,16.7647412640001,0
                103.710872197,16.7647338190001,0
                103.710874792,16.764725201,0
                103.710877112,16.764716494,0
                103.710879231,16.764707733,0
                103.710883048,16.7646901090001,0
                103.710886457,16.764672395,0
                103.710889446,16.764654767,0
                103.710894776,16.7646197190001,0
                103.71089894,16.7645945190001,0
                103.71090496,16.7645617100001,0
                103.710911414,16.76452899,0
                103.71091678,16.764504565,0
                103.710920374,16.764490186,0
                103.710926301,16.76446875,0
                103.710933853,16.764444139,0
                103.710941857,16.7644196680001,0
                103.71094744,16.76440344,0
                103.710953363,16.76438735,0
                103.710956526,16.7643793940001,0
                103.710959896,16.7643715200001,0
                103.710964944,16.764360889,0
                103.710969073,16.7643530340001,0
                103.710977917,16.7643375660001,0
                103.710996213,16.764306864,0
                103.711000597,16.764299088,0
                103.711004599,16.7642915910001,0
                103.711008426,16.7642840080001,0
                103.711012064,16.7642763580001,0
                103.711015499,16.7642686300001,0
                103.711018674,16.7642608190001,0
                103.711021221,16.7642538740001,0
                103.711023518,16.764246858,0
                103.711025533,16.7642397810001,0
                103.711027233,16.7642326390001,0
                103.711028766,16.7642242430001,0
                103.711029881,16.764215789,0
                103.711030654,16.7642072940001,0
                103.711031103,16.764198779,0
                103.711031235,16.764190275,0
                103.711031016,16.7641817890001,0
                103.711030368,16.764173353,0
                103.711029189,16.7641649920001,0
                103.711027509,16.76415718,0
                103.711025372,16.76414944,0
                103.711022899,16.7641417450001,0
                103.711017329,16.7641264540001,0
                103.711005432,16.764095911,0
                103.711002594,16.7640882200001,0
                103.710997125,16.7640720970001,0
                103.710992148,16.7640558320001,0
                103.710989837,16.7640476600001,0
                103.710985619,16.764031242,0
                103.710983783,16.764022991,0
                103.710982208,16.764014703,0
                103.710981013,16.7640068650001,0
                103.710980108,16.763998999,0
                103.71097943,16.7639900950001,0
                103.710979041,16.7639811620001,0
                103.710978847,16.7639632460001,0
                103.710978958,16.7639542790001,0
                103.710979516,16.7639363280001,0
                103.710980589,16.7639183970001,0
                103.710981368,16.763909563,0
                103.710983318,16.7638919180001,0
                103.710986891,16.7638655150001,0
                103.710989706,16.763847986,0
                103.710991315,16.7638392640001,0
                103.710993117,16.7638305780001,0
                103.710994971,16.7638226890001,0
                103.710999179,16.7638070250001,0
                103.711003885,16.7637914850001,0
                103.711009064,16.7637761010001,0
                103.711011875,16.7637684920001,0
                103.711014884,16.763760959,0
                103.711020148,16.7637492330001,0
                103.711023009,16.7637434750001,0
                103.711026891,16.763736216,0
                103.711030971,16.763729051,0
                103.711039568,16.7637149400001,0
                103.711048587,16.7637010770001,0
                103.71105801,16.763687485,0
                103.711062912,16.763680837,0
                103.711067982,16.7636743260001,0
                103.71107328,16.7636679890001,0
                103.711079343,16.763661337,0
                103.711085659,16.763654892,0
                103.711092156,16.763648591,0
                103.711105498,16.7636362740001,0
                103.711119094,16.763624168,0
                103.711166988,16.763582043,0
                103.71118054,16.763569879,0
                103.711200657,16.763551336,0
                103.71123387,16.763520117,0
                103.711439212,16.76332605,0
                103.711478813,16.7632883520001,0
                103.711498329,16.763269151,0
                103.711517587,16.763249532,0
                103.711657356,16.76310426,0
                103.711676581,16.7630846060001,0
                103.711689624,16.7630717280001,0
                103.711701408,16.7630607130001,0
                103.711711836,16.763051465,0
                103.711723615,16.76304136,0
                103.711743297,16.763024919,0
                103.711763186,16.7630087110001,0
                103.711776614,16.7629981320001,0
                103.711790317,16.762987911,0
                103.711796626,16.762983494,0
                103.711809531,16.762975054,0
                103.711816131,16.762971054,0
                103.71182354,16.762966824,0
                103.711831056,16.762962757,0
                103.711846291,16.76295494,0
                103.711861693,16.76294739,0
                103.711900523,16.7629290670001,0
                103.711923944,16.762918529,0
                103.711970709,16.762898132,0
                103.71198666,16.7628908570001,0
                103.712034334,16.762868632,0
                103.712050354,16.7628615090001,0
                103.712065864,16.762855141,0
                103.712073702,16.762852176,0
                103.712081601,16.7628494040001,0
                103.712089654,16.762846831,0
                103.712097773,16.7628444860001,0
                103.712105945,16.76284237,0
                103.712114165,16.762840496,0
                103.71212243,16.762838905,0
                103.712130736,16.7628376640001,0
                103.712139529,16.762836814,0
                103.712148357,16.7628364490001,0
                103.712157141,16.7628365730001,0
                103.712165938,16.76283707,0
                103.712174748,16.762837846,0
                103.712183567,16.7628388110001,0
                103.712227725,16.7628445610001,0
                103.712245389,16.762846391,0
                103.712254212,16.7628469690001,0
                103.712263022,16.762847191,0
                103.712271914,16.7628469690001,0
                103.712280773,16.7628463290001,0
                103.71228959,16.7628453200001,0
                103.712298342,16.7628439530001,0
                103.712307004,16.762842204,0
                103.712315539,16.762840007,0
                103.712322372,16.76283784,0
                103.712329089,16.7628353380001,0
                103.712335676,16.7628325150001,0
                103.712343714,16.7628285490001,0
                103.712351583,16.7628242050001,0
                103.712359333,16.762819592,0
                103.712374601,16.762809868,0
                103.712404747,16.7627895800001,0
                103.712434595,16.7627689400001,0
                103.712449206,16.7627583600001,0
                103.712456332,16.762752919,0
                103.712463262,16.762747307,0
                103.712469929,16.762741466,0
                103.712476224,16.7627352960001,0
                103.712481814,16.7627290300001,0
                103.712487064,16.762722464,0
                103.712492057,16.762715675,0
                103.712501535,16.762701653,0
                103.712515054,16.762680016,0
                103.712528121,16.7626580510001,0
                103.712536579,16.762643263,0
                103.712549556,16.762619354,0
                103.712616674,16.7624908660001,0
                103.712629457,16.7624668930001,0
                103.712638207,16.762451035,0
                103.712647165,16.762435645,0
                103.712656317,16.762420725,0
                103.712689175,16.7623689430001,0
                103.712698431,16.762354074,0
                103.712706941,16.762339862,0
                103.712718498,16.7623194830001,0
                103.712729454,16.762298801,0
                103.712733323,16.762291019,0
                103.71274079,16.762275335,0
                103.712751662,16.76225164,0
                103.712765948,16.762219939,0
                103.712776527,16.762196111,0
                103.712783361,16.762180162,0
                103.712789762,16.762164087,0
                103.712792677,16.7621559670001,0
                103.712795198,16.7621481520001,0
                103.712797436,16.7621402680001,0
                103.712799455,16.7621318650001,0
                103.712801164,16.762123402,0
                103.712802591,16.762114883,0
                103.712803746,16.762106325,0
                103.71280461,16.762097732,0
                103.712805145,16.7620892780001,0
                103.712805437,16.7620808080001,0
                103.712805541,16.762072318,0
                103.712805341,16.7620553130001,0
                103.712804706,16.7620383,0
                103.712803637,16.762021153,0
                103.712799206,16.761969364,0
                103.712798074,16.7619521240001,0
                103.712797749,16.761943509,0
                103.712797663,16.7619349030001,0
                103.712798078,16.761922729,0
                103.712798527,16.761916652,0
                103.712799419,16.7619082300001,0
                103.712800554,16.761899821,0
                103.712803331,16.7618830500001,0
                103.712806538,16.761866318,0
                103.712810061,16.761849634,0
                103.712813927,16.7618330180001,0
                103.712816039,16.761824753,0
                103.712820928,16.761807532,0
                103.712828921,16.761781866,0
                103.712840013,16.761747755,0
                103.712848539,16.7617222480001,0
                103.712854489,16.7617053550001,0
                103.712857627,16.7616969760001,0
                103.71286094,16.7616886750001,0
                103.712864494,16.761680472,0
                103.712868355,16.7616723740001,0
                103.712872481,16.761664393,0
                103.712876814,16.7616565050001,0
                103.712881333,16.761648699,0
                103.712886017,16.7616409840001,0
                103.712890777,16.761633497,0
                103.71290062,16.7616187090001,0
                103.712910733,16.761604064,0
                103.712921012,16.7615895270001,0
                103.712931487,16.76157514,0
                103.712936836,16.761568036,0
                103.7129423,16.7615610280001,0
                103.712947922,16.761554157,0
                103.712953764,16.761547465,0
                103.712959837,16.7615410440001,0
                103.712966125,16.761534801,0
                103.712979144,16.7615226950001,0
                103.712985805,16.761516778,0
                103.712999323,16.761505142,0
                103.713013097,16.7614938290001,0
                103.713020105,16.761488355,0
                103.713027235,16.761483062,0
                103.713034521,16.761478019,0
                103.713042021,16.761473326,0
                103.713049835,16.761469032,0
                103.713057869,16.7614651120001,0
                103.713066079,16.7614614940001,0
                103.713074426,16.761458143,0
                103.713082887,16.7614550380001,0
                103.713091462,16.7614522000001,0
                103.713099715,16.761449767,0
                103.713108044,16.761447552,0
                103.713116438,16.761445526,0
                103.713124874,16.761443678,0
                103.713133356,16.7614420150001,0
                103.713141876,16.761440549,0
                103.713150551,16.761439282,0
                103.713167987,16.7614372100001,0
                103.713202676,16.7614336350001,0
                103.713244917,16.761428998,0
                103.713270277,16.761426511,0
                103.713278746,16.761425844,0
                103.713295984,16.7614248580001,0
                103.713321889,16.761423994,0
                103.713339177,16.761423693,0
                103.713356465,16.76142359,0
                103.713391969,16.761423845,0
                103.713400869,16.7614237540001,0
                103.713409712,16.761423447,0
                103.713418487,16.7614228140001,0
                103.71342595,16.761421931,0
                103.713433316,16.7614207030001,0
                103.713440561,16.7614191170001,0
                103.71344766,16.76141712,0
                103.71345456,16.7614146540001,0
                103.713461366,16.7614116,0
                103.713467979,16.7614081180001,0
                103.713474449,16.761404333,0
                103.713488927,16.7613953700001,0
                103.713496331,16.7613911400001,0
                103.713502777,16.761387923,0
                103.713509414,16.76138503,0
                103.713516218,16.76138245,0
                103.713524697,16.761379704,0
                103.713533339,16.7613772980001,0
                103.7135421,16.76137515,0
                103.713550944,16.7613731810001,0
                103.713568792,16.761369599,0
                103.713595761,16.761364659,0
                103.71373991,16.7613393300001,0
                103.71376718,16.7613348470001,0
                103.713794581,16.761330537,0
                103.713922603,16.7613110230001,0
                103.713949888,16.7613063860001,0
                103.713958906,16.7613046160001,0
                103.713967858,16.761302648,0
                103.713976719,16.7613004040001,0
                103.713982734,16.7612986520001,0
                103.713988684,16.761296713,0
                103.713994554,16.761294578,0
                103.714002463,16.7612913090001,0
                103.714010243,16.7612877280001,0
                103.714017934,16.761283915,0
                103.714033135,16.761275846,0
                103.714070808,16.761254814,0
                103.714085997,16.7612466100001,0
                103.714101417,16.761238878,0
                103.714109822,16.7612350260001,0
                103.714126859,16.7612278030001,0
                103.714169962,16.7612106980001,0
                103.714186876,16.7612037850001,0
                103.714211689,16.761193179,0
                103.71426934,16.761167889,0
                103.71429416,16.761157374,0
                103.714310882,16.761150838,0
                103.714319336,16.7611478370001,0
                103.714327843,16.761145077,0
                103.71433642,16.7611425150001,0
                103.714353715,16.7611377690001,0
                103.714379838,16.7611311630001,0
                103.714414809,16.761122744,0
                103.714441095,16.7611166660001,0
                103.714458931,16.7611127820001,0
                103.714477065,16.7611090500001,0
                103.71453159,16.76109834,0
                103.714558886,16.76109318,0
                103.71458599,16.7610883900001,0
                103.714942083,16.7610408030001,0
                103.714961846,16.761041472,0
                103.71498869,16.76104645,0
                103.715015695,16.761058145,0
                103.71519998,16.761164831,0
                103.71535579,16.7612550380001,0
                103.71538577,16.761272392,0
                103.715446973,16.761304567,0
                103.715495652,16.7613471020001,0
                103.715563822,16.7614261260001,0
                103.715683583,16.7615775400001,0
                103.715702702,16.7616076410001,0
                103.715717159,16.761630656,0
                103.715726602,16.7616460880001,0
                103.715735656,16.7616617100001,0
                103.715739917,16.761669639,0
                103.715743662,16.7616771250001,0
                103.715747204,16.761684701,0
                103.715750546,16.7616923590001,0
                103.715753689,16.7617000930001,0
                103.715756604,16.7617079090001,0
                103.715759299,16.761715888,0
                103.715764137,16.7617320250001,0
                103.715768525,16.761748316,0
                103.715774629,16.761772884,0
                103.715778403,16.761789316,0
                103.715781771,16.761805802,0
                103.715783211,16.7618140710001,0
                103.715784403,16.761822373,0
                103.715785314,16.7618308470001,0
                103.715785963,16.761839351,0
                103.715786412,16.761847872,0
                103.715786848,16.761864958,0
                103.715786761,16.7618820590001,0
                103.715786499,16.7618906110001,0
                103.715786065,16.7618991570001,0
                103.715785437,16.761907631,0
                103.715783778,16.761924557,0
                103.715781018,16.761949954,0
                103.715779523,16.7619669170001,0
                103.715779011,16.761975727,0
                103.715778506,16.761993365,0
                103.715778661,16.762010989,0
                103.715779037,16.7620197730001,0
                103.715779693,16.7620285240001,0
                103.715780703,16.7620372270001,0
                103.715782111,16.762045546,0
                103.715783928,16.7620537880001,0
                103.71578616,16.7620619310001,0
                103.715788824,16.762069996,0
                103.715791832,16.76207795,0
                103.715795118,16.7620858070001,0
                103.715798636,16.762093559,0
                103.71580237,16.7621011850001,0
                103.715806335,16.7621086570001,0
                103.715810556,16.762115916,0
                103.715815107,16.7621229010001,0
                103.715820075,16.762129503,0
                103.7158256,16.7621355960001,0
                103.715832109,16.762141329,0
                103.715839212,16.7621465070001,0
                103.715846735,16.7621512920001,0
                103.71585457,16.7621557860001,0
                103.71586261,16.762160082,0
                103.715870801,16.7621642300001,0
                103.715879092,16.762168267,0
                103.715895865,16.76217609,0
                103.715912829,16.7621835260001,0
                103.715921387,16.762187016,0
                103.71593002,16.762190284,0
                103.715938752,16.76219323,0
                103.715946743,16.762195548,0
                103.71595482,16.762197558,0
                103.71596297,16.762199287,0
                103.715971174,16.762200744,0
                103.715978813,16.7622018440001,0
                103.715986483,16.762202727,0
                103.715994181,16.7622034070001,0
                103.716001893,16.762203884,0
                103.716009619,16.762204135,0
                103.716018792,16.762204137,0
                103.716027974,16.762203863,0
                103.716037154,16.762203378,0
                103.716055488,16.7622018800001,0
                103.716064628,16.762200873,0
                103.716073744,16.7621996720001,0
                103.71608291,16.762198241,0
                103.716101171,16.762194906,0
                103.716164825,16.7621817740001,0
                103.71618304,16.76217831,0
                103.716192176,16.7621767570001,0
                103.716201334,16.762175389,0
                103.716218529,16.7621734040001,0
                103.716244446,16.7621713130001,0
                103.716261766,16.762170267,0
                103.716279098,16.7621694640001,0
                103.716296442,16.7621689900001,0
                103.716304819,16.762168929,0
                103.716329946,16.7621693350001,0
                103.716346674,16.762170047,0
                103.716355028,16.762170568,0
                103.716371898,16.762172101,0
                103.71638891,16.7621742800001,0
                103.71640585,16.762176965,0
                103.71641428,16.762178503,0
                103.716422682,16.7621801940001,0
                103.716439799,16.7621841640001,0
                103.716456824,16.7621885560001,0
                103.716499294,16.7621999900001,0
                103.716524879,16.7622064390001,0
                103.716542056,16.762210183,0
                103.71655029,16.7622117290001,0
                103.716583266,16.762217419,0
                103.716591432,16.7622190430001,0
                103.716599764,16.7622209520001,0
                103.716607987,16.762223148,0
                103.716616068,16.7622256940001,0
                103.716623959,16.762228673,0
                103.716631794,16.762232238,0
                103.716639424,16.762236246,0
                103.716646904,16.7622405820001,0
                103.71665425,16.7622451730001,0
                103.716661488,16.7622499600001,0
                103.716668619,16.7622549160001,0
                103.716675631,16.7622600240001,0
                103.716682507,16.762265293,0
                103.71668921,16.7622707420001,0
                103.716695684,16.7622764070001,0
                103.716701861,16.762282359,0
                103.716707985,16.7622889840001,0
                103.716713788,16.762295904,0
                103.716719363,16.762303033,0
                103.716724786,16.762310305,0
                103.716751169,16.7623473470001,0
                103.716756575,16.762354655,0
                103.716762123,16.7623618430001,0
                103.716767878,16.7623688640001,0
                103.716773143,16.762374836,0
                103.716778596,16.762380652,0
                103.716784219,16.7623863100001,0
                103.716790001,16.7623918200001,0
                103.716795953,16.762397164,0
                103.716802756,16.762402894,0
                103.716809719,16.762408459,0
                103.716823969,16.7624192550001,0
                103.716845751,16.762435022,0
                103.716867779,16.7624504990001,0
                103.71688261,16.7624605880001,0
                103.716897689,16.7624702840001,0
                103.716905385,16.7624748710001,0
                103.716913074,16.7624791530001,0
                103.71692088,16.762483237,0
                103.716936751,16.762490932,0
                103.716952889,16.7624980570001,0
                103.71696106,16.762501367,0
                103.716969308,16.7625044500001,0
                103.716977658,16.762507247,0
                103.71698604,16.7625096730001,0
                103.716994513,16.7625117910001,0
                103.717003073,16.762513632,0
                103.717011692,16.762515224,0
                103.717019821,16.7625164930001,0
                103.717044324,16.7625198530001,0
                103.717052476,16.762521099,0
                103.717061061,16.7625226280001,0
                103.717069608,16.762524366,0
                103.717078114,16.762526285,0
                103.717086577,16.7625283940001,0
                103.717094975,16.762530702,0
                103.7171033,16.7625332430001,0
                103.717111523,16.762536061,0
                103.71712013,16.76253941,0
                103.717128626,16.762543055,0
                103.71713703,16.762546915,0
                103.717145354,16.7625509380001,0
                103.717161743,16.7625593600001,0
                103.717169767,16.7625637410001,0
                103.717177607,16.762568258,0
                103.717185189,16.762572947,0
                103.717192398,16.7625778660001,0
                103.717199086,16.7625831070001,0
                103.717205042,16.762588798,0
                103.717209992,16.7625950940001,0
                103.717213678,16.762602067,0
                103.717216377,16.7626096450001,0
                103.717218353,16.7626176540001,0
                103.717219812,16.762625976,0
                103.717220912,16.7626345140001,0
                103.717222424,16.7626519990001,0
                103.717223799,16.7626786760001,0
                103.717224287,16.7626965260001,0
                103.717224348,16.762705435,0
                103.717224212,16.7627143300001,0
                103.717223844,16.762722893,0
                103.717223212,16.7627314210001,0
                103.717222285,16.7627398980001,0
                103.717220991,16.7627483110001,0
                103.7172194,16.7627560770001,0
                103.717217457,16.762763765,0
                103.717215189,16.762771376,0
                103.717212601,16.7627788940001,0
                103.717209351,16.7627871130001,0
                103.717205791,16.7627952350001,0
                103.717198075,16.762811286,0
                103.717173387,16.7628589230001,0
                103.717165351,16.7628748870001,0
                103.717161494,16.76288293,0
                103.717155024,16.7628975320001,0
                103.717149852,16.762910667,0
                103.717147457,16.7629173020001,0
                103.717141872,16.762934386,0
                103.717136816,16.762951651,0
                103.717132207,16.7629690410001,0
                103.717130103,16.762977779,0
                103.717128195,16.7629865530001,0
                103.717126551,16.7629953700001,0
                103.717125474,16.763002498,0
                103.717124631,16.7630096570001,0
                103.717124031,16.7630168320001,0
                103.717123662,16.763025183,0
                103.717123616,16.76303354,0
                103.717123893,16.763041899,0
                103.717124501,16.7630502320001,0
                103.717125487,16.763058534,0
                103.717126987,16.7630671800001,0
                103.717128916,16.7630757530001,0
                103.717131217,16.763084237,0
                103.717133889,16.7630926040001,0
                103.717136959,16.763100808,0
                103.717140512,16.763108862,0
                103.71714449,16.7631166580001,0
                103.717148889,16.763124138,0
                103.717153742,16.763131206,0
                103.717159129,16.7631377220001,0
                103.71716518,16.7631435010001,0
                103.71717122,16.7631478650001,0
                103.717177776,16.763151577,0
                103.717184717,16.7631547390001,0
                103.717191945,16.7631573950001,0
                103.717199386,16.763159564,0
                103.717206977,16.7631612100001,0
                103.717214675,16.7631622640001,0
                103.717222188,16.7631626240001,0
                103.717228955,16.7631623560001,0
                103.7172357,16.763161575,0
                103.717242392,16.7631603080001,0
                103.717248991,16.7631585610001,0
                103.717255092,16.763156483,0
                103.717261085,16.7631540200001,0
                103.717266961,16.763151227,0
                103.717274112,16.7631473490001,0
                103.717281143,16.763143158,0
                103.717310573,16.7631247750001,0
                103.717326276,16.763115455,0
                103.717342166,16.763106464,0
                103.717358296,16.7630979410001,0
                103.717366482,16.763093945,0
                103.717374758,16.76309015,0
                103.717383123,16.7630865730001,0
                103.717391593,16.763083265,0
                103.717398911,16.76308069,0
                103.717406305,16.7630783440001,0
                103.717413766,16.7630762210001,0
                103.717421284,16.7630743400001,0
                103.717430029,16.763072499,0
                103.717438824,16.7630709910001,0
                103.717447656,16.763069828,0
                103.717456506,16.763069053,0
                103.717465355,16.763068746,0
                103.717474118,16.7630689910001,0
                103.71748283,16.763069779,0
                103.717491757,16.7630711510001,0
                103.717500579,16.7630730220001,0
                103.717509258,16.763075338,0
                103.717517752,16.763078105,0
                103.717526,16.763081368,0
                103.717533908,16.7630852290001,0
                103.717541237,16.7630896950001,0
                103.717548123,16.763094805,0
                103.717552923,16.7630989680001,0
                103.717557514,16.763103401,0
                103.717561937,16.7631080370001,0
                103.717577131,16.763125432,0
                103.717589015,16.7631385280001,0
                103.717595133,16.7631449630001,0
                103.717607628,16.7631576210001,0
                103.717620433,16.763169965,0
                103.717626972,16.7631759760001,0
                103.717633629,16.7631818360001,0
                103.717640435,16.763187494,0
                103.717647445,16.7631928770001,0
                103.717652677,16.763196556,0
                103.71765804,16.763200039,0
                103.717663543,16.763203311,0
                103.717670934,16.7632072650001,0
                103.717678513,16.7632109,0
                103.717686249,16.7632142470001,0
                103.717694119,16.76321733,0
                103.717702109,16.7632201390001,0
                103.71770977,16.763222537,0
                103.71771751,16.763224726,0
                103.717725312,16.763226742,0
                103.717741064,16.7632303510001,0
                103.717756952,16.7632334210001,0
                103.717773453,16.7632359450001,0
                103.717790033,16.7632378770001,0
                103.717798341,16.763238593,0
                103.717806657,16.76323911,0
                103.717814981,16.7632393600001,0
                103.717823283,16.7632393050001,0
                103.717831589,16.7632389840001,0
                103.717839888,16.763238433,0
                103.717848178,16.76323768,0
                103.717856444,16.763236728,0
                103.717864681,16.763235561,0
                103.717872624,16.763234203,0
                103.717880519,16.763232611,0
                103.717888342,16.763230778,0
                103.717896074,16.7632286620001,0
                103.717904085,16.7632260940001,0
                103.717911977,16.763223236,0
                103.717919746,16.7632201280001,0
                103.717927378,16.763216803,0
                103.717934841,16.7632132700001,0
                103.717942093,16.7632095070001,0
                103.717949057,16.7632054750001,0
                103.717955648,16.7632011100001,0
                103.717961733,16.763196319,0
                103.717967154,16.7631909670001,0
                103.717972003,16.763184618,0
                103.717976121,16.763177673,0
                103.717979709,16.7631702850001,0
                103.717982915,16.7631625810001,0
                103.717985844,16.7631546580001,0
                103.717988587,16.763146577,0
                103.717993725,16.7631301390001,0
                103.718005762,16.7630885020001,0
                103.718010355,16.763071806,0
                103.718014624,16.763055078,0
                103.71801655,16.7630466860001,0
                103.718018251,16.76303826,0
                103.71801953,16.7630307800001,0
                103.718020594,16.7630232650001,0
                103.718021586,16.7630145850001,0
                103.718023022,16.762997163,0
                103.71802405,16.7629796890001,0
                103.718024871,16.762962192,0
                103.71802916,16.7628570520001,0
                103.718030182,16.762839533,0
                103.718030829,16.7628308820001,0
                103.718032461,16.762813642,0
                103.718033489,16.762805068,0
                103.71803471,16.762796549,0
                103.718036195,16.7627881,0
                103.718038029,16.762779756,0
                103.718040343,16.762771559,0
                103.718043251,16.7627635330001,0
                103.718046673,16.7627556800001,0
                103.71805052,16.7627479880001,0
                103.71805475,16.762740459,0
                103.71805934,16.762733107,0
                103.718064418,16.762725792,0
                103.718069804,16.7627186600001,0
                103.718075428,16.7627116900001,0
                103.718081248,16.762704881,0
                103.718087254,16.762698249,0
                103.718093453,16.7626918330001,0
                103.718099879,16.7626856910001,0
                103.71810659,16.7626799220001,0
                103.718113673,16.762674648,0
                103.718121008,16.7626700860001,0
                103.718128692,16.7626659970001,0
                103.718136627,16.762662246,0
                103.718144741,16.762658743,0
                103.718161309,16.7626522150001,0
                103.718186573,16.762643036,0
                103.718212036,16.7626343220001,0
                103.718229118,16.762628923,0
                103.718237716,16.762626449,0
                103.718246367,16.762624209,0
                103.71825509,16.762622251,0
                103.718272693,16.7626189860001,0
                103.718281541,16.76261757,0
                103.718299303,16.7626150400001,0
                103.71831711,16.762612856,0
                103.718326022,16.7626119220001,0
                103.718334938,16.762611131,0
                103.718343863,16.7626105250001,0
                103.718352794,16.7626101810001,0
                103.71836199,16.762610141,0
                103.718371193,16.762610372,0
                103.718380401,16.762610792,0
                103.718398821,16.7626120190001,0
                103.71841723,16.762613575,0
                103.718435609,16.762615398,0
                103.718453908,16.7626176100001,0
                103.718463008,16.762618957,0
                103.718472052,16.762620548,0
                103.718480348,16.7626222910001,0
                103.718488575,16.7626243020001,0
                103.71849639,16.7626264840001,0
                103.718511865,16.762631411,0
                103.718519538,16.762634097,0
                103.718534757,16.7626398150001,0
                103.718549921,16.762645971,0
                103.718580126,16.762658582,0
                103.718595357,16.76266457,0
                103.718603627,16.762667585,0
                103.718620309,16.7626732640001,0
                103.718645535,16.7626812670001,0
                103.718687817,16.7626939850001,0
                103.718713323,16.762701211,0
                103.718731131,16.7627058910001,0
                103.718749005,16.7627103890001,0
                103.718802849,16.7627235580001,0
                103.718820881,16.7627278410001,0
                103.718838993,16.762731919,0
                103.718857219,16.7627355390001,0
                103.718874445,16.7627382360001,0
                103.718891689,16.762740346,0
                103.718900262,16.7627411820001,0
                103.718908769,16.7627418430001,0
                103.718917163,16.7627422630001,0
                103.718925389,16.7627423770001,0
                103.718933381,16.7627420580001,0
                103.71894104,16.7627411570001,0
                103.718948245,16.762739464,0
                103.718954829,16.762736712,0
                103.718960941,16.7627324480001,0
                103.718966384,16.762727032,0
                103.718971323,16.762720771,0
                103.718975902,16.762713901,0
                103.718980213,16.7627066000001,0
                103.718984315,16.762698997,0
                103.718988247,16.762691177,0
                103.718992013,16.7626832130001,0
                103.718995593,16.7626751440001,0
                103.718998943,16.7626669950001,0
                103.719001986,16.7626587770001,0
                103.719004603,16.762650496,0
                103.719006632,16.7626421430001,0
                103.719007779,16.762634964,0
                103.719008368,16.7626277480001,0
                103.719008405,16.762620541,0
                103.719007844,16.7626133690001,0
                103.719006455,16.762605437,0
                103.71900431,16.76259759,0
                103.719001579,16.7625898420001,0
                103.718998391,16.76258219,0
                103.71899485,16.762574628,0
                103.718991007,16.7625671530001,0
                103.71898689,16.7625597840001,0
                103.718982246,16.7625520710001,0
                103.718977389,16.762544452,0
                103.718972393,16.762536905,0
                103.718962153,16.762521947,0
                103.718920574,16.7624626910001,0
                103.718889625,16.76241829,0
                103.718725262,16.762181367,0
                103.71870996,16.7621590570001,0
                103.718694927,16.762136438,0
                103.718680398,16.7621135470001,0
                103.718675767,16.76210582,0
                103.718671317,16.762098012,0
                103.718667117,16.7620900900001,0
                103.718663814,16.762083252,0
                103.718660765,16.7620763090001,0
                103.718657994,16.762069261,0
                103.718655161,16.762060988,0
                103.718652638,16.7620526040001,0
                103.718650352,16.7620441330001,0
                103.718646271,16.762027028,0
                103.718642687,16.762009785,0
                103.718639662,16.761992444,0
                103.718638455,16.761983742,0
                103.718637561,16.761975014,0
                103.718637072,16.761966935,0
                103.718636876,16.761958845,0
                103.718636939,16.7619507540001,0
                103.718637249,16.7619426700001,0
                103.718637817,16.7619346160001,0
                103.718638676,16.761926606,0
                103.718639888,16.7619186590001,0
                103.718641551,16.7619108100001,0
                103.718643927,16.761902467,0
                103.718646807,16.7618942570001,0
                103.718650069,16.7618861550001,0
                103.718653628,16.761878177,0
                103.718657439,16.761870333,0
                103.718661483,16.7618626600001,0
                103.718665781,16.761855224,0
                103.718670372,16.7618481100001,0
                103.718675339,16.761841443,0
                103.718680804,16.761835395,0
                103.718686925,16.761830189,0
                103.718693964,16.7618259440001,0
                103.718701674,16.761822567,0
                103.718709863,16.761819824,0
                103.718718401,16.7618175550001,0
                103.718727185,16.7618156360001,0
                103.718736131,16.7618139840001,0
                103.718745195,16.7618125550001,0
                103.718754329,16.7618113450001,0
                103.718763512,16.761810359,0
                103.718772729,16.761809643,0
                103.718780803,16.7618092870001,0
                103.718788875,16.7618091690001,0
                103.718796948,16.7618092860001,0
                103.718804998,16.761809651,0
                103.718813019,16.761810301,0
                103.718824193,16.7618117390001,0
                103.718832903,16.761813252,0
                103.718841569,16.7618150230001,0
                103.718850206,16.761816975,0
                103.718875993,16.761823464,0
                103.718918757,16.7618350710001,0
                103.718952958,16.7618448690001,0
                103.718987471,16.761855408,0
                103.719073578,16.7618823550001,0
                103.719099478,16.7618901750001,0
                103.71911683,16.761894969,0
                103.719125552,16.761897117,0
                103.719134328,16.7618990070001,0
                103.719140338,16.7619001040001,0
                103.719146382,16.7619010290001,0
                103.719155118,16.7619020600001,0
                103.719163898,16.7619027960001,0
                103.719181557,16.761903675,0
                103.719190413,16.7619039090001,0
                103.719208143,16.7619040610001,0
                103.719225852,16.7619037810001,0
                103.719234675,16.761903412,0
                103.71924346,16.7619028140001,0
                103.71925219,16.7619019200001,0
                103.719260845,16.7619006080001,0
                103.719269496,16.761898778,0
                103.719278058,16.761896517,0
                103.719286555,16.7618939340001,0
                103.719294985,16.7618910950001,0
                103.719303358,16.761888045,0
                103.719311656,16.761884804,0
                103.719319861,16.76188137,0
                103.719327943,16.76187771,0
                103.71933585,16.761873774,0
                103.719343519,16.7618694830001,0
                103.719350722,16.761864874,0
                103.719357649,16.7618599150001,0
                103.719364312,16.761854661,0
                103.719370697,16.761849151,0
                103.719376763,16.7618433870001,0
                103.719382428,16.761837353,0
                103.719387581,16.76183101,0
                103.71939207,16.761824287,0
                103.719395517,16.761817654,0
                103.719398377,16.7618107060001,0
                103.719400763,16.761803517,0
                103.71940277,16.761796152,0
                103.719404592,16.7617879160001,0
                103.719406009,16.76177955,0
                103.719406961,16.761771321,0
                103.719407546,16.761763015,0
                103.719407808,16.761754657,0
                103.719407781,16.761746013,0
                103.71940752,16.761737343,0
                103.719406567,16.761719968,0
                103.71940354,16.761676617,0
                103.719402904,16.761659572,0
                103.719402959,16.761651224,0
                103.719403408,16.761643061,0
                103.71940441,16.761635159,0
                103.719406175,16.761627619,0
                103.719408966,16.7616205740001,0
                103.719413117,16.761614002,0
                103.719418343,16.76160796,0
                103.71942437,16.761602327,0
                103.71943098,16.761597024,0
                103.719438027,16.761592004,0
                103.719445404,16.761587251,0
                103.719453041,16.76158279,0
                103.719460906,16.7615786750001,0
                103.719468992,16.761575001,0
                103.719477322,16.761571912,0
                103.719482938,16.7615702730001,0
                103.719488654,16.761568943,0
                103.719497389,16.761567472,0
                103.719506258,16.761566493,0
                103.71951522,16.7615658730001,0
                103.71952424,16.7615655130001,0
                103.719533288,16.7615653500001,0
                103.719551358,16.7615654900001,0
                103.719560329,16.7615657850001,0
                103.719569211,16.7615662750001,0
                103.719577963,16.7615670120001,0
                103.719586518,16.7615681,0
                103.719594809,16.761569663,0
                103.719602732,16.761571888,0
                103.719610149,16.761575008,0
                103.719616957,16.7615792190001,0
                103.719623263,16.7615843340001,0
                103.719629197,16.7615901020001,0
                103.719634853,16.76159635,0
                103.719640312,16.761602945,0
                103.719645622,16.761609777,0
                103.719650815,16.7616167840001,0
                103.7196609,16.761631155,0
                103.719670536,16.7616458840001,0
                103.719675119,16.761653391,0
                103.719679387,16.761660829,0
                103.719683484,16.761668361,0
                103.719691262,16.76168361,0
                103.719698521,16.7616990650001,0
                103.719701909,16.761706874,0
                103.719705083,16.761714752,0
                103.719708085,16.7617229890001,0
                103.719710825,16.7617313010001,0
                103.719713306,16.761739676,0
                103.719715521,16.7617481030001,0
                103.719717429,16.7617565910001,0
                103.71971895,16.761765133,0
                103.719719934,16.761772781,0
                103.719720611,16.761780468,0
                103.719721054,16.761788188,0
                103.719721306,16.7617959250001,0
                103.71972132,16.7618114380001,0
                103.719720733,16.76182687,0
                103.719719582,16.761842189,0
                103.719718798,16.761849828,0
                103.719717697,16.761858655,0
                103.719716384,16.761867452,0
                103.719714832,16.761876199,0
                103.719712993,16.761884891,0
                103.719710792,16.761893495,0
                103.719708246,16.761901761,0
                103.719705375,16.761909953,0
                103.719699026,16.7619262110001,0
                103.719685756,16.7619586640001,0
                103.719682707,16.761966842,0
                103.71967994,16.761975068,0
                103.719677576,16.7619833570001,0
                103.71967608,16.7619900030001,0
                103.719674959,16.761996681,0
                103.71967424,16.762003368,0
                103.719673973,16.762009215,0
                103.719674028,16.762015037,0
                103.719674395,16.7620208110001,0
                103.719675468,16.762029034,0
                103.71967714,16.762037036,0
                103.71967942,16.7620447090001,0
                103.719682363,16.76205192,0
                103.719686095,16.762058487,0
                103.719690825,16.762064179,0
                103.719696774,16.762068852,0
                103.719703683,16.7620726280001,0
                103.719711283,16.762075757,0
                103.719719381,16.7620784150001,0
                103.719727822,16.762080741,0
                103.719736504,16.762082831,0
                103.719745342,16.7620847600001,0
                103.719763287,16.762088315,0
                103.719790451,16.76209319,0
                103.7198086,16.762096136,0
                103.71981769,16.762097456,0
                103.719826579,16.7620986220001,0
                103.719844383,16.7621006700001,0
                103.719888862,16.7621052110001,0
                103.719906599,16.7621071610001,0
                103.719924255,16.762109465,0
                103.719933032,16.7621108450001,0
                103.719941702,16.762112431,0
                103.719950326,16.7621142080001,0
                103.719967432,16.7621182820001,0
                103.719975904,16.7621205840001,0
                103.719984294,16.7621231000001,0
                103.719992591,16.76212588,0
                103.720000411,16.7621288290001,0
                103.720008138,16.762132013,0
                103.720015777,16.7621354030001,0
                103.720030825,16.762142693,0
                103.720038228,16.762146579,0
                103.720046054,16.7621509160001,0
                103.720076731,16.7621686140001,0
                103.720114126,16.7621893900001,0
                103.720128988,16.7621978600001,0
                103.720144074,16.7622069020001,0
                103.720159006,16.762216187,0
                103.720181227,16.762230383,0
                103.72019593,16.762240015,0
                103.720217303,16.762254533,0
                103.720257867,16.7622831240001,0
                103.720271601,16.762292341,0
                103.72027864,16.7622968260001,0
                103.720292926,16.762305494,0
                103.720307419,16.762313829,0
                103.720314737,16.762317862,0
                103.720329557,16.7623255980001,0
                103.72033708,16.762329234,0
                103.720350043,16.762334917,0
                103.720358655,16.762338303,0
                103.720367361,16.7623414920001,0
                103.720384949,16.762347489,0
                103.720402661,16.762353203,0
                103.72047371,16.7623756310001,0
                103.72049137,16.7623814950001,0
                103.720506154,16.7623866550001,0
                103.720528191,16.762394735,0
                103.720543414,16.762400605,0
                103.720614307,16.762429234,0
                103.720639335,16.762438891,0
                103.720665128,16.762448426,0
                103.720682375,16.7624546330001,0
                103.720699683,16.7624606630001,0
                103.720717096,16.76246637,0
                103.720725863,16.7624690270001,0
                103.720734536,16.762471469,0
                103.720751993,16.762475963,0
                103.720813522,16.762490429,0
                103.720839802,16.7624969880001,0
                103.720865127,16.762504096,0
                103.720932353,16.7625243850001,0
                103.720949225,16.7625292440001,0
                103.720966194,16.7625336410001,0
                103.720974741,16.762535536,0
                103.720982872,16.762537067,0
                103.720991048,16.762538335,0
                103.720999255,16.7625393320001,0
                103.721007487,16.762540035,0
                103.721016525,16.762540427,0
                103.721025574,16.76254049,0
                103.721034621,16.7625402780001,0
                103.721043643,16.762539819,0
                103.721052622,16.7625391030001,0
                103.721061532,16.7625381010001,0
                103.721070336,16.76253675,0
                103.721078992,16.7625349420001,0
                103.721087442,16.7625325400001,0
                103.721095391,16.7625295230001,0
                103.721103138,16.7625259550001,0
                103.72111074,16.7625219770001,0
                103.721118232,16.762517695,0
                103.721125633,16.762513198,0
                103.721132966,16.762508536,0
                103.721147425,16.762498857,0
                103.721161547,16.762488762,0
                103.721168416,16.7624835290001,0
                103.721175098,16.7624781210001,0
                103.721181517,16.7624724790001,0
                103.721187592,16.762466531,0
                103.721193546,16.762459845,0
                103.721199122,16.7624528260001,0
                103.721204425,16.762445561,0
                103.721214491,16.7624305690001,0
                103.72122417,16.7624152400001,0
                103.721248034,16.762376666,0
                103.721257871,16.7623615040001,0
                103.721262974,16.7623540860001,0
                103.721268263,16.762346839,0
                103.721273821,16.76233982,0
                103.721279741,16.762333127,0
                103.721285649,16.76232724,0
                103.721291873,16.7623216260001,0
                103.721298321,16.7623162140001,0
                103.721304927,16.762310928,0
                103.721338452,16.762285069,0
                103.721371495,16.7622590120001,0
                103.721384796,16.7622486880001,0
                103.721398057,16.762238784,0
                103.721404667,16.762234044,0
                103.72141809,16.76222483,0
                103.721433089,16.7622152370001,0
                103.721448316,16.7622059460001,0
                103.721479055,16.7621877440001,0
                103.721502245,16.7621743220001,0
                103.721517833,16.76216564,0
                103.721525696,16.7621614660001,0
                103.721533639,16.762157471,0
                103.721541687,16.7621537260001,0
                103.721548891,16.7621506990001,0
                103.72155619,16.762147935,0
                103.721563591,16.7621454490001,0
                103.721571088,16.762143285,0
                103.721579976,16.7621411920001,0
                103.721588972,16.762139516,0
                103.721598048,16.762138195,0
                103.721607183,16.762137201,0
                103.721616364,16.762136544,0
                103.721624665,16.76213625,0
                103.721632986,16.7621361810001,0
                103.72164967,16.762136447,0
                103.721674738,16.7621371380001,0
                103.721691448,16.762137336,0
                103.721700647,16.7621372190001,0
                103.721719031,16.7621365900001,0
                103.721737401,16.762135619,0
                103.721755751,16.7621344040001,0
                103.721783206,16.762132084,0
                103.721801407,16.762129945,0
                103.721810453,16.7621285650001,0
                103.721819455,16.762126903,0
                103.721837354,16.762122963,0
                103.721864049,16.762116221,0
                103.72189955,16.762106707,0
                103.721961625,16.762089761,0
                103.721988166,16.7620822690001,0
                103.72200579,16.76207702,0
                103.722023352,16.7620713800001,0
                103.722058103,16.7620597160001,0
                103.722075052,16.762054445,0
                103.722083576,16.762051996,0
                103.722092146,16.762049731,0
                103.722100769,16.7620477080001,0
                103.722108311,16.762046205,0
                103.722115891,16.7620449400001,0
                103.7221235,16.7620439140001,0
                103.72213113,16.7620431390001,0
                103.722138766,16.762042653,0
                103.722146308,16.762042502,0
                103.722153835,16.7620426720001,0
                103.722161328,16.7620431760001,0
                103.722168764,16.7620440470001,0
                103.722177687,16.762045636,0
                103.722186477,16.762047728,0
                103.722195101,16.76205027,0
                103.722203511,16.7620532500001,0
                103.722211633,16.7620567010001,0
                103.722219372,16.7620607150001,0
                103.722226581,16.7620654300001,0
                103.722233198,16.762071011,0
                103.722239284,16.7620772670001,0
                103.722244976,16.76208401,0
                103.722250381,16.7620911010001,0
                103.722255573,16.762098446,0
                103.722260587,16.7621059750001,0
                103.72226545,16.7621136380001,0
                103.722270162,16.7621214170001,0
                103.722274693,16.762129304,0
                103.722279008,16.7621373040001,0
                103.72228301,16.7621453420001,0
                103.722286781,16.762153486,0
                103.722290352,16.76216171,0
                103.722293729,16.762169998,0
                103.722296883,16.7621783490001,0
                103.722299771,16.7621867600001,0
                103.72230232,16.762195251,0
                103.722304074,16.762202233,0
                103.722305525,16.7622092620001,0
                103.72230665,16.7622163400001,0
                103.722307547,16.762224824,0
                103.72230802,16.7622333360001,0
                103.722308118,16.7622418610001,0
                103.722307847,16.7622503810001,0
                103.722307182,16.762258869,0
                103.722306067,16.762267305,0
                103.722304426,16.7622756760001,0
                103.722302315,16.762283967,0
                103.722299791,16.76229217,0
                103.722296877,16.762300318,0
                103.722293656,16.7623083780001,0
                103.722290191,16.7623163540001,0
                103.722286508,16.762324253,0
                103.722282622,16.7623320590001,0
                103.722278517,16.7623397520001,0
                103.722274319,16.7623470460001,0
                103.722269897,16.7623542010001,0
                103.722265243,16.7623611990001,0
                103.722260326,16.762368022,0
                103.722255814,16.7623737820001,0
                103.722251087,16.7623793760001,0
                103.722246164,16.762384807,0
                103.722241036,16.7623900630001,0
                103.722235697,16.762395112,0
                103.722229362,16.762400584,0
                103.722222793,16.7624058280001,0
                103.722209195,16.7624158840001,0
                103.7221813,16.7624354180001,0
                103.72216749,16.7624454200001,0
                103.722160254,16.7624509720001,0
                103.722153149,16.762456661,0
                103.722146173,16.762462482,0
                103.722139359,16.762468439,0
                103.72213275,16.762474549,0
                103.722126417,16.7624808460001,0
                103.722120469,16.762487387,0
                103.722115053,16.762494245,0
                103.722111156,16.762500099,0
                103.722107757,16.762506203,0
                103.722104891,16.762512529,0
                103.722102515,16.7625193750001,0
                103.722100724,16.762526402,0
                103.722099465,16.7625335430001,0
                103.722098736,16.7625407580001,0
                103.722098537,16.762549001,0
                103.72209895,16.7625571990001,0
                103.722099927,16.762565276,0
                103.722101473,16.762573145,0
                103.722103667,16.7625806940001,0
                103.722106635,16.762587792,0
                103.722110589,16.762594259,0
                103.722115851,16.762600105,0
                103.722122094,16.7626052890001,0
                103.722129054,16.7626099840001,0
                103.722136515,16.762614328,0
                103.722144331,16.7626184260001,0
                103.72215239,16.762622342,0
                103.722168921,16.762629868,0
                103.722236145,16.762658964,0
                103.72226954,16.762673616,0
                103.7223111,16.7626921500001,0
                103.722369182,16.7627184090001,0
                103.722385826,16.7627257610001,0
                103.722402559,16.7627327230001,0
                103.722410979,16.762735928,0
                103.722419462,16.762738825,0
                103.722428024,16.762741297,0
                103.722436687,16.7627431760001,0
                103.722445342,16.762744307,0
                103.722454093,16.762744818,0
                103.722462897,16.7627448100001,0
                103.722471722,16.762744346,0
                103.722480542,16.7627434400001,0
                103.722489307,16.762742067,0
                103.722497525,16.7627403010001,0
                103.722505663,16.762738149,0
                103.722513723,16.76273567,0
                103.722521687,16.7627329000001,0
                103.722529541,16.762729844,0
                103.722537242,16.7627264810001,0
                103.722544747,16.7627227570001,0
                103.722552423,16.7627183720001,0
                103.722559837,16.762713591,0
                103.722566994,16.762708478,0
                103.722573877,16.762703065,0
                103.722580435,16.7626973480001,0
                103.722586582,16.762691289,0
                103.722592195,16.762684823,0
                103.722597016,16.7626781320001,0
                103.722601314,16.7626710750001,0
                103.722605184,16.762663752,0
                103.722608689,16.762656226,0
                103.722611839,16.762648542,0
                103.722614621,16.76264073,0
                103.722616979,16.762632802,0
                103.722618825,16.7626247690001,0
                103.722620034,16.762616908,0
                103.722620741,16.7626089730001,0
                103.722621021,16.762600998,0
                103.722620893,16.762593006,0
                103.722620373,16.7625850220001,0
                103.722619383,16.7625767700001,0
                103.722617931,16.7625685690001,0
                103.722615878,16.7625599040001,0
                103.722613415,16.7625513030001,0
                103.722610673,16.762542753,0
                103.722604657,16.7625257510001,0
                103.722588669,16.7624834320001,0
                103.722582504,16.762466429,0
                103.722576912,16.762449534,0
                103.722574375,16.762441156,0
                103.722569659,16.7624242900001,0
                103.722565477,16.762407291,0
                103.722563666,16.7623987380001,0
                103.72256212,16.7623901430001,0
                103.722561009,16.762382303,0
                103.722560164,16.76237444,0
                103.722559567,16.7623665620001,0
                103.722559227,16.7623586870001,0
                103.722559178,16.762350833,0
                103.722559481,16.7623430190001,0
                103.722560216,16.7623352730001,0
                103.722561619,16.762326952,0
                103.722563635,16.7623187940001,0
                103.722566288,16.762310863,0
                103.722569636,16.762303242,0
                103.722573387,16.7622966070001,0
                103.722577713,16.762290315,0
                103.722582525,16.762284391,0
                103.722587778,16.7622788800001,0
                103.722593465,16.762273868,0
                103.722599601,16.7622694680001,0
                103.72260645,16.762265692,0
                103.722613706,16.7622626680001,0
                103.722621255,16.762260349,0
                103.722629014,16.762258769,0
                103.72263692,16.762258006,0
                103.722644937,16.762258133,0
                103.722653009,16.762258994,0
                103.7226611,16.7622604220001,0
                103.722669179,16.7622622960001,0
                103.72267721,16.7622645320001,0
                103.722685166,16.762267089,0
                103.722693002,16.7622699520001,0
                103.722700683,16.762273151,0
                103.72270814,16.7622767340001,0
                103.722715309,16.7622807880001,0
                103.722722631,16.7622857490001,0
                103.722729624,16.762291218,0
                103.722736374,16.762297044,0
                103.722742956,16.7623031210001,0
                103.722749417,16.7623093730001,0
                103.722774879,16.762334875,0
                103.722781316,16.7623411230001,0
                103.722787862,16.7623472060001,0
                103.722794569,16.762353041,0
                103.722801503,16.762358529,0
                103.722808751,16.762363528,0
                103.722816534,16.762368001,0
                103.722824649,16.762371934,0
                103.722833011,16.7623754200001,0
                103.722841555,16.762378518,0
                103.722850239,16.7623812300001,0
                103.722859039,16.7623835250001,0
                103.722867925,16.7623853220001,0
                103.722876903,16.762386491,0
                103.722886008,16.7623869170001,0
                103.722895168,16.762386716,0
                103.722904348,16.7623860410001,0
                103.722913528,16.7623849830001,0
                103.722922672,16.762383588,0
                103.722931747,16.762381869,0
                103.722940715,16.762379793,0
                103.722949518,16.762377283,0
                103.722958083,16.7623742110001,0
                103.72296635,16.7623704700001,0
                103.722974355,16.762366167,0
                103.722982121,16.7623614280001,0
                103.722989667,16.762356319,0
                103.72299697,16.762350887,0
                103.723003995,16.762345124,0
                103.723010678,16.76233899,0
                103.723016448,16.7623330070001,0
                103.723021934,16.7623267430001,0
                103.723027215,16.76232028,0
                103.723032333,16.762313668,0
                103.723037332,16.76230695,0
                103.723047066,16.7622933010001,0
                103.723056473,16.762279451,0
                103.723064919,16.7622662950001,0
                103.723072817,16.7622529170001,0
                103.723076456,16.762246114,0
                103.723079808,16.7622392000001,0
                103.723082772,16.762232146,0
                103.723085614,16.762223896,0
                103.723087974,16.7622154630001,0
                103.72308997,16.762206903,0
                103.723091702,16.762198246,0
                103.723094614,16.76218076,0
                103.723098992,16.7621502640001,0
                103.723100252,16.7621431320001,0
                103.723101762,16.7621361070001,0
                103.723103643,16.76212911,0
                103.723105921,16.762122301,0
                103.72310864,16.7621157400001,0
                103.723111887,16.762109491,0
                103.723114584,16.7621052550001,0
                103.723117619,16.7621012560001,0
                103.723123469,16.762095082,0
                103.723130053,16.762089482,0
                103.723137176,16.76208432,0
                103.723144682,16.762079514,0
                103.723152463,16.762075023,0
                103.72316043,16.7620708420001,0
                103.723168536,16.762067014,0
                103.723176732,16.762063626,0
                103.723185004,16.7620608180001,0
                103.723193341,16.7620587960001,0
                103.723201734,16.762057833,0
                103.723209914,16.7620581370001,0
                103.723218132,16.7620594310001,0
                103.723226379,16.7620614590001,0
                103.723234642,16.762064014,0
                103.723242902,16.7620669520001,0
                103.723251159,16.7620701650001,0
                103.723259383,16.762073587,0
                103.72327568,16.7620809150001,0
                103.723283692,16.762084814,0
                103.723291554,16.7620889020001,0
                103.723299198,16.762093242,0
                103.72330655,16.762097914,0
                103.723313493,16.762103037,0
                103.723318307,16.7621071990001,0
                103.723322856,16.762111642,0
                103.723327159,16.762116334,0
                103.723332383,16.762122709,0
                103.723337273,16.7621293710001,0
                103.723341874,16.76213626,0
                103.723346203,16.762143345,0
                103.723350242,16.762150607,0
                103.723354104,16.762158271,0
                103.723357712,16.762166075,0
                103.723364438,16.7621819340001,0
                103.723370776,16.7621979730001,0
                103.723376868,16.7622140990001,0
                103.723382724,16.7622302940001,0
                103.723388212,16.762246582,0
                103.723390652,16.7622544540001,0
                103.723395221,16.762270277,0
                103.723399492,16.7622861790001,0
                103.723405418,16.762310137,0
                103.72341116,16.76233634,0
                103.723418291,16.7623713840001,0
                103.723432183,16.762441654,0
                103.723437607,16.7624680170001,0
                103.723441595,16.762485521,0
                103.723443817,16.762494223,0
                103.723446222,16.7625027490001,0
                103.723448836,16.7625112160001,0
                103.72345165,16.762519615,0
                103.723454685,16.762527924,0
                103.723457985,16.76253611,0
                103.723461617,16.76254413,0
                103.723464911,16.7625505720001,0
                103.723468481,16.762556853,0
                103.723472318,16.762562949,0
                103.723476435,16.762568835,0
                103.723480864,16.762574457,0
                103.723486423,16.762580568,0
                103.723492452,16.7625862030001,0
                103.723498968,16.7625912720001,0
                103.723506239,16.7625958420001,0
                103.723513936,16.76259987,0
                103.723521945,16.762603486,0
                103.723530176,16.762606799,0
                103.723538556,16.7626098740001,0
                103.723547043,16.762612744,0
                103.723555586,16.762615414,0
                103.723564165,16.7626178670001,0
                103.723572747,16.7626200450001,0
                103.723581316,16.762621863,0
                103.723589844,16.762623186,0
                103.723598304,16.7626238440001,0
                103.723606671,16.762623584,0
                103.723614532,16.762622304,0
                103.723622296,16.7626201790001,0
                103.723629975,16.76261742,0
                103.723637572,16.7626141810001,0
                103.723645089,16.7626105740001,0
                103.723652515,16.7626066760001,0
                103.723659823,16.7626025380001,0
                103.723666966,16.7625981640001,0
                103.723673901,16.7625935470001,0
                103.723680545,16.762588653,0
                103.723686791,16.7625834130001,0
                103.723692503,16.762577724,0
                103.723697339,16.762571813,0
                103.723701641,16.7625654940001,0
                103.723705486,16.762558853,0
                103.723708917,16.762551951,0
                103.723711946,16.762544841,0
                103.723714544,16.762537539,0
                103.723716937,16.7625291460001,0
                103.723718892,16.7625205960001,0
                103.72372053,16.7625119370001,0
                103.723721947,16.7625032060001,0
                103.723724342,16.762485627,0
                103.723727275,16.762459145,0
                103.723728826,16.762441473,0
                103.723729855,16.7624240390001,0
                103.723731297,16.762372468,0
                103.723732093,16.7623552920001,0
                103.723732713,16.7623465250001,0
                103.723734254,16.762328993,0
                103.723739016,16.7622780990001,0
                103.723740791,16.7622615400001,0
                103.723741865,16.762253349,0
                103.723743148,16.7622452570001,0
                103.723744724,16.762237311,0
                103.723746713,16.7622295620001,0
                103.72374926,16.7622221030001,0
                103.723752575,16.7622150280001,0
                103.723757049,16.7622080840001,0
                103.723762356,16.762201571,0
                103.723768275,16.7621953820001,0
                103.723774636,16.7621894490001,0
                103.72378131,16.7621837340001,0
                103.72378821,16.7621782210001,0
                103.723795269,16.7621729260001,0
                103.723802443,16.762167907,0
                103.723809705,16.762163247,0
                103.72381704,16.762159081,0
                103.723824443,16.762155598,0
                103.723831931,16.762153056,0
                103.723839511,16.7621517910001,0
                103.723847002,16.762152056,0
                103.723854585,16.762153545,0
                103.723862227,16.7621559250001,0
                103.723869918,16.7621589620001,0
                103.723877639,16.762162458,0
                103.723885378,16.7621662820001,0
                103.723893122,16.762170337,0
                103.723900861,16.7621745490001,0
                103.723916258,16.7621832950001,0
                103.723931383,16.762192403,0
                103.723938741,16.7621971240001,0
                103.72394588,16.7622020220001,0
                103.72395271,16.762207152,0
                103.723959114,16.7622126160001,0
                103.723964935,16.762218526,0
                103.723969996,16.762224949,0
                103.723974405,16.762231839,0
                103.723978238,16.762239101,0
                103.723981518,16.762246679,0
                103.723984134,16.7622541050001,0
                103.723986357,16.7622617110001,0
                103.72398828,16.7622694460001,0
                103.723989966,16.762277281,0
                103.7239928,16.762293135,0
                103.7239951,16.7623097220001,0
                103.723997005,16.762326972,0
                103.724001427,16.7623701370001,0
                103.724003658,16.7623873210001,0
                103.724004928,16.7623953680001,0
                103.724007888,16.7624113860001,0
                103.724011364,16.7624272790001,0
                103.724013337,16.762435157,0
                103.724015509,16.762442971,0
                103.724017936,16.76245069,0
                103.724020702,16.76245828,0
                103.724024068,16.762466148,0
                103.724027809,16.7624738590001,0
                103.724031852,16.7624814330001,0
                103.724036143,16.7624888610001,0
                103.724040664,16.762496131,0
                103.724045409,16.76250321,0
                103.724050411,16.762510041,0
                103.724055722,16.7625165310001,0
                103.724061429,16.762522565,0
                103.724067659,16.762527988,0
                103.724074857,16.762532875,0
                103.72408261,16.762537074,0
                103.72409078,16.7625407310001,0
                103.724099252,16.762543948,0
                103.724107957,16.7625467770001,0
                103.724116625,16.7625491920001,0
                103.724125421,16.7625513240001,0
                103.7241343,16.762553203,0
                103.724143248,16.7625548500001,0
                103.724152245,16.7625562380001,0
                103.724161287,16.7625573330001,0
                103.724169692,16.7625580370001,0
                103.72417812,16.762558502,0
                103.72418657,16.762558776,0
                103.724203485,16.762558911,0
                103.724220407,16.762558585,0
                103.724238473,16.7625577920001,0
                103.724265541,16.7625561250001,0
                103.724301548,16.7625534590001,0
                103.72431948,16.7625518030001,0
                103.724337307,16.7625496410001,0
                103.724346155,16.76254823,0
                103.724354634,16.762546593,0
                103.724363059,16.7625447230001,0
                103.724371448,16.762542673,0
                103.724379805,16.76254048,0
                103.724396436,16.7625357530001,0
                103.724412934,16.7625305930001,0
                103.724421113,16.762527822,0
                103.724434511,16.7625228900001,0
                103.724449554,16.762516771,0
                103.724466218,16.762509457,0
                103.724499398,16.762494426,0
                103.724524014,16.7624838460001,0
                103.724540436,16.762477281,0
                103.724548704,16.762474152,0
                103.724557023,16.762471163,0
                103.724565406,16.7624683560001,0
                103.724574033,16.76246572,0
                103.724582726,16.762463289,0
                103.724600264,16.762458961,0
                103.724609097,16.7624570680001,0
                103.724617967,16.7624553860001,0
                103.724626881,16.762453973,0
                103.724635229,16.7624529390001,0
                103.724643611,16.762452147,0
                103.724652013,16.7624515530001,0
                103.724668861,16.7624509180001,0
                103.724677286,16.7624508820001,0
                103.724685711,16.762451072,0
                103.724694255,16.762451529,0
                103.724702782,16.762452248,0
                103.724711288,16.7624532240001,0
                103.72471988,16.762454469,0
                103.724728444,16.762455931,0
                103.724745491,16.7624593300001,0
                103.724762401,16.7624632600001,0
                103.724770782,16.762465438,0
                103.724779083,16.7624678070001,0
                103.724787288,16.762470417,0
                103.724795355,16.762473351,0
                103.724801878,16.7624760680001,0
                103.724808277,16.762479053,0
                103.724816253,16.76248321,0
                103.724824068,16.7624876730001,0
                103.724831763,16.762492373,0
                103.724839364,16.7624972410001,0
                103.724854313,16.762507386,0
                103.724868878,16.76251803,0
                103.724875948,16.762523592,0
                103.724882814,16.76252937,0
                103.7248894,16.7625353980001,0
                103.724895772,16.762541642,0
                103.72490197,16.762548058,0
                103.724908008,16.762554607,0
                103.724913894,16.7625612780001,0
                103.72491961,16.762568065,0
                103.724925114,16.762574983,0
                103.724930351,16.7625820600001,0
                103.724935228,16.76258934,0
                103.724938659,16.7625950790001,0
                103.724941812,16.762600956,0
                103.724944688,16.762606975,0
                103.724947887,16.762614689,0
                103.724950739,16.7626225600001,0
                103.724953323,16.762630546,0
                103.724957966,16.7626467320001,0
                103.724962137,16.762663087,0
                103.72496594,16.762679527,0
                103.724969268,16.762696041,0
                103.724970661,16.762704324,0
                103.724971802,16.7627126400001,0
                103.724972678,16.762721562,0
                103.724973269,16.762730517,0
                103.724973915,16.7627484810001,0
                103.724974413,16.7627845160001,0
                103.724974831,16.762802535,0
                103.724975213,16.76281154,0
                103.724976357,16.762828289,0
                103.724978844,16.762853353,0
                103.724980968,16.762869999,0
                103.724983664,16.7628865130001,0
                103.724985345,16.762894691,0
                103.724987356,16.7629027840001,0
                103.724989071,16.7629086000001,0
                103.724991001,16.7629143510001,0
                103.724994027,16.762922277,0
                103.72499736,16.7629301010001,0
                103.725000924,16.7629378440001,0
                103.725004674,16.762945519,0
                103.725012617,16.762960633,0
                103.725016801,16.76296805,0
                103.725021154,16.762975323,0
                103.725025717,16.762982403,0
                103.725030559,16.762989223,0
                103.725035776,16.762995684,0
                103.725041491,16.7630016590001,0
                103.725047913,16.763007128,0
                103.725054848,16.763012093,0
                103.725062152,16.7630166980001,0
                103.72506973,16.7630210310001,0
                103.725077505,16.7630251740001,0
                103.725085416,16.763029166,0
                103.725101515,16.763036823,0
                103.725117871,16.763044033,0
                103.725126136,16.763047413,0
                103.725134471,16.7630505650001,0
                103.725142901,16.7630534100001,0
                103.725151731,16.763055934,0
                103.725160661,16.7630580040001,0
                103.725168607,16.7630594400001,0
                103.725176601,16.763060523,0
                103.725184619,16.7630612630001,0
                103.725192651,16.7630616320001,0
                103.725200673,16.763061588,0
                103.725208081,16.763061125,0
                103.725215456,16.763060293,0
                103.725222795,16.7630591240001,0
                103.725230075,16.763057631,0
                103.725237285,16.7630558120001,0
                103.725244088,16.7630537540001,0
                103.725250813,16.763051413,0
                103.725258935,16.7630482160001,0
                103.72526697,16.7630447500001,0
                103.725274945,16.7630411010001,0
                103.725306743,16.763026025,0
                103.72531478,16.7630224060001,0
                103.725331444,16.763015452,0
                103.725356806,16.763005707,0
                103.725399494,16.762990029,0
                103.725433692,16.7629777600001,0
                103.725450604,16.762972125,0
                103.725458935,16.762969631,0
                103.725467134,16.762967496,0
                103.725475135,16.7629658700001,0
                103.725482855,16.762964971,0
                103.725490198,16.762965073,0
                103.725497017,16.7629665430001,0
                103.725503238,16.7629697040001,0
                103.725508931,16.762974247,0
                103.725514238,16.7629798040001,0
                103.725519268,16.762986088,0
                103.725524101,16.7629928910001,0
                103.725528797,16.763000048,0
                103.725533406,16.7630074470001,0
                103.725542451,16.763022666,0
                103.725555857,16.7630458890001,0
                103.725573602,16.763076927,0
                103.725586632,16.76310024,0
                103.725598936,16.763123321,0
                103.725630892,16.7631851130001,0
                103.725642995,16.7632081900001,0
                103.725651269,16.763223463,0
                103.725659779,16.7632384020001,0
                103.725668524,16.7632530110001,0
                103.725677448,16.763267526,0
                103.725700229,16.763303546,0
                103.725714051,16.7633244830001,0
                103.725723165,16.7633377230001,0
                103.725732476,16.763350836,0
                103.725742031,16.7633637770001,0
                103.725752197,16.763376866,0
                103.725767857,16.763396206,0
                103.725783842,16.763415305,0
                103.72579526,16.7634285090001,0
                103.725813536,16.7634490290001,0
                103.725832017,16.763469381,0
                103.725850755,16.7634895030001,0
                103.72586358,16.763502612,0
                103.72586996,16.76350882,0
                103.72588299,16.763520983,0
                103.725896267,16.763532905,0
                103.725909753,16.7635445980001,0
                103.725916594,16.7635503270001,0
                103.725923526,16.763555941,0
                103.72593058,16.763561408,0
                103.725936517,16.763565769,0
                103.725948694,16.7635740850001,0
                103.725956444,16.7635789500001,0
                103.725964321,16.7635836270001,0
                103.725972297,16.7635881360001,0
                103.725980362,16.763592498,0
                103.725988508,16.763596696,0
                103.725996742,16.7636007030001,0
                103.726005088,16.763604473,0
                103.726013561,16.7636079380001,0
                103.726022251,16.7636110560001,0
                103.726031069,16.7636138730001,0
                103.726039979,16.763616476,0
                103.726057964,16.763621282,0
                103.726094167,16.763630334,0
                103.726112233,16.763635003,0
                103.726130163,16.763640058,0
                103.726138536,16.7636426510001,0
                103.726146864,16.7636453710001,0
                103.726163435,16.76365107,0
                103.726196362,16.7636630820001,0
                103.726220867,16.7636725560001,0
                103.726246343,16.7636831300001,0
                103.726263184,16.7636904820001,0
                103.726279887,16.7636981160001,0
                103.726294304,16.763705063,0
                103.726330165,16.763722799,0
                103.726380176,16.763746659,0
                103.726396768,16.763754751,0
                103.726420914,16.763767123,0
                103.726484845,16.763800953,0
                103.726500936,16.7638091910001,0
                103.726509039,16.763813192,0
                103.726524448,16.7638203330001,0
                103.726539103,16.763826522,0
                103.726547602,16.7638298700001,0
                103.726564733,16.7638362590001,0
                103.726581974,16.763842407,0
                103.726625274,16.763857295,0
                103.726651408,16.763865717,0
                103.726660178,16.763868315,0
                103.726669001,16.763870739,0
                103.726685759,16.763874749,0
                103.72671113,16.763879935,0
                103.726745153,16.763886112,0
                103.726770768,16.76389017,0
                103.726779333,16.7638913070001,0
                103.726795486,16.7638929870001,0
                103.72680358,16.7638935890001,0
                103.726811684,16.7638940030001,0
                103.726819885,16.7638942150001,0
                103.726836288,16.7638940950001,0
                103.726852671,16.7638933540001,0
                103.726860838,16.7638927290001,0
                103.726868985,16.7638918970001,0
                103.72687701,16.7638908430001,0
                103.726885002,16.763889582,0
                103.726892956,16.763888133,0
                103.726900878,16.763886509,0
                103.726908754,16.7638847010001,0
                103.726916577,16.763882687,0
                103.726923976,16.763880552,0
                103.726931324,16.7638782330001,0
                103.726945859,16.7638731170001,0
                103.726954042,16.7638699450001,0
                103.726970268,16.763863218,0
                103.726994397,16.763852613,0
                103.727018387,16.7638417040001,0
                103.727042187,16.7638304490001,0
                103.727058026,16.7638224680001,0
                103.727081738,16.763809768,0
                103.727136694,16.763779426,0
                103.727160356,16.763766574,0
                103.727176047,16.7637582940001,0
                103.72723067,16.7637301730001,0
                103.727246091,16.7637217600001,0
                103.727253677,16.763717349,0
                103.727260926,16.7637128920001,0
                103.727268067,16.7637082800001,0
                103.727282064,16.76369866,0
                103.727288897,16.763693658,0
                103.727295576,16.7636885200001,0
                103.72730206,16.7636832060001,0
                103.727308276,16.7636776860001,0
                103.727314125,16.763671887,0
                103.727319479,16.763665729,0
                103.72732457,16.763658617,0
                103.727329039,16.7636511050001,0
                103.727332967,16.7636432900001,0
                103.727336384,16.763635261,0
                103.72733926,16.763627082,0
                103.727341506,16.763618792,0
                103.727342989,16.7636104650001,0
                103.727343649,16.7636021700001,0
                103.727343383,16.763593875,0
                103.727342154,16.7635858350001,0
                103.727339884,16.7635782030001,0
                103.727336379,16.7635711670001,0
                103.727331633,16.7635650300001,0
                103.727325821,16.763559475,0
                103.727319243,16.7635543530001,0
                103.72731212,16.763549541,0
                103.72730462,16.7635449540001,0
                103.727288942,16.763536183,0
                103.727248557,16.7635148690001,0
                103.727232367,16.7635060380001,0
                103.727200292,16.763488013,0
                103.727168464,16.763469738,0
                103.727152744,16.763460432,0
                103.727137405,16.7634507920001,0
                103.727130001,16.763445748,0
                103.727122881,16.7634404670001,0
                103.727116164,16.763434848,0
                103.727110002,16.763428774,0
                103.727104954,16.7634227020001,0
                103.72710042,16.7634162260001,0
                103.727096313,16.763409439,0
                103.727092574,16.763402404,0
                103.727089186,16.7633951670001,0
                103.727086153,16.7633877640001,0
                103.727083524,16.7633802070001,0
                103.727081645,16.7633736610001,0
                103.727080092,16.7633670220001,0
                103.727078863,16.7633603080001,0
                103.727077756,16.7633514820001,0
                103.727077072,16.763342574,0
                103.727076692,16.763333618,0
                103.727076512,16.763315608,0
                103.7270768,16.7632975600001,0
                103.727077448,16.7632795260001,0
                103.727078594,16.7632615480001,0
                103.727079472,16.7632526,0
                103.72708044,16.7632450190001,0
                103.727081609,16.7632374660001,0
                103.727082967,16.763229944,0
                103.727084701,16.763221566,0
                103.727088681,16.763204907,0
                103.72709316,16.763188363,0
                103.727098092,16.7631719520001,0
                103.727100781,16.7631638230001,0
                103.727103674,16.763155765,0
                103.727106663,16.76314817,0
                103.727109864,16.76314066,0
                103.727113263,16.763133227,0
                103.727116866,16.763125878,0
                103.727120891,16.7631182010001,0
                103.727125095,16.7631106050001,0
                103.727133845,16.763095562,0
                103.727151936,16.7630657340001,0
                103.727170354,16.763036092,0
                103.727179816,16.7630214750001,0
                103.7271847,16.763014286,0
                103.727189737,16.763007234,0
                103.727194998,16.7630003670001,0
                103.727200561,16.7629937620001,0
                103.727206359,16.7629876300001,0
                103.727212479,16.762981788,0
                103.727218876,16.7629762060001,0
                103.727225991,16.762970508,0
                103.727233331,16.762965057,0
                103.727240855,16.7629598230001,0
                103.727248548,16.762954805,0
                103.727256401,16.762950032,0
                103.72726444,16.7629455520001,0
                103.727272105,16.7629416940001,0
                103.727279912,16.762938089,0
                103.727287832,16.7629346890001,0
                103.72730391,16.7629284110001,0
                103.727312053,16.762925529,0
                103.727320258,16.7629228440001,0
                103.727328538,16.7629204040001,0
                103.727336501,16.762918347,0
                103.727344535,16.7629165390001,0
                103.727352618,16.7629149700001,0
                103.727360753,16.7629136520001,0
                103.727369599,16.762912516,0
                103.727378484,16.762911613,0
                103.727387396,16.762910881,0
                103.727405271,16.762909726,0
                103.727432136,16.762908365,0
                103.727476921,16.7629063540001,0
                103.727494826,16.762905658,0
                103.727512712,16.7629051660001,0
                103.727530581,16.7629051120001,0
                103.727539503,16.762905362,0
                103.72754831,16.7629058540001,0
                103.727565905,16.762907383,0
                103.727592266,16.762910419,0
                103.727636165,16.762916256,0
                103.727653661,16.7629188870001,0
                103.727662374,16.762920336,0
                103.727671045,16.7629219350001,0
                103.727679655,16.7629237300001,0
                103.727688188,16.7629258000001,0
                103.727696527,16.7629281820001,0
                103.72770478,16.7629308460001,0
                103.727712963,16.7629337270001,0
                103.727729126,16.7629399900001,0
                103.727744986,16.7629468540001,0
                103.727752745,16.762950543,0
                103.727760351,16.7629544650001,0
                103.727767739,16.762958676,0
                103.727774837,16.762963277,0
                103.727781601,16.7629683490001,0
                103.727788075,16.762973807,0
                103.727794336,16.7629795500001,0
                103.727800443,16.762985498,0
                103.727806432,16.762991598,0
                103.727818166,16.7630040920001,0
                103.727829671,16.7630168480001,0
                103.727840944,16.7630298080001,0
                103.727846467,16.763036379,0
                103.727857181,16.7630496530001,0
                103.727867648,16.763063119,0
                103.727883034,16.763083533,0
                103.727897382,16.763103377,0
                103.727905854,16.7631156480001,0
                103.727914104,16.763128065,0
                103.727922725,16.7631416080001,0
                103.727948063,16.763182666,0
                103.727962317,16.7632047560001,0
                103.727972211,16.763219131,0
                103.727977343,16.7632261160001,0
                103.727982661,16.763232885,0
                103.727988233,16.7632393420001,0
                103.72799416,16.763245371,0
                103.728000554,16.7632508130001,0
                103.728007026,16.7632552210001,0
                103.728013909,16.7632590690001,0
                103.728021118,16.763262464,0
                103.728028569,16.763265457,0
                103.728036208,16.763268071,0
                103.728043991,16.7632702940001,0
                103.728051885,16.7632720870001,0
                103.728059879,16.7632733630001,0
                103.728068864,16.7632740720001,0
                103.728077894,16.7632740940001,0
                103.728086911,16.763273468,0
                103.728095861,16.763272167,0
                103.728103775,16.7632703990001,0
                103.728111582,16.763268119,0
                103.728119266,16.7632653910001,0
                103.728126411,16.7632624240001,0
                103.728133426,16.7632591300001,0
                103.728140318,16.7632555600001,0
                103.728147066,16.763251718,0
                103.72815325,16.7632478850001,0
                103.728159301,16.7632438470001,0
                103.728165217,16.763239619,0
                103.728171002,16.7632352040001,0
                103.728177884,16.763229557,0
                103.728191219,16.7632177260001,0
                103.728210843,16.7631995940001,0
                103.728217447,16.763193669,0
                103.728224153,16.7631879040001,0
                103.728231024,16.7631823780001,0
                103.728238124,16.7631772070001,0
                103.728244252,16.763173249,0
                103.728250566,16.7631696070001,0
                103.728257066,16.7631662800001,0
                103.728263733,16.7631632960001,0
                103.728271607,16.7631603030001,0
                103.728279655,16.76315772,0
                103.728287842,16.7631554810001,0
                103.728296136,16.7631535560001,0
                103.728304512,16.763151943,0
                103.728312962,16.7631506720001,0
                103.728320935,16.763149813,0
                103.728328944,16.7631492410001,0
                103.728336978,16.7631489120001,0
                103.728345016,16.7631487990001,0
                103.728353051,16.7631489120001,0
                103.728361064,16.76314926,0
                103.728369047,16.7631498920001,0
                103.728376352,16.7631507560001,0
                103.728383603,16.76315191,0
                103.728390783,16.7631533680001,0
                103.728397868,16.763155152,0
                103.728405245,16.763157434,0
                103.728412505,16.7631600660001,0
                103.728419665,16.763162998,0
                103.728426719,16.7631661840001,0
                103.728433672,16.7631696170001,0
                103.728441239,16.7631736880001,0
                103.728448699,16.763177979,0
                103.728456074,16.763182429,0
                103.728463382,16.7631870020001,0
                103.728477837,16.763196414,0
                103.728492083,16.7632061190001,0
                103.728506167,16.7632162470001,0
                103.728520066,16.763226812,0
                103.728533709,16.7632376670001,0
                103.728547043,16.7632488620001,0
                103.728553921,16.7632549460001,0
                103.72859443,16.763292252,0
                103.728606167,16.763302407,0
                103.728618203,16.7633122030001,0
                103.72862435,16.76331693,0
                103.728630615,16.7633215000001,0
                103.728638024,16.7633265580001,0
                103.728645591,16.7633313860001,0
                103.728653297,16.7633359820001,0
                103.728661142,16.7633403310001,0
                103.728669135,16.7633443930001,0
                103.728677301,16.763348095,0
                103.728684973,16.763351119,0
                103.728692787,16.763353823,0
                103.728700716,16.7633562550001,0
                103.728708732,16.763358446,0
                103.728723379,16.763361832,0
                103.728738189,16.763364633,0
                103.728746685,16.7633659790001,0
                103.728763759,16.763368201,0
                103.728772323,16.763369063,0
                103.728780895,16.7633697270001,0
                103.728789476,16.763370147,0
                103.728797895,16.7633702740001,0
                103.728806316,16.763370121,0
                103.728814726,16.763369679,0
                103.728823992,16.763368862,0
                103.728833246,16.763367771,0
                103.728851717,16.763365021,0
                103.728870124,16.7633617400001,0
                103.728888433,16.763357926,0
                103.72889739,16.763355791,0
                103.728906291,16.763353468,0
                103.728915122,16.763350953,0
                103.728923863,16.7633482140001,0
                103.72893248,16.7633451900001,0
                103.728939448,16.7633424430001,0
                103.728946302,16.7633394690001,0
                103.728953025,16.763336268,0
                103.728959601,16.7633328310001,0
                103.728966561,16.763328808,0
                103.728973308,16.763324507,0
                103.728979814,16.76331994,0
                103.728986047,16.763315087,0
                103.728991935,16.7633099130001,0
                103.728997397,16.7633043610001,0
                103.729002543,16.763298123,0
                103.729007225,16.7632915020001,0
                103.72901155,16.763284588,0
                103.729015583,16.763277456,0
                103.729019369,16.763270149,0
                103.729022937,16.7632627020001,0
                103.729026286,16.7632551350001,0
                103.729029611,16.7632469550001,0
                103.729032741,16.76323868,0
                103.729038629,16.763221973,0
                103.729046948,16.763196732,0
                103.729054737,16.763171395,0
                103.729059355,16.7631544230001,0
                103.729061337,16.7631458870001,0
                103.729062991,16.763137294,0
                103.729064266,16.7631285040001,0
                103.729065188,16.7631196580001,0
                103.729065852,16.7631107730001,0
                103.729066617,16.763092908,0
                103.729067008,16.7630615030001,0
                103.729067678,16.763043415,0
                103.729068929,16.7630253360001,0
                103.729069796,16.763016324,0
                103.729070879,16.763007353,0
                103.729072244,16.762998452,0
                103.729073679,16.7629910370001,0
                103.729075397,16.762983723,0
                103.729077442,16.7629765460001,0
                103.72907986,16.7629695580001,0
                103.729082739,16.7629628220001,0
                103.72908629,16.762956214,0
                103.729090449,16.762950016,0
                103.729095244,16.762944331,0
                103.729101198,16.7629388080001,0
                103.72910777,16.762933893,0
                103.729114786,16.762929495,0
                103.729122114,16.7629255910001,0
                103.72912965,16.762922181,0
                103.729137313,16.762919346,0
                103.729145035,16.7629172170001,0
                103.729152746,16.762915981,0
                103.729160398,16.762915917,0
                103.729168326,16.762917353,0
                103.72917613,16.762920045,0
                103.729183826,16.762923663,0
                103.729191408,16.762927964,0
                103.729198858,16.762932773,0
                103.729206144,16.762937987,0
                103.729213215,16.762943539,0
                103.729219985,16.762949427,0
                103.729226352,16.762955672,0
                103.729232164,16.762962353,0
                103.729236639,16.7629685370001,0
                103.729240646,16.762975038,0
                103.729244256,16.762981788,0
                103.729247506,16.76298874,0
                103.729250405,16.7629958530001,0
                103.729252933,16.7630031090001,0
                103.729255386,16.763011648,0
                103.729257416,16.763020318,0
                103.729259115,16.763029067,0
                103.729260536,16.763037877,0
                103.729261695,16.76304672,0
                103.729262574,16.763055588,0
                103.729263131,16.7630644720001,0
                103.729263311,16.7630730440001,0
                103.729263135,16.763081621,0
                103.729262662,16.763089537,0
                103.729261955,16.76309744,0
                103.729260053,16.7631132220001,0
                103.729257711,16.7631289650001,0
                103.72925317,16.7631556650001,0
                103.729207009,16.763412821,0
                103.729202425,16.763439459,0
                103.729199769,16.76345725,0
                103.729198684,16.763466158,0
                103.729197862,16.7634750830001,0
                103.729197383,16.763483509,0
                103.729197171,16.763491942,0
                103.729197197,16.763500369,0
                103.729197462,16.763508791,0
                103.729197974,16.763517194,0
                103.72919878,16.763525567,0
                103.729199932,16.763533937,0
                103.729201425,16.7635422450001,0
                103.729203261,16.763550487,0
                103.729205475,16.763558634,0
                103.7292073,16.7635643250001,0
                103.729209339,16.7635699570001,0
                103.729211596,16.7635755160001,0
                103.729215284,16.763583544,0
                103.729219316,16.7635914470001,0
                103.72922358,16.763599281,0
                103.729241293,16.763630517,0
                103.729249448,16.763646217,0
                103.729253261,16.7636541690001,0
                103.729256851,16.76366219,0
                103.729260153,16.763670286,0
                103.729263083,16.763678457,0
                103.729265496,16.7636867260001,0
                103.729267016,16.763693704,0
                103.729268069,16.7637007330001,0
                103.729268651,16.763707778,0
                103.729268717,16.7637148110001,0
                103.729268186,16.7637220660001,0
                103.72926703,16.7637292270001,0
                103.729264886,16.763737457,0
                103.729262024,16.7637454640001,0
                103.729258562,16.763753201,0
                103.729254545,16.7637605900001,0
                103.729249968,16.7637675140001,0
                103.729244753,16.763773809,0
                103.729238774,16.763779255,0
                103.729232485,16.7637833480001,0
                103.729225579,16.763786689,0
                103.729218213,16.7637894310001,0
                103.729210499,16.7637916910001,0
                103.729202536,16.763793546,0
                103.729194381,16.7637950230001,0
                103.729185196,16.763796266,0
                103.7291759,16.763797192,0
                103.729157111,16.7637984570001,0
                103.729119314,16.763800025,0
                103.729005907,16.7638038170001,0
                103.728987169,16.763804667,0
                103.728977935,16.763805249,0
                103.728968865,16.7638060210001,0
                103.72896004,16.763807071,0
                103.728951566,16.763808528,0
                103.728943608,16.763810559,0
                103.728936366,16.763813407,0
                103.728930126,16.763817368,0
                103.728925111,16.763822679,0
                103.728921088,16.763829104,0
                103.728917791,16.763836333,0
                103.728915014,16.7638441440001,0
                103.728912607,16.7638523570001,0
                103.728910483,16.763860847,0
                103.728908565,16.7638695270001,0
                103.728906837,16.763878328,0
                103.728905293,16.763887197,0
                103.72890397,16.7638961060001,0
                103.728902923,16.7639050270001,0
                103.72890226,16.763913948,0
                103.72890212,16.763922844,0
                103.728902512,16.763930384,0
                103.728903344,16.7639378870001,0
                103.728904567,16.7639453360001,0
                103.728906153,16.763952718,0
                103.728908111,16.7639600140001,0
                103.728910474,16.763967194,0
                103.728913511,16.763974804,0
                103.728916953,16.7639822830001,0
                103.728920691,16.7639896650001,0
                103.728924656,16.763996965,0
                103.728928779,16.7640042030001,0
                103.728937381,16.7640185230001,0
                103.728946362,16.764032635,0
                103.728951006,16.764039595,0
                103.728955775,16.7640464620001,0
                103.728960714,16.764053231,0
                103.728965805,16.764059892,0
                103.728971057,16.764066428,0
                103.72897672,16.7640731440001,0
                103.728988418,16.764086283,0
                103.729012498,16.7641120370001,0
                103.729043052,16.7641438250001,0
                103.729055519,16.7641562800001,0
                103.729061878,16.7641623760001,0
                103.729068369,16.7641683250001,0
                103.729075042,16.764174075,0
                103.729082024,16.764179648,0
                103.729089193,16.764185013,0
                103.729103922,16.7641953150001,0
                103.729119015,16.7642052080001,0
                103.729134407,16.764214684,0
                103.729142228,16.7642192010001,0
                103.729150171,16.764223493,0
                103.729158259,16.764227476,0
                103.72916619,16.764230927,0
                103.729174262,16.7642340400001,0
                103.729182438,16.764236827,0
                103.7291907,16.764239269,0
                103.729199031,16.764241326,0
                103.729207411,16.7642429050001,0
                103.729215832,16.764243874,0
                103.729224095,16.764244117,0
                103.729232347,16.764243724,0
                103.729240543,16.7642427700001,0
                103.729248632,16.7642412770001,0
                103.729256543,16.764239225,0
                103.729264205,16.764236538,0
                103.729271083,16.764233378,0
                103.729277652,16.7642296670001,0
                103.729283887,16.7642254720001,0
                103.729289751,16.7642208340001,0
                103.729295169,16.764215748,0
                103.729300036,16.7642101870001,0
                103.72930427,16.7642041180001,0
                103.729307935,16.764197629,0
                103.729311135,16.764190818,0
                103.729313912,16.764183754,0
                103.729316296,16.764176488,0
                103.729318296,16.76416906,0
                103.729319989,16.7641611020001,0
                103.729321376,16.764153048,0
                103.729322578,16.7641111240001,0
                103.729322483,16.7640923590001,0
                103.729324378,16.7640799210001,0
                103.729329232,16.7640681230001,0
                103.729336736,16.76405945,0
                103.729346899,16.764054259,0
                103.72935933,16.7640514940001,0
                103.729385753,16.7640498230001,0
                103.729402356,16.764052276,0
                103.729420831,16.764056102,0
                103.72943011,16.7640597830001,0
                103.729437222,16.764064933,0
                103.729451915,16.764079468,0
                103.729465167,16.7640950950001,0
                103.729491456,16.764132386,0
                103.72950413,16.764154359,0
                103.729520349,16.7641824740001,0
                103.72954407,16.764223605,0
                103.729582318,16.7642836320001,0
                103.729594067,16.764297884,0
                103.729609934,16.7643152220001,0
                103.729620483,16.764325607,0
                103.729632065,16.764333129,0
                103.729641709,16.7643368060001,0
                103.729652769,16.7643379670001,0
                103.729664092,16.764335228,0
                103.729700668,16.764317571,0
                103.729728021,16.7643043630001,0
                103.72979763,16.764265224,0
                103.729828537,16.7642517680001,0
                103.729859932,16.764242902,0
                103.729892505,16.7642371950001,0
                103.72995019,16.764236221,0
                103.730016902,16.7642423350001,0
                103.730042606,16.7642454620001,0
                103.730061165,16.7642473970001,0
                103.730079679,16.764248819,0
                103.73008893,16.7642493010001,0
                103.730098176,16.764249579,0
                103.730107393,16.7642496060001,0
                103.730116302,16.7642493290001,0
                103.730125157,16.7642487420001,0
                103.73013393,16.7642478290001,0
                103.73014259,16.7642465390001,0
                103.730151084,16.764244789,0
                103.730159066,16.764242563,0
                103.73016679,16.764239758,0
                103.73017419,16.7642363160001,0
                103.730180153,16.7642328530001,0
                103.730185871,16.7642289630001,0
                103.730191399,16.7642247480001,0
                103.730196771,16.7642202750001,0
                103.730215158,16.7642037260001,0
                103.73022149,16.7641983840001,0
                103.730227587,16.76419371,0
                103.730233886,16.764189247,0
                103.730246867,16.7641807150001,0
                103.730262092,16.7641711840001,0
                103.730285258,16.7641572110001,0
                103.730300898,16.764148216,0
                103.730308809,16.764143893,0
                103.730316804,16.764139738,0
                103.730324917,16.7641358290001,0
                103.730333104,16.7641322470001,0
                103.73034141,16.764128919,0
                103.730349804,16.764125801,0
                103.730358269,16.7641228750001,0
                103.730366805,16.7641201320001,0
                103.730375396,16.7641175910001,0
                103.730384054,16.764115287,0
                103.730392781,16.7641132840001,0
                103.730400757,16.7641117750001,0
                103.730408791,16.7641105220001,0
                103.730416863,16.764109481,0
                103.730424973,16.764108632,0
                103.730442371,16.7641073350001,0
                103.730468577,16.764106187,0
                103.730494579,16.764105638,0
                103.730528589,16.764105649,0
                103.730554076,16.764106258,0
                103.730571031,16.7641072600001,0
                103.730580198,16.7641081310001,0
                103.730589352,16.7641092050001,0
                103.730607628,16.764111782,0
                103.730625867,16.764114788,0
                103.730644029,16.76411826,0
                103.730653046,16.7641202470001,0
                103.730661886,16.7641224280001,0
                103.730670656,16.7641248090001,0
                103.730679341,16.764127377,0
                103.730687914,16.7641301310001,0
                103.730696333,16.764133106,0
                103.730704544,16.7641363560001,0
                103.730712456,16.764139965,0
                103.730719949,16.76414406,0
                103.730726868,16.7641488140001,0
                103.730732862,16.7641541520001,0
                103.730738231,16.764160131,0
                103.730743037,16.764166619,0
                103.730747297,16.7641735240001,0
                103.730750967,16.7641808000001,0
                103.730753558,16.7641871810001,0
                103.730755756,16.7641937510001,0
                103.730757606,16.7642004730001,0
                103.730759386,16.764208468,0
                103.730760826,16.764216575,0
                103.730761979,16.7642247640001,0
                103.730762871,16.7642330100001,0
                103.730763497,16.7642412930001,0
                103.730763833,16.764248825,0
                103.730763964,16.764256376,0
                103.730763698,16.7642714940001,0
                103.730763215,16.764280537,0
                103.730761773,16.7642986160001,0
                103.730758346,16.764334746,0
                103.730757035,16.7643528040001,0
                103.730756678,16.764361826,0
                103.730756644,16.7643708410001,0
                103.730757019,16.7643797470001,0
                103.730757833,16.76438862,0
                103.730759052,16.764397205,0
                103.730760648,16.7644057360001,0
                103.730762584,16.7644141960001,0
                103.730764868,16.7644225720001,0
                103.730767348,16.764430325,0
                103.730770156,16.7644379450001,0
                103.730773325,16.76444539,0
                103.730776905,16.7644526,0
                103.730779258,16.7644567410001,0
                103.730781795,16.7644607620001,0
                103.730785996,16.7644666140001,0
                103.730790595,16.7644721200001,0
                103.730795596,16.764477233,0
                103.730801007,16.7644818680001,0
                103.730807404,16.7644863040001,0
                103.730814208,16.764490159,0
                103.730821308,16.7644934890001,0
                103.73082861,16.7644963180001,0
                103.730836054,16.764498616,0
                103.730843581,16.764500309,0
                103.730851137,16.76450128,0
                103.730858693,16.764501345,0
                103.730867099,16.7645001870001,0
                103.73087546,16.764497981,0
                103.730883775,16.764495018,0
                103.730892057,16.76449151,0
                103.730900311,16.764487629,0
                103.730916728,16.7644791610001,0
                103.730941133,16.7644655610001,0
                103.730957203,16.764456142,0
                103.730965139,16.7644513130001,0
                103.730980722,16.7644413090001,0
                103.730999194,16.7644286120001,0
                103.731005423,16.7644245340001,0
                103.731011783,16.764420683,0
                103.73101953,16.764416526,0
                103.731027502,16.764412755,0
                103.73103565,16.7644093220001,0
                103.731043942,16.7644062110001,0
                103.731052355,16.76440344,0
                103.73106088,16.7644010490001,0
                103.73106951,16.764399133,0
                103.731078178,16.7643977710001,0
                103.731086895,16.764396876,0
                103.731095607,16.7643963780001,0
                103.731104258,16.7643962290001,0
                103.731112777,16.76439643,0
                103.731121076,16.7643970280001,0
                103.731129056,16.764398106,0
                103.731136564,16.764399804,0
                103.731143428,16.764402309,0
                103.731149412,16.7644058990001,0
                103.731154565,16.7644110850001,0
                103.731158745,16.7644174340001,0
                103.731162226,16.7644246240001,0
                103.731165207,16.764432411,0
                103.731167833,16.764440612,0
                103.731170224,16.7644490970001,0
                103.73117245,16.7644577670001,0
                103.731176635,16.7644754190001,0
                103.731184554,16.7645110760001,0
                103.73118835,16.764528904,0
                103.73119187,16.7645467250001,0
                103.731193443,16.764555644,0
                103.73119482,16.7645645810001,0
                103.731195947,16.7645734340001,0
                103.731196878,16.764582309,0
                103.731198376,16.764600095,0
                103.731200798,16.7646357300001,0
                103.731202165,16.7646535330001,0
                103.731204013,16.764671257,0
                103.731205269,16.764680066,0
                103.731206818,16.7646887330001,0
                103.731208635,16.7646973450001,0
                103.731210691,16.7647058970001,0
                103.731212964,16.764714385,0
                103.731215479,16.764722792,0
                103.731218266,16.7647310790001,0
                103.731221401,16.764739209,0
                103.731224989,16.7647471220001,0
                103.731227184,16.7647513260001,0
                103.731229559,16.764755436,0
                103.731234294,16.764762638,0
                103.731239499,16.7647695580001,0
                103.731245091,16.7647762170001,0
                103.731251018,16.7647826240001,0
                103.73125727,16.76478875,0
                103.731263865,16.7647945430001,0
                103.731270596,16.7647997920001,0
                103.7312776,16.764804751,0
                103.731284805,16.764809493,0
                103.73129216,16.7648140650001,0
                103.731299629,16.7648185080001,0
                103.731314829,16.764827042,0
                103.731330818,16.7648353230001,0
                103.73133917,16.7648393580001,0
                103.731347594,16.764843248,0
                103.731356092,16.7648469600001,0
                103.731364684,16.7648504580001,0
                103.73137338,16.76485367,0
                103.731381261,16.764856238,0
                103.731389229,16.7648585470001,0
                103.73139727,16.764860615,0
                103.731405371,16.7648624440001,0
                103.731413527,16.764864018,0
                103.731421727,16.76486529,0
                103.731430255,16.7648662390001,0
                103.73143882,16.7648667990001,0
                103.73144753,16.7648669550001,0
                103.731456235,16.764866727,0
                103.731464907,16.7648661220001,0
                103.731473379,16.7648651480001,0
                103.731481757,16.7648638060001,0
                103.731490004,16.7648620790001,0
                103.731498071,16.764859915,0
                103.7315063,16.7648570850001,0
                103.731514178,16.7648536720001,0
                103.731521604,16.7648496300001,0
                103.731528442,16.7648448480001,0
                103.731533873,16.764839932,0
                103.7315388,16.764834469,0
                103.731543285,16.7648285660001,0
                103.731547368,16.764822311,0
                103.731551061,16.7648157670001,0
                103.731554335,16.7648089630001,0
                103.731557388,16.7648013260001,0
                103.73155993,16.7647934660001,0
                103.731561967,16.7647854190001,0
                103.731563585,16.7647767240001,0
                103.731564807,16.764767912,0
                103.731567802,16.7647413330001,0
                103.731569125,16.7647326000001,0
                103.731570696,16.7647248480001,0
                103.731572712,16.764717284,0
                103.731575254,16.764709973,0
                103.73157845,16.764703013,0
                103.731582287,16.76469666,0
                103.731586762,16.7646907120001,0
                103.731591765,16.764685157,0
                103.731597233,16.764680024,0
                103.731603134,16.764675368,0
                103.731609461,16.764671288,0
                103.731616303,16.7646678360001,0
                103.731623499,16.7646650200001,0
                103.731630957,16.7646627980001,0
                103.731638602,16.7646611710001,0
                103.73164639,16.764660185,0
                103.731654935,16.7646599070001,0
                103.731663525,16.7646603360001,0
                103.731672089,16.7646613790001,0
                103.731680568,16.764663,0
                103.731688894,16.76466521,0
                103.731696974,16.7646680980001,0
                103.731704585,16.7646716460001,0
                103.731711915,16.7646757950001,0
                103.731718991,16.7646804140001,0
                103.731725814,16.7646854220001,0
                103.731732365,16.764690779,0
                103.731738597,16.764696472,0
                103.731744436,16.76470253,0
                103.731749952,16.764709155,0
                103.731755041,16.7647161140001,0
                103.731759758,16.7647233340001,0
                103.731764124,16.764730764,0
                103.731768139,16.7647383790001,0
                103.731771743,16.7647461650001,0
                103.731774998,16.764754446,0
                103.731777785,16.7647628820001,0
                103.731780116,16.7647714410001,0
                103.731781964,16.7647801110001,0
                103.731783163,16.7647879250001,0
                103.731783994,16.764795798,0
                103.731784509,16.764803709,0
                103.731784737,16.7648115910001,0
                103.731784604,16.764827396,0
                103.731783612,16.764851138,0
                103.731778574,16.7649359170001,0
                103.731776949,16.7649700270001,0
                103.731776328,16.7649959390001,0
                103.731776119,16.7650394130001,0
                103.731776153,16.7651177970001,0
                103.731776319,16.765135258,0
                103.731776766,16.7651527350001,0
                103.731777733,16.765169843,0
                103.731779247,16.765186574,0
                103.731781224,16.7652032770001,0
                103.731783736,16.7652198810001,0
                103.731785291,16.765228098,0
                103.73178713,16.7652362220001,0
                103.731789356,16.7652443010001,0
                103.731791937,16.7652522060001,0
                103.731794879,16.76525989,0
                103.73179821,16.765267281,0
                103.731802004,16.7652742700001,0
                103.731806375,16.7652807220001,0
                103.73181148,16.765286442,0
                103.731817023,16.7652909610001,0
                103.731823208,16.765294757,0
                103.731829892,16.765297903,0
                103.731836967,16.7653004310001,0
                103.731844353,16.765302316,0
                103.731853074,16.76530367,0
                103.731862016,16.7653043120001,0
                103.731871107,16.7653043820001,0
                103.731880271,16.76530396,0
                103.731889455,16.7653030540001,0
                103.731898655,16.765301671,0
                103.731907827,16.7652999000001,0
                103.731916945,16.7652978290001,0
                103.73192601,16.7652955070001,0
                103.731934994,16.765292952,0
                103.731943888,16.765290147,0
                103.731952648,16.7652870430001,0
                103.731959939,16.7652841400001,0
                103.731967102,16.7652809780001,0
                103.731974124,16.7652775490001,0
                103.731981749,16.7652734160001,0
                103.731989228,16.765269017,0
                103.732003897,16.765259701,0
                103.732039991,16.7652354530001,0
                103.732054606,16.7652260350001,0
                103.732068773,16.7652175920001,0
                103.732075981,16.7652135770001,0
                103.732083267,16.765209719,0
                103.732090656,16.7652060510001,0
                103.732097904,16.7652027120001,0
                103.732112651,16.765196545,0
                103.732127652,16.765190972,0
                103.732135232,16.765188413,0
                103.732142864,16.765186043,0
                103.732151696,16.765183586,0
                103.732160592,16.765181421,0
                103.732169542,16.765179561,0
                103.732178543,16.76517806,0
                103.732187587,16.7651770000001,0
                103.732196692,16.7651764570001,0
                103.732205831,16.7651763690001,0
                103.732214974,16.765176641,0
                103.732224111,16.765177237,0
                103.732233223,16.765178141,0
                103.732242292,16.7651793840001,0
                103.732251286,16.7651810200001,0
                103.732259911,16.765183039,0
                103.732268461,16.765185402,0
                103.732276942,16.765188037,0
                103.732285372,16.765190881,0
                103.732293746,16.765193902,0
                103.732310314,16.7652004390001,0
                103.732318481,16.765203974,0
                103.732326247,16.7652075720001,0
                103.732341583,16.765215192,0
                103.73235676,16.765223163,0
                103.732371839,16.765231338,0
                103.732421721,16.7652590170001,0
                103.732428422,16.765262518,0
                103.732435204,16.765265846,0
                103.732442802,16.7652692680001,0
                103.732450506,16.765272435,0
                103.732458297,16.7652753560001,0
                103.732466157,16.7652780240001,0
                103.732474089,16.765280397,0
                103.732482073,16.765282417,0
                103.732490116,16.765283981,0
                103.732496372,16.76528481,0
                103.732502648,16.765285288,0
                103.73250892,16.7652853910001,0
                103.732516282,16.765284997,0
                103.732523581,16.7652840810001,0
                103.732530793,16.765282675,0
                103.732537865,16.7652807590001,0
                103.732546119,16.765277784,0
                103.732554104,16.7652741800001,0
                103.732561799,16.765270027,0
                103.732569145,16.7652653700001,0
                103.732576057,16.765260185,0
                103.732582398,16.765254401,0
                103.732588031,16.765248007,0
                103.732593127,16.765241089,0
                103.732597821,16.7652337920001,0
                103.732602227,16.765226236,0
                103.732606433,16.765218491,0
                103.732614466,16.765202672,0
                103.732629974,16.7651706,0
                103.732637832,16.76515468,0
                103.732646072,16.7651391000001,0
                103.73265045,16.765131544,0
                103.732655106,16.7651242310001,0
                103.732660136,16.7651172600001,0
                103.732665681,16.7651107460001,0
                103.732671571,16.7651050580001,0
                103.732677939,16.7650998190001,0
                103.73268468,16.765094931,0
                103.732691705,16.765090335,0
                103.732698956,16.7650859990001,0
                103.732706401,16.765081916,0
                103.73271402,16.765078099,0
                103.732721158,16.7650748560001,0
                103.732728424,16.765071877,0
                103.73273581,16.7650691740001,0
                103.732743311,16.765066797,0
                103.732751151,16.7650647200001,0
                103.732759093,16.7650629550001,0
                103.732767106,16.765061437,0
                103.732775176,16.765060115,0
                103.732791416,16.765057961,0
                103.732807748,16.765056445,0
                103.732817011,16.765055912,0
                103.73282628,16.7650556040001,0
                103.73283555,16.765055526,0
                103.732844812,16.7650556830001,0
                103.732854053,16.765056128,0
                103.732863161,16.7650568830001,0
                103.732872253,16.7650579040001,0
                103.732890379,16.7650604890001,0
                103.732908434,16.7650636020001,0
                103.732917427,16.7650653420001,0
                103.732934999,16.765069183,0
                103.732960697,16.76507565,0
                103.733003346,16.7650872880001,0
                103.733028785,16.7650947970001,0
                103.73304528,16.765100277,0
                103.733053319,16.7651031790001,0
                103.733069213,16.7651093170001,0
                103.733084791,16.7651159170001,0
                103.733092382,16.765119452,0
                103.733099778,16.765123203,0
                103.733106909,16.765127244,0
                103.733113676,16.7651316710001,0
                103.73311995,16.7651366200001,0
                103.733125723,16.765142274,0
                103.733130985,16.7651484580001,0
                103.733135859,16.765155043,0
                103.733140436,16.765161924,0
                103.733144776,16.765169026,0
                103.733148918,16.7651763000001,0
                103.733152868,16.7651837080001,0
                103.733156624,16.765191229,0
                103.733160149,16.7651988690001,0
                103.733163396,16.7652066270001,0
                103.733165997,16.765213639,0
                103.733168339,16.765220737,0
                103.733170733,16.7652289710001,0
                103.733172857,16.765237273,0
                103.733174748,16.765245635,0
                103.733176416,16.7652540290001,0
                103.733177841,16.7652624560001,0
                103.733178982,16.7652709070001,0
                103.733179767,16.7652793710001,0
                103.733180104,16.765287115,0
                103.733180109,16.765294854,0
                103.733179814,16.765302585,0
                103.733179219,16.765310288,0
                103.733178304,16.7653179440001,0
                103.733177029,16.76532554,0
                103.733175427,16.765332662,0
                103.73317344,16.765339693,0
                103.733170553,16.7653479630001,0
                103.733167232,16.7653561060001,0
                103.733163586,16.76536415,0
                103.733159686,16.7653721130001,0
                103.733155587,16.765379995,0
                103.733151308,16.765387796,0
                103.733146849,16.765395502,0
                103.733142191,16.7654030950001,0
                103.73313728,16.765410532,0
                103.73313233,16.76541746,0
                103.733127165,16.7654242400001,0
                103.73311635,16.765437483,0
                103.733105053,16.7654503580001,0
                103.733093284,16.7654628330001,0
                103.733087178,16.7654688690001,0
                103.733080809,16.765474811,0
                103.733074296,16.765480622,0
                103.733047672,16.7655033950001,0
                103.733034567,16.765515027,0
                103.733028341,16.7655209210001,0
                103.733016292,16.765533088,0
                103.733010483,16.7655393470001,0
                103.73300484,16.7655457320001,0
                103.732999421,16.765552261,0
                103.732994287,16.765558959,0
                103.732989928,16.7655652390001,0
                103.732985877,16.7655716730001,0
                103.732982148,16.7655782350001,0
                103.732978777,16.765584925,0
                103.732975835,16.765591726,0
                103.732973424,16.765598654,0
                103.732971695,16.7656055,0
                103.732970584,16.765612425,0
                103.732970131,16.7656194040001,0
                103.732970376,16.7656264560001,0
                103.732971289,16.765633488,0
                103.732972828,16.7656404520001,0
                103.732975408,16.765648487,0
                103.7329787,16.765656371,0
                103.732982529,16.7656639850001,0
                103.732986785,16.765671481,0
                103.732991342,16.7656788850001,0
                103.733001047,16.7656934940001,0
                103.733016402,16.7657150850001,0
                103.733027036,16.7657292440001,0
                103.733032562,16.7657363010001,0
                103.73304385,16.7657502480001,0
                103.733061155,16.7657708290001,0
                103.733072984,16.765784163,0
                103.733079043,16.765790591,0
                103.733085259,16.7657967530001,0
                103.733091689,16.765802541,0
                103.733098421,16.7658077940001,0
                103.73310555,16.7658123040001,0
                103.733112197,16.76581549,0
                103.733119159,16.765818016,0
                103.733126346,16.7658199420001,0
                103.733133696,16.7658212960001,0
                103.733141149,16.765822067,0
                103.733148651,16.765822187,0
                103.733157493,16.765821434,0
                103.733166281,16.7658198660001,0
                103.73317496,16.765817634,0
                103.733183461,16.7658148150001,0
                103.733191699,16.765811421,0
                103.733199561,16.7658074,0
                103.733206905,16.7658026340001,0
                103.733213568,16.7657970500001,0
                103.733219719,16.7657907920001,0
                103.733225493,16.7657840570001,0
                103.733230997,16.765776976,0
                103.733236308,16.7657696650001,0
                103.733263736,16.76573534,0
                103.733280016,16.7657066350001,0
                103.733295429,16.765676399,0
                103.733303071,16.7656614040001,0
                103.733325009,16.7656237580001,0
                103.733336456,16.765610902,0
                103.733353156,16.7655991870001,0
                103.733373338,16.7655962040001,0
                103.733398202,16.76559752,0
                103.733424433,16.765601324,0
                103.733436982,16.7656067,0
                103.733449661,16.7656171130001,0
                103.733461821,16.7656332020001,0
                103.733472146,16.7656543680001,0
                103.73348694,16.7656974650001,0
                103.733508309,16.765768747,0
                103.733512106,16.7657856600001,0
                103.73354763,16.7659439010001,0
                103.733567078,16.76603055,0
                103.733609326,16.7661794110001,0
                103.733625857,16.766213658,0
                103.733642579,16.766239607,0
                103.733646247,16.766245296,0
                103.733675809,16.766277981,0
                103.733697114,16.766293859,0
                103.7337203,16.7663065450001,0
                103.733750746,16.766322213,0
                103.733787697,16.7663364750001,0
                103.733817866,16.766340815,0
                103.733847173,16.766336994,0
                103.733874417,16.7663288140001,0
                103.733893092,16.76631768,0
                103.733909091,16.766304088,0
                103.73392615,16.766280404,0
                103.733938028,16.766258727,0
                103.7339516,16.7662263070001,0
                103.733960506,16.7661902180001,0
                103.733963722,16.7661618130001,0
                103.733962381,16.7661301960001,0
                103.733962151,16.7661247030001,0
                103.733959753,16.7661028640001,0
                103.733958773,16.7660939350001,0
                103.73395525,16.766082397,0
                103.733943126,16.7660426680001,0
                103.733939409,16.7660251900001,0
                103.733927647,16.765969881,0
                103.733925148,16.765953245,0
                103.733924109,16.765944544,0
                103.733923332,16.7659358270001,0
                103.733922902,16.7659277380001,0
                103.733922795,16.765919642,0
                103.733923072,16.765910644,0
                103.733923705,16.7659016470001,0
                103.733924629,16.7658926660001,0
                103.733925815,16.765883719,0
                103.733927274,16.76587483,0
                103.733929035,16.765866037,0
                103.733931187,16.765857392,0
                103.733933842,16.765848966,0
                103.733936378,16.7658425710001,0
                103.73393935,16.765836418,0
                103.733943383,16.7658296550001,0
                103.733948041,16.7658233650001,0
                103.733953359,16.7658176580001,0
                103.733959422,16.76581257,0
                103.733966048,16.765808104,0
                103.733973075,16.765804184,0
                103.733980401,16.765800788,0
                103.733987933,16.7657979420001,0
                103.733995601,16.765795724,0
                103.734003359,16.7657942660001,0
                103.734011159,16.7657937750001,0
                103.73401886,16.765794391,0
                103.734026547,16.765795918,0
                103.734034209,16.765798148,0
                103.734041819,16.765800912,0
                103.734049359,16.765804105,0
                103.734056797,16.765807652,0
                103.734064092,16.765811522,0
                103.734071195,16.7658157120001,0
                103.734078039,16.7658202600001,0
                103.734084543,16.7658252260001,0
                103.734090935,16.7658309560001,0
                103.73409694,16.7658371090001,0
                103.734102649,16.765843585,0
                103.734108107,16.7658502960001,0
                103.734113353,16.765857193,0
                103.734118398,16.765864247,0
                103.734123241,16.765871437,0
                103.734127843,16.7658787720001,0
                103.73413233,16.7658865060001,0
                103.734136599,16.765894358,0
                103.734140707,16.765902295,0
                103.734148636,16.765918315,0
                103.734190708,16.766006868,0
                103.734225222,16.766079077,0
                103.734248382,16.766127129,0
                103.734260193,16.7661510410001,0
                103.734272415,16.7661748950001,0
                103.73428483,16.766198654,0
                103.734334802,16.766293551,0
                103.734355771,16.7663330180001,0
                103.734373083,16.7663646410001,0
                103.734408363,16.7664277640001,0
                103.734426177,16.7664592360001,0
                103.734439697,16.7664824290001,0
                103.734453274,16.7665049350001,0
                103.734471577,16.7665348360001,0
                103.734494735,16.7665720260001,0
                103.734504296,16.7665866840001,0
                103.734509228,16.766593899,0
                103.734514316,16.7666010020001,0
                103.734519611,16.766607951,0
                103.734525312,16.7666148820001,0
                103.734531234,16.7666216550001,0
                103.734537317,16.7666283070001,0
                103.734549786,16.766641388,0
                103.734568875,16.766660729,0
                103.734600943,16.7666927700001,0
                103.734626643,16.766718364,0
                103.734646044,16.7667374320001,0
                103.734659164,16.7667499610001,0
                103.734678793,16.766767875,0
                103.734705349,16.7667913940001,0
                103.734752071,16.7668323460001,0
                103.73477229,16.76684971,0
                103.734786006,16.7668610260001,0
                103.73479984,16.766871817,0
                103.73482106,16.7668874730001,0
                103.734835517,16.7668975330001,0
                103.734842714,16.7669023020001,0
                103.734857332,16.7669115160001,0
                103.734872237,16.766920214,0
                103.734879823,16.7669242850001,0
                103.734887529,16.7669280870001,0
                103.734895385,16.7669315250001,0
                103.734903553,16.76693456,0
                103.734911879,16.7669371580001,0
                103.734920326,16.766939343,0
                103.73492887,16.7669410980001,0
                103.734937486,16.766942382,0
                103.734945236,16.766943069,0
                103.734953004,16.766943359,0
                103.734960768,16.766943284,0
                103.734968509,16.766942844,0
                103.734976184,16.7669420190001,0
                103.734983764,16.7669407540001,0
                103.734992515,16.766938628,0
                103.735001055,16.766935871,0
                103.735009327,16.766932535,0
                103.735017271,16.766928593,0
                103.735024777,16.766923972,0
                103.735031338,16.766918967,0
                103.735037526,16.7669134340001,0
                103.735043428,16.766907507,0
                103.735049131,16.766901305,0
                103.735054679,16.766894903,0
                103.735065477,16.766881729,0
                103.735081189,16.766861469,0
                103.735091332,16.7668477330001,0
                103.735096249,16.7668407740001,0
                103.735100777,16.7668341250001,0
                103.735109461,16.766820621,0
                103.735118103,16.766805973,0
                103.735126628,16.766790169,0
                103.735134627,16.766774116,0
                103.735141736,16.766758381,0
                103.735148025,16.7667430070001,0
                103.735160658,16.766705899,0
                103.735168192,16.7666771610001,0
                103.735186464,16.766603552,0
                103.735197796,16.766566465,0
                103.735204766,16.7665511930001,0
                103.735215286,16.766540562,0
                103.735231706,16.766530742,0
                103.735257002,16.766523079,0
                103.735285352,16.7665200650001,0
                103.735316292,16.7665226560001,0
                103.735344389,16.7665290940001,0
                103.735362722,16.7665371680001,0
                103.735374212,16.7665458760001,0
                103.735393738,16.766562423,0
                103.735410989,16.766586106,0
                103.735461349,16.766669114,0
                103.735469753,16.766682964,0
                103.735504718,16.766729378,0
                103.735507918,16.766732013,0
                103.735524232,16.766745455,0
                103.73554264,16.766756362,0
                103.735558943,16.7667616520001,0
                103.73558748,16.766766191,0
                103.735663627,16.7667734070001,0
                103.735790925,16.766776641,0
                103.73579772,16.7667756060001,0
                103.735806564,16.7667737940001,0
                103.735815332,16.766771595,0
                103.735824027,16.766769078,0
                103.735832659,16.766766284,0
                103.73584121,16.766763229,0
                103.735849679,16.7667599070001,0
                103.735858112,16.7667562780001,0
                103.735866475,16.7667524440001,0
                103.735891404,16.766740499,0
                103.735899742,16.766736625,0
                103.735908133,16.766732957,0
                103.735916597,16.7667296110001,0
                103.735925166,16.7667267460001,0
                103.735933091,16.7667246840001,0
                103.735941087,16.7667232110001,0
                103.735949118,16.766722395,0
                103.735957855,16.766722325,0
                103.735966518,16.766723031,0
                103.73597502,16.766724444,0
                103.735983264,16.766726562,0
                103.735991116,16.766729464,0
                103.73599841,16.7667332940001,0
                103.736004328,16.766737619,0
                103.736009721,16.76674266,0
                103.73601465,16.766748261,0
                103.736019141,16.7667543100001,0
                103.736023178,16.76676072,0
                103.736026723,16.766767449,0
                103.736029564,16.766774099,0
                103.736031882,16.766780968,0
                103.736033642,16.766788008,0
                103.736034923,16.7667960680001,0
                103.736035566,16.7668042610001,0
                103.736035659,16.7668125330001,0
                103.736035268,16.7668207180001,0
                103.736034503,16.766828929,0
                103.736033448,16.766837147,0
                103.736032169,16.766845361,0
                103.736029076,16.7668617470001,0
                103.736023235,16.7668880310001,0
                103.736021384,16.766896767,0
                103.736019758,16.766905508,0
                103.736018478,16.766914254,0
                103.736017777,16.7669214630001,0
                103.736017423,16.766928664,0
                103.736017431,16.7669359650001,0
                103.736017798,16.766943226,0
                103.736018538,16.7669504250001,0
                103.736019678,16.766957529,0
                103.736021282,16.766964509,0
                103.736023839,16.7669724990001,0
                103.736027099,16.766980226,0
                103.736031072,16.766987629,0
                103.736033739,16.766991778,0
                103.73603665,16.766995794,0
                103.736042305,16.7670025640001,0
                103.736048463,16.76700902,0
                103.736054984,16.767015252,0
                103.73606175,16.767021324,0
                103.736068686,16.7670272940001,0
                103.736082848,16.767039029,0
                103.736168815,16.7671084840001,0
                103.736211673,16.7671432500001,0
                103.736233024,16.767160764,0
                103.736247068,16.7671726450001,0
                103.736253964,16.7671787150001,0
                103.736260719,16.7671849230001,0
                103.736267277,16.767191321,0
                103.736273132,16.7671974690001,0
                103.736278787,16.7672038060001,0
                103.736284257,16.767210301,0
                103.736289536,16.7672169530001,0
                103.736294989,16.767224259,0
                103.736300227,16.767231715,0
                103.736305252,16.7672392970001,0
                103.736310028,16.767247007,0
                103.736314503,16.767254854,0
                103.736317904,16.7672614460001,0
                103.736320984,16.7672681440001,0
                103.736323684,16.767274946,0
                103.736325909,16.7672818620001,0
                103.736327796,16.7672900310001,0
                103.736328998,16.767298291,0
                103.736329573,16.76730658,0
                103.736329515,16.767314824,0
                103.736328763,16.7673229500001,0
                103.736327177,16.7673308600001,0
                103.736325029,16.7673374350001,0
                103.7363222,16.7673437290001,0
                103.736318723,16.767349691,0
                103.736314598,16.767355234,0
                103.736308939,16.76736112,0
                103.736302533,16.7673663470001,0
                103.736295517,16.7673709160001,0
                103.736287973,16.767374777,0
                103.736280328,16.7673777470001,0
                103.736272351,16.767380157,0
                103.736264139,16.767382153,0
                103.73625576,16.767383852,0
                103.736247273,16.767385341,0
                103.736230122,16.7673879390001,0
                103.736195652,16.76739278,0
                103.736178169,16.7673955670001,0
                103.736169301,16.767397142,0
                103.736151665,16.7674005760001,0
                103.736142908,16.767402455,0
                103.7361342,16.7674044710001,0
                103.736125562,16.767406662,0
                103.736117015,16.767409086,0
                103.736108582,16.767411813,0
                103.736099933,16.767415049,0
                103.736091409,16.767418612,0
                103.736082989,16.767422421,0
                103.736074644,16.767426417,0
                103.736058157,16.767434828,0
                103.736050018,16.767439225,0
                103.736041972,16.767443755,0
                103.736034051,16.767448458,0
                103.736026296,16.7674533860001,0
                103.736018772,16.767458612,0
                103.736011689,16.767464057,0
                103.736004828,16.767469786,0
                103.735998117,16.7674757180001,0
                103.735991522,16.767481801,0
                103.735978549,16.7674942510001,0
                103.735959507,16.7675133970001,0
                103.735947248,16.7675264970001,0
                103.73594137,16.767533208,0
                103.735935758,16.7675400840001,0
                103.735931081,16.7675463570001,0
                103.735926708,16.76755279,0
                103.73592268,16.767559373,0
                103.735919058,16.767566118,0
                103.735915931,16.767573031,0
                103.735913525,16.7675797520001,0
                103.735911498,16.767587443,0
                103.735910106,16.767595263,0
                103.735909297,16.767603169,0
                103.735909087,16.7676111100001,0
                103.735909522,16.767619059,0
                103.735910746,16.767627455,0
                103.735912586,16.767635818,0
                103.735914875,16.7676441570001,0
                103.735917481,16.767652475,0
                103.735920302,16.7676607710001,0
                103.735926336,16.7676773260001,0
                103.735942235,16.7677185540001,0
                103.735952058,16.767743382,0
                103.735999182,16.767860725,0
                103.736006012,16.7678774820001,0
                103.736013097,16.7678941570001,0
                103.73602023,16.7679097810001,0
                103.736023982,16.7679175050001,0
                103.736027886,16.767925153,0
                103.736031681,16.767932187,0
                103.736035638,16.767939122,0
                103.736039769,16.767945927,0
                103.736044093,16.7679525790001,0
                103.736048665,16.7679590270001,0
                103.736053538,16.767965206,0
                103.736058801,16.7679710300001,0
                103.736064912,16.767976757,0
                103.736071453,16.767982064,0
                103.736078336,16.767987012,0
                103.736085482,16.7679916430001,0
                103.736092845,16.767995967,0
                103.736100405,16.7679999430001,0
                103.736108147,16.76800351,0
                103.736116083,16.7680065770001,0
                103.736124196,16.768009063,0
                103.736132164,16.7680108220001,0
                103.736140248,16.76801197,0
                103.736148401,16.7680124940001,0
                103.736156585,16.7680123820001,0
                103.736164775,16.7680117250001,0
                103.736172948,16.768010604,0
                103.736181073,16.7680090740001,0
                103.736189123,16.7680071400001,0
                103.736197069,16.7680047750001,0
                103.736204678,16.7680020400001,0
                103.736212175,16.767998956,0
                103.736219582,16.767995613,0
                103.736226913,16.7679920640001,0
                103.736241402,16.767984546,0
                103.736255675,16.7679766000001,0
                103.736263491,16.7679720310001,0
                103.736278963,16.7679626560001,0
                103.736294304,16.767953113,0
                103.736324694,16.767933692,0
                103.736339654,16.7679237020001,0
                103.736354242,16.767913379,0
                103.736368471,16.767902739,0
                103.736396682,16.767881141,0
                103.736410941,16.767870569,0
                103.736424504,16.767861171,0
                103.73643741,16.7678530220001,0
                103.736443995,16.76784917,0
                103.736450692,16.7678455010001,0
                103.736458421,16.767841591,0
                103.736466278,16.767837899,0
                103.736474228,16.7678343860001,0
                103.736490344,16.767827804,0
                103.73650669,16.767821789,0
                103.736514959,16.767819052,0
                103.736523304,16.767816553,0
                103.736531939,16.767814276,0
                103.736540646,16.7678122410001,0
                103.736558212,16.767808637,0
                103.73658474,16.7678038660001,0
                103.736620254,16.767798108,0
                103.736646874,16.7677943630001,0
                103.736709038,16.767786662,0
                103.736744614,16.7677826610001,0
                103.736762314,16.7677810590001,0
                103.736771112,16.7677804190001,0
                103.736788704,16.7677795500001,0
                103.73679749,16.7677793840001,0
                103.736806263,16.7677794700001,0
                103.736815012,16.767779886,0
                103.736822932,16.7677806180001,0
                103.736830827,16.767781658,0
                103.736838686,16.7677829780001,0
                103.736846509,16.767784555,0
                103.736854288,16.7677863860001,0
                103.736862488,16.7677886220001,0
                103.736870624,16.7677911160001,0
                103.736878696,16.767793824,0
                103.736904744,16.7678032700001,0
                103.736913426,16.767806067,0
                103.736922152,16.7678083490001,0
                103.736927712,16.767809416,0
                103.736933288,16.7678101390001,0
                103.736939524,16.7678105090001,0
                103.736945738,16.7678103980001,0
                103.736951894,16.767809792,0
                103.736960347,16.767808105,0
                103.736968589,16.76780559,0
                103.73697656,16.767802396,0
                103.736984185,16.767798596,0
                103.736991341,16.767794204,0
                103.736997855,16.767789173,0
                103.737003498,16.7677833820001,0
                103.737007745,16.7677773080001,0
                103.737011233,16.7677706430001,0
                103.737014135,16.767763541,0
                103.737016575,16.767756116,0
                103.73701864,16.7677484610001,0
                103.737020387,16.767740637,0
                103.737021828,16.7677326990001,0
                103.737022962,16.767724678,0
                103.737023749,16.7677166010001,0
                103.737024159,16.7677076860001,0
                103.737024148,16.767698749,0
                103.737023753,16.767689816,0
                103.737022975,16.7676809060001,0
                103.737021773,16.7676720370001,0
                103.737020208,16.767663659,0
                103.737018326,16.767655328,0
                103.737016235,16.767647025,0
                103.737007429,16.7676139490001,0
                103.73700553,16.767605673,0
                103.737003949,16.767597376,0
                103.737002877,16.767589833,0
                103.737002161,16.767582287,0
                103.737001806,16.7675747550001,0
                103.737001849,16.767567259,0
                103.737002348,16.76755982,0
                103.7370034,16.7675524630001,0
                103.737005254,16.767544597,0
                103.737007733,16.767536851,0
                103.737010711,16.767529215,0
                103.737014103,16.7675216960001,0
                103.737017868,16.7675142950001,0
                103.737021987,16.7675070380001,0
                103.737025244,16.767501812,0
                103.737028686,16.7674966710001,0
                103.73703376,16.767489632,0
                103.737039067,16.7674827220001,0
                103.737044549,16.767475916,0
                103.737055857,16.7674625500001,0
                103.737067504,16.7674494820001,0
                103.737079536,16.7674368560001,0
                103.737085767,16.7674307990001,0
                103.737092205,16.7674250040001,0
                103.737098923,16.767419553,0
                103.737106191,16.7674143880001,0
                103.737113758,16.7674095890001,0
                103.737121538,16.7674050520001,0
                103.737137507,16.7673964910001,0
                103.73716198,16.7673842900001,0
                103.737227781,16.7673523710001,0
                103.737244148,16.7673441970001,0
                103.737260387,16.767335756,0
                103.737276046,16.7673271200001,0
                103.737291581,16.767318222,0
                103.737314721,16.7673045650001,0
                103.737329923,16.767295228,0
                103.737337369,16.767290432,0
                103.737344638,16.76728551,0
                103.737351645,16.7672804000001,0
                103.737358277,16.7672750420001,0
                103.737364376,16.767269331,0
                103.737369742,16.7672631410001,0
                103.737373868,16.767256903,0
                103.737376784,16.767251125,0
                103.737379151,16.7672450810001,0
                103.737380998,16.7672388230001,0
                103.73738234,16.767232402,0
                103.737383263,16.7672247140001,0
                103.737383542,16.7672169200001,0
                103.737383221,16.7672090720001,0
                103.737382328,16.7672013850001,0
                103.737380927,16.767193729,0
                103.737379054,16.7671861370001,0
                103.737376707,16.767178642,0
                103.737373887,16.767171325,0
                103.73737064,16.7671641430001,0
                103.737367018,16.767157115,0
                103.737363034,16.7671502480001,0
                103.737358589,16.767143419,0
                103.737353844,16.767136759,0
                103.737348859,16.7671302480001,0
                103.737343672,16.7671238780001,0
                103.737338301,16.7671176470001,0
                103.737332752,16.767111577,0
                103.737327002,16.7671056890001,0
                103.737321018,16.767100026,0
                103.737314416,16.767094328,0
                103.737307572,16.767088861,0
                103.737300559,16.767083569,0
                103.73728621,16.767073313,0
                103.737249888,16.767048221,0
                103.7372428,16.767043098,0
                103.737235877,16.767037858,0
                103.737229203,16.7670324640001,0
                103.737222879,16.7670268410001,0
                103.737217044,16.7670209130001,0
                103.73721188,16.767014569,0
                103.737207522,16.767007657,0
                103.737203943,16.7670003120001,0
                103.737201063,16.766992644,0
                103.737198869,16.766984736,0
                103.737197401,16.7669766390001,0
                103.737196708,16.7669681460001,0
                103.737196757,16.7669595630001,0
                103.73719747,16.7669509570001,0
                103.737198686,16.766943042,0
                103.737200381,16.766935179,0
                103.737202536,16.766927391,0
                103.737205157,16.7669197180001,0
                103.737208583,16.7669114550001,0
                103.737212451,16.76690333,0
                103.737216635,16.766895306,0
                103.737221037,16.7668873580001,0
                103.737230212,16.7668716060001,0
                103.737272808,16.766801521,0
                103.737291673,16.7667709030001,0
                103.73733797,16.7666973030001,0
                103.737347029,16.7666824780001,0
                103.737356084,16.7666671490001,0
                103.737364931,16.7666517160001,0
                103.737373574,16.766636175,0
                103.7373819,16.76662048,0
                103.737385601,16.76661312,0
                103.737389201,16.7666057180001,0
                103.737396129,16.766590799,0
                103.737402651,16.7665757350001,0
                103.737405709,16.7665681330001,0
                103.737408578,16.766560473,0
                103.737411308,16.766552447,0
                103.737413759,16.766544341,0
                103.737415952,16.766536011,0
                103.737417905,16.766527615,0
                103.737421316,16.766510689,0
                103.737425734,16.766485114,0
                103.737429616,16.7664594300001,0
                103.737431818,16.7664422440001,0
                103.737432732,16.7664336280001,0
                103.737434122,16.7664163260001,0
                103.73743638,16.766381579,0
                103.737438008,16.766364208,0
                103.737439176,16.7663552760001,0
                103.737440554,16.7663463650001,0
                103.737443782,16.7663286280001,0
                103.737447595,16.7663111300001,0
                103.737449773,16.7663025620001,0
                103.737452214,16.766294209,0
                103.737455013,16.766286167,0
                103.737458305,16.766278578,0
                103.737462277,16.766271627,0
                103.737467179,16.76626557,0
                103.737472528,16.766261097,0
                103.73747864,16.7662574180001,0
                103.73748532,16.7662544070001,0
                103.737492418,16.766251986,0
                103.737499815,16.7662501340001,0
                103.737507413,16.7662488730001,0
                103.737515141,16.7662482800001,0
                103.737522414,16.766248419,0
                103.737529677,16.766249257,0
                103.737537245,16.7662509080001,0
                103.737544708,16.766253256,0
                103.737552619,16.7662564450001,0
                103.737560392,16.7662601550001,0
                103.737568049,16.7662642510001,0
                103.737575601,16.766268643,0
                103.737583042,16.766273267,0
                103.737590375,16.7662780920001,0
                103.737596806,16.766282545,0
                103.737609377,16.766291828,0
                103.737621534,16.766301567,0
                103.737627423,16.7663066320001,0
                103.737633731,16.7663123780001,0
                103.737639902,16.7663182520001,0
                103.737664592,16.7663425260001,0
                103.737684364,16.766361252,0
                103.737697775,16.7663734720001,0
                103.737704581,16.766379472,0
                103.737718479,16.7663911270001,0
                103.737732847,16.7664021300001,0
                103.737740179,16.7664074510001,0
                103.737755051,16.766417835,0
                103.737770153,16.7664278620001,0
                103.737777804,16.7664326880001,0
                103.737785545,16.7664373280001,0
                103.73779341,16.7664417170001,0
                103.737800612,16.766445382,0
                103.737807941,16.7664487370001,0
                103.737815402,16.7664517380001,0
                103.737823003,16.7664543170001,0
                103.737829362,16.7664560640001,0
                103.737835816,16.766457492,0
                103.737842337,16.766458631,0
                103.737849982,16.7664596270001,0
                103.737873142,16.766461991,0
                103.737881797,16.766463162,0
                103.737916294,16.766469015,0
                103.737924858,16.766470269,0
                103.737933376,16.7664711910001,0
                103.737941821,16.766471613,0
                103.737950169,16.7664713130001,0
                103.737956892,16.766470387,0
                103.737963507,16.7664688830001,0
                103.737969982,16.766466854,0
                103.737977272,16.7664638970001,0
                103.737984319,16.766460363,0
                103.737991077,16.7664563180001,0
                103.73799749,16.766451767,0
                103.738003468,16.766446681,0
                103.738009178,16.766440753,0
                103.738014417,16.7664343280001,0
                103.738019282,16.766427541,0
                103.738023837,16.766420473,0
                103.73802811,16.7664131990001,0
                103.738032112,16.766405756,0
                103.738035816,16.766398162,0
                103.73803916,16.7663904240001,0
                103.738042107,16.766382487,0
                103.738044634,16.766374424,0
                103.738046733,16.766366254,0
                103.738048362,16.7663579960001,0
                103.738049451,16.7663498590001,0
                103.738050141,16.766341658,0
                103.738050521,16.76633342,0
                103.738050653,16.7663251560001,0
                103.738050593,16.7663168820001,0
                103.738049929,16.76630033,0
                103.738049322,16.766292069,0
                103.738048486,16.7662838320001,0
                103.738047359,16.7662753490001,0
                103.738044492,16.7662584460001,0
                103.738042847,16.766250025,0
                103.738039263,16.7662332240001,0
                103.738033191,16.766207954,0
                103.738022095,16.76616539,0
                103.73801825,16.7661489870001,0
                103.738016618,16.766141115,0
                103.738015159,16.766133226,0
                103.738013915,16.7661253220001,0
                103.738012952,16.766117412,0
                103.738012353,16.766109494,0
                103.738012202,16.766102678,0
                103.738012422,16.7660958770001,0
                103.738013125,16.766088199,0
                103.738014274,16.7660805740001,0
                103.738015845,16.766073024,0
                103.738018054,16.766064753,0
                103.738020701,16.766056625,0
                103.738023746,16.766048685,0
                103.738027204,16.766040994,0
                103.738031119,16.7660336340001,0
                103.738035598,16.766026734,0
                103.738040794,16.7660204490001,0
                103.738046451,16.7660152350001,0
                103.738052732,16.766010619,0
                103.738059492,16.766006502,0
                103.738066629,16.766002831,0
                103.738074052,16.7659995860001,0
                103.738081725,16.7659967870001,0
                103.738089611,16.7659944960001,0
                103.738097745,16.7659927490001,0
                103.738106031,16.765991468,0
                103.738114429,16.765990539,0
                103.738122894,16.7659898850001,0
                103.738131412,16.765989459,0
                103.738139953,16.765989221,0
                103.738148512,16.7659891640001,0
                103.738165255,16.7659895310001,0
                103.738181984,16.765990317,0
                103.738198688,16.7659913790001,0
                103.738215352,16.765992695,0
                103.738268607,16.765997989,0
                103.738286336,16.765999451,0
                103.73829521,16.765999972,0
                103.738303732,16.766000294,0
                103.738320788,16.7660004960001,0
                103.738337857,16.766000234,0
                103.738346387,16.7659999430001,0
                103.738354915,16.765999525,0
                103.73837153,16.7659983630001,0
                103.738388143,16.765996881,0
                103.73841306,16.7659943100001,0
                103.738429681,16.7659923900001,0
                103.738447056,16.7659901600001,0
                103.738473104,16.7659864140001,0
                103.738490407,16.765983514,0
                103.738499006,16.765981847,0
                103.738507543,16.76597996,0
                103.738515989,16.765977778,0
                103.73852403,16.765975312,0
                103.738531947,16.7659725250001,0
                103.738539729,16.7659694390001,0
                103.738547346,16.765966059,0
                103.738554748,16.7659623590001,0
                103.73856188,16.7659582920001,0
                103.738568452,16.765953945,0
                103.73857465,16.765949232,0
                103.738580429,16.7659441820001,0
                103.738585693,16.765938783,0
                103.738590322,16.76593302,0
                103.738594126,16.765926844,0
                103.738597004,16.7659200850001,0
                103.738598998,16.765912954,0
                103.738600255,16.765905565,0
                103.738600863,16.765898024,0
                103.738600848,16.765890417,0
                103.738600191,16.7658828250001,0
                103.738598913,16.7658756340001,0
                103.738597022,16.7658686020001,0
                103.738594533,16.7658618180001,0
                103.738591398,16.765855373,0
                103.738587535,16.7658493860001,0
                103.738582555,16.765843633,0
                103.738576809,16.765838483,0
                103.738570459,16.765833888,0
                103.738563613,16.7658298590001,0
                103.738556333,16.765826439,0
                103.73854854,16.765823622,0
                103.738540442,16.7658213390001,0
                103.738532133,16.7658194520001,0
                103.738523678,16.765817849,0
                103.738506499,16.7658151800001,0
                103.73847179,16.76581058,0
                103.738443659,16.76580655,0
                103.738425027,16.765803568,0
                103.738415775,16.7658019460001,0
                103.738406596,16.7658001930001,0
                103.738397528,16.7657982470001,0
                103.738388613,16.7657960330001,0
                103.738379927,16.7657934430001,0
                103.738371564,16.765790323,0
                103.738363652,16.7657864760001,0
                103.738356407,16.7657818160001,0
                103.738349644,16.765776428,0
                103.738343275,16.7657704860001,0
                103.738337264,16.7657641210001,0
                103.73833162,16.765757405,0
                103.738326379,16.765750382,0
                103.738321636,16.76574306,0
                103.738317536,16.765735416,0
                103.738314633,16.7657285600001,0
                103.738312283,16.7657214980001,0
                103.738310438,16.765714271,0
                103.738309095,16.765706924,0
                103.738308168,16.765698193,0
                103.738307875,16.7656894020001,0
                103.73830819,16.7656806110001,0
                103.738309142,16.765671863,0
                103.738310658,16.7656637750001,0
                103.738316925,16.765632952,0
                103.73832853,16.7656091850001,0
                103.738346259,16.7655861120001,0
                103.738365825,16.7655671910001,0
                103.738388901,16.7655490330001,0
                103.738425805,16.7655263610001,0
                103.738472305,16.765504301,0
                103.738514036,16.765483879,0
                103.738550628,16.7654618220001,0
                103.738565082,16.7654525200001,0
                103.738571965,16.7654476880001,0
                103.738578484,16.76544267,0
                103.738584481,16.76543738,0
                103.738589762,16.7654317330001,0
                103.738594068,16.7654255950001,0
                103.738597044,16.765419212,0
                103.738599017,16.7654123930001,0
                103.738600117,16.76540526,0
                103.738600389,16.765397916,0
                103.738599852,16.765390231,0
                103.738598616,16.7653824710001,0
                103.7385968,16.765374685,0
                103.738594474,16.765366919,0
                103.738592286,16.7653607720001,0
                103.738589838,16.765354668,0
                103.738587175,16.7653486040001,0
                103.738583316,16.765340531,0
                103.738566729,16.7653085490001,0
                103.738562782,16.7653004910001,0
                103.738559118,16.7652923420001,0
                103.73855588,16.7652841870001,0
                103.738552989,16.765275924,0
                103.738550429,16.765267583,0
                103.738548209,16.765259165,0
                103.73854637,16.7652506800001,0
                103.73854504,16.765242689,0
                103.73854412,16.7652346560001,0
                103.73854366,16.7652276310001,0
                103.738543509,16.7652205950001,0
                103.738543662,16.765213556,0
                103.738544124,16.7652065240001,0
                103.738545123,16.76519796,0
                103.738546511,16.765189424,0
                103.738548218,16.765180925,0
                103.738550197,16.765172465,0
                103.738552426,16.7651640620001,0
                103.738554927,16.765155721,0
                103.738557731,16.765147476,0
                103.738560821,16.7651394820001,0
                103.738564185,16.765131576,0
                103.738567752,16.7651237370001,0
                103.738571474,16.765115963,0
                103.738579297,16.765100567,0
                103.738587619,16.765085444,0
                103.738592024,16.7650780280001,0
                103.738596662,16.7650707550001,0
                103.738601358,16.765063959,0
                103.738606278,16.7650573060001,0
                103.738611379,16.7650507880001,0
                103.738616638,16.765044394,0
                103.738622045,16.7650381400001,0
                103.73862761,16.765032035,0
                103.738633358,16.76502613,0
                103.738639327,16.7650204710001,0
                103.73864558,16.765015131,0
                103.738651683,16.765010524,0
                103.738658041,16.765006213,0
                103.738664597,16.7650021590001,0
                103.738671327,16.764998335,0
                103.738678208,16.764994733,0
                103.738686511,16.7649907470001,0
                103.738694955,16.764986983,0
                103.738703492,16.7649833790001,0
                103.738720746,16.7649764600001,0
                103.738781526,16.764952985,0
                103.738798766,16.7649460530001,0
                103.738815804,16.7649387330001,0
                103.738831816,16.7649311530001,0
                103.738847525,16.764923031,0
                103.738855245,16.764918747,0
                103.738862848,16.7649142860001,0
                103.738870071,16.764909775,0
                103.738884193,16.764900282,0
                103.738897965,16.764890284,0
                103.738911346,16.764879799,0
                103.738918156,16.76487409,0
                103.73892486,16.764868257,0
                103.738938065,16.7648563290001,0
                103.738970789,16.7648260500001,0
                103.738984126,16.764814174,0
                103.738990944,16.7648084100001,0
                103.739003122,16.764798818,0
                103.739009361,16.7647942400001,0
                103.739015707,16.764789826,0
                103.739022166,16.764785616,0
                103.739028757,16.76478166,0
                103.739035728,16.764777903,0
                103.739042853,16.764774521,0
                103.739050129,16.7647715730001,0
                103.739057568,16.764769143,0
                103.739065041,16.7647673490001,0
                103.739072635,16.764766088,0
                103.739080306,16.764765294,0
                103.739088021,16.7647649580001,0
                103.739095734,16.7647650820001,0
                103.739103417,16.764765717,0
                103.73911117,16.7647669350001,0
                103.739118829,16.7647686650001,0
                103.739126382,16.76477083,0
                103.739133795,16.7647734,0
                103.739141031,16.76477637,0
                103.739148029,16.764779769,0
                103.739154736,16.7647836620001,0
                103.73916174,16.7647886070001,0
                103.739168397,16.764794082,0
                103.739174793,16.764799952,0
                103.739180989,16.7648060920001,0
                103.739187051,16.764812433,0
                103.739192998,16.7648189070001,0
                103.739204666,16.764832132,0
                103.739216068,16.7648455930001,0
                103.739248184,16.764885199,0
                103.739264654,16.764904916,0
                103.739281899,16.764924606,0
                103.739322763,16.764970036,0
                103.739334231,16.7649831210001,0
                103.739339817,16.76498974,0
                103.739345246,16.764996442,0
                103.739350449,16.765003259,0
                103.739355338,16.76501024,0
                103.739359788,16.765017448,0
                103.739363795,16.765025112,0
                103.739367313,16.765033021,0
                103.73937041,16.7650411120001,0
                103.739373135,16.7650493470001,0
                103.739375486,16.765057707,0
                103.739377436,16.7650661750001,0
                103.739378983,16.7650749690001,0
                103.739380167,16.7650838430001,0
                103.739381095,16.7650927720001,0
                103.739381832,16.7651017420001,0
                103.739382925,16.76511974,0
                103.739383634,16.7651377780001,0
                103.739383844,16.7651468010001,0
                103.739383876,16.765164837,0
                103.739383434,16.765182856,0
                103.739382257,16.7652098620001,0
                103.739381159,16.765227843,0
                103.739379677,16.765245792,0
                103.739378769,16.7652544160001,0
                103.739373448,16.7652975030001,0
                103.739371614,16.7653146270001,0
                103.739369363,16.765340409,0
                103.73936827,16.7653576590001,0
                103.739367763,16.7653743330001,0
                103.739367844,16.765390412,0
                103.739368448,16.765406474,0
                103.739368988,16.7654144750001,0
                103.739369733,16.7654224300001,0
                103.739370748,16.7654303210001,0
                103.739372183,16.7654385540001,0
                103.739373965,16.7654466430001,0
                103.739376083,16.765454531,0
                103.73937856,16.765462149,0
                103.739381453,16.765469384,0
                103.739384861,16.765476102,0
                103.739388921,16.765482102,0
                103.739393841,16.7654871440001,0
                103.73939969,16.7654909710001,0
                103.739406357,16.765493814,0
                103.739413627,16.765495878,0
                103.739421324,16.765497296,0
                103.739429322,16.765498144,0
                103.739437521,16.7654984600001,0
                103.739445837,16.765498209,0
                103.739453551,16.7654974590001,0
                103.739461278,16.76549629,0
                103.739469006,16.765494769,0
                103.739476713,16.765492964,0
                103.739484381,16.765490894,0
                103.739492761,16.7654883490001,0
                103.739526036,16.765477387,0
                103.739534409,16.7654749270001,0
                103.739546047,16.7654720360001,0
                103.739554188,16.765470398,0
                103.739562382,16.7654689780001,0
                103.739597019,16.765463723,0
                103.739615143,16.7654607590001,0
                103.739633154,16.7654573740001,0
                103.739642073,16.7654554150001,0
                103.73965091,16.765453183,0
                103.739657914,16.765451147,0
                103.739664843,16.7654488920001,0
                103.739672947,16.765445947,0
                103.739680966,16.76544276,0
                103.7396889,16.765439373,0
                103.739704564,16.765432112,0
                103.739712281,16.765428243,0
                103.739727421,16.765420057,0
                103.739742284,16.7654113990001,0
                103.739749615,16.7654069170001,0
                103.739764003,16.7653976080001,0
                103.739771016,16.765392718,0
              </coordinates>
                
            </LinearRing>
            
          </outerBoundaryIs>
        
        </Polygon>
        
      <styleUrl>
        #tambonStyle</styleUrl>
    </Placemark>

  </Document>
</kml>