<?xml version="1.0" encoding="UTF-8"?>
<kml xmlns="http://www.opengis.net/kml/2.2">
  <Document id="tambon_doc">
    <name>หนองน้ำใส, สีคิ้ว, Nakhon Ratchasima</name>
    <description>ข้อมูลขอบเขตตำบลหนองน้ำใส อำเภอสีคิ้ว จังหวัดNakhon Ratchasima</description>
    
    <!-- Schema สำหรับข้อมูลตำบล -->
    <Schema id="tambon.schema">
      <SimpleField name="ADM3_EN" type="string">
        <displayName>Subdistrict Name (English)</displayName>
      </SimpleField>
      <SimpleField name="ADM3_TH" type="string">
        <displayName>ชื่อตำบล</displayName>
      </SimpleField>
      <SimpleField name="ADM2_EN" type="string">
        <displayName>District Name (English)</displayName>
      </SimpleField>
      <SimpleField name="ADM2_TH" type="string">
        <displayName>ชื่ออำเภอ</displayName>
      </SimpleField>
      <SimpleField name="ADM1_EN" type="string">
        <displayName>Province Name (English)</displayName>
      </SimpleField>
      <SimpleField name="ADM1_TH" type="string">
        <displayName>ชื่อจังหวัด</displayName>
      </SimpleField>
      <SimpleField name="ADM0_EN" type="string">
        <displayName>Country Name (English)</displayName>
      </SimpleField>
      <SimpleField name="ADM0_TH" type="string">
        <displayName>ชื่อประเทศ</displayName>
      </SimpleField>
    </Schema>

    <!-- Style สำหรับตำบล -->
    <Style id="tambonStyle">
      <LineStyle>
        <color>ffff0000</color>
        <width>1.5</width>
      </LineStyle>
      <PolyStyle>
        <color>33ff0000</color>
        <fill>1</fill>
        <outline>1</outline>
      </PolyStyle>
    </Style>

    <Placemark id="Nakhon_Ratchasima.217">
        
        <ExtendedData>
            
          <SchemaData schemaUrl="#tambon.schema">
                
            <SimpleData name="Shape_Leng">
                0.569315591126</SimpleData>
                
            <SimpleData name="Shape_Area">
                0.00683115726922</SimpleData>
                
            <SimpleData name="ADM3_EN">
                Nong Nam Sai</SimpleData>
                
            <SimpleData name="ADM3_TH">
                หนองน้ำใส</SimpleData>
                
            <SimpleData name="ADM3_PCODE">
                TH302007</SimpleData>
                
            <SimpleData name="ADM2_EN">
                Sikhio</SimpleData>
                
            <SimpleData name="ADM2_TH">
                สีคิ้ว</SimpleData>
                
            <SimpleData name="ADM2_PCODE">
                TH3020</SimpleData>
                
            <SimpleData name="ADM1_EN">
                Nakhon Ratchasima</SimpleData>
                
            <SimpleData name="ADM1_TH">
                นครราชสีมา</SimpleData>
                
            <SimpleData name="ADM1_PCODE">
                TH30</SimpleData>
                
            <SimpleData name="ADM0_EN">
                Thailand</SimpleData>
                
            <SimpleData name="ADM0_TH">
                ประเทศไทย</SimpleData>
                
            <SimpleData name="ADM0_PCODE">
                TH</SimpleData>
            
          </SchemaData>
        
        </ExtendedData>
        
        <Polygon>
            
          <outerBoundaryIs>
                
            <LinearRing>
                    
              <coordinates>
                    
                101.512170293,14.979626448,0
                101.512201816,14.979625292,0
                101.512240851,14.9796280910001,0
                101.512314886,14.9796434090001,0
                101.512338148,14.9796455690001,0
                101.512349524,14.979644062,0
                101.512362153,14.979640467,0
                101.512373598,14.979636989,0
                101.512376612,14.979635606,0
                101.512391156,14.9796289180001,0
                101.512398996,14.9796234340001,0
                101.512406617,14.979617122,0
                101.512415771,14.979605991,0
                101.512441949,14.9795598150001,0
                101.512445768,14.9795506090001,0
                101.512496847,14.9793873400001,0
                101.512503561,14.979375771,0
                101.512516475,14.979362317,0
                101.512612753,14.979292889,0
                101.512634291,14.9792714770001,0
                101.512649634,14.9792531590001,0
                101.512661861,14.979234266,0
                101.512674334,14.979209317,0
                101.512716492,14.9790878960001,0
                101.512728995,14.9790671480001,0
                101.512738216,14.9790573670001,0
                101.512752389,14.9790451100001,0
                101.512767212,14.979035267,0
                101.512789474,14.979022921,0
                101.512821061,14.9790098670001,0
                101.512974988,14.9789538910001,0
                101.513015627,14.9789357230001,0
                101.513049105,14.9789189800001,0
                101.513093189,14.9788933310001,0
                101.513157932,14.97884702,0
                101.513198202,14.978813503,0
                101.513231401,14.978780489,0
                101.513265403,14.9787401450001,0
                101.513319312,14.978666961,0
                101.513365022,14.978601924,0
                101.513382181,14.9785791470001,0
                101.513387579,14.9785735040001,0
                101.513393571,14.978569355,0
                101.513401928,14.978564407,0
                101.513411845,14.978560477,0
                101.513422597,14.978557729,0
                101.513449919,14.978552586,0
                101.513467326,14.978550781,0
                101.513475114,14.978550397,0
                101.513501901,14.9785528030001,0
                101.513514706,14.9785547490001,0
                101.513532874,14.9785591420001,0
                101.513543416,14.9785625980001,0
                101.513552044,14.9785657960001,0
                101.51356844,14.97857478,0
                101.513628247,14.978615959,0
                101.513637589,14.978622564,0
                101.513645251,14.978626563,0
                101.51365291,14.978630304,0
                101.513660803,14.9786325430001,0
                101.513670538,14.9786334290001,0
                101.513681565,14.978633927,0
                101.513688652,14.9786332300001,0
                101.513697553,14.97863109,0
                101.513708854,14.978625558,0
                101.51371998,14.9786178250001,0
                101.513727765,14.9786108280001,0
                101.513746577,14.978587228,0
                101.513786593,14.978531934,0
                101.51387866,14.978425821,0
                101.513892236,14.9784113760001,0
                101.513919384,14.9783909130001,0
                101.513944915,14.9783744970001,0
                101.513981265,14.9783562370001,0
                101.514215432,14.978257829,0
                101.514236467,14.9782471770001,0
                101.514250556,14.9782373100001,0
                101.514266297,14.978224449,0
                101.51437736,14.9781208360001,0
                101.51439725,14.978105192,0
                101.514415315,14.9780931940001,0
                101.514430156,14.97808486,0
                101.514445758,14.9780784590001,0
                101.514464242,14.978072893,0
                101.514545577,14.978048089,0
                101.514586744,14.978033731,0
                101.514608066,14.9780245170001,0
                101.514759815,14.9779437890001,0
                101.514779487,14.9779301880001,0
                101.514795203,14.977918393,0
                101.514821859,14.977891238,0
                101.514837044,14.9778725420001,0
                101.514848558,14.977855477,0
                101.514873312,14.9778107220001,0
                101.514881842,14.9777915710001,0
                101.514886185,14.977773483,0
                101.514888502,14.9777622290001,0
                101.514889511,14.977751174,0
                101.514889229,14.977726976,0
                101.514887602,14.9777149880001,0
                101.514884845,14.977706857,0
                101.51486775,14.9776642890001,0
                101.514850666,14.977622534,0
                101.514846675,14.9776078990001,0
                101.514844506,14.977582059,0
                101.514845773,14.977558856,0
                101.514848202,14.977535721,0
                101.514851294,14.9775239030001,0
                101.514857963,14.977509737,0
                101.514864171,14.977499767,0
                101.514876063,14.9774864240001,0
                101.514884674,14.9774793730001,0
                101.514902912,14.9774670670001,0
                101.514914349,14.9774621080001,0
                101.514937765,14.977453977,0
                101.514958721,14.977449662,0
                101.514977935,14.977446903,0
                101.515002111,14.977445005,0
                101.515086745,14.977444071,0
                101.515096342,14.977442701,0
                101.515118196,14.9774372700001,0
                101.515138514,14.977431246,0
                101.515160458,14.977421979,0
                101.515347566,14.977304631,0
                101.515422688,14.977258738,0
                101.515451977,14.9772386670001,0
                101.51547548,14.9772201010001,0
                101.515486478,14.9772097530001,0
                101.515504525,14.977191808,0
                101.515510749,14.977184896,0
                101.515515911,14.97717735,0
                101.515521759,14.977168437,0
                101.515526209,14.9771595400001,0
                101.515530951,14.977146217,0
                101.515534623,14.97713086,0
                101.515536801,14.9771132020001,0
                101.515549266,14.9769727,0
                101.515554591,14.9769519720001,0
                101.515562486,14.9769345670001,0
                101.515572686,14.976917589,0
                101.515579294,14.9769088210001,0
                101.515585795,14.9769029230001,0
                101.515596655,14.976896718,0
                101.515605011,14.9768928820001,0
                101.51561653,14.976889692,0
                101.515627358,14.97688787,0
                101.515636073,14.9768873670001,0
                101.515656164,14.976888961,0
                101.515688913,14.976895407,0
                101.515810649,14.976927189,0
                101.515907879,14.976962025,0
                101.515924089,14.9769655320001,0
                101.515942743,14.976966568,0
                101.515965615,14.976966771,0
                101.515991715,14.976963304,0
                101.516021503,14.9769557160001,0
                101.516044299,14.976946566,0
                101.516059116,14.9769389640001,0
                101.516080805,14.976925065,0
                101.516090136,14.9769163350001,0
                101.516154687,14.976848972,0
                101.516169255,14.9768355590001,0
                101.516183604,14.9768245560001,0
                101.516194472,14.97681813,0
                101.51626967,14.976782363,0
                101.516279658,14.976775509,0
                101.516285538,14.976769662,0
                101.516289976,14.976762626,0
                101.516295165,14.9767545780001,0
                101.516299317,14.9767436240001,0
                101.516302334,14.9767282290001,0
                101.516305114,14.976699765,0
                101.516302497,14.9766356640001,0
                101.516294445,14.976585535,0
                101.516254802,14.9764419810001,0
                101.51625205,14.9764196260001,0
                101.516251754,14.9763942180001,0
                101.51625394,14.976368177,0
                101.516259274,14.9763451270001,0
                101.516270185,14.9763202,0
                101.516303082,14.976259339,0
                101.516372079,14.97614544,0
                101.516396973,14.976115887,0
                101.516433395,14.976079951,0
                101.516487547,14.976041561,0
                101.516624635,14.975985195,0
                101.516736921,14.975936357,0
                101.516852435,14.9758794210001,0
                101.516914204,14.975839212,0
                101.517020197,14.975749308,0
                101.51704245,14.975725982,0
                101.517052718,14.975712372,0
                101.51705956,14.9756986830001,0
                101.51706428,14.975686706,0
                101.517065684,14.975664911,0
                101.51706293,14.9756423530001,0
                101.517052729,14.975621489,0
                101.517029959,14.9755902810001,0
                101.516938942,14.975494531,0
                101.516930053,14.9754814,0
                101.516926857,14.975470283,0
                101.516925066,14.9754537760001,0
                101.516924954,14.9754442460001,0
                101.516927549,14.975426525,0
                101.516933576,14.975414277,0
                101.516941698,14.9753991420001,0
                101.516952436,14.9753868230001,0
                101.516996302,14.9753533520001,0
                101.51740853,14.9750842550001,0
                101.517452262,14.975062795,0
                101.517520097,14.9750451080001,0
                101.517706411,14.975010782,0
                101.517740314,14.9750007280001,0
                101.517755118,14.9749892680001,0
                101.517770618,14.974966513,0
                101.517781959,14.974942995,0
                101.51779305,14.974897695,0
                101.517800801,14.974850824,0
                101.517812964,14.9748264890001,0
                101.517829318,14.974806141,0
                101.51785405,14.974792155,0
                101.517877217,14.974786253,0
                101.518259904,14.9747271690001,0
                101.518295433,14.9747138710001,0
                101.518322551,14.9746909830001,0
                101.518347959,14.97466408,0
                101.518367493,14.974631597,0
                101.518389226,14.974574083,0
                101.5184029,14.974510046,0
                101.518406378,14.9743107580001,0
                101.51841678,14.97420658,0
                101.518424719,14.974175841,0
                101.518436117,14.9741571600001,0
                101.518454238,14.9741456680001,0
                101.51847072,14.974135802,0
                101.518494714,14.97412989,0
                101.518532052,14.9741294780001,0
                101.518566101,14.974131523,0
                101.518673399,14.974152926,0
                101.51870664,14.9741573960001,0
                101.518730686,14.974155518,0
                101.518753812,14.974146391,0
                101.51877766,14.974127573,0
                101.518794723,14.9740967290001,0
                101.518801745,14.9740587370001,0
                101.518802862,14.974011939,0
                101.518798898,14.973986079,0
                101.518791357,14.973950755,0
                101.518784965,14.973929764,0
                101.518772482,14.973897724,0
                101.518765333,14.973883196,0
                101.518751295,14.973860044,0
                101.518647441,14.973707114,0
                101.518638048,14.9736846340001,0
                101.518633635,14.9736620940001,0
                101.518633409,14.973642737,0
                101.518635626,14.9736193160001,0
                101.518643612,14.97359261,0
                101.518660647,14.9735593450001,0
                101.518691715,14.973519475,0
                101.518824815,14.973405874,0
                101.518834704,14.973393276,0
                101.518841099,14.9733790770001,0
                101.518846181,14.9733635010001,0
                101.518847398,14.973349964,0
                101.518849105,14.9732829930001,0
                101.518852924,14.973254716,0
                101.518857814,14.9732405560001,0
                101.518864255,14.97323039,0
                101.518876233,14.973219177,0
                101.518891055,14.973209334,0
                101.518905298,14.9732031240001,0
                101.518931359,14.973193925,0
                101.519112059,14.9731358830001,0
                101.519123568,14.973129871,0
                101.51915162,14.9731094380001,0
                101.519178715,14.9730849380001,0
                101.519187617,14.973076583,0
                101.519197498,14.9730589170001,0
                101.519205279,14.9730437170001,0
                101.519211981,14.9730200380001,0
                101.519214089,14.9729988490001,0
                101.519215639,14.9729780500001,0
                101.519206962,14.972874887,0
                101.519206622,14.972845853,0
                101.51920963,14.9728301010001,0
                101.519214561,14.9728151090001,0
                101.51922297,14.972800305,0
                101.519231666,14.972787494,0
                101.519246284,14.9727716140001,0
                101.51925798,14.9727605950001,0
                101.519276884,14.972747725,0
                101.519420243,14.972663601,0
                101.519438415,14.9726496960001,0
                101.519449832,14.972639073,0
                101.519466971,14.972614682,0
                101.519508377,14.9725362780001,0
                101.519529704,14.9724973240001,0
                101.519549325,14.972472301,0
                101.519580707,14.9724417050001,0
                101.519612823,14.972420776,0
                101.519663017,14.9724020730001,0
                101.519784611,14.972368664,0
                101.519823585,14.972348874,0
                101.519864297,14.972317565,0
                101.519903767,14.9722868800001,0
                101.519971316,14.972261932,0
                101.520122076,14.972221543,0
                101.52015113,14.9722048890001,0
                101.520184492,14.972183951,0
                101.520209723,14.9721594710001,0
                101.520232401,14.972129572,0
                101.520253783,14.972095455,0
                101.520272009,14.9720571410001,0
                101.520284511,14.9720086,0
                101.520290331,14.9719453050001,0
                101.520292114,14.9718140630001,0
                101.520297834,14.971735484,0
                101.520302214,14.971713159,0
                101.520308202,14.971693128,0
                101.520324483,14.971649144,0
                101.520339686,14.9716177560001,0
                101.520359129,14.9715842250001,0
                101.520389231,14.9715440040001,0
                101.520404916,14.9715256370001,0
                101.520460742,14.9714744680001,0
                101.520533104,14.971417741,0
                101.520552706,14.971406562,0
                101.520590758,14.971389,0
                101.52063107,14.9713747100001,0
                101.520795413,14.971330945,0
                101.520898083,14.971311526,0
                101.520973235,14.971304241,0
                101.521215428,14.971295108,0
                101.521239423,14.97129412,0
                101.521267359,14.971289154,0
                101.521439348,14.971239252,0
                101.521452998,14.9712368520001,0
                101.521470223,14.971235284,0
                101.521493575,14.9712341360001,0
                101.521516964,14.971238412,0
                101.521541703,14.971244981,0
                101.521624473,14.9712712300001,0
                101.52163454,14.9712743210001,0
                101.521648555,14.971275688,0
                101.52166255,14.9712744670001,0
                101.521684397,14.9712669630001,0
                101.521706962,14.9712560630001,0
                101.521749006,14.9712322010001,0
                101.521905286,14.971110122,0
                101.521919215,14.97109457,0
                101.521928961,14.9710809750001,0
                101.521941124,14.971056639,0
                101.52194723,14.9710376460001,0
                101.52195063,14.9710081910001,0
                101.521950327,14.970995768,0
                101.521950208,14.9709907700001,0
                101.521947655,14.9709767050001,0
                101.521940503,14.970959115,0
                101.521934898,14.970950229,0
                101.521889186,14.970882187,0
                101.521871096,14.970851886,0
                101.521860585,14.97083113,0
                101.52185239,14.970808989,0
                101.521842989,14.970778694,0
                101.521836482,14.970746697,0
                101.521833501,14.9707238660001,0
                101.521831436,14.9706892,0
                101.521832131,14.970673085,0
                101.521834371,14.970656095,0
                101.52183781,14.970639896,0
                101.521842729,14.97062149,0
                101.521849942,14.9705998330001,0
                101.521860519,14.970575357,0
                101.521873318,14.9705522250001,0
                101.521888692,14.970536328,0
                101.521905378,14.9705264630001,0
                101.5219308,14.9705183140001,0
                101.521960622,14.970513752,0
                101.521993587,14.970512177,0
                101.522098801,14.9705152500001,0
                101.522134242,14.970512437,0
                101.522160315,14.970506701,0
                101.52218823,14.970499134,0
                101.522219801,14.970484868,0
                101.522279709,14.970445483,0
                101.522298898,14.970432741,0
                101.522319456,14.970422269,0
                101.522341584,14.9704145490001,0
                101.522459491,14.970385417,0
                101.522479317,14.970377935,0
                101.522490947,14.9703720110001,0
                101.522499688,14.970363793,0
                101.522518719,14.970341197,0
                101.522654534,14.970193888,0
                101.522657566,14.9701885650001,0
                101.522659863,14.9701831830001,0
                101.52266238,14.970173963,0
                101.522663442,14.9701574870001,0
                101.522664166,14.9701471450001,0
                101.522663809,14.970135703,0
                101.522662352,14.9701267450001,0
                101.522658614,14.9701170070001,0
                101.522651083,14.9701059380001,0
                101.522640962,14.9700978430001,0
                101.522484715,14.970022633,0
                101.522476253,14.9700173690001,0
                101.522470419,14.97001233,0
                101.522465085,14.970005239,0
                101.522456741,14.9699909770001,0
                101.522450975,14.969977124,0
                101.52244833,14.969963847,0
                101.52244748,14.9699444930001,0
                101.52245217,14.9699196390001,0
                101.522460612,14.969896555,0
                101.52250356,14.969790807,0
                101.522507719,14.969773818,0
                101.522508508,14.969767387,0
                101.522507514,14.969756277,0
                101.52250484,14.9697405750001,0
                101.522502031,14.9697296840001,0
                101.522498378,14.969720077,0
                101.522494438,14.969709348,0
                101.522486251,14.9696941940001,0
                101.5224234,14.9696067620001,0
                101.522412792,14.9695861070001,0
                101.522403756,14.969558374,0
                101.522397891,14.9695360540001,0
                101.522396391,14.9695142900001,0
                101.52239736,14.969490684,0
                101.522400876,14.9694718910001,0
                101.522411835,14.9694512,0
                101.522426545,14.9694316740001,0
                101.522494222,14.96936498,0
                101.522511402,14.96934422,0
                101.522514512,14.969338007,0
                101.522516212,14.9693296460001,0
                101.522515652,14.969323446,0
                101.522514826,14.969317561,0
                101.522511031,14.9693097160001,0
                101.522505952,14.969303747,0
                101.522501188,14.969298849,0
                101.522493254,14.9692938330001,0
                101.522484539,14.969289589,0
                101.522471494,14.969284159,0
                101.522148052,14.9691934310001,0
                101.522133512,14.969187241,0
                101.522121244,14.969176035,0
                101.522110285,14.9691570950001,0
                101.522103034,14.969135395,0
                101.522099487,14.969111839,0
                101.522098879,14.969099596,0
                101.522099527,14.969075085,0
                101.522105936,14.96903079,0
                101.522139741,14.968894176,0
                101.522146325,14.968854102,0
                101.522147427,14.9688359370001,0
                101.522142721,14.9687708120001,0
                101.522134408,14.9686905950001,0
                101.522101774,14.968553292,0
                101.522093385,14.968534844,0
                101.522083814,14.9685213720001,0
                101.522075783,14.968512441,0
                101.522063954,14.9684993550001,0
                101.522055634,14.9684926950001,0
                101.522045108,14.968484591,0
                101.522028052,14.9684754570001,0
                101.521988307,14.9684587190001,0
                101.521945583,14.96844621,0
                101.52190033,14.968437641,0
                101.521847076,14.968433293,0
                101.52182,14.9684335380001,0
                101.52178738,14.9684375800001,0
                101.521774792,14.9684394810001,0
                101.5217545,14.9684464170001,0
                101.521734823,14.968453988,0
                101.521701892,14.9684712000001,0
                101.521621588,14.968522906,0
                101.521597626,14.968536731,0
                101.521576411,14.9685445810001,0
                101.521523103,14.968562718,0
                101.521440114,14.968589869,0
                101.521432597,14.9685939140001,0
                101.521426588,14.9685989710001,0
                101.521420954,14.9686086180001,0
                101.521416801,14.9686262070001,0
                101.521415823,14.9686363000001,0
                101.521417084,14.9686504050001,0
                101.521454691,14.968779464,0
                101.521455456,14.968792405,0
                101.521455554,14.9688000240001,0
                101.521453426,14.9688182950001,0
                101.521450899,14.968827903,0
                101.521419668,14.9689244480001,0
                101.521411453,14.9689668880001,0
                101.521408178,14.969006252,0
                101.521408893,14.9690673480001,0
                101.521406106,14.969095211,0
                101.521391373,14.9691123160001,0
                101.521378382,14.969119113,0
                101.521361586,14.969119904,0
                101.521346033,14.969120076,0
                101.521326683,14.969115448,0
                101.521290421,14.969101332,0
                101.521085982,14.969004065,0
                101.521029216,14.968974845,0
                101.520987353,14.9689430400001,0
                101.520963038,14.9689215290001,0
                101.5209543,14.968910871,0
                101.520942773,14.9688919060001,0
                101.520937581,14.968877821,0
                101.520934959,14.9688621450001,0
                101.520927217,14.9686968610001,0
                101.520909374,14.9684750440001,0
                101.520864098,14.968370759,0
                101.520682219,14.9679518250001,0
                101.520382305,14.966912456,0
                101.520116707,14.9654733080001,0
                101.520103012,14.9653625720001,0
                101.520080893,14.9652864460001,0
                101.520004927,14.9651408820001,0
                101.519980875,14.965085275,0
                101.519974857,14.965051858,0
                101.519935712,14.964854599,0
                101.519858868,14.9645123190001,0
                101.519760347,14.964263885,0
                101.519692984,14.964098284,0
                101.51963131,14.963848507,0
                101.519584567,14.9634340910001,0
                101.51960098,14.96311589,0
                101.519743079,14.961925427,0
                101.519750816,14.9608985880001,0
                101.519766727,14.960645222,0
                101.519877369,14.9598445410001,0
                101.519882498,14.9598127,0
                101.51989719,14.9597980880001,0
                101.519925169,14.9597806740001,0
                101.520345904,14.9597506420001,0
                101.520401797,14.9597388500001,0
                101.52042708,14.959722057,0
                101.520445921,14.959699143,0
                101.520457952,14.9596464840001,0
                101.520479921,14.95901545,0
                101.520488069,14.9587438230001,0
                101.520447584,14.95818652,0
                101.520363671,14.956932518,0
                101.520371632,14.9568456440001,0
                101.520381065,14.956791722,0
                101.520423367,14.956724121,0
                101.521985394,14.9548925460001,0
                101.52222768,14.95453931,0
                101.522314694,14.9543296000001,0
                101.522356983,14.954120383,0
                101.522345291,14.953885665,0
                101.522261428,14.953599562,0
                101.521781036,14.95255618,0
                101.521755202,14.952387451,0
                101.521753372,14.952230909,0
                101.521764541,14.952156674,0
                101.521501353,14.951437119,0
                101.521491614,14.9506037400001,0
                101.521775024,14.9504021610001,0
                101.522180888,14.950199227,0
                101.528793083,14.950945098,0
                101.529006822,14.9509175040001,0
                101.532109932,14.9509624840001,0
                101.535015008,14.951525583,0
                101.539843683,14.9525038300001,0
                101.544800925,14.9539964950001,0
                101.548522414,14.954550306,0
                101.55103926,14.954313073,0
                101.552504336,14.9543176380001,0
                101.554973562,14.9546369330001,0
                101.555993074,14.9545461390001,0
                101.55572719,14.9488998030001,0
                101.555863082,14.948199194,0
                101.556033266,14.946604123,0
                101.556348952,14.944443892,0
                101.556344863,14.944310451,0
                101.556333019,14.9441745450001,0
                101.555801227,14.942309756,0
                101.555742824,14.9420346690001,0
                101.555741826,14.9419504250001,0
                101.555794089,14.9417067380001,0
                101.556089839,14.940736332,0
                101.556738252,14.9389346680001,0
                101.556382158,14.9387448320001,0
                101.556373196,14.9387376780001,0
                101.556368521,14.9387332360001,0
                101.556362112,14.938725151,0
                101.556355704,14.938713985,0
                101.556349573,14.938698001,0
                101.556342668,14.9386727130001,0
                101.556338015,14.9386422630001,0
                101.556332863,14.9386034230001,0
                101.556332174,14.938567198,0
                101.556331332,14.9385517960001,0
                101.556328208,14.93853899,0
                101.556321132,14.9385271900001,0
                101.556305273,14.938509197,0
                101.556286981,14.938492839,0
                101.55625934,14.9384735730001,0
                101.556244468,14.9384667200001,0
                101.55623453,14.938464266,0
                101.556219993,14.938463787,0
                101.556206915,14.938464078,0
                101.556129847,14.9384774970001,0
                101.556105325,14.9384795460001,0
                101.556091061,14.938479354,0
                101.556069894,14.9384763840001,0
                101.556051023,14.9384724170001,0
                101.556042398,14.938468981,0
                101.556035747,14.938465203,0
                101.556022417,14.9384547600001,0
                101.556008315,14.9384353340001,0
                101.555993798,14.9384082020001,0
                101.555965762,14.9383430500001,0
                101.555946528,14.938305212,0
                101.555918338,14.938264701,0
                101.555838953,14.938144311,0
                101.555832557,14.938132964,0
                101.555828475,14.938118552,0
                101.555825119,14.9380995650001,0
                101.555822328,14.9380623010001,0
                101.555823334,14.938015104,0
                101.555826213,14.9379937620001,0
                101.555841227,14.9379395610001,0
                101.555851671,14.9378960650001,0
                101.555851346,14.937868671,0
                101.555848524,14.937848065,0
                101.555844614,14.9378155750001,0
                101.555839096,14.9377956590001,0
                101.55583305,14.9377856140001,0
                101.555824711,14.9377707030001,0
                101.555806839,14.9377486440001,0
                101.555789613,14.9377317140001,0
                101.555667028,14.937641758,0
                101.555506928,14.93750713,0
                101.555470083,14.937469299,0
                101.55545934,14.937454578,0
                101.555449161,14.9374375690001,0
                101.555440728,14.937419397,0
                101.55542243,14.9373613820001,0
                101.555405999,14.9372910590001,0
                101.555401094,14.9372451790001,0
                101.555401267,14.9372103580001,0
                101.555404858,14.937067052,0
                101.555401846,14.937011146,0
                101.555398728,14.9369957700001,0
                101.555392619,14.9369752870001,0
                101.555387774,14.936962785,0
                101.555381151,14.93694916,0
                101.555289723,14.9368131950001,0
                101.555279012,14.9368007590001,0
                101.5552642,14.936789506,0
                101.555234041,14.936771009,0
                101.555128252,14.9367111170001,0
                101.555095226,14.936698356,0
                101.554993928,14.936670952,0
                101.554841574,14.9366452570001,0
                101.554813969,14.9366438540001,0
                101.554788764,14.93664756,0
                101.554758331,14.936655321,0
                101.554733435,14.936665008,0
                101.554711642,14.9366786750001,0
                101.554586041,14.9367786890001,0
                101.554532973,14.9368102390001,0
                101.554507225,14.936817379,0
                101.554490805,14.9368187060001,0
                101.554471974,14.936814919,0
                101.554454147,14.9368104480001,0
                101.55443718,14.936801609,0
                101.554424213,14.9367940390001,0
                101.554411085,14.936779068,0
                101.554396956,14.936753766,0
                101.55439064,14.936735056,0
                101.554384854,14.9367011320001,0
                101.554380976,14.936665819,0
                101.554399809,14.936465544,0
                101.55440037,14.936424951,0
                101.554399019,14.936404194,0
                101.554395803,14.936391515,0
                101.554380775,14.936356168,0
                101.554358309,14.936309739,0
                101.554343051,14.936288378,0
                101.554329686,14.9362715,0
                101.554322571,14.936264565,0
                101.554292807,14.936242486,0
                101.554024491,14.9361132180001,0
                101.553855246,14.9360488990001,0
                101.553832329,14.9360468740001,0
                101.553812962,14.93604766,0
                101.553780748,14.936053729,0
                101.553703452,14.9360705730001,0
                101.553680536,14.936068548,0
                101.553666401,14.936064709,0
                101.553650465,14.936057466,0
                101.553632125,14.936045683,0
                101.553617889,14.9360332860001,0
                101.553607104,14.936014572,0
                101.553586558,14.9359651400001,0
                101.553560211,14.935871826,0
                101.553550993,14.935837114,0
                101.553537205,14.9358127240001,0
                101.553513321,14.935778741,0
                101.55347946,14.935744873,0
                101.553380561,14.935672347,0
                101.553322526,14.9356296120001,0
                101.553309412,14.935612636,0
                101.553295646,14.9355905310001,0
                101.553238333,14.9354598890001,0
                101.553195725,14.935381593,0
                101.553175422,14.9353527100001,0
                101.553155797,14.93533124,0
                101.553092308,14.935274302,0
                101.553030144,14.9352299020001,0
                101.55294321,14.9351760760001,0
                101.552882395,14.9351465070001,0
                101.552837591,14.935130454,0
                101.552810519,14.935125048,0
                101.552764668,14.935119851,0
                101.552743478,14.935114952,0
                101.55272634,14.9351054410001,0
                101.552710283,14.9350879240001,0
                101.552687587,14.93505507,0
                101.552666204,14.935034193,0
                101.552642594,14.935023039,0
                101.552630798,14.935018604,0
                101.552618444,14.935016461,0
                101.552599082,14.9350172470001,0
                101.552584456,14.935021407,0
                101.552568106,14.935029007,0
                101.552546004,14.9350463810001,0
                101.552490247,14.9350972300001,0
                101.552437216,14.9351303610001,0
                101.552416773,14.9351391480001,0
                101.552392184,14.9351445630001,0
                101.552366984,14.935148268,0
                101.552325305,14.935151782,0
                101.552298906,14.9351533650001,0
                101.552212704,14.935152078,0
                101.552187575,14.9351491470001,0
                101.552168026,14.9351435890001,0
                101.552119602,14.935125828,0
                101.552031683,14.9350908480001,0
                101.55201116,14.935086583,0
                101.551984051,14.9350839950001,0
                101.551928867,14.935083509,0
                101.551844982,14.9350922690001,0
                101.551826983,14.935096752,0
                101.551801521,14.9351030300001,0
                101.55176777,14.935115819,0
                101.551732309,14.935133342,0
                101.551695118,14.9351530210001,0
                101.551652753,14.9351821760001,0
                101.551605243,14.9352229460001,0
                101.551590469,14.93523938,0
                101.55156749,14.9352713760001,0
                101.551544686,14.935309562,0
                101.551532587,14.9353337800001,0
                101.551516281,14.93536992,0
                101.551502202,14.9354081760001,0
                101.551477691,14.935494927,0
                101.55147346,14.935509527,0
                101.551462638,14.9355250630001,0
                101.551448271,14.9355389180001,0
                101.551432073,14.9355468090001,0
                101.551411461,14.935553887,0
                101.551380247,14.935557659,0
                101.551352923,14.9355553990001,0
                101.551306151,14.9355469280001,0
                101.551166276,14.935521254,0
                101.550934266,14.9355049010001,0
                101.55079318,14.935497809,0
                101.550759433,14.935492083,0
                101.550693178,14.935474201,0
                101.550671968,14.935468015,0
                101.550626149,14.935446697,0
                101.550610961,14.9354378190001,0
                101.550596189,14.93542648,0
                101.550588757,14.9354218020001,0
                101.550563511,14.9353995550001,0
                101.550526704,14.935358868,0
                101.550465611,14.9352758410001,0
                101.550448917,14.9352539540001,0
                101.550439548,14.9352393840001,0
                101.550434497,14.935225958,0
                101.5503759,14.935036349,0
                101.550375173,14.935034135,0
                101.550357983,14.934948197,0
                101.550354438,14.9349276900001,0
                101.550351191,14.9349158750001,0
                101.550345727,14.934900525,0
                101.550337062,14.9348822920001,0
                101.55032637,14.9348718160001,0
                101.55031624,14.9348644670001,0
                101.550305442,14.934861132,0
                101.550288554,14.9348574680001,0
                101.550275019,14.9348576190001,0
                101.550260832,14.9348587440001,0
                101.550249647,14.934862401,0
                101.550232586,14.93487158,0
                101.550221329,14.934880508,0
                101.550210356,14.934890771,0
                101.550178907,14.934939925,0
                101.550166653,14.9349647820001,0
                101.550102105,14.935117919,0
                101.550094604,14.935127407,0
                101.550088272,14.9351341440001,0
                101.55008089,14.935140722,0
                101.550067746,14.9351480730001,0
                101.550050346,14.9351548700001,0
                101.550034862,14.9351579340001,0
                101.550008139,14.9351601560001,0
                101.549973824,14.9351554940001,0
                101.549956138,14.9351502800001,0
                101.549942651,14.9351439000001,0
                101.549928596,14.935135362,0
                101.54991469,14.9351249480001,0
                101.549904958,14.9351127890001,0
                101.549897274,14.935102504,0
                101.549891843,14.935091815,0
                101.549886311,14.935073747,0
                101.54988329,14.9350540020001,0
                101.549880086,14.935028156,0
                101.549878562,14.9349918630001,0
                101.549881471,14.934938479,0
                101.549887399,14.934881051,0
                101.549892551,14.9348326190001,0
                101.549890716,14.934788972,0
                101.549883737,14.9347573740001,0
                101.549878294,14.934743735,0
                101.549867079,14.9347263080001,0
                101.549849674,14.9347063810001,0
                101.549830068,14.9346864770001,0
                101.549730474,14.9346045390001,0
                101.549678896,14.9345702730001,0
                101.549610771,14.934534813,0
                101.549592138,14.934522605,0
                101.549572446,14.9345041070001,0
                101.549560038,14.9344891420001,0
                101.549552754,14.934476928,0
                101.549546088,14.934463615,0
                101.549541877,14.934450794,0
                101.549521505,14.934365971,0
                101.54951084,14.9343078690001,0
                101.549506474,14.9342862290001,0
                101.549501592,14.9342748920001,0
                101.54949444,14.9342612500001,0
                101.549454991,14.934201758,0
                101.549419188,14.934152496,0
                101.549410595,14.934137632,0
                101.549403768,14.9341208920001,0
                101.549398771,14.9341056590001,0
                101.549394331,14.9340859930001,0
                101.54939351,14.934066025,0
                101.549396319,14.934047037,0
                101.549401813,14.934023691,0
                101.549414824,14.933981879,0
                101.549433559,14.933928016,0
                101.549485733,14.933809651,0
                101.54954753,14.933701725,0
                101.549555852,14.933679478,0
                101.549568246,14.933629877,0
                101.549568467,14.9336080360001,0
                101.549567604,14.9335755160001,0
                101.549566056,14.933564743,0
                101.54956256,14.933548409,0
                101.54955104,14.933508325,0
                101.549532678,14.93345091,0
                101.549498436,14.933383916,0
                101.549465836,14.9333431320001,0
                101.549424819,14.933301557,0
                101.549399431,14.933277811,0
                101.54930256,14.93318722,0
                101.549266152,14.933142978,0
                101.549245724,14.9331093220001,0
                101.549231007,14.933076961,0
                101.549227003,14.9330616710001,0
                101.549223863,14.933038472,0
                101.549223248,14.9330268620001,0
                101.549223936,14.9330040850001,0
                101.549228267,14.9329663990001,0
                101.54923108,14.9329461460001,0
                101.549239572,14.932913517,0
                101.549240963,14.9329081720001,0
                101.549246656,14.932893795,0
                101.549336277,14.932723562,0
                101.549401212,14.9325969110001,0
                101.549404387,14.9325825620001,0
                101.549404117,14.932559702,0
                101.54940206,14.9325471820001,0
                101.549398573,14.932535138,0
                101.549394146,14.932524501,0
                101.549385282,14.9325122290001,0
                101.549379583,14.9325056120001,0
                101.549369452,14.9324973600001,0
                101.549355487,14.93248822,0
                101.549340115,14.932481888,0
                101.549321447,14.932479309,0
                101.549299496,14.9324818760001,0
                101.549272363,14.932491009,0
                101.549234302,14.9325058370001,0
                101.549207153,14.932513574,0
                101.54918854,14.932515638,0
                101.549176599,14.9325162370001,0
                101.549159868,14.9325159580001,0
                101.549146436,14.9325114650001,0
                101.549135827,14.932503683,0
                101.549130041,14.9324991,0
                101.54912277,14.9324903510001,0
                101.549111556,14.9324714250001,0
                101.549106634,14.9324593970001,0
                101.549105023,14.9324445460001,0
                101.549105843,14.9324329200001,0
                101.54911081,14.932408239,0
                101.549116817,14.9323909770001,0
                101.549124287,14.9323760250001,0
                101.549166331,14.9323109440001,0
                101.549170728,14.932302087,0
                101.549171602,14.9322951080001,0
                101.549171986,14.9322862600001,0
                101.549172004,14.9322858040001,0
                101.549170371,14.9322718880001,0
                101.549166395,14.9322589240001,0
                101.549158162,14.9322497200001,0
                101.549149973,14.9322442380001,0
                101.549135584,14.9322397510001,0
                101.549121235,14.93223898,0
                101.549104052,14.9322405680001,0
                101.549088794,14.932243525,0
                101.549068322,14.932250257,0
                101.549041692,14.932261372,0
                101.548945433,14.9323120120001,0
                101.548904813,14.9323256810001,0
                101.5488024,14.932359041,0
                101.548757075,14.9323685260001,0
                101.548755785,14.9323686490001,0
                101.548677672,14.932372822,0
                101.548532456,14.932378574,0
                101.54850867,14.932378839,0
                101.548485671,14.932374136,0
                101.548466047,14.93236692,0
                101.548439517,14.932350699,0
                101.548374463,14.9323109220001,0
                101.548168019,14.9322144880001,0
                101.547780456,14.932013984,0
                101.547551683,14.9318643880001,0
                101.547207751,14.9316067570001,0
                101.547029879,14.9315097320001,0
                101.546890884,14.9314536380001,0
                101.54677592,14.931420104,0
                101.54667443,14.9314013210001,0
                101.545797589,14.9313660130001,0
                101.545347742,14.9313663940001,0
                101.545215935,14.9313774820001,0
                101.545142398,14.931395126,0
                101.544983468,14.9314453650001,0
                101.54493861,14.9314518040001,0
                101.544903841,14.931453542,0
                101.544868966,14.931445814,0
                101.54484355,14.9314374200001,0
                101.544819369,14.9314251050001,0
                101.544529383,14.9311959520001,0
                101.544480265,14.9311700710001,0
                101.544444164,14.931155699,0
                101.544400706,14.931149308,0
                101.54437183,14.931151658,0
                101.544299672,14.931162154,0
                101.544237567,14.9311798100001,0
                101.544101352,14.9312540330001,0
                101.544068012,14.931257191,0
                101.544046521,14.931254643,0
                101.543793923,14.931182328,0
                101.54374983,14.931179553,0
                101.543706842,14.931195411,0
                101.543529575,14.9312659980001,0
                101.543478274,14.931279992,0
                101.543415758,14.9312888050001,0
                101.543378148,14.9312851670001,0
                101.543338963,14.9312819080001,0
                101.543287535,14.9312712930001,0
                101.543233952,14.931253994,0
                101.543104409,14.9311922320001,0
                101.542863368,14.931047591,0
                101.542805101,14.9310309540001,0
                101.542753021,14.931020169,0
                101.542705682,14.93101799,0
                101.5426729,14.931022727,0
                101.542493206,14.93105418,0
                101.542472381,14.9310584680001,0
                101.542437617,14.9310602090001,0
                101.54240979,14.931060519,0
                101.542384698,14.9310567370001,0
                101.542356649,14.9310480610001,0
                101.542090605,14.930897649,0
                101.542027739,14.9308767000001,0
                101.541976182,14.9308705120001,0
                101.54181592,14.930858143,0
                101.541771337,14.93084573,0
                101.541745898,14.9308294630001,0
                101.541703187,14.930800855,0
                101.541640198,14.9307433930001,0
                101.541582136,14.9306810260001,0
                101.54155421,14.9306377130001,0
                101.541515803,14.9305508950001,0
                101.541402506,14.9302162700001,0
                101.541381645,14.930164618,0
                101.540421626,14.9297699700001,0
                101.539257703,14.929589247,0
                101.538309709,14.929422263,0
                101.53719728,14.929386198,0
                101.53565698,14.9296614960001,0
                101.532499251,14.9307131840001,0
                101.531125829,14.9310672930001,0
                101.530263071,14.931092984,0
                101.529498372,14.9309884840001,0
                101.527297053,14.93009298,0
                101.525829891,14.929528233,0
                101.524443706,14.929116251,0
                101.524266412,14.9291470000001,0
                101.524177388,14.9291736340001,0
                101.52409172,14.92921038,0
                101.523466462,14.9295533660001,0
                101.522309761,14.930180235,0
                101.52188608,14.930398186,0
                101.521358735,14.9307045260001,0
                101.521061281,14.9308459490001,0
                101.520917182,14.9308863160001,0
                101.520564442,14.930989572,0
                101.520181399,14.9310592310001,0
                101.51950478,14.931175754,0
                101.518761008,14.9313051290001,0
                101.517987387,14.9314396780001,0
                101.516840573,14.931634081,0
                101.515678856,14.931833484,0
                101.51495737,14.931950484,0
                101.514390118,14.932041552,0
                101.51426936,14.930594839,0
                101.514176829,14.929751375,0
                101.51405075,14.928563594,0
                101.513962728,14.9275994440001,0
                101.513806163,14.923769038,0
                101.513787429,14.9236360190001,0
                101.513746602,14.923554605,0
                101.513701133,14.923486579,0
                101.5128847,14.922512542,0
                101.512596697,14.9221327230001,0
                101.512524738,14.9220056730001,0
                101.512266288,14.921549348,0
                101.511981402,14.921032574,0
                101.511951146,14.9209548600001,0
                101.511935055,14.920880847,0
                101.511851759,14.9199089630001,0
                101.511800019,14.919555288,0
                101.511782318,14.919509835,0
                101.511754714,14.919469613,0
                101.511704079,14.919425872,0
                101.511647479,14.9193932360001,0
                101.51154085,14.919368553,0
                101.511392154,14.9193634640001,0
                101.510984119,14.919368274,0
                101.510860351,14.9193774020001,0
                101.51064475,14.9194066850001,0
                101.51039098,14.9194621,0
                101.50900291,14.919824249,0
                101.508965841,14.9198246560001,0
                101.508931722,14.919813011,0
                101.508906764,14.9197922590001,0
                101.508875459,14.9197565530001,0
                101.508857915,14.9197090160001,0
                101.508798895,14.9189328580001,0
                101.508751111,14.9186253680001,0
                101.508711847,14.9184365420001,0
                101.508672225,14.91828811,0
                101.508660561,14.918243245,0
                101.508628488,14.91817495,0
                101.508592786,14.918130981,0
                101.508540248,14.9180960730001,0
                101.508460281,14.918056393,0
                101.508289114,14.9179894060001,0
                101.508255365,14.9179716,0
                101.508225441,14.917951611,0
                101.508206449,14.917926155,0
                101.508192377,14.9178979700001,0
                101.50818447,14.917879881,0
                101.508169573,14.9178281820001,0
                101.508164329,14.9178025750001,0
                101.508161761,14.917771057,0
                101.508162546,14.91774378,0
                101.508165546,14.917718082,0
                101.508171836,14.917691282,0
                101.508187982,14.917661163,0
                101.508215047,14.9176245100001,0
                101.508291915,14.9175199420001,0
                101.50830251,14.9174850680001,0
                101.508302779,14.917461009,0
                101.508300839,14.9174358980001,0
                101.508295024,14.9174086940001,0
                101.508280933,14.91737891,0
                101.508261972,14.9173561270001,0
                101.508227021,14.9173292420001,0
                101.508138953,14.9172711140001,0
                101.507923738,14.9171729550001,0
                101.507909448,14.917163617,0
                101.507900818,14.917156101,0
                101.507890673,14.9171448750001,0
                101.507879971,14.9171285240001,0
                101.507874922,14.9171200870001,0
                101.507869442,14.917105829,0
                101.50786721,14.917095207,0
                101.507866206,14.917079486,0
                101.507866541,14.91706394,0
                101.507868707,14.9170423890001,0
                101.507889216,14.9169303310001,0
                101.507891806,14.9169008980001,0
                101.507890837,14.916892245,0
                101.507888914,14.9168862500001,0
                101.507884763,14.916877979,0
                101.507880393,14.9168716090001,0
                101.507876514,14.9168660280001,0
                101.507868069,14.916856775,0
                101.507807486,14.9168050440001,0
                101.507781375,14.9167817160001,0
                101.50776653,14.916766196,0
                101.50775294,14.916747898,0
                101.507741944,14.916732246,0
                101.507728485,14.9167095830001,0
                101.507708849,14.9166634600001,0
                101.507695361,14.91662432,0
                101.507684478,14.916585152,0
                101.507677345,14.916531998,0
                101.507666622,14.916393977,0
                101.50765309,14.9163510340001,0
                101.507609513,14.9163020840001,0
                101.507503089,14.9162284780001,0
                101.507362368,14.916119759,0
                101.507299257,14.916072292,0
                101.507076039,14.915945633,0
                101.507031615,14.915920608,0
                101.507017135,14.915908093,0
                101.506993323,14.9158779370001,0
                101.506851314,14.915657706,0
                101.506696801,14.9154851650001,0
                101.506604697,14.9154082040001,0
                101.506592764,14.915390588,0
                101.506582088,14.9153691600001,0
                101.506575131,14.9153312170001,0
                101.506579857,14.915289344,0
                101.506589756,14.9152436110001,0
                101.506647252,14.9150463070001,0
                101.506650339,14.914960326,0
                101.506645053,14.91485651,0
                101.506638297,14.9148210450001,0
                101.50662931,14.9147894760001,0
                101.50660958,14.91474759,0
                101.506581575,14.9146927690001,0
                101.506561487,14.914646411,0
                101.506560159,14.914616009,0
                101.506569524,14.914580738,0
                101.506590642,14.9145472390001,0
                101.506639981,14.9145029760001,0
                101.506779413,14.9143883360001,0
                101.506813202,14.9143518450001,0
                101.506848824,14.9143048810001,0
                101.506856008,14.91428949,0
                101.506863069,14.914268604,0
                101.50687278,14.9142187300001,0
                101.50687857,14.914172432,0
                101.506879091,14.914146482,0
                101.506878048,14.9141273820001,0
                101.506872252,14.914098262,0
                101.50687133,14.914093633,0
                101.506857594,14.9140490940001,0
                101.506851381,14.914032901,0
                101.506836541,14.9140037,0
                101.50681889,14.9139808570001,0
                101.506802836,14.9139631960001,0
                101.506768294,14.913935059,0
                101.506758353,14.913928592,0
                101.506733506,14.9139197710001,0
                101.506714757,14.913915166,0
                101.506700592,14.9139129860001,0
                101.506612752,14.913912521,0
                101.506466957,14.913911747,0
                101.506437565,14.9139063650001,0
                101.506401293,14.9138972580001,0
                101.50625584,14.9138294640001,0
                101.506221486,14.9138174820001,0
                101.506201959,14.913819597,0
                101.506185445,14.913828333,0
                101.506173904,14.9138446160001,0
                101.506171288,14.9138722110001,0
                101.506158806,14.9139759560001,0
                101.506143769,14.9139902950001,0
                101.506118997,14.9139992020001,0
                101.506097498,14.9139994380001,0
                101.506071064,14.9139959240001,0
                101.506043588,14.9139867220001,0
                101.506021941,14.9139746010001,0
                101.505998244,14.913953952,0
                101.505949711,14.9138993500001,0
                101.505861723,14.91376698,0
                101.505734975,14.9136264210001,0
                101.505633863,14.913549292,0
                101.50486781,14.913053199,0
                101.504839135,14.913024993,0
                101.504809407,14.91299015,0
                101.504784543,14.912953353,0
                101.504717501,14.9127913300001,0
                101.504695653,14.912758221,0
                101.504675818,14.9127337260001,0
                101.50465549,14.912713898,0
                101.504630268,14.9126967440001,0
                101.504543852,14.912648673,0
                101.504519208,14.9126308840001,0
                101.504509782,14.912618719,0
                101.504503295,14.912607295,0
                101.504498167,14.9125864380001,0
                101.504495816,14.912552244,0
                101.504496032,14.9124866560001,0
                101.504510714,14.912319204,0
                101.504515414,14.9122978550001,0
                101.5045197,14.912288183,0
                101.50452563,14.91227796,0
                101.50453261,14.912268587,0
                101.50458015,14.9122061950001,0
                101.504648488,14.912124712,0
                101.504662449,14.912095687,0
                101.504669892,14.912073686,0
                101.504675505,14.9120361970001,0
                101.504683124,14.9119821100001,0
                101.504682747,14.911949502,0
                101.504679606,14.911915317,0
                101.504674352,14.911889177,0
                101.504669182,14.911869982,0
                101.504660194,14.911853508,0
                101.504654608,14.911846085,0
                101.504643448,14.911831767,0
                101.504631803,14.911823344,0
                101.504622956,14.9118191630001,0
                101.504602515,14.9118108320001,0
                101.504582139,14.9118078430001,0
                101.504555756,14.911808669,0
                101.504531587,14.911811071,0
                101.504505824,14.9118177710001,0
                101.504490507,14.911824353,0
                101.504468111,14.91183743,0
                101.504335244,14.911949028,0
                101.504320506,14.911958278,0
                101.504312306,14.9119626450001,0
                101.504299155,14.911966529,0
                101.504279919,14.911967277,0
                101.504268353,14.911965262,0
                101.5042518,14.911960633,0
                101.504240147,14.911951135,0
                101.504230051,14.9119341360001,0
                101.504224342,14.9119160220001,0
                101.504201635,14.9117697610001,0
                101.504195635,14.9117501740001,0
                101.504183829,14.911727448,0
                101.50417291,14.911710724,0
                101.504130844,14.9116629980001,0
                101.504122313,14.9116503270001,0
                101.504118616,14.9116410720001,0
                101.5041173,14.9116341710001,0
                101.504117234,14.9116284570001,0
                101.504117088,14.9116158250001,0
                101.504117688,14.9116070700001,0
                101.504119757,14.9115956150001,0
                101.504122901,14.9115838820001,0
                101.504127209,14.9115744850001,0
                101.504143814,14.911548236,0
                101.504193872,14.9114907480001,0
                101.50420612,14.911480189,0
                101.504257586,14.91143752,0
                101.50427133,14.9114210540001,0
                101.504279935,14.9114088050001,0
                101.504283176,14.9114022790001,0
                101.504285954,14.9113943030001,0
                101.504287044,14.9113893050001,0
                101.504287469,14.9113826560001,0
                101.504286921,14.911371031,0
                101.504284269,14.911355825,0
                101.504281,14.91134787,0
                101.504277925,14.9113418600001,0
                101.504270317,14.911333551,0
                101.504263741,14.911327977,0
                101.504251627,14.9113220250001,0
                101.504237349,14.911317669,0
                101.504226806,14.9113153770001,0
                101.50421299,14.911313631,0
                101.504182208,14.911314501,0
                101.504165267,14.91131605,0
                101.504154765,14.9113185460001,0
                101.504136291,14.911324489,0
                101.504121912,14.9113306670001,0
                101.504036733,14.9113818590001,0
                101.503911124,14.911455946,0
                101.503849856,14.9114828140001,0
                101.503811477,14.9114923270001,0
                101.503783475,14.91149584,0
                101.503712088,14.9115041050001,0
                101.503542274,14.911511311,0
                101.503522492,14.9115125980001,0
                101.503502203,14.911517098,0
                101.503480317,14.911526425,0
                101.503459587,14.911540555,0
                101.50344216,14.911555182,0
                101.503373095,14.911621165,0
                101.503348558,14.9116390770001,0
                101.5033256,14.911650557,0
                101.503299303,14.911658862,0
                101.50327463,14.9116650180001,0
                101.503244406,14.911666414,0
                101.502815533,14.911666828,0
                101.502768221,14.911664671,0
                101.50273462,14.9116591580001,0
                101.502691333,14.9116435600001,0
                101.502351561,14.911538379,0
                101.502338753,14.9115301580001,0
                101.502329202,14.9115208810001,0
                101.502318299,14.9115087280001,0
                101.50230823,14.9114940000001,0
                101.502298114,14.9114752610001,0
                101.502292113,14.911458393,0
                101.502287437,14.911443299,0
                101.502283536,14.9114269,0
                101.502280319,14.911411366,0
                101.502257153,14.911226937,0
                101.502242124,14.9111520000001,0
                101.502232441,14.9111232330001,0
                101.502206372,14.911054049,0
                101.502201753,14.911037084,0
                101.502198182,14.9110134640001,0
                101.502195709,14.910989967,0
                101.502195983,14.910965902,0
                101.502198663,14.910924503,0
                101.50221417,14.9108190270001,0
                101.502214923,14.910808219,0
                101.502214651,14.910784698,0
                101.502212868,14.910769852,0
                101.502209243,14.9107451890001,0
                101.50220479,14.9107236830001,0
                101.50219717,14.910699344,0
                101.502192089,14.910684534,0
                101.502098777,14.910476676,0
                101.502026975,14.9103534180001,0
                101.501980016,14.910286919,0
                101.501878621,14.910140461,0
                101.501859173,14.910107167,0
                101.50185224,14.910078014,0
                101.501849742,14.9100523760001,0
                101.501849421,14.910024578,0
                101.501851268,14.9099939020001,0
                101.501863083,14.9099222570001,0
                101.5018822,14.9098369320001,0
                101.501883846,14.9098185710001,0
                101.501883703,14.9098062410001,0
                101.50188131,14.909786416,0
                101.501876465,14.909768726,0
                101.501867912,14.909751326,0
                101.501861577,14.9097385630001,0
                101.501848197,14.9097222680001,0
                101.501827803,14.909706451,0
                101.501809519,14.9096942200001,0
                101.501786283,14.9096816420001,0
                101.501759392,14.9096743160001,0
                101.501730053,14.9096690220001,0
                101.501700737,14.9096661360001,0
                101.501678049,14.909665182,0
                101.501648775,14.9096659,0
                101.501616659,14.909669864,0
                101.501460289,14.9096988370001,0
                101.501439296,14.9097022780001,0
                101.501422804,14.9097024590001,0
                101.501410821,14.9097001820001,0
                101.501390976,14.909695986,0
                101.501352506,14.90968558,0
                101.501339651,14.909679306,0
                101.501230485,14.909617945,0
                101.501151326,14.909583922,0
                101.501127333,14.909577368,0
                101.501108755,14.9095755650001,0
                101.501037017,14.9095767470001,0
                101.500992096,14.9095792430001,0
                101.500960783,14.9095815910001,0
                101.500943028,14.9095797790001,0
                101.500918194,14.9095716310001,0
                101.500903262,14.9095641750001,0
                101.500873006,14.909539355,0
                101.500732127,14.909401878,0
                101.500711282,14.909374305,0
                101.500661532,14.909301038,0
                101.500643408,14.909284993,0
                101.500627825,14.909274639,0
                101.50060859,14.9092694330001,0
                101.500593719,14.9092671930001,0
                101.500576104,14.9092682840001,0
                101.500560683,14.9092723640001,0
                101.500540677,14.909280402,0
                101.500518267,14.909295082,0
                101.500466277,14.9093458780001,0
                101.500449666,14.909353879,0
                101.500432717,14.9093591770001,0
                101.500420991,14.90936141,0
                101.500404919,14.9093621860001,0
                101.500385432,14.9093620960001,0
                101.500371478,14.9093592450001,0
                101.500359044,14.909353663,0
                101.500344103,14.9093454060001,0
                101.500282961,14.9093000610001,0
                101.500259296,14.9092864840001,0
                101.500246255,14.909281816,0
                101.500228897,14.9092786950001,0
                101.500203836,14.909277767,0
                101.500136398,14.9092763990001,0
                101.500117546,14.909277806,0
                101.500076895,14.909284014,0
                101.500022573,14.9092938310001,0
                101.500006485,14.9092932070001,0
                101.499994911,14.909290926,0
                101.499984531,14.909284621,0
                101.499975335,14.909273894,0
                101.499969841,14.9092623280001,0
                101.499967589,14.909245911,0
                101.499968277,14.909234273,0
                101.499972601,14.909215783,0
                101.499978203,14.909200884,0
                101.499992342,14.909175466,0
                101.500017534,14.909143112,0
                101.500052099,14.90910103,0
                101.50007501,14.9090613700001,0
                101.500081977,14.909029924,0
                101.500088478,14.9089578540001,0
                101.500095519,14.908932825,0
                101.500106925,14.908904895,0
                101.500138265,14.908841352,0
                101.500185706,14.9087357710001,0
                101.500189636,14.908718885,0
                101.500198694,14.9086818960001,0
                101.500205546,14.908632497,0
                101.500209128,14.908585943,0
                101.5002054,14.9085486880001,0
                101.500201536,14.9085355,0
                101.500194751,14.908519132,0
                101.500153363,14.908434572,0
                101.500150771,14.908424573,0
                101.50014896,14.9084105590001,0
                101.500148422,14.9083997380001,0
                101.500149541,14.9083735950001,0
                101.500157325,14.9082858240001,0
                101.500155586,14.9082623140001,0
                101.500147128,14.908228191,0
                101.500132119,14.908198413,0
                101.500116473,14.908176482,0
                101.500092676,14.9081475140001,0
                101.499989144,14.908069513,0
                101.499965471,14.908051239,0
                101.499952054,14.9080321340001,0
                101.499873893,14.9079296190001,0
                101.499788551,14.907840014,0
                101.499706019,14.9077675980001,0
                101.499684009,14.907754206,0
                101.499608878,14.9077117190001,0
                101.4995418,14.9076879880001,0
                101.499473602,14.9076746980001,0
                101.499455443,14.9076732930001,0
                101.499444733,14.9076742140001,0
                101.499432002,14.907678762,0
                101.499420563,14.90768811,0
                101.499413298,14.9077018260001,0
                101.499410976,14.907715081,0
                101.499409976,14.907735545,0
                101.499411342,14.9077467590001,0
                101.499415191,14.907758745,0
                101.499426184,14.9077822850001,0
                101.4994721,14.9078659960001,0
                101.499503355,14.9079298130001,0
                101.499509689,14.907942576,0
                101.499515726,14.9079657680001,0
                101.499517978,14.907982185,0
                101.499519083,14.908006234,0
                101.499519337,14.908028283,0
                101.49951675,14.908054378,0
                101.499513679,14.90807406,0
                101.499508959,14.90809376,0
                101.499496479,14.908119963,0
                101.49946686,14.908161991,0
                101.499450548,14.9081778070001,0
                101.499418673,14.9082030210001,0
                101.499390407,14.9082193690001,0
                101.499372748,14.908225574,0
                101.499349716,14.9082310380001,0
                101.499311028,14.9082374770001,0
                101.499272303,14.908240709,0
                101.499236012,14.908240301,0
                101.499209543,14.9082337740001,0
                101.499192109,14.9082239370001,0
                101.499178366,14.9082124610001,0
                101.499165739,14.908190141,0
                101.499160438,14.908171553,0
                101.499147572,14.908104861,0
                101.499142742,14.908067487,0
                101.499122949,14.907972532,0
                101.499108774,14.90793526,0
                101.499098661,14.907916657,0
                101.499083645,14.9079018470001,0
                101.499059819,14.907886068,0
                101.498993492,14.907855784,0
                101.498963706,14.9078475540001,0
                101.49893728,14.907844631,0
                101.498915829,14.907843799,0
                101.498891648,14.9078451290001,0
                101.49878235,14.907855415,0
                101.498762554,14.907855093,0
                101.498741614,14.907851045,0
                101.498724476,14.907843214,0
                101.498711146,14.907831598,0
                101.498702717,14.9078156460001,0
                101.498696478,14.9077991410001,0
                101.498690098,14.907770339,0
                101.498687532,14.9077388210001,0
                101.498691508,14.9076703690001,0
                101.498696902,14.907629437,0
                101.498710944,14.9075759350001,0
                101.498742839,14.907480772,0
                101.498799907,14.907343987,0
                101.498824022,14.907273861,0
                101.498849161,14.9071652260001,0
                101.498876496,14.907017081,0
                101.498891561,14.9068615080001,0
                101.498892472,14.906813732,0
                101.498890027,14.906665478,0
                101.498882406,14.9064495540001,0
                101.498881252,14.90641321,0
                101.498871733,14.9063358180001,0
                101.498863027,14.906295071,0
                101.498843664,14.9062054550001,0
                101.498837087,14.906182992,0
                101.498830033,14.9061678200001,0
                101.498806102,14.9061267330001,0
                101.498736492,14.9060027370001,0
                101.498714765,14.90596234,0
                101.498695928,14.9059183480001,0
                101.49866879,14.905853768,0
                101.498584803,14.905563828,0
                101.498492135,14.905220512,0
                101.498419362,14.9050131400001,0
                101.49838889,14.9049136670001,0
                101.498381999,14.9048880770001,0
                101.498378694,14.904856035,0
                101.498376951,14.9048318160001,0
                101.498379364,14.904786874,0
                101.498381685,14.904734095,0
                101.498397286,14.9046248510001,0
                101.498422038,14.904482719,0
                101.498432786,14.9043977650001,0
                101.498436085,14.90436565,0
                101.498436733,14.904295066,0
                101.498432444,14.904240933,0
                101.498418774,14.904185827,0
                101.498411433,14.9041663580001,0
                101.498400386,14.904146929,0
                101.498374926,14.90411142,0
                101.498354303,14.904093297,0
                101.49833125,14.90407881,0
                101.498317884,14.9040729440001,0
                101.498304242,14.9040700850001,0
                101.498205226,14.9040660520001,0
                101.498189434,14.9040641190001,0
                101.49817548,14.9040612630001,0
                101.498159946,14.904055118,0
                101.498129786,14.90404131,0
                101.498073679,14.9040034290001,0
                101.498037634,14.903988483,0
                101.498017781,14.903983586,0
                101.497988968,14.9039790900001,0
                101.497945325,14.9039759570001,0
                101.497901692,14.9039740260001,0
                101.49787537,14.9039740650001,0
                101.497632391,14.903977782,0
                101.497462409,14.903970015,0
                101.497358358,14.903958318,0
                101.497318129,14.903950734,0
                101.497217176,14.90392136,0
                101.49718845,14.903909911,0
                101.49714475,14.9038868600001,0
                101.49710757,14.903857327,0
                101.497066453,14.9038198110001,0
                101.497039166,14.903790171,0
                101.497016791,14.9037567280001,0
                101.496969952,14.9036524420001,0
                101.496958572,14.903619416,0
                101.49693835,14.903534624,0
                101.496935266,14.903505253,0
                101.496934227,14.903463027,0
                101.496938027,14.903411122,0
                101.496947239,14.9033516740001,0
                101.496951323,14.903324361,0
                101.496959854,14.903301277,0
                101.496987294,14.9032491150001,0
                101.497010644,14.9032237280001,0
                101.497028041,14.903206966,0
                101.497071609,14.903170667,0
                101.497089626,14.9031597740001,0
                101.497123545,14.903144968,0
                101.497223182,14.9031075250001,0
                101.497250058,14.903101884,0
                101.497325294,14.903094116,0
                101.497425758,14.903080721,0
                101.497482375,14.90307957,0
                101.497835886,14.9030773170001,0
                101.497917132,14.903066272,0
                101.4979511,14.903055743,0
                101.497983363,14.9030404170001,0
                101.498013935,14.903021908,0
                101.498031908,14.903006738,0
                101.49805094,14.902988355,0
                101.498065518,14.902965205,0
                101.498075697,14.9029421020001,0
                101.498084672,14.9029099260001,0
                101.498089689,14.9028681660001,0
                101.498092623,14.9028365880001,0
                101.498090466,14.9027768170001,0
                101.498078938,14.9027306040001,0
                101.498034952,14.9026034770001,0
                101.498015275,14.902550225,0
                101.497929254,14.9024014550001,0
                101.49774203,14.9021226140001,0
                101.497559113,14.901899338,0
                101.497422113,14.901716191,0
                101.497349789,14.90161076,0
                101.497310868,14.9015413220001,0
                101.497269457,14.9014469590001,0
                101.497255102,14.901410046,0
                101.497236675,14.901337529,0
                101.497200997,14.9011682500001,0
                101.497198471,14.9011397620001,0
                101.497196666,14.901110553,0
                101.497200872,14.9009665030001,0
                101.49720788,14.900938621,0
                101.49721718,14.900918559,0
                101.497260002,14.900817573,0
                101.497270633,14.900786092,0
                101.49727471,14.9007582460001,0
                101.497274464,14.900736861,0
                101.497271295,14.900716222,0
                101.497262994,14.9006956380001,0
                101.497213768,14.900622748,0
                101.497209173,14.900605688,0
                101.497207516,14.90058931,0
                101.497207335,14.900573625,0
                101.497211552,14.9005578960001,0
                101.497221553,14.9005349770001,0
                101.497245989,14.9004926490001,0
                101.497309499,14.9004056970001,0
                101.497335435,14.900366203,0
                101.497372687,14.9002909430001,0
                101.497382601,14.9002608920001,0
                101.497397027,14.9001766160001,0
                101.49740103,14.900142353,0
                101.497404234,14.9001023930001,0
                101.49740511,14.900051058,0
                101.497400095,14.899997646,0
                101.497393036,14.8999577980001,0
                101.497373488,14.8998838800001,0
                101.497359643,14.89985907,0
                101.49734844,14.8998413730001,0
                101.497288074,14.899755768,0
                101.49727908,14.899738756,0
                101.497270681,14.899709623,0
                101.497268213,14.8996861210001,0
                101.497267117,14.8996547680001,0
                101.497268276,14.8996283760001,0
                101.497275067,14.89958125,0
                101.497286631,14.899503419,0
                101.497288499,14.899474884,0
                101.497286732,14.899448524,0
                101.497282558,14.899404372,0
                101.497271785,14.899360292,0
                101.497235227,14.8992416340001,0
                101.497198229,14.8991479370001,0
                101.497148642,14.899043681,0
                101.497138107,14.899020271,0
                101.497106116,14.898915824,0
                101.497046484,14.898703321,0
                101.496974498,14.898500217,0
                101.496943003,14.8984358430001,0
                101.496918968,14.8983888990001,0
                101.49687863,14.8983237530001,0
                101.496803401,14.89822049,0
                101.496769125,14.8981723840001,0
                101.496738473,14.898120679,0
                101.496698663,14.8980377030001,0
                101.496629887,14.897858802,0
                101.496613294,14.897818349,0
                101.496561749,14.897734788,0
                101.496541664,14.897709347,0
                101.496501614,14.8976691450001,0
                101.496465489,14.897640761,0
                101.496429206,14.8976167380001,0
                101.496401879,14.8976025100001,0
                101.496255119,14.8975264050001,0
                101.496218299,14.8975118330001,0
                101.496167526,14.897495276,0
                101.496115295,14.8974794490001,0
                101.496029297,14.8974597120001,0
                101.49585672,14.8974330780001,0
                101.495764897,14.8974169690001,0
                101.495726684,14.8974088300001,0
                101.495683289,14.89739647,0
                101.495586183,14.897366877,0
                101.495410953,14.8973010600001,0
                101.495192148,14.8972072020001,0
                101.494889279,14.897070775,0
                101.494491154,14.8968979360001,0
                101.494408782,14.8968707600001,0
                101.49438193,14.896866242,0
                101.494330296,14.896858782,0
                101.494240012,14.896848726,0
                101.494134321,14.896837519,0
                101.49402559,14.896816841,0
                101.493878598,14.8967842220001,0
                101.493850123,14.896773126,0
                101.493785346,14.8967500680001,0
                101.49369211,14.8967168630001,0
                101.493482828,14.8966221910001,0
                101.493450421,14.8966092320001,0
                101.492960276,14.8964852980001,0
                101.492817134,14.8964469360001,0
                101.492680827,14.8964084940001,0
                101.492574902,14.896377328,0
                101.492547495,14.896373828,0
                101.492514255,14.896373236,0
                101.492480083,14.8963764580001,0
                101.492448842,14.8963796530001,0
                101.492401076,14.89639063,0
                101.492097192,14.8964842340001,0
                101.491991873,14.89650534,0
                101.49193621,14.8965097490001,0
                101.49190396,14.8965101000001,0
                101.491870655,14.896503809,0
                101.491846069,14.8964907700001,0
                101.491824336,14.896471046,0
                101.491622641,14.8961705470001,0
                101.491563052,14.8960885000001,0
                101.49153817,14.8960654320001,0
                101.491509806,14.8960482050001,0
                101.491460495,14.8960254030001,0
                101.491415245,14.896010849,0
                101.491390927,14.8960061540001,0
                101.490893891,14.895948413,0
                101.490822788,14.895932573,0
                101.490773888,14.8959111350001,0
                101.490711856,14.8958782940001,0
                101.490495995,14.8957324360001,0
                101.490321503,14.8956021550001,0
                101.489926157,14.8952434730001,0
                101.489911058,14.8952197470001,0
                101.489896853,14.895197425,0
                101.489879052,14.8951604390001,0
                101.489851965,14.895071172,0
                101.489824464,14.8949464250001,0
                101.489800413,14.894667865,0
                101.489792959,14.89464093,0
                101.4897825,14.894614313,0
                101.489773774,14.8945978310001,0
                101.489763806,14.8945824370001,0
                101.489742295,14.8945605690001,0
                101.489713465,14.8945394950001,0
                101.489646266,14.8944967410001,0
                101.489423522,14.894378682,0
                101.489405025,14.8943639140001,0
                101.489393831,14.894346925,0
                101.489385547,14.894327764,0
                101.489381654,14.8943078460001,0
                101.489380699,14.89428861,0
                101.489380519,14.8942729290001,0
                101.489386839,14.8942486180001,0
                101.489393229,14.8942307290001,0
                101.489409418,14.894196089,0
                101.489490021,14.8939975160001,0
                101.489552287,14.893818394,0
                101.489556171,14.893794976,0
                101.48955911,14.8937661900001,0
                101.489558471,14.8937465440001,0
                101.48955661,14.893728121,0
                101.489551493,14.893713339,0
                101.489542699,14.8937018030001,0
                101.489534391,14.893696279,0
                101.48951288,14.893690501,0
                101.489372618,14.8936848070001,0
                101.48936105,14.893682927,0
                101.489346574,14.893679073,0
                101.489337848,14.893673554,0
                101.489332843,14.8936683950001,0
                101.489328222,14.893661228,0
                101.489326481,14.893653224,0
                101.489325935,14.893641202,0
                101.489326637,14.893630769,0
                101.489328561,14.8936187150001,0
                101.489333759,14.893604625,0
                101.489340619,14.893591717,0
                101.489352384,14.89357475,0
                101.489365449,14.8935633790001,0
                101.48938238,14.8935509140001,0
                101.489399315,14.8935416420001,0
                101.489461214,14.893511609,0
                101.489477281,14.893499207,0
                101.48948586,14.8934918960001,0
                101.489492348,14.8934826020001,0
                101.489498015,14.893473317,0
                101.48950482,14.8934556,0
                101.489518815,14.8933816590001,0
                101.489522952,14.8933467300001,0
                101.489523153,14.89332828,0
                101.489520687,14.8932430460001,0
                101.489523154,14.893113342,0
                101.489524573,14.8930932760001,0
                101.48953006,14.8930683510001,0
                101.4895579,14.8929790290001,0
                101.489561422,14.8929625490001,0
                101.489562835,14.8929420810001,0
                101.489565676,14.892758789,0
                101.489560582,14.892602455,0
                101.489540889,14.8923239700001,0
                101.489537667,14.892259042,0
                101.48953449,14.8921620310001,0
                101.489534278,14.89214359,0
                101.489536077,14.8921207110001,0
                101.489539456,14.892091802,0
                101.489543299,14.8920673010001,0
                101.489548405,14.892045189,0
                101.489553975,14.892027485,0
                101.489570479,14.891992417,0
                101.489620105,14.8918972390001,0
                101.489634111,14.891860197,0
                101.489640833,14.8918352590001,0
                101.489644973,14.891809503,0
                101.489644506,14.891795971,0
                101.489642031,14.891768933,0
                101.489631761,14.8917094930001,0
                101.489604315,14.891608739,0
                101.489601736,14.8915997460001,0
                101.489600355,14.891587127,0
                101.489599351,14.8915534560001,0
                101.489600372,14.8915347940001,0
                101.48960333,14.891523036,0
                101.489606596,14.891510967,0
                101.489617938,14.8914753550001,0
                101.489626677,14.891455412,0
                101.489649138,14.8914165530001,0
                101.489764232,14.8912256730001,0
                101.489857906,14.891084214,0
                101.489934967,14.890964324,0
                101.490024528,14.8908032750001,0
                101.490070636,14.8906978100001,0
                101.490103412,14.890616854,0
                101.490119766,14.890559835,0
                101.490124746,14.8905357190001,0
                101.490132284,14.8904649610001,0
                101.490143641,14.890296112,0
                101.490150461,14.8902437090001,0
                101.490153999,14.89022863,0
                101.490159101,14.890215041,0
                101.490168468,14.890195991,0
                101.49021336,14.890119714,0
                101.490256375,14.890041352,0
                101.490266285,14.89001538,0
                101.490268014,14.8900045340001,0
                101.490269726,14.8899918820001,0
                101.490270886,14.8899581860001,0
                101.490269449,14.8899410600001,0
                101.490260874,14.8898945340001,0
                101.490255399,14.8898756450001,0
                101.490230801,14.8898073410001,0
                101.490225344,14.8897899560001,0
                101.490219431,14.889759649,0
                101.490217633,14.8897377110001,0
                101.490217505,14.889726583,0
                101.490218775,14.889702512,0
                101.490223323,14.8896678720001,0
                101.490227982,14.889642861,0
                101.490246818,14.8895593460001,0
                101.490253414,14.889541229,0
                101.490294094,14.889448456,0
                101.490302576,14.889432727,0
                101.490311052,14.8894169920001,0
                101.490373928,14.889317664,0
                101.490390692,14.889296428,0
                101.490476667,14.8891920200001,0
                101.49065239,14.888982119,0
                101.490816301,14.888781877,0
                101.490823145,14.888771653,0
                101.490843186,14.8887396320001,0
                101.490854322,14.8887196590001,0
                101.490868574,14.888688378,0
                101.490879402,14.888661868,0
                101.49091262,14.888565192,0
                101.490919688,14.888534436,0
                101.490923237,14.8885001140001,0
                101.490923264,14.8884822950001,0
                101.490921378,14.888440976,0
                101.4909146,14.88840692,0
                101.490908352,14.888391929,0
                101.490896659,14.888363026,0
                101.490876952,14.888316892,0
                101.49084072,14.8882494550001,0
                101.49078515,14.888168099,0
                101.490722998,14.888083802,0
                101.490627815,14.88798102,0
                101.490550902,14.887914025,0
                101.490535065,14.8879011970001,0
                101.490522579,14.8878917800001,0
                101.490500728,14.887877369,0
                101.49046188,14.8878550750001,0
                101.490377134,14.8878141700001,0
                101.490086295,14.887692975,0
                101.490071686,14.887686349,0
                101.490051196,14.887673572,0
                101.490026018,14.887657453,0
                101.490015456,14.887648525,0
                101.49000485,14.887636205,0
                101.489990084,14.887615453,0
                101.48998294,14.887600832,0
                101.489979322,14.887589565,0
                101.489977321,14.88756698,0
                101.489976925,14.8875325020001,0
                101.489981661,14.8874894950001,0
                101.489986062,14.8874679640001,0
                101.490063778,14.8872506320001,0
                101.490105361,14.8871180790001,0
                101.490110235,14.8870870760001,0
                101.490115626,14.8869935710001,0
                101.490112134,14.8869596960001,0
                101.490107052,14.8869220660001,0
                101.490102955,14.8869086820001,0
                101.490099038,14.8868987920001,0
                101.490088664,14.886879161,0
                101.490075331,14.886859101,0
                101.490053349,14.8868344700001,0
                101.490025951,14.8868106520001,0
                101.489927455,14.8867363570001,0
                101.489918746,14.886728669,0
                101.489897751,14.8867067460001,0
                101.489878046,14.8866830480001,0
                101.489842584,14.8866340270001,0
                101.489826793,14.886608574,0
                101.489799706,14.886548788,0
                101.489758936,14.886439551,0
                101.489715103,14.886279658,0
                101.489708611,14.886245816,0
                101.489707131,14.8862309940001,0
                101.489707973,14.886190287,0
                101.489708657,14.886174172,0
                101.489710659,14.8861584630001,0
                101.489716843,14.8861278700001,0
                101.489723987,14.8861044760001,0
                101.489734124,14.886076388,0
                101.489797551,14.8859434300001,0
                101.489804302,14.8859242820001,0
                101.489811668,14.88588223,0
                101.489813967,14.885854652,0
                101.48981057,14.885824588,0
                101.489806063,14.8858119220001,0
                101.489797191,14.88579845,0
                101.4897663,14.885765721,0
                101.489720095,14.885727644,0
                101.489633517,14.8856666890001,0
                101.489486823,14.88557078,0
                101.489300319,14.885462579,0
                101.489189886,14.885411635,0
                101.489161412,14.885399649,0
                101.489129009,14.885386861,0
                101.489091814,14.885374546,0
                101.489055981,14.885366881,0
                101.48900793,14.885358076,0
                101.488883043,14.8853390830001,0
                101.488868185,14.885335852,0
                101.488849801,14.885329272,0
                101.488830509,14.8853197290001,0
                101.488795841,14.885299332,0
                101.488778247,14.885285959,0
                101.488746071,14.8852549380001,0
                101.488736049,14.885243303,0
                101.488723931,14.8852250780001,0
                101.488687049,14.8851640070001,0
                101.488684541,14.8851603800001,0
                101.488675223,14.885146881,0
                101.488665812,14.8851366850001,0
                101.488646447,14.8851203580001,0
                101.488630653,14.8851116270001,0
                101.488523403,14.8850720940001,0
                101.488509816,14.885065882,0
                101.488481944,14.885050506,0
                101.488465906,14.8850379560001,0
                101.488450054,14.8850241390001,0
                101.488439018,14.8850119640001,0
                101.488425256,14.8849904950001,0
                101.488419562,14.884978759,0
                101.488414186,14.8849631840001,0
                101.488409509,14.884947846,0
                101.488404744,14.88491229,0
                101.488395509,14.884791567,0
                101.488388358,14.8847382270001,0
                101.488385107,14.8847208820001,0
                101.488380125,14.884704404,0
                101.488369414,14.8846824770001,0
                101.488357888,14.884666066,0
                101.488340279,14.884650994,0
                101.488315293,14.884638975,0
                101.48825294,14.8846158700001,0
                101.488225882,14.8846082960001,0
                101.488211613,14.884604159,0
                101.488199777,14.8845983260001,0
                101.488184462,14.8845884730001,0
                101.488172331,14.8845783520001,0
                101.488158056,14.884560746,0
                101.488126699,14.883024375,0
                101.488206129,14.88109788,0
                101.488257385,14.879665441,0
                101.488251909,14.879188205,0
                101.488179127,14.878744618,0
                101.487853105,14.8783531500001,0
                101.48756281,14.8781258810001,0
                101.487136961,14.8778836270001,0
                101.486898373,14.877738086,0
                101.486778041,14.8775748080001,0
                101.486791755,14.8772948660001,0
                101.486919193,14.8766022290001,0
                101.486932152,14.876256461,0
                101.486944169,14.8758284090001,0
                101.486612113,14.874910342,0
                101.486381859,14.874227794,0
                101.486361952,14.87414698,0
                101.485964598,14.8728194980001,0
                101.484017062,14.8683110420001,0
                101.482834863,14.86554404,0
                101.48188008,14.863587223,0
                101.48161856,14.8631413860001,0
                101.48145992,14.8628928800001,0
                101.481144262,14.8625064290001,0
                101.480918911,14.862292059,0
                101.48066148,14.8620573910001,0
                101.479703338,14.861996902,0
                101.478623922,14.861820473,0
                101.477964201,14.86182546,0
                101.477427861,14.862027714,0
                101.476267398,14.862607805,0
                101.475577945,14.863160984,0
                101.475247298,14.863688461,0
                101.475118872,14.8642355860001,0
                101.47488496,14.865373247,0
                101.474850527,14.8662904610001,0
                101.474953729,14.867468146,0
                101.475284593,14.8689271540001,0
                101.475478069,14.870147526,0
                101.475399256,14.8711088790001,0
                101.475176567,14.871585281,0
                101.474735384,14.872099808,0
                101.474260024,14.872770432,0
                101.473502442,14.8734476540001,0
                101.471452666,14.8749565270001,0
                101.470738402,14.875436505,0
                101.469173107,14.876240459,0
                101.468167659,14.876644217,0
                101.466422091,14.877099593,0
                101.465684707,14.8773913100001,0
                101.464971494,14.877835567,0
                101.464397156,14.8786494390001,0
                101.464021085,14.8791337380001,0
                101.463825547,14.879703412,0
                101.463586108,14.880360873,0
                101.463413754,14.880995792,0
                101.463089749,14.8821125870001,0
                101.462852048,14.8829228450001,0
                101.462856015,14.883272071,0
                101.46299712,14.8838381350001,0
                101.463023038,14.8841434710001,0
                101.462895069,14.8847342510001,0
                101.462591521,14.8856761870001,0
                101.462397216,14.8863549980001,0
                101.462360759,14.8870975990001,0
                101.462526499,14.8887783330001,0
                101.462499013,14.8892912330001,0
                101.462389983,14.8895410750001,0
                101.462242493,14.8897629210001,0
                101.461640798,14.890471602,0
                101.459314796,14.8926974460001,0
                101.458091339,14.8944932050001,0
                101.458013119,14.8946416910001,0
                101.457935426,14.8948367950001,0
                101.457644734,14.8961153870001,0
                101.457569548,14.8963948840001,0
                101.457484837,14.896677261,0
                101.4569072,14.8981406990001,0
                101.456820644,14.898400001,0
                101.456695697,14.8989608590001,0
                101.456644348,14.8993654920001,0
                101.456631723,14.899660919,0
                101.45662482,14.9004613870001,0
                101.456496177,14.90091963,0
                101.456368555,14.9011168820001,0
                101.456282074,14.9012421480001,0
                101.456140486,14.9013336840001,0
                101.455982928,14.901389465,0
                101.454675369,14.901672584,0
                101.453603894,14.9019961660001,0
                101.451126729,14.902761243,0
                101.450973506,14.9027797790001,0
                101.450848933,14.902773181,0
                101.449902443,14.9025358800001,0
                101.448837339,14.9022555010001,0
                101.44856781,14.902157604,0
                101.448295417,14.9022885210001,0
                101.44824346,14.90232403,0
                101.448222146,14.9023462170001,0
                101.448213587,14.902358527,0
                101.448207046,14.9023723350001,0
                101.448203366,14.9024103190001,0
                101.448205778,14.9024422460001,0
                101.44821018,14.9024681560001,0
                101.448215823,14.902488052,0
                101.448224496,14.902505929,0
                101.448241183,14.9025309210001,0
                101.44827913,14.902573252,0
                101.448347494,14.9026264350001,0
                101.448525484,14.9027493400001,0
                101.448573116,14.9027847730001,0
                101.448648935,14.902861838,0
                101.448751137,14.9029840810001,0
                101.448818166,14.9031005160001,0
                101.448855451,14.9031693380001,0
                101.448881921,14.9032507060001,0
                101.448886724,14.9032697550001,0
                101.448895303,14.903303814,0
                101.448898372,14.90341383,0
                101.448886714,14.903603936,0
                101.44887517,14.9036719490001,0
                101.448860343,14.903723029,0
                101.44884832,14.903749121,0
                101.448833165,14.903771244,0
                101.448809778,14.9037914670001,0
                101.448456956,14.90400591,0
                101.448375536,14.904069683,0
                101.448342057,14.904104986,0
                101.448329931,14.90412209,0
                101.448322953,14.904141134,0
                101.448317066,14.9041651580001,0
                101.448317303,14.904186119,0
                101.448317641,14.904216074,0
                101.448328293,14.9042499080001,0
                101.448367973,14.904308391,0
                101.44853013,14.904484374,0
                101.448626251,14.9046311130001,0
                101.448637816,14.904654959,0
                101.448654683,14.904693712,0
                101.448695634,14.904865009,0
                101.448701423,14.904922857,0
                101.448703971,14.9049667580001,0
                101.44870056,14.905118556,0
                101.448697976,14.9052533710001,0
                101.448696743,14.905280716,0
                101.448693209,14.905308464,0
                101.448684246,14.9053332720001,0
                101.448669105,14.905355897,0
                101.448651827,14.905373867,0
                101.448636376,14.9053899460001,0
                101.448615755,14.9054051410001,0
                101.448588235,14.9054226550001,0
                101.44857063,14.905432583,0
                101.448506103,14.9054460030001,0
                101.448413229,14.9054732010001,0
                101.448385635,14.905484734,0
                101.448332799,14.905510753,0
                101.448303018,14.905532792,0
                101.448283998,14.9055532150001,0
                101.448243119,14.905615799,0
                101.448234933,14.905640604,0
                101.448228003,14.9057088230001,0
                101.448238474,14.905817289,0
                101.448245134,14.9058621410001,0
                101.448256274,14.905893474,0
                101.448299594,14.905979125,0
                101.448325451,14.90601854,0
                101.44839645,14.9061001540001,0
                101.448475633,14.906156212,0
                101.448620995,14.906276716,0
                101.448626392,14.9062853730001,0
                101.448653936,14.9063295340001,0
                101.448673659,14.9063712560001,0
                101.448682369,14.9063921330001,0
                101.448685767,14.9064205500001,0
                101.448683241,14.90646925,0
                101.448671448,14.906516557,0
                101.448652615,14.906553451,0
                101.448624493,14.9065859450001,0
                101.448590875,14.906609524,0
                101.448551063,14.906630164,0
                101.448405598,14.9067043540001,0
                101.448318932,14.9067352340001,0
                101.447919868,14.906856325,0
                101.447574939,14.9069619040001,0
                101.447412348,14.9070259540001,0
                101.447300677,14.907077728,0
                101.447258618,14.907111463,0
                101.447215354,14.90715985,0
                101.447094729,14.9073887820001,0
                101.447074832,14.907444904,0
                101.447014576,14.9076851790001,0
                101.447006952,14.907737173,0
                101.447002047,14.9077878200001,0
                101.447001097,14.9080673930001,0
                101.447004274,14.9081059660001,0
                101.447011662,14.908153811,0
                101.447076584,14.908568464,0
                101.447106893,14.908748673,0
                101.447130391,14.908847453,0
                101.447148657,14.908888528,0
                101.4471612,14.9089083590001,0
                101.447180556,14.90892546,0
                101.447212133,14.908933108,0
                101.447253214,14.908934001,0
                101.447391376,14.9089245390001,0
                101.447854763,14.908862336,0
                101.447917705,14.908858998,0
                101.447956123,14.9088665790001,0
                101.448005595,14.908883352,0
                101.448100831,14.908951561,0
                101.448153222,14.908984279,0
                101.448197248,14.9090037820001,0
                101.448640874,14.909130825,0
                101.448687271,14.909154829,0
                101.448712179,14.9091785310001,0
                101.448725592,14.90920684,0
                101.448726677,14.9092352810001,0
                101.448713993,14.9092706170001,0
                101.448701936,14.909293958,0
                101.448675171,14.909310716,0
                101.448640696,14.9093260660001,0
                101.448466085,14.909343655,0
                101.448402226,14.909348837,0
                101.448356135,14.9093583120001,0
                101.448322431,14.909374401,0
                101.448301808,14.9093895950001,0
                101.448286617,14.9094077290001,0
                101.448275333,14.909431812,0
                101.448269469,14.9094580840001,0
                101.448270003,14.9095052530001,0
                101.448271197,14.9095426820001,0
                101.448283534,14.909612193,0
                101.448293053,14.909639697,0
                101.448293091,14.909639801,0
                101.448309595,14.9096695760001,0
                101.448335412,14.909705242,0
                101.448351828,14.9097232500001,0
                101.4483719,14.909745269,0
                101.448584151,14.909978149,0
                101.449267813,14.910659047,0
                101.449384286,14.910789596,0
                101.449407994,14.9108279490001,0
                101.449419484,14.910875742,0
                101.449419982,14.910919671,0
                101.449415279,14.910987618,0
                101.449388925,14.911078425,0
                101.449362668,14.911167204,0
                101.449229376,14.9116179540001,0
                101.449162431,14.911871607,0
                101.449118355,14.9119692570001,0
                101.449029669,14.9121166480001,0
                101.448993344,14.9121729510001,0
                101.448960855,14.9122052450001,0
                101.448924168,14.9122296,0
                101.448857484,14.912264931,0
                101.448718637,14.912331571,0
                101.448687279,14.912346622,0
                101.448528688,14.9124260350001,0
                101.448460271,14.9124597110001,0
                101.448403251,14.912502261,0
                101.448392155,14.9125193470001,0
                101.448386289,14.9125453720001,0
                101.448384549,14.9125733430001,0
                101.448391329,14.9126281870001,0
                101.448403617,14.9127159180001,0
                101.44840713,14.9127538180001,0
                101.448402583,14.912805785,0
                101.448386641,14.912848894,0
                101.448313865,14.9129505110001,0
                101.448286583,14.9129897450001,0
                101.44827263,14.913026834,0
                101.448265954,14.9130718370001,0
                101.448267408,14.9131097580001,0
                101.44827105,14.9131596440001,0
                101.448277978,14.9132274670001,0
                101.448292042,14.913290212,0
                101.448391206,14.913524786,0
                101.448411952,14.913580622,0
                101.448422984,14.9136103070001,0
                101.448431634,14.9136491560001,0
                101.448434228,14.913697051,0
                101.448429688,14.913749019,0
                101.448419729,14.913787653,0
                101.448413948,14.9138100960001,0
                101.448375848,14.9138913780001,0
                101.448317031,14.9139559010001,0
                101.448072211,14.9141891620001,0
                101.447732807,14.9144114480001,0
                101.447700184,14.91443177,0
                101.447498732,14.9145048120001,0
                101.447442528,14.9145283780001,0
                101.447413939,14.914542666,0
                101.447387509,14.9145659060001,0
                101.447362176,14.9145961360001,0
                101.447346244,14.9146402330001,0
                101.447335849,14.9147192190001,0
                101.447331667,14.914804132,0
                101.447332356,14.914865035,0
                101.447340035,14.914907882,0
                101.447356119,14.9149686120001,0
                101.447434633,14.9151015620001,0
                101.447454564,14.9151382970001,0
                101.447462269,14.915184144,0
                101.447459086,14.915266049,0
                101.447457993,14.915296111,0
                101.447452041,14.915459819,0
                101.447446359,14.9155028100001,0
                101.447429263,14.9155339440001,0
                101.447406832,14.9155481650001,0
                101.447382318,14.9155594110001,0
                101.447355665,14.9155636850001,0
                101.447267321,14.915559644,0
                101.447221164,14.915564127,0
                101.447212206,14.915566992,0
                101.447179218,14.915577553,0
                101.447140439,14.9155989380001,0
                101.44709882,14.9156413160001,0
                101.4469668,14.9157705280001,0
                101.446791938,14.915925159,0
                101.446771475,14.9159523110001,0
                101.446767659,14.9159573650001,0
                101.446762008,14.916002357,0
                101.446768517,14.9160332440001,0
                101.4467832,14.91606004,0
                101.446801883,14.916077812,0
                101.446822549,14.916089571,0
                101.44684623,14.916095308,0
                101.446894507,14.9160967870001,0
                101.447032936,14.9160803340001,0
                101.447086369,14.9160837580001,0
                101.447125521,14.9160953200001,0
                101.447153439,14.916112992,0
                101.447174157,14.9161287470001,0
                101.447192954,14.9161565050001,0
                101.447206841,14.91620428,0
                101.447239763,14.9163916320001,0
                101.44727499,14.9165100660001,0
                101.447288112,14.916580821,0
                101.447284568,14.916630777,0
                101.447270535,14.9166608790001,0
                101.447250255,14.916683064,0
                101.447224696,14.9166933240001,0
                101.44719499,14.916699625,0
                101.447148726,14.916694136,0
                101.447007469,14.916642724,0
                101.446924811,14.916596681,0
                101.446844059,14.9165386380001,0
                101.446699748,14.916398406,0
                101.446555849,14.9162941110001,0
                101.446492868,14.9162638350001,0
                101.446447552,14.916251335,0
                101.446412621,14.9162497140001,0
                101.446381838,14.916252038,0
                101.446347016,14.916259398,0
                101.446345409,14.9162600930001,0
                101.446275487,14.916290114,0
                101.446083257,14.916442327,0
                101.445884957,14.916662774,0
                101.44540944,14.91726822,0
                101.445300113,14.917407423,0
                101.44517947,14.9175542630001,0
                101.445145331,14.9176025520001,0
                101.445102193,14.9176615920001,0
                101.445075537,14.917725777,0
                101.445026132,14.917877178,0
                101.4449923,14.917952088,0
                101.444954734,14.918019945,0
                101.44490617,14.918084364,0
                101.444845322,14.918169877,0
                101.44484508,14.918170215,0
                101.444652288,14.91839415,0
                101.444549715,14.9185103250001,0
                101.444364253,14.9187504500001,0
                101.444250843,14.918891892,0
                101.44423513,14.918914522,0
                101.444220398,14.9189436880001,0
                101.444208086,14.918984649,0
                101.444201225,14.91902377,0
                101.444201546,14.919052166,0
                101.44420367,14.9190787700001,0
                101.444207566,14.9191000330001,0
                101.444218829,14.9191283050001,0
                101.44423552,14.919151205,0
                101.444255755,14.919165192,0
                101.444283316,14.9191808680001,0
                101.444365487,14.919213583,0
                101.444486553,14.9192652790001,0
                101.444517578,14.9192849200001,0
                101.444535213,14.919300709,0
                101.444549854,14.919324514,0
                101.444566927,14.919381243,0
                101.444572321,14.91940415,0
                101.444571712,14.9194410970001,0
                101.444550399,14.9195541460001,0
                101.444506526,14.919669436,0
                101.444495796,14.9197194700001,0
                101.444489108,14.9197634760001,0
                101.444488628,14.919812409,0
                101.444499326,14.9198502310001,0
                101.444528875,14.9199208040001,0
                101.444562388,14.9199783560001,0
                101.444596749,14.9200209260001,0
                101.444621694,14.9200476130001,0
                101.444755604,14.920175977,0
                101.444773339,14.920200745,0
                101.444793139,14.920226497,0
                101.444823568,14.9202840830001,0
                101.444828004,14.920312989,0
                101.444831497,14.920349892,0
                101.444851849,14.9206052760001,0
                101.444873838,14.920936249,0
                101.444883466,14.9209805150001,0
                101.444974334,14.9212670920001,0
                101.444992047,14.921380506,0
                101.445003933,14.921463804,0
                101.445002929,14.9216092520001,0
                101.445002553,14.9216643940001,0
                101.445010658,14.9217353020001,0
                101.445016853,14.921799138,0
                101.445025657,14.921830829,0
                101.445041506,14.921870599,0
                101.445054013,14.921886435,0
                101.445059503,14.9218912540001,0
                101.445085639,14.921914185,0
                101.445128267,14.921937691,0
                101.445153141,14.921949238,0
                101.445162275,14.9219515230001,0
                101.445176825,14.9219551690001,0
                101.445212465,14.9219607520001,0
                101.445304261,14.921974001,0
                101.445326294,14.9219805770001,0
                101.445344483,14.921989293,0
                101.445372428,14.9220092150001,0
                101.445384939,14.92202287,0
                101.445401755,14.922050304,0
                101.445407821,14.9220683520001,0
                101.445411963,14.922100147,0
                101.445413064,14.922129338,0
                101.445411432,14.9221511480001,0
                101.445405913,14.9221780880001,0
                101.445390855,14.922208201,0
                101.445281338,14.9223433920001,0
                101.44527377,14.922356221,0
                101.44525342,14.9223907050001,0
                101.445229908,14.922449043,0
                101.445183435,14.922553264,0
                101.445159735,14.922595002,0
                101.445132291,14.9226208800001,0
                101.445106146,14.922635681,0
                101.445074998,14.922648462,0
                101.445023777,14.922660982,0
                101.444936,14.922682449,0
                101.444916227,14.92269442,0
                101.444897187,14.9227091380001,0
                101.444888178,14.9227299830001,0
                101.444883448,14.922751464,0
                101.444883667,14.922770826,0
                101.444888173,14.9227922160001,0
                101.444972132,14.922859083,0
                101.445083089,14.9229235880001,0
                101.445100302,14.922936533,0
                101.44511112,14.9229495610001,0
                101.445113692,14.922961022,0
                101.44511561,14.9229695660001,0
                101.445112967,14.9229875680001,0
                101.445108283,14.923013203,0
                101.445097308,14.9230278590001,0
                101.445063012,14.923073652,0
                101.445055039,14.923084305,0
                101.444946081,14.9231968,0
                101.444889762,14.923247186,0
                101.444851984,14.9233022180001,0
                101.444829701,14.923343948,0
                101.444815214,14.923383512,0
                101.444800098,14.9234306970001,0
                101.444793478,14.923473636,0
                101.444792609,14.923522742,0
                101.444816261,14.923727856,0
                101.444818768,14.92376102,0
                101.444816934,14.92378732,0
                101.444809456,14.9238178200001,0
                101.444792673,14.9238428960001,0
                101.444729823,14.9238816010001,0
                101.444712806,14.9238859290001,0
                101.444687928,14.9238875730001,0
                101.444663004,14.923884388,0
                101.44464376,14.9238804400001,0
                101.44462945,14.9238729890001,0
                101.44460651,14.9238566390001,0
                101.444578393,14.923822365,0
                101.444448268,14.9236349830001,0
                101.444421001,14.9236138370001,0
                101.444390239,14.9235975710001,0
                101.444360998,14.9235902780001,0
                101.444334657,14.923587797,0
                101.444205633,14.9236230560001,0
                101.444143157,14.9236327130001,0
                101.444078548,14.923641705,0
                101.444004599,14.923642495,0
                101.443918483,14.9236364990001,0
                101.44373052,14.92361707,0
                101.443680717,14.92361484,0
                101.443660793,14.923617205,0
                101.443655148,14.923617875,0
                101.443626077,14.9236251020001,0
                101.443599923,14.923639215,0
                101.443547763,14.923699659,0
                101.443498139,14.9237571640001,0
                101.443478035,14.923803009,0
                101.443464916,14.9238377230001,0
                101.443458833,14.923865447,0
                101.443457706,14.9238917330001,0
                101.443461543,14.9239165870001,0
                101.443470299,14.923936548,0
                101.443494968,14.923979849,0
                101.443549784,14.9240477170001,0
                101.443651984,14.9241558800001,0
                101.443667889,14.9241785240001,0
                101.443707182,14.924256933,0
                101.443724094,14.9243065370001,0
                101.443731636,14.9243444900001,0
                101.44373784,14.9243900600001,0
                101.44373901,14.92443085,0
                101.443734459,14.9244689240001,0
                101.443717941,14.9245175080001,0
                101.443660838,14.924623909,0
                101.443643347,14.9246496810001,0
                101.443625,14.924662326,0
                101.443563455,14.924690641,0
                101.443538625,14.9246964390001,0
                101.443507367,14.9246995410001,0
                101.443372296,14.924703058,0
                101.443105693,14.924710055,0
                101.442921846,14.924724166,0
                101.442850016,14.9247397560001,0
                101.442809608,14.924750562,0
                101.442781291,14.9247619290001,0
                101.442749504,14.924780936,0
                101.442724145,14.9248026380001,0
                101.442700242,14.9248271000001,0
                101.442669444,14.9248709940001,0
                101.442650693,14.924910604,0
                101.442633552,14.9249668,0
                101.442563393,14.9253029160001,0
                101.442526453,14.925452717,0
                101.44246638,14.9256963620001,0
                101.442439831,14.9257805460001,0
                101.442346552,14.9260226760001,0
                101.442300734,14.9261415980001,0
                101.442268063,14.9261980480001,0
                101.442248038,14.9262190040001,0
                101.442229445,14.9262259430001,0
                101.442217202,14.9262281470001,0
                101.442195855,14.926226822,0
                101.442178202,14.9262223440001,0
                101.442154588,14.9262091140001,0
                101.442142265,14.9262008470001,0
                101.442080233,14.9261592240001,0
                101.441960572,14.92607894,0
                101.441802696,14.9259374910001,0
                101.441791853,14.925921525,0
                101.441785796,14.9259049950001,0
                101.441782413,14.9258889560001,0
                101.441782232,14.9258728830001,0
                101.441783137,14.925858351,0
                101.441785111,14.925844329,0
                101.441786697,14.925840943,0
                101.44180803,14.9257953330001,0
                101.441925658,14.9255850750001,0
                101.441940129,14.9255439560001,0
                101.441965874,14.925425462,0
                101.441966309,14.9253802860001,0
                101.441958925,14.9253139780001,0
                101.441948913,14.925267069,0
                101.441934315,14.9252340350001,0
                101.441913093,14.9252019900001,0
                101.441880535,14.9251737550001,0
                101.441854808,14.925162046,0
                101.441824389,14.9251559160001,0
                101.441792155,14.9251562600001,0
                101.441758046,14.9251584680001,0
                101.441713588,14.925168162,0
                101.441668227,14.9251815530001,0
                101.441570036,14.9252185610001,0
                101.441409018,14.925318007,0
                101.441328291,14.925390787,0
                101.441258998,14.925468053,0
                101.441255817,14.9254722960001,0
                101.441220704,14.925519164,0
                101.44118548,14.925590534,0
                101.441157759,14.9256553660001,0
                101.441147844,14.9257006510001,0
                101.441144501,14.9257628410001,0
                101.441143932,14.925773523,0
                101.441149052,14.9258075830001,0
                101.441184162,14.925893871,0
                101.441192163,14.9259306710001,0
                101.441193478,14.9259629220001,0
                101.441188908,14.9259839850001,0
                101.441184466,14.9260045090001,0
                101.441171539,14.926035993,0
                101.441148186,14.9260666700001,0
                101.441114337,14.926091921,0
                101.441036196,14.9261416210001,0
                101.440988459,14.926170257,0
                101.440842181,14.926258014,0
                101.440803709,14.9262934660001,0
                101.4407747,14.926327884,0
                101.440748602,14.92636781,0
                101.440726452,14.926421519,0
                101.440711091,14.9264889880001,0
                101.440691299,14.926569026,0
                101.440683888,14.9265989940001,0
                101.440671858,14.926624937,0
                101.440651431,14.9266638760001,0
                101.44054951,14.926781245,0
                101.440409002,14.926943056,0
                101.44038106,14.926987608,0
                101.440361696,14.9270357550001,0
                101.440282465,14.927241279,0
                101.440279977,14.9272443940001,0
                101.440253485,14.9272775480001,0
                101.440227161,14.9272981120001,0
                101.440201681,14.927308522,0
                101.440178969,14.9273124530001,0
                101.440147679,14.9273127870001,0
                101.440118241,14.927308494,0
                101.440096308,14.927297665,0
                101.440081905,14.927282142,0
                101.440068269,14.9272500160001,0
                101.440064654,14.9272296570001,0
                101.440063208,14.927221493,0
                101.44002905,14.927051294,0
                101.440019195,14.927018209,0
                101.439998035,14.9269916960001,0
                101.439950174,14.92695164,0
                101.439915839,14.9269344860001,0
                101.439885417,14.926927435,0
                101.439871815,14.9269265230001,0
                101.439861698,14.926925845,0
                101.439835143,14.926925209,0
                101.439810556,14.926931003,0
                101.439783204,14.9269442020001,0
                101.439613949,14.927070476,0
                101.43956489,14.9270922000001,0
                101.439530106,14.9271062,0
                101.439383663,14.927165127,0
                101.439333046,14.9271975940001,0
                101.439328111,14.9272007550001,0
                101.439287816,14.9272426740001,0
                101.439261738,14.927284437,0
                101.439244177,14.927324272,0
                101.439238783,14.9273510690001,0
                101.4392353,14.927377839,0
                101.439237448,14.9274008690001,0
                101.439239605,14.927423898,0
                101.439246918,14.927441677,0
                101.439259167,14.9274560690001,0
                101.439277049,14.9274648680001,0
                101.439375661,14.9275066920001,0
                101.439401425,14.927520938,0
                101.43941937,14.927535957,0
                101.439434475,14.927551006,0
                101.439447486,14.927569535,0
                101.439450019,14.9275800770001,0
                101.439453455,14.927594367,0
                101.439532122,14.927885331,0
                101.439556278,14.927945928,0
                101.439613466,14.928049458,0
                101.439687849,14.9281433200001,0
                101.439723692,14.928182276,0
                101.439944008,14.9284356150001,0
                101.439960194,14.928455559,0
                101.439978625,14.9284782720001,0
                101.440004394,14.9285210240001,0
                101.440083826,14.9287254650001,0
                101.440102435,14.9288063980001,0
                101.440110298,14.928851837,0
                101.440110696,14.928887103,0
                101.440104028,14.9289265850001,0
                101.440093656,14.928952281,0
                101.440074692,14.92897392,0
                101.440049995,14.9289907790001,0
                101.44002089,14.928995238,0
                101.439987451,14.9289942090001,0
                101.439963959,14.9289916970001,0
                101.439942528,14.9289836250001,0
                101.439919603,14.9289686590001,0
                101.439900117,14.928943282,0
                101.439823192,14.9287889880001,0
                101.439756775,14.928655774,0
                101.439614442,14.9283528500001,0
                101.439578509,14.9283052920001,0
                101.439549203,14.928285939,0
                101.439513643,14.92827156,0
                101.439475582,14.928259676,0
                101.439416084,14.928252936,0
                101.439364296,14.928257177,0
                101.43932654,14.92827233,0
                101.439275556,14.928298962,0
                101.439248025,14.92831654,0
                101.439226268,14.9283423570001,0
                101.439196848,14.928382088,0
                101.439175356,14.9284314060001,0
                101.439153958,14.928488343,0
                101.439109989,14.9286885330001,0
                101.439088844,14.928831356,0
                101.439088447,14.928856372,0
                101.43908811,14.928878078,0
                101.43908969,14.928906329,0
                101.439096291,14.9289308460001,0
                101.439108042,14.928963911,0
                101.439129895,14.928995641,0
                101.439157911,14.929013781,0
                101.43920109,14.9290305320001,0
                101.439349793,14.9291002480001,0
                101.439367604,14.929109888,0
                101.439391799,14.929125614,0
                101.439402123,14.9291439420001,0
                101.439409971,14.929167212,0
                101.43941151,14.9291917840001,0
                101.439410609,14.9292237560001,0
                101.439394698,14.92927064,0
                101.439309986,14.9294940450001,0
                101.439301577,14.9295334670001,0
                101.439286056,14.9296135450001,0
                101.439272537,14.9296481050001,0
                101.439249997,14.929668011,0
                101.439227418,14.929683004,0
                101.439204739,14.929690629,0
                101.439181959,14.92968841,0
                101.439122587,14.929663212,0
                101.439079454,14.9296449070001,0
                101.439055214,14.929639627,0
                101.439033877,14.929639165,0
                101.439012569,14.9296414660001,0
                101.438988509,14.929652097,0
                101.438974432,14.929664696,0
                101.438957562,14.9296828490001,0
                101.43894224,14.9297113650001,0
                101.438910488,14.9297778110001,0
                101.438881795,14.9298378620001,0
                101.438847245,14.929863809,0
                101.438821807,14.9298786090001,0
                101.438803389,14.929885025,0
                101.438783506,14.9298873110001,0
                101.438755756,14.929886223,0
                101.438732239,14.9298816370001,0
                101.438703004,14.929875033,0
                101.438680818,14.9298628220001,0
                101.43866572,14.9298484620001,0
                101.438647595,14.9298175380001,0
                101.438579056,14.9296046000001,0
                101.438574601,14.9295918020001,0
                101.438568029,14.9295729130001,0
                101.438552791,14.929546105,0
                101.438502986,14.9294809530001,0
                101.438480713,14.9294604410001,0
                101.438441275,14.9294318190001,0
                101.438407667,14.929415582,0
                101.438371963,14.9294021370001,0
                101.438327054,14.929393626,0
                101.438292908,14.929391917,0
                101.438258078,14.9293936670001,0
                101.438220452,14.9293996070001,0
                101.438190003,14.929410987,0
                101.438164604,14.9294292380001,0
                101.438142761,14.929447451,0
                101.438115299,14.9294712550001,0
                101.438095006,14.929500514,0
                101.438054675,14.9295818470001,0
                101.438037354,14.9296228270001,0
                101.438014812,14.929704664,0
                101.438003227,14.9297497380001,0
                101.437995213,14.929795454,0
                101.437995603,14.9298300240001,0
                101.438014726,14.929949445,0
                101.438023675,14.9299859970001,0
                101.438042135,14.930028818,0
                101.438079171,14.9301147150001,0
                101.438088027,14.930142974,0
                101.438095522,14.930176773,0
                101.438092302,14.93020654,0
                101.438077206,14.930255108,0
                101.438022282,14.9303980080001,0
                101.438011932,14.930425777,0
                101.438010529,14.9304323920001,0
                101.438005178,14.9304576540001,0
                101.438006184,14.930483924,0
                101.438011421,14.930506684,0
                101.438023725,14.9305259170001,0
                101.438035273,14.9305410040001,0
                101.438056767,14.930554608,0
                101.438090213,14.9305570130001,0
                101.438269341,14.930548882,0
                101.438394541,14.9305523830001,0
                101.438749415,14.930615672,0
                101.438800052,14.9306282690001,0
                101.438835733,14.9306396480001,0
                101.438872206,14.930657238,0
                101.438911644,14.9306858530001,0
                101.438948492,14.9307373190001,0
                101.43901749,14.930864507,0
                101.439051389,14.930906325,0
                101.43907296,14.930927533,0
                101.439098743,14.9309438540001,0
                101.439135916,14.930960747,0
                101.439180094,14.9309685700001,0
                101.439284727,14.930976442,0
                101.439338056,14.930975873,0
                101.439416885,14.9309660430001,0
                101.439518343,14.930944906,0
                101.439575127,14.9309353100001,0
                101.439621957,14.9309258210001,0
                101.439666657,14.9309220980001,0
                101.439669559,14.9309218610001,0
                101.439698731,14.930922928,0
                101.43982781,14.930959565,0
                101.439985323,14.931004264,0
                101.439996955,14.931007562,0
                101.440024146,14.931022483,0
                101.440050729,14.9310464060001,0
                101.440076044,14.9310841610001,0
                101.440084049,14.931105116,0
                101.440096568,14.931137881,0
                101.440120166,14.9312752330001,0
                101.440121056,14.931354051,0
                101.440111894,14.9314246760001,0
                101.440092885,14.9315044030001,0
                101.440078552,14.9315577990001,0
                101.440073168,14.9315848260001,0
                101.440066424,14.9316173990001,0
                101.440066658,14.931638138,0
                101.440071274,14.931669206,0
                101.440085087,14.9316953320001,0
                101.440179856,14.93177523,0
                101.440242665,14.9318420160001,0
                101.440271281,14.9318724390001,0
                101.440294464,14.9319109140001,0
                101.44031638,14.9319618490001,0
                101.440326234,14.932015683,0
                101.440334306,14.932101334,0
                101.440339321,14.9321669720001,0
                101.440336739,14.932190511,0
                101.440327081,14.932216894,0
                101.440303972,14.9322489460001,0
                101.440273669,14.93227347,0
                101.440236715,14.932297782,0
                101.440234139,14.9322994770001,0
                101.440043964,14.9324255490001,0
                101.439951075,14.932487125,0
                101.439814671,14.9325900740001,0
                101.439789303,14.9326103980001,0
                101.439772457,14.932630632,0
                101.439754248,14.932655025,0
                101.439657209,14.9328794100001,0
                101.439635686,14.932925277,0
                101.439618909,14.932951041,0
                101.439576818,14.9330026600001,0
                101.439547288,14.933032708,0
                101.439502154,14.933066379,0
                101.439387164,14.933148508,0
                101.43922761,14.9332525510001,0
                101.439125249,14.933319335,0
                101.439092721,14.9333362780001,0
                101.439052302,14.9333463940001,0
                101.439017503,14.933350912,0
                101.43896769,14.9333479860001,0
                101.43893562,14.9333421010001,0
                101.438924228,14.933338242,0
                101.438832821,14.933307245,0
                101.438790036,14.933297328,0
                101.438760114,14.9332928040001,0
                101.438730233,14.933291744,0
                101.438708202,14.9332933580001,0
                101.438681245,14.9332991840001,0
                101.438642275,14.93331204,0
                101.43861114,14.9333262060001,0
                101.438582239,14.9333486400001,0
                101.438558326,14.933372407,0
                101.43843407,14.9335154840001,0
                101.438392516,14.933551886,0
                101.438349491,14.933583463,0
                101.438226074,14.933673003,0
                101.438225921,14.9336731110001,0
                101.43818795,14.933700661,0
                101.438160504,14.933725844,0
                101.438137378,14.9337558300001,0
                101.43811229,14.933801735,0
                101.438099155,14.933835066,0
                101.4380903,14.933869735,0
                101.438089204,14.933898782,0
                101.438094731,14.933947819,0
                101.438103587,14.933976079,0
                101.438124024,14.934022188,0
                101.438144911,14.934045478,0
                101.438181533,14.9340768910001,0
                101.438238078,14.934108789,0
                101.438282351,14.9341249130001,0
                101.438366472,14.9341426830001,0
                101.438605183,14.934184397,0
                101.438640584,14.934194394,0
                101.438681128,14.9342146770001,0
                101.438714038,14.93423325,0
                101.438748996,14.9342609940001,0
                101.438781369,14.9342938390001,0
                101.438805899,14.9343246930001,0
                101.438822339,14.934349582,0
                101.438843463,14.934387214,0
                101.438846963,14.9343934500001,0
                101.438852605,14.93441248,0
                101.438858885,14.934436039,0
                101.438869198,14.9345071440001,0
                101.438867132,14.9345477320001,0
                101.438850306,14.9346253620001,0
                101.438831954,14.9346796400001,0
                101.438776352,14.934794563,0
                101.438633823,14.9350006490001,0
                101.43860666,14.9350531050001,0
                101.438602082,14.935067905,0
                101.438597632,14.935090266,0
                101.438594367,14.935137022,0
                101.438599853,14.935175067,0
                101.438612104,14.9352523810001,0
                101.438729354,14.9357546580001,0
                101.438734331,14.93577599,0
                101.438770078,14.9359428560001,0
                101.438844334,14.93614968,0
                101.438899923,14.936295505,0
                101.438965529,14.9364355120001,0
                101.438984077,14.9364823350001,0
                101.438987292,14.9365154920001,0
                101.438985688,14.936541323,0
                101.438970769,14.9365636090001,0
                101.438952885,14.936575782,0
                101.438924505,14.936581624,0
                101.438915396,14.936581721,0
                101.438898909,14.9365818970001,0
                101.438877017,14.936574755,0
                101.438853161,14.9365611760001,0
                101.438845272,14.9365526510001,0
                101.438836821,14.936543522,0
                101.438832043,14.93653835,0
                101.43881166,14.9364970840001,0
                101.438676355,14.9362707970001,0
                101.438653267,14.93624154,0
                101.438630329,14.9362261160001,0
                101.438615127,14.9362235090001,0
                101.438594249,14.936221888,0
                101.438572447,14.93622212,0
                101.438546948,14.936231612,0
                101.43841251,14.936334468,0
                101.438354122,14.9363701250001,0
                101.438316344,14.936383436,0
                101.438220873,14.9364102690001,0
                101.438191517,14.9364133450001,0
                101.438159273,14.9364136890001,0
                101.438138354,14.9364083790001,0
                101.4381031,14.9363930860001,0
                101.438079237,14.9363795080001,0
                101.437644554,14.9359250100001,0
                101.437493805,14.935758816,0
                101.43730513,14.935509134,0
                101.43726587,14.9354755520001,0
                101.437248304,14.935467685,0
                101.437225131,14.935457318,0
                101.437195155,14.9354479520001,0
                101.437165988,14.935446886,0
                101.437137567,14.935449261,0
                101.437111382,14.9354606050001,0
                101.437093827,14.9354808460001,0
                101.437076381,14.935510074,0
                101.437061837,14.935544797,0
                101.43705253,14.935602294,0
                101.437049724,14.9356694000001,0
                101.437051259,14.9357419840001,0
                101.437058038,14.9357757970001,0
                101.437066917,14.9358061240001,0
                101.437087253,14.9358439390001,0
                101.43711393,14.9358761560001,0
                101.43730182,14.9360030930001,0
                101.437349713,14.9360354450001,0
                101.437372725,14.936058023,0
                101.437392266,14.9360882340001,0
                101.437401146,14.9361185670001,0
                101.437400688,14.9361413890001,0
                101.437393896,14.936169815,0
                101.437375095,14.936205279,0
                101.437358348,14.936233804,0
                101.437259909,14.9363330470001,0
                101.437232524,14.9363554400001,0
                101.437216215,14.936368777,0
                101.437128598,14.9364195040001,0
                101.437101704,14.9364308470001,0
                101.437062701,14.936440949,0
                101.436948998,14.936448381,0
                101.436916361,14.9364556470001,0
                101.436892276,14.9364642040001,0
                101.436865451,14.9364817750001,0
                101.43684154,14.936505541,0
                101.436819096,14.9365334390001,0
                101.436803781,14.936562645,0
                101.436783971,14.936634769,0
                101.436753725,14.936727752,0
                101.436732801,14.9367639280001,0
                101.436699696,14.9367926350001,0
                101.436683579,14.9368045410001,0
                101.436675011,14.93681087,0
                101.436646701,14.936822932,0
                101.436617636,14.9368308460001,0
                101.436522466,14.9368473170001,0
                101.43640469,14.936867692,0
                101.436268233,14.936875367,0
                101.436202825,14.9368774500001,0
                101.436156585,14.9368765580001,0
                101.436115285,14.936872163,0
                101.436078974,14.936868396,0
                101.435995164,14.9368430060001,0
                101.435729492,14.936716758,0
                101.435593941,14.9366648820001,0
                101.435504539,14.936640945,0
                101.435417188,14.9366308140001,0
                101.43538306,14.936632095,0
                101.435318786,14.936650301,0
                101.435296166,14.936662524,0
                101.435262356,14.936691468,0
                101.435241882,14.9367258020001,0
                101.435231811,14.936757255,0
                101.435232216,14.9367932110001,0
                101.435237326,14.936826339,0
                101.435252829,14.936855683,0
                101.435275936,14.936886784,0
                101.435323696,14.93691762,0
                101.435375171,14.936941043,0
                101.435481921,14.9369896900001,0
                101.435528562,14.937005788,0
                101.43579084,14.9370555460001,0
                101.435957228,14.9370943380001,0
                101.436036209,14.9371193100001,0
                101.436075313,14.9371391760001,0
                101.436104999,14.9371646750001,0
                101.436124283,14.937193053,0
                101.436135011,14.9372196790001,0
                101.436138205,14.9372509830001,0
                101.436137832,14.9373016980001,0
                101.436107036,14.9375140820001,0
                101.436096148,14.937557532,0
                101.436072027,14.9376048130001,0
                101.436032779,14.9376559350001,0
                101.436000159,14.9377060690001,0
                101.435964464,14.937735951,0
                101.435674011,14.937963091,0
                101.435529001,14.938053145,0
                101.435423688,14.938132636,0
                101.435369279,14.938184845,0
                101.435318674,14.938237939,0
                101.435199232,14.9384097760001,0
                101.43517885,14.938452403,0
                101.435163228,14.938496823,0
                101.43515328,14.9385393380001,0
                101.435149001,14.9385799500001,0
                101.435150423,14.938622351,0
                101.435156518,14.9386582380001,0
                101.435192135,14.9387897020001,0
                101.435213515,14.938835571,0
                101.435234726,14.938866698,0
                101.435377506,14.9389988620001,0
                101.435527527,14.939105215,0
                101.43561704,14.9391436780001,0
                101.435669982,14.939156074,0
                101.435708439,14.9391603390001,0
                101.435748409,14.939157833,0
                101.435777114,14.939149232,0
                101.435806278,14.939133359,0
                101.435830624,14.9391165050001,0
                101.435846909,14.9390945490001,0
                101.435852074,14.939079459,0
                101.435854032,14.939063877,0
                101.435854738,14.939032233,0
                101.435849065,14.939001696,0
                101.435831766,14.93893446,0
                101.435797057,14.9388362930001,0
                101.435792581,14.938817672,0
                101.435791302,14.9387990180001,0
                101.43579273,14.9387839680001,0
                101.435801649,14.9387703830001,0
                101.435818075,14.9387608750001,0
                101.435849506,14.9387574260001,0
                101.435926871,14.9387591940001,0
                101.43594823,14.93876156,0
                101.435960545,14.9387655840001,0
                101.435976123,14.9387752640001,0
                101.436084778,14.938856048,0
                101.436100876,14.93886417,0
                101.436115327,14.9388686830001,0
                101.436135072,14.938869513,0
                101.436154782,14.93886723,0
                101.436174975,14.938860273,0
                101.436196183,14.938849152,0
                101.436215154,14.938828729,0
                101.436218067,14.9388224160001,0
                101.43622765,14.9388016250001,0
                101.436262604,14.9386850880001,0
                101.43627459,14.938660063,0
                101.436295035,14.9386287290001,0
                101.436362122,14.9385704470001,0
                101.436399699,14.938544118,0
                101.436437306,14.9385203800001,0
                101.436461193,14.938510272,0
                101.436488303,14.9385027210001,0
                101.436509607,14.938499381,0
                101.436533066,14.938498097,0
                101.436554943,14.938498898,0
                101.436570439,14.9385018450001,0
                101.436589757,14.9385114940001,0
                101.436607548,14.9385289320001,0
                101.436615772,14.938548554,0
                101.436625676,14.938575417,0
                101.436631268,14.938598174,0
                101.43663371,14.938625637,0
                101.436634491,14.938647411,0
                101.43662999,14.9386739020001,0
                101.436583747,14.938830497,0
                101.436577631,14.938855458,0
                101.436575844,14.938886075,0
                101.436575137,14.938918239,0
                101.436585124,14.9390467470001,0
                101.436585429,14.939073712,0
                101.436580533,14.9391126630001,0
                101.43657018,14.9391407750001,0
                101.436520604,14.939237813,0
                101.436455887,14.939364477,0
                101.436444438,14.939388969,0
                101.436435705,14.939419145,0
                101.436427596,14.9394565690001,0
                101.436424334,14.939498615,0
                101.436426017,14.939553049,0
                101.436444561,14.9397312580001,0
                101.436448976,14.93980486,0
                101.436454299,14.9398366630001,0
                101.436456159,14.939842378,0
                101.436461499,14.9398587920001,0
                101.436474714,14.93988569,0
                101.436491372,14.9399096510001,0
                101.436512915,14.9399272790001,0
                101.436559415,14.9399552680001,0
                101.436625387,14.9399941510001,0
                101.436647419,14.940010327,0
                101.436674566,14.94003997,0
                101.436685706,14.9400596400001,0
                101.4366945,14.940090443,0
                101.436696787,14.9401169670001,0
                101.436698098,14.940145439,0
                101.436693944,14.9401730010001,0
                101.436673621,14.940220524,0
                101.436656555,14.9402482300001,0
                101.436628066,14.940275082,0
                101.436604385,14.9402888500001,0
                101.436577711,14.940301203,0
                101.436545078,14.940313136,0
                101.436375752,14.940355975,0
                101.436295119,14.94038242,0
                101.436228879,14.9404082340001,0
                101.436196808,14.9404264340001,0
                101.436174425,14.9404460010001,0
                101.436168289,14.940451361,0
                101.436148232,14.9404776440001,0
                101.436138526,14.940498022,0
                101.436133383,14.9405255940001,0
                101.436131602,14.9405444400001,0
                101.436135479,14.940580122,0
                101.436150362,14.940622927,0
                101.436163502,14.940643062,0
                101.436184597,14.940664564,0
                101.436292027,14.9407686530001,0
                101.436308092,14.9407844150001,0
                101.436318709,14.940801198,0
                101.436358424,14.9408886360001,0
                101.436369911,14.940923997,0
                101.4363764,14.9409513910001,0
                101.43637841,14.9409728250001,0
                101.436381407,14.9410036890001,0
                101.436379987,14.9410346010001,0
                101.436372367,14.941063002,0
                101.436344146,14.941143976,0
                101.436331315,14.94118016,0
                101.436325475,14.941210256,0
                101.436323175,14.9412411760001,0
                101.436323485,14.9412686370001,0
                101.436330002,14.941298607,0
                101.436404546,14.9414900530001,0
                101.43642734,14.941543132,0
                101.436435363,14.941561812,0
                101.436440962,14.941588359,0
                101.43644303,14.941614945,0
                101.436441504,14.941636417,0
                101.436431263,14.9416674230001,0
                101.436412176,14.9416968040001,0
                101.436384185,14.9417194220001,0
                101.436352595,14.9417360630001,0
                101.436324487,14.941748379,0
                101.436295391,14.9417512650001,0
                101.436270676,14.9417515280001,0
                101.436247682,14.9417474790001,0
                101.436213966,14.94173239,0
                101.436190837,14.9417163320001,0
                101.436122956,14.941645823,0
                101.436038995,14.9415583200001,0
                101.436015164,14.941537162,0
                101.435985496,14.9415108330001,0
                101.435942805,14.941482105,0
                101.435900277,14.9414679670001,0
                101.435872807,14.94145882,0
                101.435836539,14.941452342,0
                101.435801274,14.94145615,0
                101.435769557,14.9414607840001,0
                101.435699224,14.941486421,0
                101.435592348,14.9415401690001,0
                101.435570206,14.94155131,0
                101.435502453,14.9415709040001,0
                101.434979594,14.9417009270001,0
                101.434560945,14.941809662,0
                101.434535175,14.941820233,0
                101.434505972,14.941839998,0
                101.434439483,14.941918704,0
                101.434417453,14.9419614120001,0
                101.434414987,14.9419705070001,0
                101.434405378,14.9420059600001,0
                101.434401789,14.942040107,0
                101.434402035,14.942061992,0
                101.43440558,14.942082554,0
                101.434413088,14.942103074,0
                101.434431231,14.942126692,0
                101.434506675,14.942182529,0
                101.434541941,14.9421988890001,0
                101.434577127,14.942207529,0
                101.434612904,14.9422097250001,0
                101.434651947,14.942208657,0
                101.434711788,14.942189871,0
                101.434749583,14.942178008,0
                101.434788591,14.942173091,0
                101.434813742,14.942172823,0
                101.434840909,14.9421744590001,0
                101.434865493,14.942182568,0
                101.434892172,14.9422003080001,0
                101.434914286,14.942223884,0
                101.434914554,14.942224244,0
                101.435012442,14.942356719,0
                101.43503792,14.9423854180001,0
                101.435064001,14.9424083100001,0
                101.435172157,14.9424889040001,0
                101.435195555,14.9425092540001,0
                101.435217699,14.942535406,0
                101.435246597,14.942573715,0
                101.435256922,14.9426083650001,0
                101.435268841,14.9426674530001,0
                101.435268463,14.9426925650001,0
                101.435263425,14.942715788,0
                101.435257683,14.9427345170001,0
                101.435242618,14.9427488380001,0
                101.435133985,14.942802779,0
                101.435106388,14.942821098,0
                101.435090682,14.94283735,0
                101.435080245,14.942850977,0
                101.435075173,14.942870987,0
                101.435074794,14.9428960980001,0
                101.435082398,14.9429243380001,0
                101.435099332,14.9429582660001,0
                101.435130726,14.9429830390001,0
                101.435161299,14.942993653,0
                101.435215066,14.9430066040001,0
                101.435256838,14.9430119460001,0
                101.435296529,14.9430095920001,0
                101.435361308,14.9430005350001,0
                101.435400912,14.94298981,0
                101.43553327,14.942926614,0
                101.43564119,14.9428688150001,0
                101.435674784,14.942853653,0
                101.435703195,14.942848843,0
                101.435728044,14.942847527,0
                101.435733631,14.942847231,0
                101.435768744,14.9428494310001,0
                101.435799316,14.942860045,0
                101.435844742,14.9428962530001,0
                101.43585953,14.9429160510001,0
                101.43587172,14.9429403770001,0
                101.435873225,14.942956453,0
                101.435870809,14.9429770780001,0
                101.435858618,14.943011325,0
                101.435772701,14.9431493160001,0
                101.435759785,14.9431700710001,0
                101.435739668,14.943206334,0
                101.435728125,14.9432399300001,0
                101.435725383,14.9432559630001,0
                101.435710117,14.9433450380001,0
                101.435702206,14.943406915,0
                101.435691332,14.9434405010001,0
                101.435680998,14.9434631440001,0
                101.435667934,14.9434793680001,0
                101.43564832,14.943500821,0
                101.435633881,14.943512567,0
                101.435614763,14.9435192030001,0
                101.435595622,14.943524558,0
                101.435572407,14.94352575,0
                101.435563864,14.9435261850001,0
                101.435534725,14.943525208,0
                101.435502863,14.9435178210001,0
                101.435474314,14.9435104040001,0
                101.435370363,14.9434510090001,0
                101.435349768,14.9434441440001,0
                101.435301969,14.943433063,0
                101.435240285,14.94342278,0
                101.435185274,14.943417578,0
                101.435132977,14.943417491,0
                101.435089334,14.9434218210001,0
                101.435047044,14.943428704,0
                101.434942064,14.9434542870001,0
                101.434901871,14.9434714510001,0
                101.434859813,14.9434989330001,0
                101.434812573,14.9435367630001,0
                101.43479226,14.9435556490001,0
                101.434779889,14.943573805,0
                101.434766366,14.943607421,0
                101.434679468,14.943957299,0
                101.434664186,14.9439940770001,0
                101.434649454,14.94401793,0
                101.434618899,14.9440482960001,0
                101.43459875,14.944062247,0
                101.434574208,14.944077093,0
                101.434550433,14.944082499,0
                101.434241491,14.9441613120001,0
                101.434103325,14.944198832,0
                101.434036431,14.944215849,0
                101.433964182,14.944227778,0
                101.433885712,14.94423548,0
                101.433815117,14.944237951,0
                101.433619118,14.944234889,0
                101.433571515,14.944240547,0
                101.433535428,14.944249509,0
                101.433509087,14.944261806,0
                101.433489012,14.944281763,0
                101.433479509,14.9443007360001,0
                101.433472759,14.9443282730001,0
                101.433473049,14.944354021,0
                101.433481354,14.944385685,0
                101.433498597,14.944427557,0
                101.433525537,14.944468463,0
                101.433548771,14.9444931030001,0
                101.433575468,14.9445125550001,0
                101.433645514,14.9445401350001,0
                101.433717177,14.9445548200001,0
                101.43377643,14.944564486,0
                101.433866409,14.9445788680001,0
                101.433905577,14.944588104,0
                101.433926802,14.9445984550001,0
                101.43392754,14.9445988090001,0
                101.433944904,14.944612148,0
                101.433956373,14.944630686,0
                101.433958657,14.944657701,0
                101.433956284,14.9446821830001,0
                101.433925143,14.944757381,0
                101.433918263,14.9447739880001,0
                101.433907935,14.9447972740001,0
                101.433908756,14.9448120700001,0
                101.433910933,14.944828783,0
                101.433919097,14.944847999,0
                101.43393983,14.9448670900001,0
                101.433971167,14.9448860680001,0
                101.43403731,14.944932035,0
                101.434103299,14.944977904,0
                101.434130696,14.945002157,0
                101.434150839,14.9450270510001,0
                101.434164965,14.9450462030001,0
                101.434172417,14.945061572,0
                101.434177234,14.9450776210001,0
                101.434179408,14.945094327,0
                101.434174481,14.945127207,0
                101.434161583,14.9451575960001,0
                101.434147239,14.94517706,0
                101.434128222,14.9451933560001,0
                101.434103223,14.9452071380001,0
                101.43407158,14.9452197050001,0
                101.433825709,14.945236166,0
                101.433754375,14.9452506540001,0
                101.433706888,14.945266609,0
                101.43367005,14.9452876010001,0
                101.433646492,14.945311884,0
                101.433628295,14.945342118,0
                101.433614498,14.9453714420001,0
                101.433604345,14.945410166,0
                101.4335942,14.945449754,0
                101.433573578,14.945656807,0
                101.433563435,14.945696395,0
                101.433549654,14.9457265820001,0
                101.433535712,14.9457430350001,0
                101.433512959,14.945760444,0
                101.433490071,14.945765834,0
                101.433475075,14.945766856,0
                101.43345035,14.9457662570001,0
                101.433420296,14.9457622890001,0
                101.433395464,14.945752256,0
                101.433362935,14.945735348,0
                101.433322653,14.9457144090001,0
                101.433304049,14.9457085990001,0
                101.433284603,14.94570623,0
                101.433268733,14.945707256,0
                101.433249368,14.9457126140001,0
                101.433216877,14.9457339910001,0
                101.433200303,14.9457448960001,0
                101.433180192,14.945762271,0
                101.433109951,14.9458737310001,0
                101.433079705,14.9459315510001,0
                101.433045601,14.9460383370001,0
                101.432996132,14.946191625,0
                101.43298624,14.9462535230001,0
                101.432981715,14.946322235,0
                101.432984857,14.94636597,0
                101.433000892,14.9464576240001,0
                101.433039969,14.9465812510001,0
                101.433051008,14.946616185,0
                101.433071916,14.9466500770001,0
                101.433093318,14.946669162,0
                101.433110668,14.9466818490001,0
                101.433123979,14.946687496,0
                101.433145179,14.9466892090001,0
                101.433169661,14.9466876600001,0
                101.433188146,14.946682955,0
                101.433247119,14.9466288990001,0
                101.433359549,14.946500897,0
                101.43338513,14.946480031,0
                101.433403572,14.9464714640001,0
                101.433425384,14.946468011,0
                101.433452559,14.9464709420001,0
                101.433484456,14.9464815490001,0
                101.433506492,14.9464980500001,0
                101.433524627,14.946521669,0
                101.43354326,14.9465582350001,0
                101.433569317,14.946609381,0
                101.433577575,14.946637605,0
                101.433585224,14.9466697080001,0
                101.433587006,14.9467102450001,0
                101.433587438,14.946807436,0
                101.43358513,14.946837713,0
                101.433575741,14.9468854450001,0
                101.433556359,14.9469281250001,0
                101.433538193,14.9469611530001,0
                101.433520493,14.9469767900001,0
                101.433504081,14.946989193,0
                101.433477052,14.9469991350001,0
                101.433442737,14.9470091590001,0
                101.433201633,14.9470574210001,0
                101.432950045,14.947119193,0
                101.432945595,14.947121253,0
                101.432851687,14.9471647250001,0
                101.432711025,14.9472813470001,0
                101.432704451,14.947286806,0
                101.432640925,14.947339474,0
                101.432614838,14.9473749370001,0
                101.432596756,14.9474154660001,0
                101.432589212,14.947450738,0
                101.432587928,14.9474936560001,0
                101.432590054,14.947525392,0
                101.432600207,14.947564765,0
                101.432614587,14.94758778,0
                101.432642204,14.9476098060001,0
                101.432706972,14.9476391490001,0
                101.432761894,14.9476557310001,0
                101.432799035,14.9476622,0
                101.432825512,14.9476619170001,0
                101.432853719,14.947658185,0
                101.432881025,14.947652743,0
                101.433227824,14.947485982,0
                101.433298182,14.9474629210001,0
                101.433351915,14.9474529080001,0
                101.433400438,14.9474506780001,0
                101.43343752,14.9474511390001,0
                101.433447538,14.9474534600001,0
                101.433458757,14.9474560640001,0
                101.433504822,14.947470159,0
                101.433534121,14.9474852930001,0
                101.433546614,14.9474971760001,0
                101.433555684,14.9475185360001,0
                101.433561292,14.9475459400001,0
                101.433563372,14.9475742380001,0
                101.433555867,14.947612942,0
                101.433535156,14.947655212,0
                101.433444426,14.947828682,0
                101.433419472,14.9478864450001,0
                101.43340601,14.947944949,0
                101.4334002,14.9479776260001,0
                101.433397927,14.9480111230001,0
                101.433399109,14.948037718,0
                101.433407423,14.948070237,0
                101.433425495,14.9481069490001,0
                101.433451342,14.948128986,0
                101.433480643,14.948144121,0
                101.433508103,14.9481524130001,0
                101.433556772,14.9481630540001,0
                101.433738871,14.9481860010001,0
                101.433768075,14.9481925540001,0
                101.433786695,14.948199758,0
                101.433801783,14.9482067870001,0
                101.433817995,14.9482161600001,0
                101.433835568,14.9482287390001,0
                101.433844071,14.94823905,0
                101.433852654,14.9482560210001,0
                101.433864588,14.948297086,0
                101.433867701,14.948338246,0
                101.433866562,14.9483940480001,0
                101.433829034,14.948490244,0
                101.433642859,14.948786704,0
                101.433591879,14.9488589630001,0
                101.433540638,14.948906806,0
                101.433501717,14.9489346840001,0
                101.43347703,14.9489456750001,0
                101.433448615,14.94895661,0
                101.433430442,14.9489633320001,0
                101.433392279,14.9489709380001,0
                101.433088189,14.94900317,0
                101.433022359,14.9490099770001,0
                101.432997373,14.9490144060001,0
                101.432978528,14.9490195930001,0
                101.432963086,14.9490263550001,0
                101.432948903,14.9490366960001,0
                101.432936842,14.9490478710001,0
                101.432928764,14.949059796,0
                101.43292385,14.9490698970001,0
                101.432920671,14.949081516,0
                101.432917943,14.9490971340001,0
                101.432916495,14.9492247050001,0
                101.432912602,14.949296455,0
                101.432897387,14.949339336,0
                101.432874264,14.949376203,0
                101.432849606,14.949416139,0
                101.432806193,14.9494386850001,0
                101.43262811,14.949465435,0
                101.432596379,14.949470352,0
                101.432564811,14.949488995,0
                101.432541532,14.9495121300001,0
                101.4325063,14.949623499,0
                101.432479634,14.949659259,0
                101.432315184,14.949792605,0
                101.432283576,14.949807817,0
                101.432256586,14.9498149680001,0
                101.432234256,14.9498174990001,0
                101.43220776,14.949816776,0
                101.432178528,14.949807648,0
                101.432121966,14.9497696880001,0
                101.432029991,14.9497079650001,0
                101.431896501,14.9496124030001,0
                101.431821946,14.9495762940001,0
                101.43177589,14.949563056,0
                101.431678717,14.9495563630001,0
                101.431617791,14.9495553,0
                101.4315428,14.9495586740001,0
                101.431397417,14.949582535,0
                101.431154696,14.9496640720001,0
                101.430964985,14.949749341,0
                101.43092122,14.949782423,0
                101.430873336,14.949841292,0
                101.430831686,14.9499052410001,0
                101.430794708,14.9499923220001,0
                101.430768262,14.9500741310001,0
                101.430767003,14.9501187700001,0
                101.430773714,14.950165907,0
                101.430792698,14.9502060400001,0
                101.430858779,14.95027313,0
                101.43090858,14.950306072,0
                101.430938806,14.9503246310001,0
                101.430967167,14.950334631,0
                101.430995441,14.9503369060001,0
                101.431021058,14.950338346,0
                101.431058043,14.9503302320001,0
                101.431088806,14.9503187440001,0
                101.431306837,14.950161086,0
                101.43135425,14.950139125,0
                101.431399174,14.950130062,0
                101.431444168,14.9501278710001,0
                101.431470693,14.950131877,0
                101.431511441,14.950144315,0
                101.431565746,14.950184936,0
                101.431588613,14.950208929,0
                101.431591651,14.950212117,0
                101.431726883,14.950384045,0
                101.43174485,14.950412166,0
                101.43176298,14.9504540290001,0
                101.431774915,14.9504951010001,0
                101.431799716,14.950658751,0
                101.431847341,14.9508118680001,0
                101.431869978,14.9508622660001,0
                101.431890757,14.9509040940001,0
                101.431936266,14.950948241,0
                101.431991873,14.9510149560001,0
                101.432028438,14.9510588270001,0
                101.432049091,14.951089503,0
                101.432056421,14.9511134570001,0
                101.432058568,14.9511469060001,0
                101.432058896,14.95117608,0
                101.432048647,14.951207084,0
                101.432026155,14.95124766,0
                101.431989382,14.95127466,0
                101.431959636,14.9512981450001,0
                101.431900856,14.9513305250001,0
                101.431848975,14.9513482450001,0
                101.431793481,14.9513591320001,0
                101.431744947,14.9513605120001,0
                101.431538428,14.9513644250001,0
                101.431375821,14.9513481340001,0
                101.431318373,14.95134188,0
                101.431063611,14.951372915,0
                101.430813471,14.9514227770001,0
                101.430691131,14.951454977,0
                101.430627918,14.95148569,0
                101.430592884,14.9515100950001,0
                101.43056579,14.951534415,0
                101.430550095,14.951551743,0
                101.430538008,14.951575904,0
                101.430523424,14.9516129620001,0
                101.430519178,14.951639519,0
                101.430516346,14.9516572380001,0
                101.430513531,14.9516748610001,0
                101.430508478,14.9517359560001,0
                101.430503038,14.9517823580001,0
                101.430504797,14.9518209570001,0
                101.430509068,14.9518472990001,0
                101.430520711,14.9518819350001,0
                101.430534946,14.951910755,0
                101.430656617,14.952074237,0
                101.430687409,14.95210416,0
                101.430710741,14.9521180730001,0
                101.430744633,14.9521299410001,0
                101.430777762,14.952132164,0
                101.430815499,14.952131762,0
                101.430849166,14.9521230390001,0
                101.430874871,14.952113105,0
                101.430893226,14.952096817,0
                101.431014338,14.951915947,0
                101.431057548,14.951873006,0
                101.431106901,14.9518460840001,0
                101.431144469,14.951831532,0
                101.431172235,14.9518273730001,0
                101.431198042,14.9518264540001,0
                101.431227903,14.951832568,0
                101.431257202,14.951847704,0
                101.431284049,14.951880246,0
                101.431298276,14.951908415,0
                101.431306674,14.951948874,0
                101.431332621,14.952077334,0
                101.431352378,14.952127331,0
                101.431371256,14.952157383,0
                101.43139199,14.9521758290001,0
                101.431415956,14.9521871590001,0
                101.431448466,14.952193896,0
                101.431481566,14.9521935440001,0
                101.431525837,14.9521859880001,0
                101.431546208,14.9521722550001,0
                101.431573123,14.952151369,0
                101.43170285,14.951972337,0
                101.431741445,14.951930727,0
                101.431788673,14.9518916060001,0
                101.43181954,14.9518693910001,0
                101.431859037,14.9518496580001,0
                101.431892669,14.9518377150001,0
                101.431903575,14.9518367690001,0
                101.432129454,14.9518171760001,0
                101.432222575,14.951796872,0
                101.432438221,14.951721197,0
                101.432475826,14.95170985,0
                101.432504929,14.951706971,0
                101.432550583,14.951704545,0
                101.432583741,14.9517093430001,0
                101.43262096,14.9517224630001,0
                101.432653716,14.9517504340001,0
                101.432681312,14.951790696,0
                101.43270369,14.951837445,0
                101.43271414,14.951883679,0
                101.432720047,14.951937679,0
                101.432717121,14.951971827,0
                101.432702928,14.952004806,0
                101.432682039,14.952030774,0
                101.432651159,14.9520517020001,0
                101.432596551,14.952082536,0
                101.432368642,14.9521860180001,0
                101.43230945,14.9522207640001,0
                101.432283969,14.9522506440001,0
                101.432261253,14.952291442,0
                101.432246464,14.9523302150001,0
                101.432242942,14.95235268,0
                101.432240909,14.952365679,0
                101.432237668,14.9524307250001,0
                101.432238737,14.952466762,0
                101.432239703,14.9524937840001,0
                101.432245387,14.9525284760001,0
                101.432261586,14.952555986,0
                101.432313264,14.9526178730001,0
                101.432335352,14.9526388740001,0
                101.432369331,14.952657823,0
                101.432446093,14.9527020620001,0
                101.432455966,14.952707752,0
                101.432575138,14.952766986,0
                101.432610508,14.952791711,0
                101.432633935,14.952814629,0
                101.432644757,14.952835113,0
                101.432648999,14.952858888,0
                101.432649319,14.952887205,0
                101.432630555,14.952925378,0
                101.432537598,14.9530197,0
                101.432493602,14.953051708,0
                101.432452809,14.953074031,0
                101.432421128,14.9530827410001,0
                101.432394665,14.953084947,0
                101.432356276,14.953085356,0
                101.432288054,14.95306206,0
                101.432224678,14.953040415,0
                101.432198804,14.953035539,0
                101.432172322,14.9530358210001,0
                101.432148521,14.9530386500001,0
                101.432124105,14.953045349,0
                101.43209652,14.9530656000001,0
                101.432079774,14.953086935,0
                101.431980338,14.9532135900001,0
                101.431934697,14.953275225,0
                101.431904543,14.9533019420001,0
                101.431880212,14.953317005,0
                101.431857142,14.95332626,0
                101.431824086,14.953330475,0
                101.431786356,14.95333401,0
                101.431715623,14.953340639,0
                101.431686539,14.9533448130001,0
                101.431648257,14.953354873,0
                101.431612049,14.9533732830001,0
                101.43158381,14.9533941830001,0
                101.431562877,14.953416288,0
                101.431549172,14.9534338130001,0
                101.431545432,14.9534544520001,0
                101.431541828,14.953487319,0
                101.431539919,14.9535529890001,0
                101.431542573,14.9536115400001,0
                101.431550818,14.9536384830001,0
                101.431556981,14.9536564420001,0
                101.43157048,14.953679467,0
                101.431587917,14.9536992380001,0
                101.431613317,14.9537208470001,0
                101.43164063,14.9537360040001,0
                101.431850072,14.9538148770001,0
                101.431868048,14.953823701,0
                101.431885383,14.953834456,0
                101.431896772,14.9538465640001,0
                101.431900898,14.953860036,0
                101.431905977,14.9538992490001,0
                101.431913134,14.954006022,0
                101.431910813,14.95403501,0
                101.431883506,14.954196865,0
                101.43187729,14.954232328,0
                101.43187838,14.9542702970001,0
                101.431887455,14.954312036,0
                101.431917988,14.9544365830001,0
                101.431919748,14.9544751880001,0
                101.431918902,14.9545176780001,0
                101.431915896,14.954544098,0
                101.431900739,14.954578385,0
                101.431898463,14.954583551,0
                101.431882204,14.9546094680001,0
                101.431857998,14.9546354710001,0
                101.431697906,14.954764626,0
                101.431682235,14.954784105,0
                101.43167661,14.954796366,0
                101.431671253,14.9548080340001,0
                101.431670196,14.954831864,0
                101.43167138,14.95484356,0
                101.43167318,14.954861441,0
                101.431683461,14.9548928730001,0
                101.431741058,14.955006316,0
                101.431748465,14.955020909,0
                101.431776062,14.955071871,0
                101.431790706,14.955111161,0
                101.431790921,14.9551302240001,0
                101.431785669,14.955144741,0
                101.431775031,14.9551606360001,0
                101.431761644,14.955172611,0
                101.431730002,14.9551854480001,0
                101.431298632,14.9552622730001,0
                101.43115151,14.955293456,0
                101.431100271,14.9552986780001,0
                101.43081625,14.9553088590001,0
                101.430773066,14.9553172070001,0
                101.430658045,14.9553526190001,0
                101.430597987,14.955383941,0
                101.430541601,14.9554213590001,0
                101.430521964,14.955439106,0
                101.430476807,14.9555123390001,0
                101.430454716,14.9555529080001,0
                101.430399809,14.955720926,0
                101.430391116,14.9557499470001,0
                101.430386283,14.9558017160001,0
                101.430386963,14.9560217480001,0
                101.430385465,14.956048938,0
                101.430376081,14.956096378,0
                101.430291176,14.956403219,0
                101.43028812,14.956411411,0
                101.430278044,14.956438427,0
                101.430263863,14.9564604940001,0
                101.430246921,14.956477331,0
                101.430241313,14.956479879,0
                101.430118636,14.9565356730001,0
                101.430058568,14.956566122,0
                101.43001568,14.9566007670001,0
                101.429988976,14.956631735,0
                101.429973071,14.9566608320001,0
                101.42995819,14.9567004360001,0
                101.429954026,14.9567311650001,0
                101.429954312,14.9567565880001,0
                101.429963646,14.956784536,0
                101.430012312,14.9568695770001,0
                101.430046424,14.956929179,0
                101.430066671,14.9569649060001,0
                101.430074173,14.956991126,0
                101.430076482,14.957035805,0
                101.430066199,14.957083255,0
                101.430049502,14.957122004,0
                101.430021132,14.9571652550001,0
                101.429842867,14.9573494950001,0
                101.429813526,14.9573857500001,0
                101.42979682,14.957423626,0
                101.429778467,14.957475539,0
                101.429762411,14.957571258,0
                101.429748269,14.957810099,0
                101.429736632,14.9581998370001,0
                101.429751313,14.9586547870001,0
                101.429756336,14.958810538,0
                101.42977087,14.9591049370001,0
                101.429794362,14.959340008,0
                101.429888642,14.96002472,0
                101.429894563,14.960052368,0
                101.42990756,14.960085543,0
                101.42992865,14.960116876,0
                101.429959635,14.9601454740001,0
                101.430132667,14.9602970440001,0
                101.430185532,14.960347325,0
                101.430221275,14.9603977890001,0
                101.430313487,14.960544493,0
                101.43033512,14.960578916,0
                101.430361896,14.9606091480001,0
                101.430378963,14.9606284130001,0
                101.430422594,14.9606595120001,0
                101.430486954,14.9606895040001,0
                101.430550239,14.960703731,0
                101.430594451,14.9607067700001,0
                101.430648771,14.96070337,0
                101.430662037,14.9607025400001,0
                101.430716985,14.960697576,0
                101.430781282,14.960678445,0
                101.430885042,14.960647572,0
                101.43093452,14.960637401,0
                101.430968724,14.960631779,0
                101.430985868,14.960633344,0
                101.431003975,14.9606392920001,0
                101.431023121,14.9606583720001,0
                101.431031293,14.9606813570001,0
                101.431032436,14.960684573,0
                101.431039089,14.9607151860001,0
                101.431039385,14.960741483,0
                101.431030789,14.9607783910001,0
                101.430988495,14.960853656,0
                101.430965374,14.960894803,0
                101.43094316,14.960923968,0
                101.430901211,14.960962105,0
                101.430738472,14.961083939,0
                101.430711751,14.9611131520001,0
                101.430694944,14.961142259,0
                101.430687119,14.961167769,0
                101.430685709,14.9612028440001,0
                101.430692294,14.961227319,0
                101.430713322,14.9612525210001,0
                101.430751434,14.96127403,0
                101.430786762,14.9612885540001,0
                101.430827439,14.96129689,0
                101.430883335,14.9612962950001,0
                101.4309346,14.96128435,0
                101.431028813,14.961243027,0
                101.431089788,14.9612125670001,0
                101.431449425,14.9608800010001,0
                101.431477024,14.9608481490001,0
                101.431486725,14.9608287610001,0
                101.431487922,14.960824664,0
                101.431493664,14.9608050150001,0
                101.431503088,14.960761086,0
                101.431533377,14.960488126,0
                101.431543464,14.9604481750001,0
                101.431545677,14.9604394260001,0
                101.431548917,14.9604265990001,0
                101.431574506,14.960377238,0
                101.431599052,14.9603513480001,0
                101.431618172,14.9603311880001,0
                101.431622658,14.9603275220001,0
                101.431658384,14.9602983190001,0
                101.431696004,14.9602768780001,0
                101.431749981,14.96026491,0
                101.431793244,14.9602635680001,0
                101.431852879,14.9602743310001,0
                101.431891788,14.9602861880001,0
                101.431921729,14.9603025260001,0
                101.431948198,14.960331173,0
                101.431970215,14.960364251,0
                101.431983341,14.960408822,0
                101.43198188,14.9604395220001,0
                101.431968798,14.960479107,0
                101.431927492,14.9605616850001,0
                101.431923828,14.9605690020001,0
                101.431913565,14.9606182000001,0
                101.431902524,14.9606788040001,0
                101.431901204,14.960721774,0
                101.43190157,14.960754202,0
                101.431907224,14.960776057,0
                101.431921879,14.960796068,0
                101.431941922,14.9608142590001,0
                101.431966376,14.960823648,0
                101.432014284,14.9608336540001,0
                101.432132439,14.960836779,0
                101.43227768,14.960842244,0
                101.432293616,14.96084533,0
                101.432329186,14.9608522120001,0
                101.432390763,14.9608752250001,0
                101.432436198,14.9609063,0
                101.432460948,14.960941979,0
                101.432478543,14.960982991,0
                101.432482639,14.9610259040001,0
                101.432479482,14.9610662640001,0
                101.432462886,14.961113776,0
                101.432432748,14.961159681,0
                101.432394332,14.9611916490001,0
                101.432356705,14.9612130900001,0
                101.43190848,14.9613668970001,0
                101.431888781,14.961379379,0
                101.431873693,14.9614005810001,0
                101.431866718,14.961421688,0
                101.431867841,14.961440963,0
                101.431873407,14.961454931,0
                101.431886226,14.961472325,0
                101.431922465,14.961487721,0
                101.432227891,14.9615449520001,0
                101.432363289,14.9615827330001,0
                101.432814961,14.961708754,0
                101.432917337,14.9617515,0
                101.432969103,14.9617862470001,0
                101.432970034,14.9617868720001,0
                101.432989211,14.96180859,0
                101.432993977,14.9618313290001,0
                101.432990773,14.9618673050001,0
                101.432978448,14.961893736,0
                101.432964304,14.9619184310001,0
                101.432939252,14.9619362290001,0
                101.432917704,14.961947309,0
                101.432801954,14.962006816,0
                101.432758158,14.9620293300001,0
                101.432729453,14.962042791,0
                101.432704426,14.9620623430001,0
                101.432692862,14.9620764860001,0
                101.432677003,14.962109094,0
                101.432671901,14.962136322,0
                101.432668646,14.9621679140001,0
                101.432670708,14.962190688,0
                101.432679099,14.962215144,0
                101.432693649,14.9622324310001,0
                101.432708348,14.9622499000001,0
                101.432854947,14.962376324,0
                101.432871416,14.9623971820001,0
                101.432880643,14.9624154950001,0
                101.432882687,14.9624373890001,0
                101.432878572,14.96247162,0
                101.432861846,14.962507741,0
                101.432841411,14.9625351390001,0
                101.432815555,14.9625608330001,0
                101.432786948,14.9625830520001,0
                101.432750189,14.962601856,0
                101.432699888,14.9626190430001,0
                101.432392463,14.96270473,0
                101.432342173,14.962722797,0
                101.432315302,14.962738858,0
                101.432287591,14.9627601940001,0
                101.432270677,14.9627796680001,0
                101.432255618,14.962803492,0
                101.432246017,14.9628316490001,0
                101.432239525,14.9628957080001,0
                101.43223999,14.9629369040001,0
                101.4322475,14.9629631220001,0
                101.43225944,14.962982282,0
                101.43227226,14.9629996830001,0
                101.432289255,14.963012162,0
                101.432352275,14.9630584350001,0
                101.432406811,14.9630973060001,0
                101.432431394,14.9631180850001,0
                101.432442494,14.9631425100001,0
                101.432447411,14.9631792750001,0
                101.432447166,14.96320819,0
                101.432439689,14.963250836,0
                101.432401213,14.9633870330001,0
                101.432396578,14.9634098440001,0
                101.432391177,14.963450025,0
                101.432390289,14.9634645580001,0
                101.432391351,14.9634895470001,0
                101.43239425,14.963507453,0
                101.432397395,14.963516788,0
                101.432403622,14.9635290470001,0
                101.432411859,14.963539317,0
                101.432429768,14.963552298,0
                101.432709627,14.9636999640001,0
                101.432803746,14.9637621300001,0
                101.432825541,14.963779576,0
                101.432832364,14.9637874370001,0
                101.432842781,14.963805103,0
                101.432849108,14.963826737,0
                101.432852004,14.963843797,0
                101.432854303,14.963867441,0
                101.432853218,14.9638911230001,0
                101.43284609,14.9639181530001,0
                101.432834786,14.9639360250001,0
                101.432814077,14.963958602,0
                101.432813214,14.963959297,0
                101.432788562,14.963979033,0
                101.432780721,14.963983871,0
                101.432607172,14.96409092,0
                101.432509111,14.964141999,0
                101.432467478,14.964168742,0
                101.432442048,14.9641920220001,0
                101.43242544,14.964218499,0
                101.4324182,14.964236327,0
                101.432414987,14.96425149,0
                101.432411936,14.9642804440001,0
                101.432413629,14.964310676,0
                101.432417229,14.9643303570001,0
                101.432421478,14.9643474100001,0
                101.432429081,14.964361797,0
                101.432440764,14.9643781080001,0
                101.432457831,14.964392387,0
                101.43247552,14.9644014080001,0
                101.432496533,14.96440578,0
                101.432524865,14.9644050370001,0
                101.432564055,14.9643965120001,0
                101.432677283,14.9643617790001,0
                101.432713753,14.9643574450001,0
                101.43273741,14.964355879,0
                101.432761778,14.964358249,0
                101.432778733,14.964361888,0
                101.432794339,14.9643671040001,0
                101.432811908,14.964374406,0
                101.43282563,14.964382545,0
                101.432844059,14.964397681,0
                101.432857033,14.9644091710001,0
                101.432867181,14.964424061,0
                101.432872224,14.964436623,0
                101.43293815,14.9646854260001,0
                101.432960869,14.9647807380001,0
                101.432978227,14.9648706140001,0
                101.432979209,14.9649125180001,0
                101.432979507,14.96498402,0
                101.432971399,14.965029471,0
                101.43294987,14.9650694470001,0
                101.432927608,14.965094229,0
                101.432911514,14.965106679,0
                101.432887356,14.9651235870001,0
                101.432846974,14.9651406740001,0
                101.432722967,14.965178813,0
                101.432695126,14.9651887590001,0
                101.432681678,14.9651959170001,0
                101.432663805,14.965210128,0
                101.432618403,14.965262336,0
                101.432606075,14.965287887,0
                101.432592016,14.965321348,0
                101.432586026,14.9653494680001,0
                101.432581101,14.96539247,0
                101.432581892,14.965462598,0
                101.432587747,14.965501954,0
                101.432598185,14.965527975,0
                101.432607977,14.965541677,0
                101.432621799,14.9655528750001,0
                101.432638154,14.9655635440001,0
                101.432664602,14.96557017,0
                101.432707744,14.9655726660001,0
                101.432783301,14.9655708710001,0
                101.432996586,14.965548384,0
                101.433030059,14.9655480270001,0
                101.433056473,14.9655516890001,0
                101.433077354,14.96555886,0
                101.433107424,14.9655713660001,0
                101.433128409,14.965588391,0
                101.433143345,14.965608452,0
                101.433173436,14.965667797,0
                101.433186486,14.965700698,0
                101.43319082,14.9657253020001,0
                101.433194104,14.9658362170001,0
                101.433193651,14.9658860320001,0
                101.433185078,14.9659354250001,0
                101.433172886,14.9659784580001,0
                101.432984196,14.966317786,0
                101.432833668,14.9665630860001,0
                101.432782325,14.9666477970001,0
                101.432765479,14.966673395,0
                101.432754083,14.9667024450001,0
                101.432742845,14.9667455210001,0
                101.432672107,14.967109195,0
                101.432663494,14.967145229,0
                101.432652993,14.967173396,0
                101.432631735,14.967206936,0
                101.432599595,14.967236207,0
                101.432563861,14.967265517,0
                101.432518122,14.9672879190001,0
                101.432487587,14.967298762,0
                101.432462393,14.9673034150001,0
                101.432395731,14.967309385,0
                101.432343436,14.967309943,0
                101.432276903,14.967308068,0
                101.432219729,14.967301477,0
                101.431898136,14.967244561,0
                101.431852997,14.9672397850001,0
                101.43178181,14.967240544,0
                101.431686295,14.967250332,0
                101.431648517,14.967258621,0
                101.431617975,14.9672694650001,0
                101.431590225,14.967287298,0
                101.431567046,14.9673112080001,0
                101.431559111,14.9673270760001,0
                101.43155391,14.967345536,0
                101.431549638,14.967366622,0
                101.431549925,14.9673920440001,0
                101.431555718,14.9674261700001,0
                101.431588936,14.967492442,0
                101.431677655,14.967637992,0
                101.431737655,14.967726671,0
                101.431774257,14.967773612,0
                101.43179796,14.96779615,0
                101.431826117,14.9678142610001,0
                101.431853325,14.9678279990001,0
                101.43188319,14.967838198,0
                101.431929216,14.9678412160001,0
                101.431991429,14.967840552,0
                101.432277874,14.9678129530001,0
                101.432352768,14.967817413,0
                101.432422302,14.967826315,0
                101.432476442,14.9678397750001,0
                101.432512951,14.967853297,0
                101.432514215,14.96785376,0
                101.432534559,14.9678654370001,0
                101.432556145,14.967883645,0
                101.432573135,14.9679061460001,0
                101.432585137,14.967926053,0
                101.432612949,14.967977155,0
                101.432620242,14.967995252,0
                101.432626478,14.968019624,0
                101.432633458,14.9680791550001,0
                101.432630736,14.9681106630001,0
                101.432627714,14.9681291850001,0
                101.432618019,14.9681522180001,0
                101.432612528,14.968160165,0
                101.432604703,14.9681680030001,0
                101.432555401,14.9681939540001,0
                101.432198031,14.9683292560001,0
                101.432137812,14.968346555,0
                101.432085823,14.968357245,0
                101.432062956,14.9683591570001,0
                101.432026318,14.9683580930001,0
                101.431927038,14.968355215,0
                101.431889184,14.9683573680001,0
                101.431846925,14.9683683420001,0
                101.431825702,14.968379085,0
                101.431794101,14.9684022180001,0
                101.431781087,14.9684207610001,0
                101.431774658,14.9684366130001,0
                101.431768939,14.968462974,0
                101.43176732,14.968478766,0
                101.431768827,14.968500577,0
                101.431775846,14.968550674,0
                101.431775954,14.9685514400001,0
                101.431781723,14.968583441,0
                101.431799559,14.9686431710001,0
                101.431813577,14.9686807480001,0
                101.431849452,14.968752277,0
                101.431878821,14.9687975480001,0
                101.431891882,14.968809681,0
                101.431920181,14.9688309580001,0
                101.431970146,14.968855358,0
                101.43211444,14.9689188580001,0
                101.432145376,14.9689356150001,0
                101.432171672,14.9689560680001,0
                101.432199256,14.9689853830001,0
                101.432206925,14.968999179,0
                101.43221243,14.969016411,0
                101.432216079,14.969055332,0
                101.432213232,14.96907801,0
                101.432210874,14.969084406,0
                101.432203865,14.969103493,0
                101.431869272,14.969576439,0
                101.431820169,14.969628388,0
                101.431783617,14.969656833,0
                101.431756415,14.969670224,0
                101.431734166,14.9696791800001,0
                101.431693514,14.969690181,0
                101.431669188,14.9696921880001,0
                101.431567565,14.969686815,0
                101.431533832,14.969685031,0
                101.431490973,14.9696863250001,0
                101.431448942,14.9696900110001,0
                101.431425028,14.9696963800001,0
                101.431408663,14.9697057660001,0
                101.431397256,14.969712309,0
                101.431384525,14.969724399,0
                101.431372149,14.9697449380001,0
                101.43136141,14.9697631550001,0
                101.431351633,14.9697852630001,0
                101.431344137,14.9698086240001,0
                101.431340608,14.969839268,0
                101.431339536,14.969888288,0
                101.431340903,14.969912924,0
                101.431345199,14.9699430750001,0
                101.43134822,14.9699615010001,0
                101.431357603,14.969986358,0
                101.431395888,14.970050407,0
                101.431441145,14.970105814,0
                101.431450041,14.9701139520001,0
                101.431601272,14.970252343,0
                101.431607813,14.970264216,0
                101.431613385,14.970281061,0
                101.431616597,14.970296192,0
                101.431618033,14.9703092620001,0
                101.431617779,14.970331107,0
                101.431614012,14.9703462520001,0
                101.431606197,14.970360655,0
                101.431595529,14.970373921,0
                101.431582713,14.970382697,0
                101.431507877,14.9704242450001,0
                101.431488003,14.970429961,0
                101.431471306,14.970433466,0
                101.431452307,14.9704355210001,0
                101.431437521,14.970436094,0
                101.431423753,14.9704336030001,0
                101.431405872,14.970428536,0
                101.431179047,14.970305598,0
                101.431126544,14.970287752,0
                101.431092151,14.9702767210001,0
                101.431057828,14.9702718290001,0
                101.431035279,14.9702711950001,0
                101.430987119,14.970273042,0
                101.431210422,14.9705060430001,0
                101.431239583,14.9705302420001,0
                101.43133868,14.970630778,0
                101.431364112,14.970638719,0
                101.431470174,14.970682745,0
                101.431537861,14.970694333,0
                101.431580074,14.970693883,0
                101.431626474,14.970689282,0
                101.431681135,14.970668178,0
                101.431765108,14.970626231,0
                101.431857574,14.9705883,0
                101.43192063,14.970563,0
                101.43199454,14.9705458330001,0
                101.432072295,14.9705326490001,0
                101.432152517,14.9705317940001,0
                101.432235523,14.970543262,0
                101.432351109,14.970551786,0
                101.432460954,14.970549025,0
                101.432566502,14.9705478990001,0
                101.432682575,14.970558012,0
                101.432888811,14.970589987,0
                101.433100275,14.970641421,0
                101.433341874,14.970692537,0
                101.433843355,14.970787753,0
                101.43559953,14.971108331,0
                101.436829378,14.971264811,0
                101.43741418,14.971349891,0
                101.437783746,14.971391607,0
                101.438200735,14.971407082,0
                101.438698242,14.9714302100001,0
                101.440347617,14.9714231950001,0
                101.440432572,14.971425042,0
                101.440543193,14.971443123,0
                101.44078166,14.9715011170001,0
                101.440861174,14.971522286,0
                101.440942701,14.971527028,0
                101.442393075,14.971506794,0
                101.442566149,14.971487924,0
                101.443824492,14.971112675,0
                101.444091842,14.9710555780001,0
                101.444425995,14.9710074760001,0
                101.444521494,14.9709951190001,0
                101.444634767,14.970997572,0
                101.444729293,14.9710112390001,0
                101.444789889,14.9710289330001,0
                101.444892256,14.9710682040001,0
                101.444997811,14.971125536,0
                101.446682195,14.972371626,0
                101.447889892,14.973183476,0
                101.447905085,14.9731976370001,0
                101.447933414,14.9732299090001,0
                101.447954464,14.9732606480001,0
                101.447972402,14.9732976070001,0
                101.447983161,14.9733358820001,0
                101.447986143,14.9733857050001,0
                101.447905693,14.973865834,0
                101.447907331,14.973877497,0
                101.44791472,14.9738971530001,0
                101.447925677,14.9739156140001,0
                101.447943503,14.9739333320001,0
                101.448351986,14.9741883400001,0
                101.448663046,14.97437387,0
                101.448743153,14.974416359,0
                101.448808755,14.97444352,0
                101.448866289,14.9744614800001,0
                101.449168137,14.974537191,0
                101.449203471,14.974544634,0
                101.449277917,14.97456291,0
                101.44937087,14.9745799070001,0
                101.449457463,14.974596972,0
                101.449507682,14.9746022370001,0
                101.449593697,14.9746036350001,0
                101.449854833,14.974556819,0
                101.449962069,14.9745427840001,0
                101.450200639,14.9745158370001,0
                101.450395104,14.974496329,0
                101.450480929,14.9744814760001,0
                101.450584524,14.9744536580001,0
                101.45067391,14.97443644,0
                101.450715697,14.9744348300001,0
                101.450746786,14.9744379790001,0
                101.450785079,14.9744445370001,0
                101.450965219,14.9745308400001,0
                101.451219983,14.974667432,0
                101.451319661,14.974715126,0
                101.451421713,14.9747616290001,0
                101.451547387,14.974805136,0
                101.451562424,14.974808818,0
                101.451845715,14.974866214,0
                101.452136791,14.9749397140001,0
                101.4522267,14.9749689340001,0
                101.452327559,14.9750154540001,0
                101.452663707,14.9751648330001,0
                101.452760836,14.9752000500001,0
                101.452832751,14.975222499,0
                101.453008663,14.975251954,0
                101.453116302,14.975264726,0
                101.453888396,14.9753098250001,0
                101.454045209,14.9753229070001,0
                101.454157735,14.9753392220001,0
                101.454335794,14.975371191,0
                101.454652876,14.9754211860001,0
                101.45474193,14.975429541,0
                101.454897448,14.9754435180001,0
                101.454927338,14.9754576460001,0
                101.454963738,14.9754840840001,0
                101.455075958,14.9756651280001,0
                101.455310042,14.976060379,0
                101.455403007,14.976205931,0
                101.455427842,14.9762343470001,0
                101.455457648,14.976256231,0
                101.455509031,14.9762844150001,0
                101.455738651,14.976389053,0
                101.455852029,14.976433548,0
                101.455962341,14.9764703070001,0
                101.456339425,14.976579773,0
                101.456435293,14.9766138960001,0
                101.456510193,14.976658435,0
                101.456561758,14.976711546,0
                101.456654418,14.976830266,0
                101.456732144,14.9769429580001,0
                101.456822088,14.977035744,0
                101.456878918,14.977078255,0
                101.457051408,14.977195468,0
                101.457207667,14.977305249,0
                101.457282541,14.97735398,0
                101.45735725,14.977388263,0
                101.457843296,14.977556411,0
                101.458194998,14.9776744010001,0
                101.458335646,14.9777182980001,0
                101.458441964,14.9777316010001,0
                101.458537552,14.9777346980001,0
                101.45862026,14.9777255490001,0
                101.458814949,14.9776677130001,0
                101.458865808,14.977658912,0
                101.459340827,14.977651542,0
                101.459549589,14.9776550760001,0
                101.459706935,14.9776915140001,0
                101.460054241,14.977771945,0
                101.460559732,14.9779622,0
                101.461938317,14.978358304,0
                101.462018578,14.978373359,0
                101.462844918,14.978553995,0
                101.462883193,14.978553581,0
                101.462914595,14.9785491810001,0
                101.462940392,14.978542127,0
                101.46297739,14.9785240160001,0
                101.463119674,14.9784134380001,0
                101.463216702,14.978354279,0
                101.463298957,14.9783197740001,0
                101.463353732,14.978305252,0
                101.463391866,14.9782949930001,0
                101.463452505,14.978288122,0
                101.464350735,14.9783796,0
                101.46436954,14.9780449420001,0
                101.464422091,14.9780014,0
                101.464482822,14.9780021010001,0
                101.465191406,14.978010269,0
                101.465198574,14.977864079,0
                101.465259179,14.977751691,0
                101.465329607,14.977725145,0
                101.4667817,14.9779071140001,0
                101.466975482,14.977071316,0
                101.467162864,14.975676923,0
                101.467383343,14.9740844880001,0
                101.467695058,14.971966781,0
                101.468021222,14.9703388240001,0
                101.468141618,14.96927176,0
                101.468152507,14.9686785970001,0
                101.46816005,14.967793247,0
                101.467956123,14.9669703480001,0
                101.467706719,14.9660362070001,0
                101.46749799,14.9655657480001,0
                101.467505945,14.965488309,0
                101.467782511,14.9641617090001,0
                101.468018221,14.963127776,0
                101.468343396,14.961413882,0
                101.468698318,14.95920976,0
                101.468761853,14.9585816490001,0
                101.468799657,14.958022574,0
                101.468832444,14.957025217,0
                101.468756587,14.955032031,0
                101.468741062,14.954401826,0
                101.468740076,14.9543618110001,0
                101.468892008,14.953732743,0
                101.469064948,14.952622137,0
                101.469054338,14.9524675440001,0
                101.469690143,14.9524802230001,0
                101.469972915,14.9524858610001,0
                101.47037605,14.9525365330001,0
                101.47053387,14.952551854,0
                101.470662957,14.952561293,0
                101.470739398,14.9525620150001,0
                101.471253265,14.952522394,0
                101.471469707,14.952512309,0
                101.471576363,14.9525096090001,0
                101.471652838,14.9525134240001,0
                101.471703803,14.952514422,0
                101.471738936,14.952523328,0
                101.471785302,14.9525398550001,0
                101.471849501,14.9525840540001,0
                101.471894616,14.9526300090001,0
                101.471927006,14.952677651,0
                101.47195632,14.9527346130001,0
                101.472002658,14.9528873720001,0
                101.472054343,14.95322894,0
                101.472097479,14.953519514,0
                101.472109245,14.953573568,0
                101.472125644,14.9536151900001,0
                101.472282144,14.9539324020001,0
                101.472475779,14.954294105,0
                101.472536332,14.9543675630001,0
                101.472590679,14.9544203830001,0
                101.472631653,14.9544524520001,0
                101.472690549,14.954485483,0
                101.472721755,14.9544990800001,0
                101.472760075,14.954507952,0
                101.472803118,14.954512129,0
                101.473082336,14.954491691,0
                101.473264959,14.954482742,0
                101.473322275,14.9544821210001,0
                101.473362939,14.954487484,0
                101.473401312,14.9545010030001,0
                101.473419385,14.9545147420001,0
                101.473433938,14.9545343190001,0
                101.473436605,14.9545586730001,0
                101.473422811,14.954605266,0
                101.473382307,14.954718331,0
                101.473374322,14.954750926,0
                101.473370039,14.9547939330001,0
                101.473376408,14.9548286940001,0
                101.473399669,14.954878368,0
                101.473427572,14.9549163830001,0
                101.473456537,14.954942773,0
                101.473493778,14.9549621090001,0
                101.473550207,14.954988201,0
                101.473606494,14.955001522,0
                101.473710514,14.9550120070001,0
                101.473915862,14.955006294,0
                101.473963654,14.955008102,0
                101.474006732,14.9550157620001,0
                101.474055797,14.955024517,0
                101.474424286,14.955151143,0
                101.474515289,14.9551718290001,0
                101.474590155,14.955174116,0
                101.474688867,14.955173045,0
                101.475067548,14.955147262,0
                101.47517875,14.955124384,0
                101.475226373,14.9551114820001,0
                101.475304034,14.95507968,0
                101.475646901,14.954846843,0
                101.475740393,14.954807128,0
                101.475813368,14.9547831150001,0
                101.475872135,14.954770092,0
                101.475945265,14.9547600120001,0
                101.476435892,14.954776361,0
                101.476510762,14.9547786430001,0
                101.476577594,14.954774823,0
                101.476672946,14.9547583090001,0
                101.476820483,14.9547102650001,0
                101.476895188,14.9546986180001,0
                101.476934973,14.954696637,0
                101.476976458,14.9547039290001,0
                101.477014832,14.9547174420001,0
                101.477072788,14.954772543,0
                101.477400508,14.9551622000001,0
                101.477624216,14.955368766,0
                101.477733462,14.9554527240001,0
                101.477894059,14.9555717320001,0
                101.477943987,14.9556207270001,0
                101.477977758,14.955649775,0
                101.478147774,14.9557562950001,0
                101.478192655,14.9557821230001,0
                101.478227807,14.9557925780001,0
                101.478290041,14.955804287,0
                101.478678758,14.955820193,0
                101.479159462,14.955804131,0
                101.479282021,14.9557997060001,0
                101.479369607,14.955800303,0
                101.479450864,14.9558040640001,0
                101.479544872,14.9558092350001,0
                101.479862279,14.955855324,0
                101.480521736,14.956013802,0
                101.481184386,14.956172243,0
                101.481431667,14.956212904,0
                101.481530522,14.9562242100001,0
                101.481681829,14.956227212,0
                101.481750236,14.9562218200001,0
                101.48180911,14.956218086,0
                101.481880509,14.9561956370001,0
                101.4820515,14.9561101780001,0
                101.482105367,14.956086371,0
                101.482138712,14.956078271,0
                101.482183629,14.956072556,0
                101.482277845,14.9560610840001,0
                101.482351801,14.9560533100001,0
                101.482385168,14.956047142,0
                101.482412525,14.956037558,0
                101.482483798,14.9560042700001,0
                101.482536112,14.9559839660001,0
                101.482602712,14.9559600200001,0
                101.48266226,14.9559454380001,0
                101.48272784,14.9559365980001,0
                101.482779133,14.955931397,0
                101.482884134,14.955923285,0
                101.482961751,14.955922441,0
                101.483084852,14.9559303930001,0
                101.483146935,14.9559285560001,0
                101.4832269,14.955924204,0
                101.483288938,14.9559188810001,0
                101.483354443,14.9559030770001,0
                101.483465186,14.955875168,0
                101.483503315,14.955867783,0
                101.483545083,14.9558650070001,0
                101.483574935,14.955864682,0
                101.483650205,14.9558673450001,0
                101.483894233,14.9559018460001,0
                101.484009146,14.9559249770001,0
                101.484233368,14.956002649,0
                101.484309052,14.9560413030001,0
                101.484364461,14.956082495,0
                101.484404346,14.95612386,0
                101.484479758,14.956242629,0
                101.484689251,14.956596792,0
                101.484729381,14.956659055,0
                101.484766784,14.956692317,0
                101.484802891,14.956716306,0
                101.484878374,14.9567375450001,0
                101.485125954,14.956769679,0
                101.485200016,14.9567711940001,0
                101.485242992,14.9567695650001,0
                101.485290744,14.956767884,0
                101.485328846,14.956758182,0
                101.485368053,14.956740338,0
                101.485568717,14.9566394620001,0
                101.485618696,14.956623827,0
                101.485681826,14.9566092050001,0
                101.485733106,14.9566028420001,0
                101.485790408,14.9566010570001,0
                101.48586215,14.956608401,0
                101.486012782,14.956621856,0
                101.486409543,14.9567487320001,0
                101.486922046,14.95687795,0
                101.486999659,14.95691702,0
                101.487743288,14.957443843,0
                101.487951011,14.9575638970001,0
                101.488188981,14.9576885120001,0
                101.488366005,14.9577648640001,0
                101.488563097,14.9578361060001,0
                101.489142796,14.9580007430001,0
                101.489434089,14.9581593790001,0
                101.48956709,14.958333044,0
                101.489605936,14.9584598120001,0
                101.489635155,14.9585551700001,0
                101.489606819,14.9589375460001,0
                101.489549044,14.959606788,0
                101.489347598,14.960485121,0
                101.489255604,14.9611382530001,0
                101.48925379,14.961146602,0
                101.489211682,14.961340598,0
                101.488792049,14.963273837,0
                101.488686064,14.9637621050001,0
                101.488338725,14.964774198,0
                101.488275822,14.9650024320001,0
                101.488279079,14.965284555,0
                101.488292327,14.96562118,0
                101.4885253,14.9663376880001,0
                101.488986314,14.967342966,0
                101.489379174,14.9681214400001,0
                101.489917405,14.968516047,0
                101.490551502,14.9689600200001,0
                101.491607002,14.969699039,0
                101.492070769,14.97013086,0
                101.493749929,14.9718363380001,0
                101.494695107,14.97279631,0
                101.495262287,14.9732633990001,0
                101.495648856,14.973495816,0
                101.496214037,14.973789988,0
                101.496834545,14.9740107380001,0
                101.497313257,14.974114716,0
                101.497716126,14.974137608,0
                101.498465588,14.9741749040001,0
                101.498727927,14.9741902330001,0
                101.49903718,14.974214148,0
                101.499694398,14.9743707750001,0
                101.500088223,14.974421068,0
                101.500650558,14.9744695100001,0
                101.500847153,14.9744673540001,0
                101.501175552,14.9745274630001,0
                101.501739049,14.9746760100001,0
                101.503111458,14.9751433390001,0
                101.504146111,14.975550657,0
                101.504616313,14.9757275270001,0
                101.505274279,14.975947841,0
                101.506119903,14.976202496,0
                101.506971839,14.976487752,0
                101.507762516,14.976902511,0
                101.508872731,14.978020551,0
                101.509306055,14.9786684650001,0
                101.51007655,14.980635695,0
                101.510188599,14.98133626,0
                101.510307937,14.98208236,0
                101.510355888,14.982242683,0
                101.51038933,14.98245007,0
                101.510386644,14.982915271,0
                101.510440725,14.983379847,0
                101.510604739,14.9842295400001,0
                101.510629436,14.9842608050001,0
                101.510718643,14.9842598220001,0
                101.511829631,14.9841093630001,0
                101.511556577,14.982572561,0
                101.511282358,14.9818318590001,0
                101.511303649,14.981696404,0
                101.511303068,14.981686429,0
                101.511300118,14.981673755,0
                101.511294836,14.981661108,0
                101.511288141,14.981647572,0
                101.511282615,14.9816395120001,0
                101.511277255,14.9816345300001,0
                101.511225021,14.9815833160001,0
                101.511219119,14.9815761450001,0
                101.511215445,14.9815702280001,0
                101.511210273,14.981560673,0
                101.51120768,14.9815527110001,0
                101.511201029,14.9815257920001,0
                101.511197781,14.981504269,0
                101.511197148,14.981494271,0
                101.51119777,14.9814770680001,0
                101.511200053,14.9814588670001,0
                101.511209564,14.981393874,0
                101.511211642,14.9813720710001,0
                101.511209978,14.9813094720001,0
                101.511208341,14.9812890700001,0
                101.511205872,14.9812772990001,0
                101.511201535,14.9812660050001,0
                101.511187329,14.9812367700001,0
                101.511185256,14.98123079,0
                101.511183216,14.9812220100001,0
                101.511182713,14.9812131210001,0
                101.511183456,14.981196776,0
                101.511185593,14.9811839880001,0
                101.511189056,14.981174148,0
                101.511195205,14.9811635240001,0
                101.511198763,14.98115905,0
                101.511203968,14.9811543490001,0
                101.511209156,14.9811497480001,0
                101.51121786,14.98114467,0
                101.511300505,14.9811065490001,0
                101.511311158,14.9810996250001,0
                101.511316415,14.9810934330001,0
                101.511323884,14.9810808440001,0
                101.511325384,14.981074445,0
                101.511325826,14.9810672950001,0
                101.51132518,14.981060901,0
                101.511323576,14.981043678,0
                101.511318093,14.981013788,0
                101.511311264,14.980988451,0
                101.511301634,14.98096315,0
                101.511221324,14.9807958600001,0
                101.511216258,14.980783015,0
                101.5112128,14.980771314,0
                101.51120082,14.980724218,0
                101.511195032,14.9807084010001,0
                101.511151603,14.9806125440001,0
                101.511147516,14.9805963920001,0
                101.511145623,14.98057994,0
                101.511145341,14.9805700960001,0
                101.511146046,14.980556452,0
                101.511147815,14.980541938,0
                101.511152992,14.980521325,0
                101.511161753,14.9804964090001,0
                101.511170647,14.980474165,0
                101.511179474,14.9804549200001,0
                101.511191559,14.9804361600001,0
                101.511201052,14.980423828,0
                101.51122318,14.980399988,0
                101.511241213,14.9803852680001,0
                101.511262054,14.980371425,0
                101.511360864,14.9803186090001,0
                101.511374724,14.9803062020001,0
                101.511383969,14.9802948670001,0
                101.511392372,14.980282303,0
                101.51139673,14.9802719300001,0
                101.511399916,14.9802606380001,0
                101.511402549,14.9802505370001,0
                101.511410835,14.980160601,0
                101.511416052,14.9801274220001,0
                101.511425073,14.9801005470001,0
                101.511433277,14.980083667,0
                101.511447527,14.9800644530001,0
                101.511467824,14.9800438090001,0
                101.511483995,14.980029566,0
                101.511495501,14.980021363,0
                101.511507648,14.9800165990001,0
                101.511517095,14.980011937,0
                101.511535067,14.980005863,0
                101.51156255,14.9800010210001,0
                101.511631489,14.9799905310001,0
                101.511646713,14.9799863530001,0
                101.511664816,14.979980358,0
                101.511675628,14.9799755500001,0
                101.51170038,14.9799631770001,0
                101.511725888,14.9799443410001,0
                101.511762,14.979910062,0
                101.511826768,14.97984239,0
                101.511941068,14.979752397,0
                101.512058732,14.979666396,0
                101.512091886,14.9796465590001,0
                101.512111993,14.979637976,0
                101.512123823,14.979633198,0
                101.512142111,14.9796291800001,0
                101.512170293,14.979626448,0
              </coordinates>
                
            </LinearRing>
            
          </outerBoundaryIs>
        
        </Polygon>
        
      <styleUrl>
        #tambonStyle</styleUrl>
    </Placemark>

  </Document>
</kml>