<?xml version="1.0" encoding="UTF-8"?>
<kml xmlns="http://www.opengis.net/kml/2.2">
  <Document id="amphoe_doc">
    <name>ถลาง, Phuket</name>
    <description>ข้อมูลขอบเขตอำเภอถลาง จังหวัดPhuket</description>
    
    <!-- Schema สำหรับข้อมูลอำเภอ -->
    <Schema id="amphoe.schema">
      <SimpleField name="ADM2_EN" type="string">
        <displayName>District Name (English)</displayName>
      </SimpleField>
      <SimpleField name="ADM2_TH" type="string">
        <displayName>ชื่ออำเภอ</displayName>
      </SimpleField>
      <SimpleField name="ADM1_EN" type="string">
        <displayName>Province Name (English)</displayName>
      </SimpleField>
      <SimpleField name="ADM1_TH" type="string">
        <displayName>ชื่อจังหวัด</displayName>
      </SimpleField>
      <SimpleField name="ADM0_EN" type="string">
        <displayName>Country Name (English)</displayName>
      </SimpleField>
      <SimpleField name="ADM0_TH" type="string">
        <displayName>ชื่อประเทศ</displayName>
      </SimpleField>
      <SimpleField name="AREA_KM2" type="double">
        <displayName>พื้นที่ (ตร.กม.)</displayName>
      </SimpleField>
      <SimpleField name="Shape_Area" type="double">
        <displayName>Shape Area</displayName>
      </SimpleField>
      <SimpleField name="Shape_Leng" type="double">
        <displayName>Shape Length</displayName>
      </SimpleField>
    </Schema>

    <!-- Style สำหรับอำเภอ -->
    <Style id="amphoeStyle">
      <LineStyle>
        <color>ff0000ff</color>
        <width>2</width>
      </LineStyle>
      <PolyStyle>
        <color>330000ff</color>
        <fill>1</fill>
        <outline>1</outline>
      </PolyStyle>
    </Style>

    <Placemark id="Phuket.3">
        
        <ExtendedData>
            
          <SchemaData schemaUrl="#amphoe.schema">
                
            <SimpleData name="Shape_Leng">
                1.24538243478</SimpleData>
                
            <SimpleData name="Shape_Area">
                0.0231423182818</SimpleData>
                
            <SimpleData name="ADM2_EN">
                Thalang</SimpleData>
                
            <SimpleData name="ADM2_TH">
                ถลาง</SimpleData>
                
            <SimpleData name="ADM2_PCODE">
                TH8303</SimpleData>
                
            <SimpleData name="ADM1_EN">
                Phuket</SimpleData>
                
            <SimpleData name="ADM1_TH">
                ภูเก็ต</SimpleData>
                
            <SimpleData name="ADM1_PCODE">
                TH83</SimpleData>
                
            <SimpleData name="ADM0_EN">
                Thailand</SimpleData>
                
            <SimpleData name="ADM0_TH">
                ประเทศไทย</SimpleData>
                
            <SimpleData name="ADM0_PCODE">
                TH</SimpleData>
            
          </SchemaData>
        
        </ExtendedData>
        
        <MultiGeometry>
            
          <Polygon>
                
            <outerBoundaryIs>
                    
              <LinearRing>
                        
                <coordinates>
                        
                  98.281947099,8.03201195100007,0
                  98.282311931,8.03194649200003,0
                  98.2827961360001,8.03187463300003,0
                  98.2830481440001,8.03186185000004,0
                  98.2832006510001,8.03186872800006,0
                  98.283300049,8.03190855700007,0
                  98.283408282,8.03192143900003,0
                  98.2834127560001,8.03192197300007,0
                  98.2834718380001,8.03190736000005,0
                  98.2834923660001,8.03190228400007,0
                  98.2834971460001,8.03189714000007,0
                  98.2835458110001,8.03184477500002,0
                  98.2835720910001,8.03181649700002,0
                  98.283606653,8.03177029300002,0
                  98.2836551980001,8.03174181400004,0
                  98.2837047180001,8.03168341000003,0
                  98.2837418930001,8.03161882900002,0
                  98.283745041,8.03158497100003,0
                  98.2837018640001,8.03154795400008,0
                  98.283708339,8.03137864900003,0
                  98.2837239120001,8.03130479300006,0
                  98.2838136180001,8.03122491200003,0
                  98.2839200500001,8.03111919500003,0
                  98.283928093,8.03111120600005,0
                  98.2840054920001,8.03100667500007,0
                  98.284144708,8.03092572500003,0
                  98.2842074820001,8.03088922400002,0
                  98.2842303780001,8.03084771400006,0
                  98.284236691,8.03073933000007,0
                  98.284215853,8.03063783900006,0
                  98.2841336820001,8.03049598700005,0
                  98.2840377740001,8.03032033200003,0
                  98.283894333,8.03015166000006,0
                  98.2836868090001,8.02985933600007,0
                  98.283611465,8.02972422300007,0
                  98.2835296270001,8.02965686300007,0
                  98.2833388640001,8.02954257600004,0
                  98.2831482220001,8.02945537800002,0
                  98.282936985,8.02932086400006,0
                  98.2826988990001,8.02926096500005,0
                  98.2824270520001,8.02924862200007,0
                  98.2820529860001,8.02916900700006,0
                  98.281706338,8.02914344800007,0
                  98.281101778,8.02910616300005,0
                  98.280979474,8.02910670400007,0
                  98.2808233800001,8.02914802600003,0
                  98.280774652,8.02915904500003,0
                  98.2807265340001,8.02916992600007,0
                  98.2805179250001,8.02921710000004,0
                  98.280395926,8.02928536200005,0
                  98.2802883750001,8.02936533400003,0
                  98.2802665940001,8.02938153000002,0
                  98.280094821,8.02947725300004,0
                  98.2799553230001,8.02961581100004,0
                  98.279868895,8.02974124200006,0
                  98.2798349380001,8.03019724200004,0
                  98.2798410090001,8.03051451000005,0
                  98.2798470110001,8.03087143700003,0
                  98.280058662,8.03118245600007,0
                  98.280422527,8.03166559000005,0
                  98.2806807960001,8.03186432900003,0
                  98.2807441850001,8.03190469300006,0
                  98.2807536560001,8.03191072300007,0
                  98.2813436710001,8.03200428800005,0
                  98.2814502670001,8.03200580200007,0
                  98.281795543,8.03201070700004,0
                  98.2818741570001,8.03201182400005,0
                  98.281890036,8.03200730100002,0
                  98.281947099,8.03201195100007,0
                </coordinates>
                    
              </LinearRing>
                
            </outerBoundaryIs>
            
          </Polygon>
            
          <Polygon>
                
            <outerBoundaryIs>
                    
              <LinearRing>
                        
                <coordinates>
                        
                  98.4603503440001,8.03247411300003,0
                  98.4604576020001,8.03247164700002,0
                  98.4605890940001,8.03251820500003,0
                  98.4607232070001,8.03259341600005,0
                  98.4607618350001,8.03262469000003,0
                  98.4608366580001,8.03264234400007,0
                  98.4608830500001,8.03259088000004,0
                  98.4610471560001,8.03210327300008,0
                  98.461180734,8.03192009700007,0
                  98.461267433,8.03187459800006,0
                  98.4613597700001,8.03185211500005,0
                  98.461383174,8.03178903300005,0
                  98.461366367,8.03170273300003,0
                  98.4613008210001,8.03156931400002,0
                  98.461321534,8.03146896100003,0
                  98.4613423210001,8.03135520800004,0
                  98.4613807430001,8.03109084400006,0
                  98.461422224,8.03088008600002,0
                  98.4614877540001,8.03057234400006,0
                  98.4615525730001,8.03039185700004,0
                  98.4616001890001,8.03028495200004,0
                  98.4616285110001,8.03002390700004,0
                  98.4616223930001,8.02991671400002,0
                  98.4616196900001,8.02979949200005,0
                  98.461640495,8.02968240500007,0
                  98.4616780150001,8.02957879800005,0
                  98.461698799,8.02946505600005,0
                  98.4617230730001,8.02932789700003,0
                  98.461760444,8.02925108200003,0
                  98.4617910380001,8.02918428200007,0
                  98.4618283880001,8.02911081400003,0
                  98.461896746,8.02889688400006,0
                  98.4619210910001,8.02874633900007,0
                  98.461938778,8.02858571100006,0
                  98.4619427710001,8.02847188200008,0
                  98.4619136310001,8.02827751900003,0
                  98.4618812290001,8.02806639700003,0
                  98.4618787110001,8.02791571000006,0
                  98.4618627610001,8.02776495300003,0
                  98.46181676,8.02758389200005,0
                  98.4617736880001,8.02747985800005,0
                  98.461784155,8.02740960700004,0
                  98.46181484,8.02732607300004,0
                  98.4618557320001,8.02721915800004,0
                  98.4618665150001,8.02709199200007,0
                  98.461860453,8.02697477800007,0
                  98.4618406810001,8.02690770700002,0
                  98.4617474840001,8.02675988200002,0
                  98.461530897,8.02646072600004,0
                  98.4614744340001,8.02634993400005,0
                  98.4614714910001,8.02627626300006,0
                  98.4614988390001,8.02618936400006,0
                  98.461472594,8.02607874900002,0
                  98.461442563,8.02604510300006,0
                  98.4613823130001,8.02601129000004,0
                  98.4613087260001,8.02596067200005,0
                  98.461251888,8.02591683700007,0
                  98.4612221020001,8.02583967500004,0
                  98.461202406,8.02575922100004,0
                  98.4612097770001,8.02564209400003,0
                  98.4612337490001,8.02555853000007,0
                  98.4613453380001,8.02541854000003,0
                  98.4613928310001,8.02533176100007,0
                  98.461417768,8.02527618300007,0
                  98.461274372,8.02499598700007,0
                  98.4612543410001,8.02492667200005,0
                  98.4612547250001,8.02485747200006,0
                  98.461295856,8.02480477300003,0
                  98.461423139,8.02467926800006,0
                  98.4614602500001,8.02461434100007,0
                  98.4614565310001,8.02454918400002,0
                  98.461440769,8.02444732400005,0
                  98.4614208780001,8.02435358500003,0
                  98.461380616,8.02425159300003,0
                  98.4613362280001,8.02415772300003,0
                  98.4612879620001,8.02402718900004,0
                  98.461219918,8.02378257300006,0
                  98.4611632830001,8.02368863600003,0
                  98.461119055,8.02356627200004,0
                  98.461066546,8.02346422000005,0
                  98.4610020680001,8.02331325100005,0
                  98.460974149,8.02319505700007,0
                  98.4609221470001,8.02300345800006,0
                  98.4608862010001,8.02286079500004,0
                  98.46085436,8.02271408700005,0
                  98.460855069,8.02258791000003,0
                  98.4608600210001,8.02243326500007,0
                  98.460852656,8.02229076600003,0
                  98.4608420640001,8.02224480400002,0
                  98.460829995,8.02219243100006,0
                  98.4607828270001,8.02212104200004,0
                  98.460695774,8.02209290300004,0
                  98.4606005750001,8.02210423600008,0
                  98.4605051990001,8.02214718100004,0
                  98.4604453580001,8.02221403300007,0
                  98.4604317390001,8.02228958800004,0
                  98.4604289910001,8.02230483800003,0
                  98.4604164520001,8.02241937200006,0
                  98.460411977,8.02251023800005,0
                  98.460379753,8.02260095400004,0
                  98.4602641930001,8.02270702500005,0
                  98.4602162460001,8.02277394200007,0
                  98.460199855,8.02286870100005,0
                  98.460207338,8.02294777900005,0
                  98.4602263780001,8.02308620700006,0
                  98.460209761,8.02322048600007,0
                  98.460030127,8.02344081700005,0
                  98.4599147900001,8.02350736900007,0
                  98.459839113,8.02357018900005,0
                  98.4597789360001,8.02369632700004,0
                  98.459722093,8.02393315300003,0
                  98.4596818890001,8.02403174500006,0
                  98.459621799,8.02414207700002,0
                  98.459506188,8.02425606100007,0
                  98.459429592,8.02448092400004,0
                  98.459320915,8.02476886000005,0
                  98.459317437,8.02477932900007,0
                  98.4592160480001,8.02508449100003,0
                  98.4590873870001,8.02540000100004,0
                  98.4590225850001,8.02564075900005,0
                  98.459013531,8.02583835200005,0
                  98.4589888200001,8.02600028500007,0
                  98.458931921,8.02624505500006,0
                  98.4588470450001,8.02652920100007,0
                  98.4588339570001,8.02673864400003,0
                  98.4589425570001,8.02716223100003,0
                  98.459031699,8.02752247100005,0
                  98.4590982670001,8.02766911200007,0
                  98.4591807190001,8.02781188700004,0
                  98.459253226,8.02790941700005,0
                  98.4593105710001,8.02798655200007,0
                  98.4594003270001,8.02824006500003,0
                  98.4594116680001,8.02834141300002,0
                  98.459389323,8.02850014000006,0
                  98.4593833610001,8.02862108600004,0
                  98.459375476,8.02878110200004,0
                  98.4593777220001,8.02892469300002,0
                  98.4593454560001,8.02921167800002,0
                  98.4592697470001,8.02959617800008,0
                  98.45919424,8.02994404200007,0
                  98.45910023,8.03031319000007,0
                  98.459034467,8.03056335400004,0
                  98.458983721,8.03086554900005,0
                  98.4589398740001,8.03103334800005,0
                  98.458846339,8.03131698600004,0
                  98.458792707,8.03158861300005,0
                  98.4588010100001,8.03174448800007,0
                  98.4588489540001,8.03193419200005,0
                  98.4588908220001,8.03211470200006,0
                  98.4589049250001,8.03232866600007,0
                  98.45893132,8.03253658900007,0
                  98.4589766890001,8.03264073200006,0
                  98.4590771590001,8.03275434200003,0
                  98.4591718840001,8.03280069400006,0
                  98.4592974940001,8.03280444200004,0
                  98.4595674010001,8.03275703600002,0
                  98.459733015,8.03273044700006,0
                  98.4598834440001,8.03267932700004,0
                  98.459885849,8.03267806300005,0
                  98.460107791,8.03256139200005,0
                  98.4603503440001,8.03247411300003,0
                </coordinates>
                    
              </LinearRing>
                
            </outerBoundaryIs>
            
          </Polygon>
            
          <Polygon>
                
            <outerBoundaryIs>
                    
              <LinearRing>
                        
                <coordinates>
                        
                  98.4627531850001,8.06278801400003,0
                  98.462915717,8.06278126500007,0
                  98.4637109190001,8.06287960400005,0
                  98.465963694,8.06309721400004,0
                  98.4663186640001,8.06304157300002,0
                  98.466625305,8.06295015600006,0
                  98.4670879600001,8.06274401200005,0
                  98.467459954,8.06246027900005,0
                  98.467794896,8.06197269800003,0
                  98.4681057640001,8.06148521500006,0
                  98.4682715340001,8.06086637200002,0
                  98.4684920170001,8.06036127600004,0
                  98.4687304050001,8.05982007800003,0
                  98.468938854,8.05931500900004,0
                  98.46897369,8.05921353300005,0
                  98.4690874290001,8.05888222100003,0
                  98.4691399050001,8.05850388400006,0
                  98.4690601560001,8.05818016600006,0
                  98.468950384,8.05787458700007,0
                  98.468846957,8.05764099400005,0
                  98.4686894450001,8.05743165800004,0
                  98.4685802930001,8.05726411300003,0
                  98.468531193,8.05706027200006,0
                  98.4685418440001,8.05675411800007,0
                  98.468708296,8.05627917600003,0
                  98.468983247,8.05582773100002,0
                  98.46919275,8.05544069800004,0
                  98.4692106630001,8.05540760800005,0
                  98.469341554,8.05516580200003,0
                  98.469674776,8.05467725800003,0
                  98.469891923,8.05435889300003,0
                  98.470301099,8.05389355800003,0
                  98.4706139570001,8.05293832600006,0
                  98.4708793030001,8.05084461700005,0
                  98.4712180320001,8.05002238800006,0
                  98.4713692190001,8.04916252500004,0
                  98.471670428,8.04834025000002,0
                  98.471897809,8.04658303200006,0
                  98.4718239850001,8.04564809200002,0
                  98.4715998950001,8.04486253400006,0
                  98.4711129920001,8.04422621300006,0
                  98.470775868,8.04381444900002,0
                  98.4705899320001,8.04254281700003,0
                  98.470628709,8.04157062700006,0
                  98.4708549760001,8.04067346800002,0
                  98.4708186220001,8.03977597100004,0
                  98.470556925,8.03906515000006,0
                  98.4695074700001,8.03827852700005,0
                  98.4686075020001,8.03794082200005,0
                  98.467368418,8.03827897000002,0
                  98.4664506930001,8.03827778000004,0
                  98.4657365080001,8.03858175800002,0
                  98.465379016,8.03903864900008,0
                  98.465276181,8.03969914500004,0
                  98.4652747160001,8.04081712600004,0
                  98.4652734520001,8.04178265700006,0
                  98.4653230380001,8.04284988800003,0
                  98.4651686170001,8.04396767100008,0
                  98.4647594,8.04498348800007,0
                  98.464503139,8.04599950200003,0
                  98.4640945190001,8.04655796200007,0
                  98.463124652,8.04742059200004,0
                  98.4622058350001,8.04823246700005,0
                  98.4612876190001,8.04858698600003,0
                  98.4608793250001,8.04889135400003,0
                  98.4597057730001,8.04955043800004,0
                  98.4590934010001,8.04995617000003,0
                  98.4583741970001,8.05133754300005,0
                  98.4584172630001,8.05133724100006,0
                  98.4584034120001,8.05136683900002,0
                  98.4578831580001,8.05213768500005,0
                  98.4575547040001,8.05271552000005,0
                  98.457126423,8.05382206000007,0
                  98.4568664070001,8.05484973800003,0
                  98.456786987,8.05586452300003,0
                  98.456726216,8.05699921300004,0
                  98.4566449200001,8.05762378500003,0
                  98.4565398970001,8.05832046600005,0
                  98.4563881560001,8.05931740300002,0
                  98.4563662420001,8.05976759700008,0
                  98.456422923,8.06028342800005,0
                  98.4565820070001,8.06088537400007,0
                  98.456603279,8.06098615400003,0
                  98.4568824390001,8.06144092600005,0
                  98.457257924,8.06189524500007,0
                  98.4583113990001,8.06311446900003,0
                  98.4584566110001,8.06326380400003,0
                  98.4586195970001,8.06335305500005,0
                  98.4588367110001,8.06343005700006,0
                  98.459198374,8.06351839500007,0
                  98.459891166,8.06360520900006,0
                  98.4603305240001,8.06357318600004,0
                  98.4610643520001,8.06342580700004,0
                  98.4615391020001,8.06323761900006,0
                  98.4623626590001,8.06296381900006,0
                  98.4625606650001,8.06281890300005,0
                  98.4627531850001,8.06278801400003,0
                </coordinates>
                    
              </LinearRing>
                
            </outerBoundaryIs>
            
          </Polygon>
            
          <Polygon>
                
            <outerBoundaryIs>
                    
              <LinearRing>
                        
                <coordinates>
                        
                  98.450552906,8.05783826300006,0
                  98.450581803,8.05714167800005,0
                  98.4505123170001,8.05696398700007,0
                  98.450387854,8.05633937800008,0
                  98.4500750400001,8.05600592200005,0
                  98.4496157550001,8.05588041800007,0
                  98.449093567,8.05594215900004,0
                  98.4487172280001,8.05625387700007,0
                  98.4484243430001,8.05662815000005,0
                  98.448235933,8.05696093100005,0
                  98.4480477490001,8.05712719600007,0
                  98.447567215,8.05727225200008,0
                  98.4470868210001,8.05731323400005,0
                  98.4461677990001,8.05739525400003,0
                  98.44561509,8.05737047200006,0
                  98.4453961350001,8.05721032600007,0
                  98.4453731130001,8.05720482000004,0
                  98.4453098430001,8.05719397200005,0
                  98.445212681,8.05724642000007,0
                  98.445138189,8.05726429900005,0
                  98.4450519490001,8.05725367000002,0
                  98.4449083920001,8.05725503200006,0
                  98.4447651950001,8.05729646400005,0
                  98.4446165630001,8.05737229400006,0
                  98.444387184,8.05740882000003,0
                  98.4442437220001,8.05742163300005,0
                  98.4441179610001,8.05748579700003,0
                  98.4440098840001,8.05760131200003,0
                  98.4438296490001,8.05780468400008,0
                  98.4437740320001,8.05788138000003,0
                  98.4437471100001,8.05799299600005,0
                  98.443746897,8.05799388100007,0
                  98.443739468,8.05806209700006,0
                  98.4437360890001,8.05813428800008,0
                  98.443725138,8.05825866300006,0
                  98.443702138,8.05838314500005,0
                  98.443683004,8.05849156100004,0
                  98.4436632620001,8.05853183300007,0
                  98.4435155960001,8.05865750200007,0
                  98.4433921350001,8.05879095300003,0
                  98.4433048960001,8.05892806900005,0
                  98.4432530940001,8.05898067000004,0
                  98.4432533820001,8.05901273500007,0
                  98.4432619300001,8.05906877000007,0
                  98.443246458,8.05913706300004,0
                  98.443203021,8.05922565800006,0
                  98.4430114950001,8.05939181900004,0
                  98.4427843590001,8.05962244400007,0
                  98.4426450350001,8.05978008900007,0
                  98.4426059840001,8.05990872100006,0
                  98.4425993200001,8.06006109500004,0
                  98.4426325030001,8.06017300800005,0
                  98.442725818,8.06026430800006,0
                  98.4429355570001,8.06033446600003,0
                  98.443270376,8.06045153400004,0
                  98.4434685210001,8.06057390200004,0
                  98.4435821820001,8.06069306700005,0
                  98.443607328,8.06080504900007,0
                  98.4435956990001,8.06085325600003,0
                  98.4435757730001,8.06087348500006,0
                  98.4435356000001,8.06087787500007,0
                  98.4434874240001,8.06088634500003,0
                  98.443471591,8.06091455100005,0
                  98.443492312,8.06098249000007,0
                  98.443549434,8.06107412900008,0
                  98.4435863790001,8.06115794400006,0
                  98.4436439720001,8.06130168100003,0
                  98.44368939,8.06143350900004,0
                  98.4437226370001,8.06155342700004,0
                  98.44376393,8.06167326800005,0
                  98.443861514,8.06179257400004,0
                  98.443986953,8.06187955500008,0
                  98.444148941,8.06200626400005,0
                  98.4443145480001,8.06208885500007,0
                  98.4444802310001,8.06217945900005,0
                  98.44453293,8.06222705300007,0
                  98.4445323470001,8.06222979800003,0
                  98.4445261120001,8.06225914300006,0
                  98.444745508,8.06229733400005,0
                  98.445110211,8.06237361500007,0
                  98.445394917,8.06245064900003,0
                  98.4455755530001,8.06252069700002,0
                  98.4458246520001,8.06264192300006,0
                  98.446021359,8.06271979000007,0
                  98.446193925,8.06278194100003,0
                  98.4463223120001,8.06282457700007,0
                  98.446438986,8.06289921700005,0
                  98.446691865,8.06299648300006,0
                  98.446864357,8.06305066000004,0
                  98.4469969930001,8.06312116200007,0
                  98.4472222300001,8.06325855500006,0
                  98.4472986160001,8.06330168200003,0
                  98.4475072650001,8.06332905100004,0
                  98.4476670660001,8.06335001300005,0
                  98.447911413,8.06338756300005,0
                  98.4480676920001,8.06341797100004,0
                  98.4481240790001,8.06346128700005,0
                  98.4481685630001,8.06351667800004,0
                  98.4482054540001,8.06361598900003,0
                  98.4482141840001,8.06363195300003,0
                  98.448270515,8.06373496600003,0
                  98.4483313980001,8.06383404700006,0
                  98.4484243150001,8.06393681400004,0
                  98.4484887710001,8.06398802300004,0
                  98.4487214320001,8.06406155900004,0
                  98.4489903030001,8.06415866900005,0
                  98.449302134,8.06426028600004,0
                  98.4493112420001,8.06426325500007,0
                  98.4497123530001,8.06438701200005,0
                  98.449880593,8.06441332200006,0
                  98.4499244150001,8.06439297500003,0
                  98.4499560260001,8.06434882600007,0
                  98.45003044,8.06416873700005,0
                  98.450031374,8.06416576400005,0
                  98.450069349,8.06404479200006,0
                  98.4500997680001,8.06386511500006,0
                  98.4501703930001,8.06370897500005,0
                  98.4502688100001,8.06352865100007,0
                  98.450391439,8.06337201300005,0
                  98.450498279,8.06323944200005,0
                  98.4505729470001,8.06308724400003,0
                  98.4505881730001,8.06299939400003,0
                  98.45058844,8.06299320100004,0
                  98.4505981400001,8.06276807200004,0
                  98.4506037940001,8.06250090600003,0
                  98.4505942810001,8.06232956500003,0
                  98.4505690860001,8.06219425200004,0
                  98.4505042070001,8.06209519700008,0
                  98.45044375,8.06204394200006,0
                  98.4503868360001,8.06194082000007,0
                  98.450368929,8.06186948900006,0
                  98.450367892,8.06184697800006,0
                  98.4503645840001,8.06177518000004,0
                  98.4503919300001,8.06169454600007,0
                  98.450422931,8.06163135100007,0
                  98.450425738,8.06155095100007,0
                  98.4504148120001,8.06150562600004,0
                  98.450389633,8.06143247900008,0
                  98.4503399930001,8.06137005000005,0
                  98.450264905,8.06126817500007,0
                  98.4502403750001,8.06120675000005,0
                  98.4502436710001,8.06112882700006,0
                  98.450238932,8.06104514300006,0
                  98.450218297,8.06097357100003,0
                  98.4501976990001,8.06090598500003,0
                  98.4501921020001,8.06087525100003,0
                  98.4498829490001,8.06070712800005,0
                  98.4493506060001,8.06033153600004,0
                  98.4490533850001,8.05992502300006,0
                  98.4490224630001,8.05961258300005,0
                  98.4490228230001,8.05934704700007,0
                  98.449038811,8.05911277100006,0
                  98.4491801330001,8.05890990200004,0
                  98.44943112,8.05873842200003,0
                  98.4497916820001,8.05866080700002,0
                  98.4501827730001,8.05850549800005,0
                  98.4501836950001,8.05850513300004,0
                  98.4502050710001,8.05847327000004,0
                  98.4503962640001,8.05818826400002,0
                  98.450552906,8.05783826300006,0
                </coordinates>
                    
              </LinearRing>
                
            </outerBoundaryIs>
            
          </Polygon>
            
          <Polygon>
                
            <outerBoundaryIs>
                    
              <LinearRing>
                        
                <coordinates>
                        
                  98.4577830860001,8.09473397400006,0
                  98.457436601,8.09467810700005,0
                  98.457145531,8.09471899700003,0
                  98.4569930650001,8.09484316400005,0
                  98.4569095510001,8.09513307300006,0
                  98.456909518,8.09515734500008,0
                  98.4569093220001,8.09515797500006,0
                  98.456909065,8.09535006000004,0
                  98.456909045,8.09536488400005,0
                  98.457019571,8.09566916300003,0
                  98.4571303740001,8.09573826300004,0
                  98.4572270240001,8.09577967400003,0
                  98.457313975,8.09579064900004,0
                  98.4574488440001,8.09580767200003,0
                  98.4576981290001,8.09579444900004,0
                  98.4579339540001,8.09569805900003,0
                  98.4580311300001,8.09553253700005,0
                  98.458059382,8.09522844600002,0
                  98.4580577150001,8.09522357100008,0
                  98.4580596100001,8.09520356000007,0
                  98.4579491200001,8.09487212100004,0
                  98.457943464,8.09486741600006,0
                  98.457912519,8.09484166700003,0
                  98.4577830860001,8.09473397400006,0
                </coordinates>
                    
              </LinearRing>
                
            </outerBoundaryIs>
            
          </Polygon>
            
          <Polygon>
                
            <outerBoundaryIs>
                    
              <LinearRing>
                        
                <coordinates>
                        
                  98.4158825410001,8.10029210400006,0
                  98.4158781880001,8.10026415800007,0
                  98.4158827560001,8.10026723100003,0
                  98.4158326560001,8.09994561900004,0
                  98.4158349560001,8.09991341900007,0
                  98.4158441230001,8.09978495200005,0
                  98.415861217,8.09972845400006,0
                  98.4158594740001,8.09971006100005,0
                  98.4158614450001,8.09970354400002,0
                  98.4158195520001,8.09926760800005,0
                  98.4158058400001,8.09923865800005,0
                  98.4158023560001,8.09923605000006,0
                  98.4157911140001,8.09922763300005,0
                  98.4156855430001,8.09909867400006,0
                  98.415603548,8.09894046500006,0
                  98.415599682,8.09880775700003,0
                  98.4155995350001,8.09880270900004,0
                  98.415598694,8.09880089700005,0
                  98.415521604,8.09855148200006,0
                  98.4155148140001,8.09854414000006,0
                  98.4154383570001,8.09846149200007,0
                  98.4154345810001,8.09845309900004,0
                  98.4154115690001,8.09840195400005,0
                  98.4154009960001,8.09836420100004,0
                  98.4153840280001,8.09826627400003,0
                  98.4153846400001,8.09822882500004,0
                  98.4153813130001,8.09821407400005,0
                  98.4153768360001,8.09814336400007,0
                  98.415369819,8.09803255700007,0
                  98.415358488,8.09792382800003,0
                  98.415358241,8.09792145600005,0
                  98.415218806,8.09767145100005,0
                  98.4152167180001,8.09766962900005,0
                  98.4151989330001,8.09765410700004,0
                  98.4151701060001,8.09762895600005,0
                  98.415145985,8.09764984800006,0
                  98.4151102750001,8.09781317800002,0
                  98.415112934,8.09782494400002,0
                  98.4151101590001,8.09783764400004,0
                  98.415110064,8.09783808300006,0
                  98.4151298770001,8.09792535000003,0
                  98.4151368720001,8.09795615900003,0
                  98.4151174580001,8.09814163200002,0
                  98.4151187410001,8.09815206800005,0
                  98.4151172460001,8.09816652500007,0
                  98.415150462,8.09843135500006,0
                  98.4151342550001,8.09851476400007,0
                  98.4151367950001,8.09852544500006,0
                  98.4151343460001,8.09853801900005,0
                  98.4151340240001,8.09853967400005,0
                  98.415136676,8.09855071200008,0
                  98.415143077,8.09857736100003,0
                  98.415126064,8.09867020900003,0
                  98.4151274590001,8.09868629600004,0
                  98.4151258520001,8.09869510300007,0
                  98.4151322540001,8.09876788100007,0
                  98.4151022570001,8.09904669800005,0
                  98.4151038090001,8.09905530900005,0
                  98.415102065,8.09907160800003,0
                  98.4151098090001,8.09911367000007,0
                  98.4151152790001,8.09914338200002,0
                  98.41522653,8.09946523800005,0
                  98.4152890440001,8.09960551900002,0
                  98.415683126,8.10010463600003,0
                  98.4158148340001,8.10024617800002,0
                  98.4158825410001,8.10029210400006,0
                </coordinates>
                    
              </LinearRing>
                
            </outerBoundaryIs>
            
          </Polygon>
            
          <Polygon>
                
            <outerBoundaryIs>
                    
              <LinearRing>
                        
                <coordinates>
                        
                  98.4048358940001,8.10751299600003,0
                  98.404970764,8.10725351400004,0
                  98.4051224510001,8.10697732100004,0
                  98.4052151800001,8.10679317200004,0
                  98.405240598,8.10664246000005,0
                  98.4051315090001,8.10652504700005,0
                  98.404938321,8.10644100700006,0
                  98.4047786950001,8.10640723100005,0
                  98.4045601500001,8.10641532700004,0
                  98.4044844850001,8.10641521700006,0
                  98.404358512,8.10636475300004,0
                  98.404291372,8.10628924800005,0
                  98.404232645,8.10619704600003,0
                  98.4041402860001,8.10612992300003,0
                  98.4040059540001,8.10603758100007,0
                  98.403880056,8.10592851600006,0
                  98.403762542,8.10580268000007,0
                  98.4036954620001,8.10571044800002,0
                  98.4035694340001,8.10567675800007,0
                  98.4035441400001,8.10566728300006,0
                  98.4034686090001,8.10565986900002,0
                  98.4031660680001,8.10560079800007,0
                  98.4029476380001,8.10554184400007,0
                  98.4027207890001,8.10548287800003,0
                  98.4025780270001,8.10541564700003,0
                  98.4023728640001,8.10533961100003,0
                  98.4023511840001,8.10533157600003,0
                  98.4022587800001,8.10529791700003,0
                  98.401989826,8.10529752200006,0
                  98.4016284400001,8.10527187400004,0
                  98.4014267780001,8.10523807800007,0
                  98.401267117,8.10520432400006,0
                  98.4011747340001,8.10515394000004,0
                  98.4009983820001,8.10506992500007,0
                  98.4006791580001,8.10493544600007,0
                  98.4004860160001,8.10480948900005,0
                  98.400183842,8.10453266800005,0
                  98.400074879,8.10433986100003,0
                  98.3999657400001,8.10425593800005,0
                  98.3998229410001,8.10420544400006,0
                  98.399570839,8.10416320200005,0
                  98.399285229,8.10404552800003,0
                  98.3992352330001,8.10402167000007,0
                  98.399201109,8.10408727900005,0
                  98.3991000350001,8.10423792700004,0
                  98.3990492520001,8.10448909100006,0
                  98.398981527,8.10480727500004,0
                  98.3989389610001,8.10517578300005,0
                  98.3989971490001,8.10560302400006,0
                  98.3991225230001,8.10608903000002,0
                  98.399231323,8.10640751000005,0
                  98.3993068030001,8.10651650700004,0
                  98.399491486,8.10665078200003,0
                  98.399835905,8.10679366300008,0
                  98.3999703600001,8.10680227900002,0
                  98.4001552020001,8.10685278900007,0
                  98.4005582460001,8.10712979100003,0
                  98.4009192440001,8.10742350000004,0
                  98.4010535420001,8.10753257800008,0
                  98.4012971860001,8.10761669400006,0
                  98.401599757,8.10762552500006,0
                  98.401801875,8.10754528300004,0
                  98.401810003,8.10754205700005,0
                  98.402045441,8.10747538300006,0
                  98.4023143510001,8.10750930600005,0
                  98.402541123,8.10761851900003,0
                  98.4029192340001,8.10771121600004,0
                  98.4030032420001,8.10774483600005,0
                  98.4033308590001,8.10785419200005,0
                  98.4036752900001,8.10799711800007,0
                  98.4039273000001,8.10808120900003,0
                  98.4039733600001,8.10809749200007,0
                  98.404070124,8.10813170100005,0
                  98.4042887090001,8.10809852400007,0
                  98.4043353540001,8.10807148900005,0
                  98.404490593,8.10798151900002,0
                  98.404692573,8.10780595000006,0
                  98.4048358940001,8.10751299600003,0
                </coordinates>
                    
              </LinearRing>
                
            </outerBoundaryIs>
            
          </Polygon>
            
          <Polygon>
                
            <outerBoundaryIs>
                    
              <LinearRing>
                        
                <coordinates>
                        
                  98.423131385,8.11389181800007,0
                  98.42312559,8.11388918400007,0
                  98.4229994930001,8.11391891300002,0
                  98.4229153310001,8.11397862800004,0
                  98.4227890920001,8.11411007800007,0
                  98.4227768360001,8.11428355500004,0
                  98.422776674,8.11428685600004,0
                  98.422770626,8.11441518700008,0
                  98.4227283120001,8.11461855300007,0
                  98.4227018020001,8.11468050600007,0
                  98.42272195,8.11486383300007,0
                  98.4227577560001,8.11501942300004,0
                  98.4227334050001,8.11525277100003,0
                  98.4228169250001,8.11562977500006,0
                  98.4229185770001,8.11590514900007,0
                  98.423074376,8.11613269800006,0
                  98.4232781810001,8.11636635700006,0
                  98.423392316,8.11654954300008,0
                  98.4234759170001,8.11663586900005,0
                  98.4236736190001,8.11692331200004,0
                  98.4237454760001,8.11706701500003,0
                  98.4237931330001,8.11733031200004,0
                  98.423846751,8.11760562700005,0
                  98.423882469,8.11782103600007,0
                  98.4239362070001,8.11801859300004,0
                  98.423956693,8.11810063900003,0
                  98.4240259680001,8.11825205300005,0
                  98.4241157740001,8.11841369700005,0
                  98.42418166,8.11853943700004,0
                  98.424217572,8.11859931100003,0
                  98.4242595600001,8.11864123200007,0
                  98.4242856660001,8.11858651500006,0
                  98.4243679510001,8.11841405400003,0
                  98.4244043400001,8.11821131700003,0
                  98.424392299,8.11818075700006,0
                  98.4243445060001,8.11801917100007,0
                  98.424422737,8.11787567200003,0
                  98.4244676000001,8.11780526900003,0
                  98.4244769570001,8.11773815600003,0
                  98.4244654720001,8.11736716200005,0
                  98.4243398620001,8.11704392700005,0
                  98.4242253560001,8.11686263300004,0
                  98.4242385190001,8.11686139800003,0
                  98.4241781160001,8.11679839400006,0
                  98.4240643790001,8.11657686900003,0
                  98.42396877,8.11624767600006,0
                  98.4238851970001,8.11590651800003,0
                  98.423855298,8.11583467600008,0
                  98.4238554090001,8.11575691900003,0
                  98.4238676910001,8.11556546500003,0
                  98.423863827,8.11541155500004,0
                  98.423844058,8.11530216400007,0
                  98.4237962280001,8.11515852900004,0
                  98.4237422310001,8.11511655000004,0
                  98.4237243300001,8.11504472500008,0
                  98.423754461,8.11496104600008,0
                  98.4237666160001,8.11485932000005,0
                  98.4237779490001,8.11477895600007,0
                  98.423778767,8.11475765200004,0
                  98.4237729960001,8.11460806900004,0
                  98.423743169,8.11445843600006,0
                  98.423665353,8.11429677900003,0
                  98.423545527,8.11412311100003,0
                  98.423383534,8.11404512200005,0
                  98.4232576100001,8.11394921500005,0
                  98.423131385,8.11389181800007,0
                </coordinates>
                    
              </LinearRing>
                
            </outerBoundaryIs>
            
          </Polygon>
            
          <Polygon>
                
            <outerBoundaryIs>
                    
              <LinearRing>
                        
                <coordinates>
                        
                  98.3561150630001,8.13085832000007,0
                  98.3560250930001,8.13085177300007,0
                  98.3560028780001,8.13086059200003,0
                  98.355960779,8.13087730200004,0
                  98.3559526320001,8.13088853400006,0
                  98.355941627,8.13090370200007,0
                  98.3559220760001,8.13094131300005,0
                  98.355883356,8.13105013000006,0
                  98.355883142,8.13118464800004,0
                  98.355921433,8.13134482000004,0
                  98.3560497500001,8.13149878300004,0
                  98.3561406220001,8.13157035600005,0
                  98.3561845940001,8.13159505700003,0
                  98.3562873530001,8.13166569500004,0
                  98.356370843,8.13170427400007,0
                  98.3564036080001,8.13172765600007,0
                  98.3564158060001,8.13173635900006,0
                  98.356457505,8.13177163000006,0
                  98.356499263,8.13179414600006,0
                  98.3565634030001,8.13187752800008,0
                  98.356627615,8.13190966200006,0
                  98.3566475220001,8.13190561400006,0
                  98.3567241690001,8.13185214400005,0
                  98.3567114780001,8.13174964600006,0
                  98.3566731700001,8.13158946800007,0
                  98.3565836230001,8.13130105600004,0
                  98.3564682240001,8.13110869500002,0
                  98.3563527690001,8.13096117600003,0
                  98.3562371350001,8.13089056800004,0
                  98.3561150630001,8.13085832000007,0
                </coordinates>
                    
              </LinearRing>
                
            </outerBoundaryIs>
            
          </Polygon>
            
          <Polygon>
                
            <outerBoundaryIs>
                    
              <LinearRing>
                        
                <coordinates>
                        
                  98.359072466,8.13632988500007,0
                  98.359068188,8.13627334400007,0
                  98.3590563340001,8.13612877800006,0
                  98.359015458,8.13597206000003,0
                  98.358977011,8.13583708000004,0
                  98.3589457240001,8.13574306700002,0
                  98.35890722,8.13562975800005,0
                  98.3588734830001,8.13554535100008,0
                  98.3588396920001,8.13551879900007,0
                  98.358772307,8.13553487000007,0
                  98.3587695090001,8.13553553700007,0
                  98.3587452740001,8.13557889500004,0
                  98.3587427470001,8.13565358500006,0
                  98.358735483,8.13569118400005,0
                  98.3587336620001,8.13570060700005,0
                  98.358729839,8.13569908800002,0
                  98.3587377690001,8.13574516200003,0
                  98.358769018,8.13584396600004,0
                  98.3588148840001,8.13589947200006,0
                  98.358870417,8.13595497400007,0
                  98.3589017630001,8.13602248700005,0
                  98.358923432,8.13607312900007,0
                  98.3589330190001,8.13612858300007,0
                  98.3589305930001,8.13612934300005,0
                  98.358930533,8.13616709400003,0
                  98.3589425490001,8.13621532300004,0
                  98.358973904,8.13627079500003,0
                  98.3589979420001,8.13630286500006,0
                  98.359002843,8.13630940300004,0
                  98.359006885,8.13631533500006,0
                  98.35900689,8.13631216600004,0
                  98.3590438900001,8.13635281900002,0
                  98.359060556,8.13636051100002,0
                  98.359072466,8.13632988500007,0
                </coordinates>
                    
              </LinearRing>
                
            </outerBoundaryIs>
            
          </Polygon>
            
          <Polygon>
                
            <outerBoundaryIs>
                    
              <LinearRing>
                        
                <coordinates>
                        
                  98.2976373720001,8.19908823900005,0
                  98.2976719960001,8.19906367100003,0
                  98.298362636,8.19884605800007,0
                  98.2984474,8.19883928700006,0
                  98.2985958260001,8.19877885200003,0
                  98.298991228,8.19862038700006,0
                  98.2996640420001,8.19847919200004,0
                  98.3000927840001,8.19847155900004,0
                  98.3003365600001,8.19848036000008,0
                  98.3005804080001,8.19846404500004,0
                  98.300656313,8.19833012100003,0
                  98.3008079240001,8.19815449300006,0
                  98.3010689560001,8.19792042000006,0
                  98.3014053780001,8.19782886500008,0
                  98.3018511700001,8.19770401300002,0
                  98.302011221,8.19751164700006,0
                  98.3021047710001,8.19689199900006,0
                  98.3021216170001,8.19646419900005,0
                  98.302074583,8.19621163600004,0
                  98.301954606,8.19623841400005,0
                  98.3018453560001,8.19621310700006,0
                  98.301753176,8.19605378600005,0
                  98.3015857600001,8.19562633200007,0
                  98.301468996,8.19509846200003,0
                  98.301309663,8.19486365200004,0
                  98.301259358,8.19479653600007,0
                  98.3013268590001,8.19464590300004,0
                  98.3013607350001,8.19451197800004,0
                  98.301293935,8.19424380600003,0
                  98.3011934210001,8.19403422800002,0
                  98.3009920980001,8.19378259400003,0
                  98.3005972590001,8.19362279200004,0
                  98.300109966,8.19345441700005,0
                  98.2995554650001,8.19324407300007,0
                  98.2992698,8.19316818500005,0
                  98.2991101740001,8.19310088800006,0
                  98.2989084600001,8.19307540600005,0
                  98.2987571150001,8.19308352500008,0
                  98.2985469270001,8.19309152800002,0
                  98.298437843,8.19298245500005,0
                  98.2984299680001,8.19267253300006,0
                  98.2985311410001,8.19251355300003,0
                  98.2987834910001,8.19243864500004,0
                  98.298951839,8.19229652300004,0
                  98.299019457,8.19209562500004,0
                  98.2989610880001,8.19181073000004,0
                  98.2988942840001,8.19157611300005,0
                  98.298776838,8.19143347800002,0
                  98.298541603,8.19133257300007,0
                  98.2984156840001,8.19124021700003,0
                  98.298365505,8.19107264400003,0
                  98.2984582920001,8.19089689300006,0
                  98.2986769720001,8.19083863700007,0
                  98.2988957060001,8.19076365300003,0
                  98.2993661960001,8.19090686600003,0
                  98.29954265,8.19096579600006,0
                  98.2996603080001,8.19098275500005,0
                  98.2997193200001,8.19089073000004,0
                  98.2998454790001,8.19085743900007,0
                  98.3000974670001,8.19098351300005,0
                  98.300584675,8.19120211400002,0
                  98.300828085,8.19142030100005,0
                  98.3011136440001,8.19157158800004,0
                  98.3013153900001,8.19158031100005,0
                  98.301449883,8.19158054400003,0
                  98.301609537,8.19163104600005,0
                  98.3018529920001,8.19183249800005,0
                  98.3021130760001,8.19212610900007,0
                  98.3023732030001,8.19241133000003,0
                  98.3025997440001,8.19265465800004,0
                  98.3028514440001,8.19295661200005,0
                  98.303044518,8.19312443900003,0
                  98.3031281790001,8.19333401800003,0
                  98.303254435,8.19326721700003,0
                  98.3035658480001,8.19304999300005,0
                  98.304591266,8.19281828300007,0
                  98.3046424250001,8.19275867800008,0
                  98.3048359940001,8.19264176200005,0
                  98.3050798350001,8.19260028000002,0
                  98.3052396940001,8.19253353600004,0
                  98.305703006,8.19198154700007,0
                  98.3061999650001,8.19142120700008,0
                  98.3067894420001,8.19084426900002,0
                  98.3072189950001,8.19039273300007,0
                  98.307395903,8.19015848400005,0
                  98.3077072660001,8.18999990300006,0
                  98.30789273,8.18968194400003,0
                  98.3080361180001,8.18941415600005,0
                  98.3081879490001,8.18911288000004,0
                  98.3084492830001,8.18869453800005,0
                  98.308639713,8.18829906500002,0
                  98.3086604120001,8.18813370000004,0
                  98.3086609760001,8.18780705300003,0
                  98.308594224,8.18753053100005,0
                  98.308518759,8.18741315400007,0
                  98.308434773,8.18736273300004,0
                  98.3083002750001,8.18737087200003,0
                  98.3081909270001,8.18738743900008,0
                  98.3081488280001,8.18744599800004,0
                  98.3080730250001,8.18751288700003,0
                  98.307980564,8.18750433000002,0
                  98.3079051650001,8.18736182500004,0
                  98.3079474470001,8.18721114200002,0
                  98.3081157300001,8.18713604700002,0
                  98.308334454,8.18703590700005,0
                  98.308418751,8.18691039000004,0
                  98.308536658,8.18678495500006,0
                  98.3087468690001,8.18675183800002,0
                  98.3089066370001,8.18673535100004,0
                  98.3091087060001,8.18655979500005,0
                  98.3092263930001,8.18655999600003,0
                  98.309335515,8.18665232100005,0
                  98.3093772350001,8.18681993600006,0
                  98.309460991,8.18700431300005,0
                  98.309561747,8.18707986700002,0
                  98.3096711640001,8.18699628900004,0
                  98.3123024990001,8.18697568300007,0
                  98.312579638,8.18714367100006,0
                  98.31292432,8.18712750300006,0
                  98.3132354700001,8.18706938600008,0
                  98.3135467480001,8.18694429100003,0
                  98.3138216070001,8.18681321600008,0
                  98.314177079,8.18674637800007,0
                  98.3145031780001,8.18668506700004,0
                  98.314555103,8.18664795000007,0
                  98.3149178530001,8.18638865900004,0
                  98.314954814,8.18638915300005,0
                  98.315069512,8.18633225200006,0
                  98.3153510020001,8.18611859800006,0
                  98.315508004,8.18604531100004,0
                  98.316159988,8.18574096500004,0
                  98.3161888230001,8.18562681000003,0
                  98.3165596000001,8.18510812500006,0
                  98.3167365260001,8.18481014400004,0
                  98.3172742530001,8.18412566700005,0
                  98.3175030820001,8.18397895100003,0
                  98.3176334980001,8.18397917100003,0
                  98.3178996080001,8.18366898500005,0
                  98.3179661890001,8.18352746900007,0
                  98.318117961,8.18327643900005,0
                  98.3183115680001,8.18311763300005,0
                  98.3188583360001,8.18290911900004,0
                  98.3196824600001,8.18275976600006,0
                  98.3199423400001,8.18273429700002,0
                  98.319951508,8.18272671800003,0
                  98.320077924,8.18255103600006,0
                  98.3201287750001,8.18230820400004,0
                  98.320104325,8.18184751200005,0
                  98.320113855,8.18119417800006,0
                  98.3202239920001,8.18068344600005,0
                  98.3203841800001,8.18041567200004,0
                  98.3206029080001,8.18031551500007,0
                  98.320821648,8.18021538600004,0
                  98.3209563290001,8.18009835200007,0
                  98.3210491,8.17992261000006,0
                  98.3211503270001,8.17972176200004,0
                  98.32131022,8.17962989300003,0
                  98.3215961920001,8.17953824100005,0
                  98.3216298560001,8.17951317800004,0
                  98.3216049530001,8.17933723300007,0
                  98.32163911,8.17901064100005,0
                  98.3218750990001,8.17865922300007,0
                  98.322304397,8.17831654200006,0
                  98.322784009,8.17805769200004,0
                  98.3230866120001,8.17807493400005,0
                  98.3232126380001,8.17811704200005,0
                  98.3232882300001,8.17815067400005,0
                  98.323355559,8.17811728100003,0
                  98.32356587,8.17802549600003,0
                  98.323591208,8.17795014700005,0
                  98.3236333930001,8.17784972900006,0
                  98.323919425,8.17773292800007,0
                  98.3244661910001,8.17753283600007,0
                  98.3245336560001,8.17739051300003,0
                  98.3246095440001,8.17726503500006,0
                  98.324836727,8.17715652100003,0
                  98.3250637800001,8.17709829500006,0
                  98.3259641060001,8.17660560700006,0
                  98.3268812850001,8.17607944100007,0
                  98.3272936270001,8.17582048100007,0
                  98.3275374240001,8.17582088700004,0
                  98.327641418,8.17582451400006,0
                  98.3276467190001,8.17581266400003,0
                  98.327739523,8.17562021000003,0
                  98.3278742780001,8.17546128200007,0
                  98.3280846860001,8.17530247400003,0
                  98.3282867200001,8.17514368600007,0
                  98.328488668,8.17502673200005,0
                  98.3287241610001,8.17496850000003,0
                  98.3289761440001,8.17508617700003,0
                  98.329228265,8.17513686600006,0
                  98.3294468010001,8.17515397900007,0
                  98.3296403590001,8.17502864300008,0
                  98.3298759670001,8.17487827200006,0
                  98.330036136,8.17461887800005,0
                  98.330381731,8.17404992000007,0
                  98.3304913140001,8.17389092000008,0
                  98.3305838050001,8.17385759100006,0
                  98.3306847360001,8.17385775800005,0
                  98.3307772780001,8.17378251900004,0
                  98.3309037640001,8.17356496600007,0
                  98.3314591920001,8.17318895400007,0
                  98.3319052450001,8.17289653100005,0
                  98.332292442,8.17259565300003,0
                  98.332612408,8.17226949300004,0
                  98.3327552490001,8.17230324300004,0
                  98.333041037,8.17232047000005,0
                  98.3333858230001,8.17225401800005,0
                  98.3337474260001,8.17217084000004,0
                  98.334142517,8.17217149000004,0
                  98.3347391710001,8.17228977000002,0
                  98.335176297,8.17230723000006,0
                  98.3355292130001,8.17239158400002,0
                  98.3358736310001,8.17255127000004,0
                  98.3361928130001,8.17270257000007,0
                  98.3362684290001,8.17272781800006,0
                  98.336719111,8.17292953100002,0
                  98.3367723800001,8.17298831700003,0
                  98.3370211590001,8.17289283500003,0
                  98.3371224750001,8.17271852100004,0
                  98.3372310450001,8.17248733000002,0
                  98.3372814040001,8.17238009300007,0
                  98.337416907,8.17218113200005,0
                  98.337556324,8.17197642300005,0
                  98.3376042,8.17187971600003,0
                  98.3376681610001,8.17175051700002,0
                  98.3377230040001,8.17162261200002,0
                  98.3378651940001,8.17136512100006,0
                  98.337943839,8.17122270500005,0
                  98.3380160580001,8.17111125000002,0
                  98.3380981760001,8.17098452100004,0
                  98.3383349680001,8.17061909100005,0
                  98.3384666420001,8.17037193500005,0
                  98.3384967570001,8.17026262000007,0
                  98.3385101580001,8.17021397600007,0
                  98.3385288810001,8.17014601100004,0
                  98.3386096720001,8.16996356400006,0
                  98.3387111060001,8.16973449500006,0
                  98.338931185,8.16926201500007,0
                  98.3389350850001,8.16925282600005,0
                  98.338951051,8.16921521600005,0
                  98.3390402730001,8.16900504100005,0
                  98.339200685,8.16856976700006,0
                  98.3392186900001,8.16785784200005,0
                  98.339177469,8.16734685600005,0
                  98.3391471780001,8.16716989900004,0
                  98.339139001,8.16712216500002,0
                  98.339135866,8.16710385700003,0
                  98.3391112570001,8.16671851800004,0
                  98.3391206860001,8.16611548200007,0
                  98.3391641840001,8.16521094500007,0
                  98.3391400390001,8.16456594800007,0
                  98.339066023,8.16356071300004,0
                  98.3390730990001,8.16350504100006,0
                  98.3391233580001,8.16333085100007,0
                  98.339177744,8.16314235000004,0
                  98.339267168,8.16278841100007,0
                  98.3393409170001,8.16256915300005,0
                  98.339426438,8.16223830000007,0
                  98.339419137,8.16198042400003,0
                  98.339419175,8.16195732900007,0
                  98.339492609,8.16193051000005,0
                  98.33956792,8.16193563400003,0
                  98.3396084620001,8.16194609200005,0
                  98.3396620840001,8.16197291500004,0
                  98.3397628390001,8.16202331900007,0
                  98.339890299,8.16202737500004,0
                  98.340002268,8.16201199500006,0
                  98.3400564290001,8.16200455400002,0
                  98.3400792400001,8.16199055600003,0
                  98.3401548470001,8.16194415400003,0
                  98.3402119830001,8.16188738100004,0
                  98.3403384250001,8.16170330500006,0
                  98.3406085940001,8.16096667600004,0
                  98.340895704,8.16017981500005,0
                  98.3410986960001,8.15941790700003,0
                  98.341142215,8.15853012500003,0
                  98.3412942690001,8.15805293900007,0
                  98.3413622150001,8.15763424600004,0
                  98.3412282260001,8.15733251300003,0
                  98.3410858870001,8.15697209700005,0
                  98.340985893,8.15644426200004,0
                  98.34086217,8.15578951400005,0
                  98.340802319,8.15553202500007,0
                  98.3407817680001,8.15544361400003,0
                  98.3407275650001,8.15526933400002,0
                  98.3406897230001,8.15504319500008,0
                  98.3406902720001,8.15470835500003,0
                  98.3406790990001,8.15385682700003,0
                  98.340680144,8.15321900400005,0
                  98.340672559,8.15271643700004,0
                  98.3406663820001,8.15135954100003,0
                  98.3407932980001,8.15085715200007,0
                  98.3409454490001,8.15034647500005,0
                  98.3410805340001,8.14997817700004,0
                  98.3411400530001,8.14958460700007,0
                  98.341242358,8.14869691900003,0
                  98.341319114,8.14801021200003,0
                  98.341421009,8.14738215000006,0
                  98.3417079440001,8.14667904000004,0
                  98.3418679930001,8.14648664900005,0
                  98.3423629600001,8.14510166900004,0
                  98.3424016740001,8.14507000700007,0
                  98.3426642690001,8.14510122100006,0
                  98.3428264600001,8.14512072900004,0
                  98.3428844460001,8.14510362000004,0
                  98.3430080850001,8.14506713900005,0
                  98.3430399850001,8.14504664500004,0
                  98.3431818650001,8.14490572200003,0
                  98.34340919,8.14467994900002,0
                  98.3436280820001,8.14448764400004,0
                  98.343905663,8.14435409500004,0
                  98.344468954,8.14430472700008,0
                  98.3451036900001,8.14423919500007,0
                  98.3452998720001,8.14423951100002,0
                  98.3454852450001,8.14425520600003,0
                  98.3455128620001,8.14426426200004,0
                  98.345697568,8.14432482600006,0
                  98.345781215,8.14432996300008,0
                  98.3458906710001,8.14433668300006,0
                  98.346291803,8.14431252300005,0
                  98.3463532850001,8.14430881900006,0
                  98.3464507840001,8.14430294800007,0
                  98.3465114630001,8.14428697900007,0
                  98.346756047,8.14422261400006,0
                  98.347003326,8.14417297800003,0
                  98.3470845240001,8.14411922700003,0
                  98.3471161100001,8.14408901600007,0
                  98.347165438,8.14404183700003,0
                  98.3471889730001,8.14401932700002,0
                  98.3472123280001,8.14390775000004,0
                  98.3472280010001,8.14376922200006,0
                  98.34729143,8.14368204500005,0
                  98.3473805300001,8.14356942200004,0
                  98.347475542,8.14352403100003,0
                  98.3475413090001,8.14349261300003,0
                  98.3475739990001,8.14346231000007,0
                  98.3475993330001,8.14343882500003,0
                  98.3476295880001,8.14298871300002,0
                  98.347638911,8.14285002800005,0
                  98.3476536210001,8.14217357200005,0
                  98.3476555560001,8.14208455100004,0
                  98.347656364,8.14173741200005,0
                  98.3476526100001,8.14154532000003,0
                  98.3477728620001,8.14122606600006,0
                  98.3478734330001,8.14113385800005,0
                  98.3479029970001,8.14111353400006,0
                  98.3479356390001,8.14109109300006,0
                  98.3479739690001,8.14106474200003,0
                  98.348008844,8.14099551900006,0
                  98.3480090050001,8.14089545200005,0
                  98.3479713570001,8.14029113800007,0
                  98.347948381,8.14016794100007,0
                  98.3479060820001,8.14005240900002,0
                  98.3478604940001,8.13958278700005,0
                  98.3478185850001,8.13922478600006,0
                  98.3478135430001,8.13915070600007,0
                  98.3477808590001,8.13867050300007,0
                  98.34778529,8.13857564400007,0
                  98.3477932530001,8.13840522900006,0
                  98.3478094480001,8.13825165700007,0
                  98.347833022,8.13802814200005,0
                  98.3477918240001,8.13752552000005,0
                  98.34769148,8.13720707000004,0
                  98.347507008,8.13692200400004,0
                  98.347280874,8.13640232900002,0
                  98.3472347330001,8.13634501600006,0
                  98.3472295380001,8.13633856200005,0
                  98.3471141530001,8.13619523100004,0
                  98.3470860990001,8.13616036800005,0
                  98.3470040750001,8.13605844400007,0
                  98.3469888980001,8.13605276200008,0
                  98.3469837120001,8.13605082100003,0
                  98.346824832,8.13587492600004,0
                  98.3467086680001,8.13579389600005,0
                  98.346445584,8.13570189000006,0
                  98.346376423,8.13565770000002,0
                  98.3462998670001,8.13563719000007,0
                  98.346211317,8.13567665700003,0
                  98.346178997,8.13565510900003,0
                  98.346174579,8.13564441300002,0
                  98.3461182790001,8.13550805600005,0
                  98.3461142100001,8.13550619500006,0
                  98.3460760390001,8.13548875000004,0
                  98.346019599,8.13548413500007,0
                  98.3457378080001,8.13555941300007,0
                  98.3456312710001,8.13564630900004,0
                  98.345591395,8.13576665500005,0
                  98.34559341,8.13578472700004,0
                  98.3455911650001,8.13579157400005,0
                  98.3455997200001,8.13586699700005,0
                  98.3456018080001,8.13588540500007,0
                  98.345685432,8.13613914300004,0
                  98.3456919990001,8.13615907100007,0
                  98.3456732170001,8.13620772700006,0
                  98.345335613,8.13640786400003,0
                  98.3453013070001,8.13640158900006,0
                  98.3452933040001,8.13638805000005,0
                  98.3452701990001,8.13634896600007,0
                  98.345258157,8.13627734400006,0
                  98.345267117,8.13604316900006,0
                  98.3453208240001,8.13561756800004,0
                  98.3453186780001,8.13561135000003,0
                  98.3453210600001,8.13559267400007,0
                  98.3453018450001,8.13553667100007,0
                  98.3452958560001,8.13553162700003,0
                  98.3452265130001,8.13547323400007,0
                  98.3452265230001,8.13546706600005,0
                  98.3452265940001,8.13542336300003,0
                  98.3453301090001,8.13532646000004,0
                  98.3453588570001,8.13528127100005,0
                  98.3454184350001,8.13508128000007,0
                  98.3454869660001,8.13498925200003,0
                  98.3455038180001,8.13491352100004,0
                  98.3455014150001,8.13490032300007,0
                  98.3455040370001,8.13488857400006,0
                  98.3454587560001,8.13463981200005,0
                  98.3454505320001,8.13463025200002,0
                  98.3454411930001,8.13461939600006,0
                  98.345439518,8.13461415100005,0
                  98.345433841,8.13459638300003,0
                  98.345451402,8.13459018800006,0
                  98.3455270100001,8.13461542800007,0
                  98.3455941620001,8.13465740100003,0
                  98.345653052,8.13464074000007,0
                  98.34571214,8.13449009100003,0
                  98.3456122430001,8.13390361300003,0
                  98.345495885,8.13306579900006,0
                  98.345396328,8.13225317900003,0
                  98.3452979570001,8.13072019200007,0
                  98.3452920380001,8.13048806200004,0
                  98.3452821480001,8.13010035800005,0
                  98.345282674,8.13010006000007,0
                  98.3452804450001,8.13003371400004,0
                  98.345284931,8.12964884500008,0
                  98.3452870820001,8.12958170500002,0
                  98.3452971350001,8.12926783800003,0
                  98.3453249670001,8.12898422700005,0
                  98.345334543,8.12890269000007,0
                  98.345513349,8.12747065500002,0
                  98.3457273110001,8.12651257700003,0
                  98.3458778880001,8.12601657000005,0
                  98.3459633940001,8.12568571400004,0
                  98.3459752050001,8.12554717700004,0
                  98.3459753480001,8.12545865800007,0
                  98.3459368310001,8.12539316600004,0
                  98.3457312720001,8.12521723000003,0
                  98.345891448,8.12511461500003,0
                  98.3458930830001,8.12511373800004,0
                  98.3459488060001,8.12515456200003,0
                  98.3460646600001,8.12516244600005,0
                  98.3461998720001,8.12514341900004,0
                  98.346273334,8.12509350500005,0
                  98.346315921,8.12503199100007,0
                  98.3463253180001,8.12493853300003,0
                  98.3463294160001,8.12489779100002,0
                  98.346326715,8.12485094300007,0
                  98.3463121190001,8.12474202200002,0
                  98.346301742,8.12433103600006,0
                  98.3462340290001,8.12374581900002,0
                  98.3462011600001,8.12319793600005,0
                  98.346192692,8.12259526300005,0
                  98.346199879,8.12222069900002,0
                  98.347378156,8.12206988200006,0
                  98.3473816760001,8.12206943200005,0
                  98.3473901180001,8.12209862300006,0
                  98.3474069870001,8.12215694200006,0
                  98.3474996160001,8.12226677600006,0
                  98.3476680090001,8.12245977900005,0
                  98.3480082,8.12277407500005,0
                  98.3484675230001,8.12308628200003,0
                  98.3487696280001,8.12324903200005,0
                  98.3488435500001,8.12330624200007,0
                  98.3504727920001,8.12507373700004,0
                  98.3506799720001,8.12533240700003,0
                  98.350800673,8.12543271400006,0
                  98.3511541720001,8.12561413200007,0
                  98.3514427570001,8.12568528200006,0
                  98.3515242500001,8.12568700700007,0
                  98.3516290310001,8.12563389700006,0
                  98.351753257,8.12557093100003,0
                  98.3520897290001,8.12543746800003,0
                  98.3523839790001,8.12539603600004,0
                  98.35268662,8.12536302200004,0
                  98.353014241,8.12547242900007,0
                  98.3533588940001,8.12546460700003,0
                  98.353552419,8.12534764900005,0
                  98.353687387,8.12503796000004,0
                  98.353889871,8.12456083700005,0
                  98.3539829220001,8.12419243300008,0
                  98.3540087270001,8.12382392800004,0
                  98.353975737,8.12343019800005,0
                  98.3539848630001,8.12297793900007,0
                  98.3540114180001,8.12214035100004,0
                  98.3539699440001,8.12180526000003,0
                  98.353894746,8.12151198200007,0
                  98.3538279200001,8.12124381600006,0
                  98.3538164760001,8.12121513500006,0
                  98.3538119390001,8.12120378300006,0
                  98.353777698,8.12111811800003,0
                  98.3536264970001,8.12105923600006,0
                  98.353441789,8.12092494100006,0
                  98.3532486440001,8.12080738100008,0
                  98.3530386050001,8.12075676400002,0
                  98.3529610470001,8.12074836300008,0
                  98.3529403150001,8.12074611900005,0
                  98.3528995060001,8.12072412200007,0
                  98.352765219,8.12060521100005,0
                  98.35275734,8.12059240200006,0
                  98.352630827,8.12038677800007,0
                  98.3526141,8.12034451700004,0
                  98.3526088180001,8.12034009300004,0
                  98.3525854270001,8.12032050600004,0
                  98.3524431700001,8.11991824300003,0
                  98.352410466,8.11934860000002,0
                  98.352512237,8.11878755200007,0
                  98.3525629580001,8.11858661600007,0
                  98.3526070290001,8.11856112500004,0
                  98.3526454710001,8.11853889000002,0
                  98.352767638,8.11846809000002,0
                  98.3528126620001,8.11844202100002,0
                  98.352865831,8.11841123900007,0
                  98.3531351180001,8.11821901100006,0
                  98.3533959100001,8.11808538600008,0
                  98.353431942,8.11808688000002,0
                  98.3536060310001,8.11809410200004,0
                  98.353893192,8.11813975100006,0
                  98.3539336480001,8.11811290900005,0
                  98.3539714180001,8.11806210300006,0
                  98.3539822020001,8.11793149300007,0
                  98.3539805240001,8.11792953600008,0
                  98.3539813500001,8.11791937600003,0
                  98.3539718550001,8.11791243900007,0
                  98.3538082300001,8.11779288300005,0
                  98.353573311,8.11753286800007,0
                  98.3533803990001,8.11728126400004,0
                  98.3532729900001,8.11718544900003,0
                  98.3529624330001,8.11719387500005,0
                  98.3529296090001,8.11718841500004,0
                  98.352834188,8.11718826300006,0
                  98.3527753830001,8.11717143200002,0
                  98.3527418910001,8.11708761000006,0
                  98.3526755190001,8.11655982700006,0
                  98.3526360800001,8.11620102500007,0
                  98.35263488,8.11619010200008,0
                  98.3526149560001,8.11614178400004,0
                  98.3526096800001,8.11613699400004,0
                  98.3525345100001,8.11606874500006,0
                  98.3521893170001,8.11606934400004,0
                  98.35126325,8.11623518300007,0
                  98.3509574120001,8.11625222000004,0
                  98.3508939880001,8.11618258300007,0
                  98.3508923260001,8.11617681500007,0
                  98.3508308120001,8.11596315400004,0
                  98.3507995150001,8.11572265800004,0
                  98.3508225900001,8.11568390500003,0
                  98.350851827,8.11566587600004,0
                  98.3519702150001,8.11549237900005,0
                  98.3522028720001,8.11542211200003,0
                  98.3522454810001,8.11539730800007,0
                  98.3522738950001,8.11536793500005,0
                  98.3522842360001,8.11529956600003,0
                  98.352281034,8.11529748100003,0
                  98.35228449,8.11527463300007,0
                  98.3522744200001,8.11526819400007,0
                  98.3522419670001,8.11524744200005,0
                  98.3520959040001,8.11524213500007,0
                  98.351727671,8.11528393900005,0
                  98.3509871250001,8.11541279000005,0
                  98.3508629150001,8.11541370800006,0
                  98.3508130290001,8.11538028200005,0
                  98.3508105770001,8.11537085800006,0
                  98.3507996640001,8.11532891600007,0
                  98.350816948,8.11529948500004,0
                  98.3508964360001,8.11525382100007,0
                  98.350918322,8.11521428900005,0
                  98.3509195560001,8.11516342800007,0
                  98.3509192240001,8.11516215400007,0
                  98.3509197920001,8.11513849000005,0
                  98.350894721,8.11505084600003,0
                  98.350888549,8.11504686200004,0
                  98.3507963770001,8.11498737700003,0
                  98.3506170380001,8.11502893900007,0
                  98.3505606200001,8.11499773200006,0
                  98.3505599590001,8.11498854100006,0
                  98.3505573480001,8.11495224000004,0
                  98.3506440450001,8.11488543300004,0
                  98.3506424700001,8.11486186500002,0
                  98.3506442620001,8.11486048700004,0
                  98.350641221,8.11481469100005,0
                  98.3506214560001,8.11477736400008,0
                  98.3506183630001,8.11477467200007,0
                  98.3505244150001,8.11469291700007,0
                  98.350525378,8.11468775100008,0
                  98.350532924,8.11464725000008,0
                  98.3505536740001,8.11464386900008,0
                  98.350572728,8.11461508200006,0
                  98.3505655320001,8.11460135800007,0
                  98.3505729440001,8.11459018100004,0
                  98.3505193220001,8.11448796700006,0
                  98.3505423010001,8.11445009300007,0
                  98.3505639690001,8.11441438300005,0
                  98.3507150830001,8.11442084200007,0
                  98.35090603,8.11440135900006,0
                  98.3511919460001,8.11424411000007,0
                  98.3512444130001,8.11424022100005,0
                  98.3513234710001,8.11426861400003,0
                  98.3514074550001,8.11427268000006,0
                  98.351492277,8.11423835500005,0
                  98.351561018,8.11418590300002,0
                  98.351629147,8.11415603900002,0
                  98.3517889380001,8.11410709800003,0
                  98.351867031,8.11401845500006,0
                  98.351890729,8.11391563900003,0
                  98.3518875950001,8.11390563900005,0
                  98.3518910390001,8.11389070600006,0
                  98.3518464300001,8.11374988900008,0
                  98.3516173120001,8.11332891300003,0
                  98.3514536640001,8.11296190200005,0
                  98.3531547490001,8.11243811500003,0
                  98.355095899,8.11196256200003,0
                  98.355107149,8.11201304000002,0
                  98.355108274,8.11201808900006,0
                  98.3551168050001,8.11205636700004,0
                  98.35517214,8.11216329300004,0
                  98.35525375,8.11225503600002,0
                  98.3553506330001,8.11232242400007,0
                  98.3554498450001,8.11235762900003,0
                  98.3556222500001,8.11238787700006,0
                  98.3558120020001,8.11239098900006,0
                  98.3560604950001,8.11236653100002,0
                  98.356131105,8.11238356400003,0
                  98.3562130060001,8.11243007900003,0
                  98.3563134620001,8.11256928400007,0
                  98.3563848410001,8.11280231700005,0
                  98.356488917,8.11300146300005,0
                  98.3566757390001,8.11323694000004,0
                  98.3568547770001,8.11337626300002,0
                  98.356901566,8.11339275100005,0
                  98.3570371380001,8.11340093800004,0
                  98.357227203,8.11338478900007,0
                  98.35739727,8.11344325100004,0
                  98.357481298,8.11344397600004,0
                  98.3575624040001,8.11342432400005,0
                  98.357664786,8.11345050400007,0
                  98.3577376600001,8.11342852400003,0
                  98.3577893840001,8.11339243300006,0
                  98.3579932900001,8.11321131000005,0
                  98.358125552,8.11315612700002,0
                  98.3582259560001,8.11313421100004,0
                  98.3583422600001,8.11314854500006,0
                  98.358406609,8.11318143400007,0
                  98.3584246950001,8.11321083800004,0
                  98.3584771420001,8.11340425000003,0
                  98.35851813,8.11349251400003,0
                  98.3586418720001,8.11363975200004,0
                  98.3587594260001,8.11368787800006,0
                  98.359008143,8.11375674700002,0
                  98.359071321,8.11380207900004,0
                  98.359174431,8.11383727800006,0
                  98.35923153,8.11383963400004,0
                  98.3593018780001,8.11383185700004,0
                  98.3594125160001,8.11381235900006,0
                  98.3594460850001,8.11380642800003,0
                  98.359454354,8.11379737800007,0
                  98.359614492,8.11362243800005,0
                  98.3596194900001,8.11360264900003,0
                  98.3596483220001,8.11348848400007,0
                  98.3598081430001,8.11339660100003,0
                  98.3600437010001,8.11327129000006,0
                  98.36019509,8.11320454400004,0
                  98.3602959410001,8.11320470300006,0
                  98.3604134990001,8.11329702700004,0
                  98.3604351980001,8.11339869700004,0
                  98.3603711740001,8.11347283200007,0
                  98.360332386,8.11358828500005,0
                  98.360328973,8.11359844300006,0
                  98.3603204440001,8.11367378100005,0
                  98.3603959910001,8.11372416400008,0
                  98.360425487,8.11373262100005,0
                  98.36043211,8.11373526100004,0
                  98.3605304050001,8.11377465500004,0
                  98.3605358190001,8.11380373300005,0
                  98.360554769,8.11381627000003,0
                  98.3606448670001,8.11394994000005,0
                  98.360648988,8.11395605200005,0
                  98.3606564520001,8.11400885400008,0
                  98.360604288,8.11417525500002,0
                  98.360606417,8.11419275200006,0
                  98.3606040920001,8.11420019800005,0
                  98.360611141,8.11425748300007,0
                  98.3606147350001,8.11428668100007,0
                  98.360639275,8.11433195000006,0
                  98.3607249240001,8.11438918000005,0
                  98.360781053,8.11438700500003,0
                  98.360937984,8.11433524500006,0
                  98.3610165700001,8.11434951900003,0
                  98.361071479,8.11439142800003,0
                  98.361103508,8.11447789500005,0
                  98.361109609,8.11449436600003,0
                  98.3611157440001,8.11454695300006,0
                  98.3610880950001,8.11458081700005,0
                  98.3610447180001,8.11457508600006,0
                  98.3609984440001,8.11458799800005,0
                  98.360977103,8.11464561200006,0
                  98.3609768680001,8.11467055300005,0
                  98.3609848360001,8.11474421900004,0
                  98.360988117,8.11477456100005,0
                  98.3610099680001,8.11480772200002,0
                  98.361031353,8.11484132700002,0
                  98.3610323780001,8.11484172800004,0
                  98.3610510500001,8.11484904400004,0
                  98.3610865250001,8.11485225700005,0
                  98.361099031,8.11485338900007,0
                  98.3611886720001,8.11484300400002,0
                  98.3613033930001,8.11486744200005,0
                  98.3613040230001,8.11486796800006,0
                  98.361316462,8.11487833700005,0
                  98.3613888030001,8.11499340800003,0
                  98.3614944330001,8.11510760300007,0
                  98.3615899060001,8.11517578800004,0
                  98.3616711940001,8.11523384300006,0
                  98.3617467000001,8.11533447000005,0
                  98.361805411,8.11541832700004,0
                  98.3618809380001,8.11547710700006,0
                  98.3620155310001,8.11541865700002,0
                  98.3621333350001,8.11533507600006,0
                  98.3622594920001,8.11528503500006,0
                  98.362335139,8.11528515300006,0
                  98.362603785,8.11549497500005,0
                  98.3627042520001,8.11574638700006,0
                  98.3628889340001,8.11589746300007,0
                  98.3633758560001,8.11627516700003,0
                  98.3640557690001,8.11682902500007,0
                  98.364282276,8.11712254100007,0
                  98.3646515790001,8.11744143000004,0
                  98.3649702590001,8.11791932000006,0
                  98.3654652500001,8.11850641800004,0
                  98.3658680660001,8.11891749800003,0
                  98.3662541350001,8.11928663100002,0
                  98.366614784,8.11976462300004,0
                  98.366983997,8.12016725800004,0
                  98.3672986910001,8.12033722500007,0
                  98.3674039100001,8.12039405300004,0
                  98.3674813210001,8.12045451100005,0
                  98.3676551630001,8.12053310900006,0
                  98.367902347,8.12061147600002,0
                  98.3680654300001,8.12064677300003,0
                  98.3687780600001,8.12073209700003,0
                  98.3690781070001,8.12074841400005,0
                  98.3692517980001,8.12069723300004,0
                  98.3693747880001,8.12067675100008,0
                  98.3694928420001,8.12061694200003,0
                  98.369496483,8.12061509700004,0
                  98.3698328290001,8.12054859800003,0
                  98.3702280970001,8.12040681000008,0
                  98.3705057160001,8.12025647600007,0
                  98.3709263200001,8.12003098800005,0
                  98.3712711470001,8.11988910400004,0
                  98.371565633,8.11969691200005,0
                  98.3719947850001,8.11940440700005,0
                  98.3722555620001,8.11925405600005,0
                  98.3725582900001,8.11917076600002,0
                  98.3727937400001,8.11912084500005,0
                  98.372919982,8.11900378800004,0
                  98.3729538730001,8.11882798000005,0
                  98.3731642770001,8.11864402000003,0
                  98.3733073450001,8.11854372500005,0
                  98.373467034,8.11853560700007,0
                  98.3735847140001,8.11855253000004,0
                  98.3736604460001,8.11848562500006,0
                  98.373753155,8.11832661400007,0
                  98.374216313,8.11777451600005,0
                  98.3743847960001,8.11753185900005,0
                  98.3745283950001,8.11706304300003,0
                  98.374697143,8.11666126100005,0
                  98.3750711530001,8.11619539900005,0
                  98.3750728460001,8.11619371700004,0
                  98.375329627,8.11593861600005,0
                  98.3754257290001,8.11584314100003,0
                  98.3754445040001,8.11582449000002,0
                  98.3754574750001,8.11577677200006,0
                  98.375304612,8.11517121400004,0
                  98.3750660530001,8.11449843500003,0
                  98.375065562,8.11449705100006,0
                  98.3749728240001,8.11423545100007,0
                  98.3749366660001,8.11415490700006,0
                  98.374850731,8.11409762500006,0
                  98.3748394630001,8.11409760700008,0
                  98.3747771930001,8.11409751200006,0
                  98.3745214290001,8.11422856500008,0
                  98.374451449,8.11422845800007,0
                  98.3742892170001,8.11412268100003,0
                  98.3741466700001,8.11388789800003,0
                  98.3741053570001,8.11344393400003,0
                  98.3740902120001,8.11296224900008,0
                  98.3740897550001,8.11294772400004,0
                  98.3740666910001,8.11279444000007,0
                  98.3739554520001,8.11252235500007,0
                  98.3736704340001,8.11203608900007,0
                  98.3735026790001,8.11181803300008,0
                  98.3733702000001,8.11176646800004,0
                  98.3733515120001,8.11173407400003,0
                  98.373351642,8.11165030000006,0
                  98.3734108090001,8.11144099100005,0
                  98.373444841,8.11117299900008,0
                  98.3734283650001,8.11095520900005,0
                  98.373505234,8.11016797800005,0
                  98.3737252380001,8.10922180300003,0
                  98.374131047,8.10769800500003,0
                  98.374367776,8.10678534800007,0
                  98.3747393940001,8.10563005800003,0
                  98.3751192350001,8.10458362300005,0
                  98.3752543720001,8.10414828600005,0
                  98.3754021720001,8.10364309000005,0
                  98.375423384,8.10357058300002,0
                  98.375470261,8.10342787600007,0
                  98.3755416020001,8.10321059000006,0
                  98.3756347660001,8.10275007400003,0
                  98.3757023690001,8.10252399800004,0
                  98.3756859110001,8.10229783000005,0
                  98.375649406,8.10224475300004,0
                  98.375638468,8.10222884300003,0
                  98.3755936740001,8.10216368600004,0
                  98.375434086,8.10207966500008,0
                  98.375400804,8.10186185400005,0
                  98.3753846050001,8.10147651700004,0
                  98.3754603660001,8.10137612700004,0
                  98.3755447010001,8.10120035400007,0
                  98.3755785970001,8.10100775200004,0
                  98.3755815600001,8.10097976900005,0
                  98.37558283,8.10096777800004,0
                  98.3755325600001,8.10079821500005,0
                  98.3754048010001,8.10050463300007,0
                  98.3753746890001,8.10045649400007,0
                  98.3753743300001,8.10045636700005,0
                  98.3753693290001,8.10045459200006,0
                  98.3752098530001,8.10032873100005,0
                  98.375151266,8.10016948100002,0
                  98.3750704480001,8.09961239900002,0
                  98.3757315390001,8.09924135700004,0
                  98.3758753120001,8.09935811300005,0
                  98.376001332,8.09941695700007,0
                  98.376152603,8.09940880500005,0
                  98.3763123880001,8.09935878100003,0
                  98.37643868,8.09921660600003,0
                  98.3766070440001,8.09905769800002,0
                  98.3767234600001,8.09898833200003,0
                  98.3768426720001,8.09884866600004,0
                  98.3773897930001,8.09833856000006,0
                  98.3777435750001,8.09781979600007,0
                  98.3781060370001,8.09714188900006,0
                  98.3783422450001,8.09656428700004,0
                  98.3787552210001,8.09581943800004,0
                  98.3791342490001,8.09530069500005,0
                  98.379399144,8.09501676700006,0
                  98.379437581,8.09479859500004,0
                  98.379458212,8.09465089600008,0
                  98.3797018700001,8.09422968900003,0
                  98.3797182500001,8.09420137400002,0
                  98.3798335420001,8.09418775700004,0
                  98.3800504720001,8.09406889800005,0
                  98.3800775080001,8.09405408600003,0
                  98.380296361,8.09383664200004,0
                  98.380548758,8.09368627600003,0
                  98.3810622190001,8.09318449500006,0
                  98.3812978660001,8.09295868900006,0
                  98.3813344470001,8.09291750100004,0
                  98.381384638,8.09286098800004,0
                  98.3816767490001,8.09253209300005,0
                  98.3817188080001,8.09249865000004,0
                  98.382004871,8.09229805800004,0
                  98.3822489060001,8.09212253200008,0
                  98.3824340420001,8.09197203000002,0
                  98.3825604300001,8.09175444600004,0
                  98.3826700330001,8.09152846800004,0
                  98.382678701,8.09135257100007,0
                  98.3826975330001,8.09126952000003,0
                  98.3827197830001,8.09117139300002,0
                  98.3828082690001,8.09104648100003,0
                  98.3829026800001,8.09091320900006,0
                  98.3830476850001,8.09077814800003,0
                  98.3832561980001,8.09078635400004,0
                  98.383360575,8.09076330500005,0
                  98.383426398,8.09073007600006,0
                  98.3835687280001,8.09058620300004,0
                  98.3836427050001,8.09046245900004,0
                  98.383669737,8.09036695600003,0
                  98.3836687310001,8.09034657800004,0
                  98.3836700020001,8.09034208700007,0
                  98.3836667160001,8.09027758100007,0
                  98.3836156990001,8.09009008100003,0
                  98.3836266050001,8.09000791000005,0
                  98.3840288790001,8.08958459700006,0
                  98.3842255550001,8.08930838200007,0
                  98.3847785710001,8.08859864600004,0
                  98.3851210870001,8.08806870100005,0
                  98.385121166,8.08801635700007,0
                  98.3851212450001,8.08796395900004,0
                  98.3850963580001,8.08772936800005,0
                  98.3851891800001,8.08748662800002,0
                  98.3852650840001,8.08731919500002,0
                  98.385357797,8.08714343500003,0
                  98.385467223,8.08703469900007,0
                  98.3855850040001,8.08695111900005,0
                  98.3858195230001,8.08674225800007,0
                  98.385829098,8.08673373000005,0
                  98.385861004,8.08670201400002,0
                  98.386028186,8.08619952700008,0
                  98.3860247520001,8.08614508600004,0
                  98.386023331,8.08612257100003,0
                  98.3859983,8.08598015600006,0
                  98.385923033,8.08575386300004,0
                  98.3858727940001,8.08561140000006,0
                  98.385861257,8.08550002900006,0
                  98.385869595,8.08533682000007,0
                  98.3859589200001,8.08525229400004,0
                  98.3859691480001,8.08524261500003,0
                  98.386071594,8.08514567100002,0
                  98.3862102470001,8.08510986500005,0
                  98.3862878090001,8.08510279300003,0
                  98.3863094610001,8.08509563500007,0
                  98.3863311370001,8.08507230300006,0
                  98.3863907150001,8.08503105300002,0
                  98.386455691,8.08499700000004,0
                  98.3865210820001,8.08497553100005,0
                  98.386562768,8.08497559400007,0
                  98.3867866350001,8.08504074600006,0
                  98.3869535480001,8.08513821600008,0
                  98.3871175690001,8.08525711000004,0
                  98.3872153950001,8.08529296700004,0
                  98.3873758970001,8.08531179600004,0
                  98.387493002,8.08530859000007,0
                  98.38758155,8.08529123600005,0
                  98.388181692,8.08508804400003,0
                  98.3886135390001,8.08497847300004,0
                  98.3886589740001,8.08494630800004,0
                  98.388843437,8.08487026400007,0
                  98.3888795170001,8.08484090600007,0
                  98.38891533,8.08476803900004,0
                  98.3890307450001,8.08467147200003,0
                  98.38907441,8.08461505400004,0
                  98.3891346020001,8.08456200200004,0
                  98.3893440910001,8.08443906100007,0
                  98.389648875,8.08432192400005,0
                  98.3899682300001,8.08415168100004,0
                  98.390347842,8.08387075900004,0
                  98.3908258710001,8.08344477500003,0
                  98.3908976850001,8.08338086200007,0
                  98.3914646570001,8.08298715200004,0
                  98.391639216,8.08289694300004,0
                  98.391991659,8.08275385800005,0
                  98.3924368850001,8.08264541300002,0
                  98.3928941120001,8.08249321100004,0
                  98.3932316870001,8.08238084000004,0
                  98.3941061740001,8.08211410000007,0
                  98.3945014240001,8.08196392700006,0
                  98.3947956640001,8.08190572300003,0
                  98.3950646330001,8.08189773900006,0
                  98.3953723120001,8.08199547100003,0
                  98.3954090410001,8.08200713800005,0
                  98.3954733250001,8.08200723300007,0
                  98.395512824,8.08199310200007,0
                  98.3956048950001,8.08190516800005,0
                  98.3979689750001,8.08110454900003,0
                  98.3980751330001,8.08120600800004,0
                  98.3982051560001,8.08128929500003,0
                  98.3985648010001,8.08147637800005,0
                  98.3992660230001,8.08176571900003,0
                  98.399549354,8.08178761400006,0
                  98.3996301350001,8.08182786100002,0
                  98.3999885430001,8.08207712600006,0
                  98.4000848520001,8.08216263100007,0
                  98.4002503500001,8.08226917200005,0
                  98.4004670210001,8.08245149900006,0
                  98.400561295,8.08255904900005,0
                  98.4006645740001,8.08274913800005,0
                  98.4008333250001,8.08295348800004,0
                  98.4011987790001,8.08322480500004,0
                  98.4013704210001,8.08337484200007,0
                  98.401614157,8.08366862800005,0
                  98.4017489920001,8.08379204800002,0
                  98.4020091930001,8.08410168200004,0
                  98.4021529600001,8.08430368200004,0
                  98.4022713420001,8.08441464400005,0
                  98.402523257,8.08458290800007,0
                  98.402623598,8.08462380800006,0
                  98.402683471,8.08461823600004,0
                  98.4028349920001,8.08456642600004,0
                  98.40285865,8.08448114700008,0
                  98.4028555830001,8.08446802800006,0
                  98.4028588670001,8.08445620600003,0
                  98.402828985,8.08432838300007,0
                  98.40282167,8.08432099000004,0
                  98.4020473580001,8.08353863800005,0
                  98.4017978150001,8.08333023600005,0
                  98.4014995620001,8.08305279800004,0
                  98.4014918250001,8.08303995600005,0
                  98.401424563,8.08292831700004,0
                  98.4014228720001,8.08284050500004,0
                  98.40152779,8.08263510900002,0
                  98.401575676,8.08247968200004,0
                  98.401594871,8.08234463500003,0
                  98.4016521350001,8.08217058600007,0
                  98.4017630970001,8.08194065600003,0
                  98.40198732,8.08162103200004,0
                  98.402237884,8.08135793300005,0
                  98.4024036900001,8.08120725300006,0
                  98.4026632320001,8.08098544500007,0
                  98.4029968990001,8.08073437100006,0
                  98.4034337480001,8.08049815300006,0
                  98.404145407,8.08004694000005,0
                  98.4046060330001,8.07982711200003,0
                  98.405059775,8.07967460900005,0
                  98.4053868390001,8.07962131800002,0
                  98.405705911,8.07964276000007,0
                  98.405914899,8.07967980700005,0
                  98.4064263320001,8.07978344700007,0
                  98.4065681050001,8.07983787800003,0
                  98.4070669440001,8.08004777700006,0
                  98.4076352270001,8.08036185400005,0
                  98.407981201,8.08052058100003,0
                  98.4081017770001,8.08055243100006,0
                  98.408187394,8.08060001400003,0
                  98.4084576710001,8.08077283500006,0
                  98.4086887220001,8.08094018400004,0
                  98.4087415610001,8.08097845700007,0
                  98.4091004630001,8.08127124600003,0
                  98.4091831570001,8.08136862800006,0
                  98.4093578000001,8.08162667300007,0
                  98.4094929570001,8.08188857000005,0
                  98.4097898300001,8.08273469500006,0
                  98.4099505030001,8.08329528700006,0
                  98.4099532800001,8.08329631300006,0
                  98.410081528,8.08334365300004,0
                  98.4102327790001,8.08338572800005,0
                  98.410476068,8.08368762000003,0
                  98.4107528800001,8.08406494200005,0
                  98.4111388420001,8.08451780200005,0
                  98.4113654650001,8.08471915400003,0
                  98.4116257960001,8.08487030600003,0
                  98.4118776980001,8.08504657200007,0
                  98.411978429,8.08513885900004,0
                  98.412045601,8.08517244900003,0
                  98.41216324,8.08520610900007,0
                  98.4124574790001,8.08512276100004,0
                  98.412852532,8.08510659200005,0
                  98.4136256880001,8.08515798100007,0
                  98.4142812790001,8.08515053400004,0
                  98.4145839110001,8.08510070200003,0
                  98.414920147,8.08506767300003,0
                  98.4152479690001,8.08505140700004,0
                  98.4153908920001,8.08500971300003,0
                  98.4154834660001,8.08492607400007,0
                  98.415844952,8.08487635700004,0
                  98.4161979500001,8.08486848400003,0
                  98.416315366,8.08503618500004,0
                  98.416424432,8.08519546400004,0
                  98.4166763480001,8.08533824400007,0
                  98.4167689770001,8.08546670800007,0
                  98.4167749160001,8.08547494600003,0
                  98.416795876,8.08548733100002,0
                  98.416827401,8.08550596000003,0
                  98.417096115,8.08565712100005,0
                  98.417272574,8.08569088100006,0
                  98.417365089,8.08564913200007,0
                  98.4175163450001,8.08567447300004,0
                  98.4178269020001,8.08596808000004,0
                  98.4178267220001,8.08609369700002,0
                  98.4178516630001,8.08627803600007,0
                  98.4179439490001,8.08639542200007,0
                  98.4180697830001,8.08654637900003,0
                  98.418212549,8.08664710900007,0
                  98.418321738,8.08668912000007,0
                  98.4184560670001,8.08678146100004,0
                  98.4184811530001,8.08686525500002,0
                  98.4185735710001,8.08689050300006,0
                  98.4187249340001,8.08684885000002,0
                  98.4188762190001,8.08684069200007,0
                  98.4191113240001,8.08701695200006,0
                  98.4192288,8.08713435800007,0
                  98.4191865320001,8.08729343100003,0
                  98.4191696450001,8.08735205200003,0
                  98.4191189000001,8.08758650200002,0
                  98.4190850620001,8.08772885900004,0
                  98.419026037,8.08787115200005,0
                  98.4190762200001,8.08803038500002,0
                  98.4191686380001,8.08805565400007,0
                  98.4192778950001,8.08805580900002,0
                  98.4196893390001,8.08834954500003,0
                  98.4199998300001,8.08869341700006,0
                  98.420105145,8.08897452900004,0
                  98.4201604130001,8.08903440500006,0
                  98.4202346600001,8.08902878500004,0
                  98.4203103240001,8.08902052100007,0
                  98.4208304730001,8.08967457200004,0
                  98.4214345770001,8.09040417500006,0
                  98.421688637,8.09105082800005,0
                  98.4217154310001,8.09111902600006,0
                  98.421793441,8.09131760100007,0
                  98.421854592,8.09150525800004,0
                  98.4218548100001,8.09150592800006,0
                  98.4218836200001,8.09163716700004,0
                  98.4218950730001,8.09166123700004,0
                  98.4219706490001,8.09171160500006,0
                  98.4221050450001,8.09176206500007,0
                  98.4222393790001,8.09185439600003,0
                  98.4223737350001,8.09195511200005,0
                  98.4224407840001,8.09206409300003,0
                  98.4225160650001,8.09233219900005,0
                  98.4225662650001,8.09249980800007,0
                  98.422725787,8.09260891100007,0
                  98.4230617420001,8.09279367200003,0
                  98.4234899620001,8.09307906300006,0
                  98.4236579020001,8.09320493200005,0
                  98.4239431140001,8.09359064400007,0
                  98.4241611180001,8.09395951200003,0
                  98.4242950970001,8.09430310000005,0
                  98.424462975,8.09446249800004,0
                  98.4246728620001,8.09462195800006,0
                  98.424823711,8.09492371400006,0
                  98.4248220360001,8.09492475500002,0
                  98.4248405070001,8.09494887000005,0
                  98.4249994880001,8.09543489400005,0
                  98.425074996,8.09554389100003,0
                  98.4252673500001,8.09621425100005,0
                  98.4253086570001,8.09671687300005,0
                  98.4253082530001,8.09700167500006,0
                  98.425249218,8.09715233900005,0
                  98.4249966840001,8.09741166200007,0
                  98.424727477,8.09761229000003,0
                  98.4244750220001,8.09781297200004,0
                  98.4243403460001,8.09796352500007,0
                  98.4242056050001,8.09813087400005,0
                  98.4241464980001,8.09833181400006,0
                  98.4240704970001,8.09858302300006,0
                  98.4240523940001,8.09862711200003,0
                  98.4240868470001,8.09890133900007,0
                  98.4243043490001,8.09961358500004,0
                  98.4245053540001,8.10011643800004,0
                  98.4247066290001,8.10043500200004,0
                  98.425042541,8.10066165700005,0
                  98.425311278,8.10078767200002,0
                  98.4256305660001,8.10088026100004,0
                  98.4258659400001,8.10084710100006,0
                  98.4259836950001,8.10078861900007,0
                  98.426076272,8.10070499200003,0
                  98.4261603890001,8.10065486700006,0
                  98.426244706,8.10047069700005,0
                  98.4262284480001,8.10008537900006,0
                  98.4262206110001,8.09969168500004,0
                  98.4261960000001,8.09924770300006,0
                  98.4261967470001,8.09872002200007,0
                  98.4263403900001,8.09819254200005,0
                  98.42654243,8.09796662500003,0
                  98.426811629,8.09780789800004,0
                  98.42703026,8.09772442700006,0
                  98.4272068770001,8.09765765500003,0
                  98.4273330010001,8.09760758900006,0
                  98.4274004660001,8.09745691800003,0
                  98.427484624,8.09736487400005,0
                  98.4276697610001,8.09720601000004,0
                  98.4278632460001,8.09708061300006,0
                  98.428107127,8.09699722800002,0
                  98.428224754,8.09702251300007,0
                  98.4284600540001,8.09703958300003,0
                  98.4286870970001,8.09698127100006,0
                  98.4290989090001,8.09699861700005,0
                  98.4297795370001,8.09712520400006,0
                  98.4298465850001,8.09725092200006,0
                  98.4299135890001,8.09742692600003,0
                  98.4300393400001,8.09763649200005,0
                  98.43005579,8.09788782400005,0
                  98.4301312010001,8.09806380900005,0
                  98.4303159520001,8.09818972800002,0
                  98.4305931470001,8.09831575100003,0
                  98.4309291220001,8.09845858700004,0
                  98.431265168,8.09858473500003,0
                  98.4316684240001,8.09871929600007,0
                  98.431945725,8.09874480700006,0
                  98.432214646,8.09877030500007,0
                  98.432349162,8.09873698500007,0
                  98.4325680000001,8.09854464600005,0
                  98.432812024,8.09832720900005,0
                  98.43290448,8.09832733700006,0
                  98.4330304960001,8.09836937400007,0
                  98.433148116,8.09841981600005,0
                  98.4332404610001,8.09847019600005,0
                  98.4333748870001,8.09852901200003,0
                  98.4334841230001,8.09855428800006,0
                  98.4335766610001,8.09849581000003,0
                  98.4335432440001,8.09835334400003,0
                  98.433299699,8.09820226500005,0
                  98.4331316970001,8.09811823600006,0
                  98.4330057710001,8.09802594000007,0
                  98.43295577,8.09773270300008,0
                  98.4329730460001,8.09738928200005,0
                  98.4329061910001,8.09710444200005,0
                  98.4328391130001,8.09698706100005,0
                  98.4328981890001,8.09681962800005,0
                  98.4329237330001,8.09657674500005,0
                  98.432932964,8.09599043200006,0
                  98.433034256,8.09568065000008,0
                  98.4336404140001,8.09495278100007,0
                  98.4345242970001,8.09398237800002,0
                  98.4352899940001,8.09337197700006,0
                  98.4361310240001,8.09300457400008,0
                  98.436475584,8.09301342600003,0
                  98.436845233,8.09313957700004,0
                  98.437080161,8.09342468200003,0
                  98.4373657190001,8.09358424100003,0
                  98.4375841470001,8.09364315700003,0
                  98.4379624620001,8.09357668900003,0
                  98.438660429,8.09331797500005,0
                  98.4391062710001,8.09305895000006,0
                  98.43950161,8.09283330600005,0
                  98.439636024,8.09287539300004,0
                  98.4397871900001,8.09294258500006,0
                  98.439963676,8.09296798300005,0
                  98.4400310390001,8.09287593500005,0
                  98.439997781,8.09263296000006,0
                  98.4398719280001,8.09244850800007,0
                  98.4395863540001,8.09231411100006,0
                  98.4393091150001,8.09224672200003,0
                  98.4391074650001,8.09219619900006,0
                  98.438981475,8.09211226800005,0
                  98.4388474410001,8.09180216100003,0
                  98.4388058700001,8.09149220200004,0
                  98.4388651120001,8.09117395600003,0
                  98.438949801,8.09072178100007,0
                  98.4389752010001,8.09057103300006,0
                  98.4392108170001,8.09038706700005,0
                  98.4393623510001,8.09020302300007,0
                  98.439480797,8.08963360400003,0
                  98.4394563760001,8.08907237800003,0
                  98.4393226440001,8.08853611900003,0
                  98.439054307,8.08807504900005,0
                  98.4378606500001,8.08732617800007,0
                  98.4369195680001,8.08714300100007,0
                  98.4366029080001,8.08691281900008,0
                  98.43620966,8.08650064800003,0
                  98.4359702280001,8.08599296200003,0
                  98.4358649550001,8.08571520800007,0
                  98.4357118950001,8.08526507900007,0
                  98.4355974160001,8.08470012700008,0
                  98.4356199260001,8.08232612000006,0
                  98.4356143360001,8.07943514300007,0
                  98.435828869,8.07711883500002,0
                  98.435838028,8.07706340500005,0
                  98.4359055140001,8.07665500400003,0
                  98.435906361,8.07664987600003,0
                  98.436291671,8.07585587000005,0
                  98.4363323270001,8.07578906300006,0
                  98.4364877340001,8.07553371200004,0
                  98.4365419740001,8.07544458600006,0
                  98.4372728540001,8.07480421700006,0
                  98.437590389,8.07456018200003,0
                  98.4376325870001,8.07452775300004,0
                  98.4379204190001,8.07430654400002,0
                  98.4380152210001,8.07423368500002,0
                  98.4394363050001,8.07314152700008,0
                  98.4400901770001,8.07261592100002,0
                  98.44052263,8.07245377500004,0
                  98.4409453320001,8.07239691600006,0
                  98.4413678120001,8.07250279400006,0
                  98.4415982300001,8.07257969000005,0
                  98.4418286210001,8.07267573200005,0
                  98.442238972,8.07261571400005,0
                  98.44255437,8.07241567900007,0
                  98.44260647,8.07238263600004,0
                  98.4426732380001,8.07231887800003,0
                  98.442686839,8.07230589000005,0
                  98.44274203,8.07219913100005,0
                  98.4428081350001,8.07207126300005,0
                  98.4428404760001,8.07200870700007,0
                  98.442869821,8.07195194600007,0
                  98.442998172,8.07165609900005,0
                  98.4430047170001,8.07164101500007,0
                  98.4430412350001,8.07159464000006,0
                  98.44317791,8.07142107700002,0
                  98.443331195,8.07124696400007,0
                  98.4434362740001,8.07112760800004,0
                  98.4434809420001,8.07107687000007,0
                  98.4436636600001,8.07091438300006,0
                  98.4437981410001,8.07080702100006,0
                  98.4439569360001,8.07068024800003,0
                  98.4440532020001,8.07052242700007,0
                  98.444115777,8.07041721200005,0
                  98.4441174610001,8.07041164700007,0
                  98.4441447230001,8.07032152300008,0
                  98.4441304920001,8.07019227200004,0
                  98.4441067220001,8.07001514300003,0
                  98.4440685640001,8.06982363600002,0
                  98.4438528580001,8.06952658800003,0
                  98.4435699210001,8.06922466100002,0
                  98.44322456,8.06891786400007,0
                  98.4430327620001,8.06869742900005,0
                  98.4429752360001,8.06862076800007,0
                  98.442969679,8.06857029100007,0
                  98.4429657490001,8.06853460000002,0
                  98.44295148,8.06843406900003,0
                  98.44318344,8.06738138000003,0
                  98.44328017,8.06688372700006,0
                  98.4433475960001,8.06674501400005,0
                  98.4434320880001,8.06663753100003,0
                  98.4434678680001,8.06659201400004,0
                  98.4436504780001,8.06650610700007,0
                  98.443678924,8.06649198100007,0
                  98.443735755,8.06646375700007,0
                  98.4437562050001,8.06645359900006,0
                  98.4438340140001,8.06637977900004,0
                  98.443849878,8.06610199500005,0
                  98.443850114,8.06592968600006,0
                  98.4438062340001,8.06586389200004,0
                  98.4437542620001,8.06578596300005,0
                  98.443504492,8.06581434200007,0
                  98.442726269,8.06597602200003,0
                  98.4421691860001,8.06597526300004,0
                  98.441813842,8.06594606100003,0
                  98.4412953190001,8.06584005400003,0
                  98.4408250990001,8.06553308600007,0
                  98.440422099,8.06523578000002,0
                  98.4402206090001,8.06508233900007,0
                  98.4399037640001,8.06499575100003,0
                  98.439718053,8.06501312400007,0
                  98.439702035,8.06501462200004,0
                  98.439576882,8.06522505100003,0
                  98.4392497470001,8.06563623300002,0
                  98.43914828,8.06571906800002,0
                  98.4389805060001,8.06585603600007,0
                  98.4386248980001,8.06601828800007,0
                  98.4383558680001,8.06608492700008,0
                  98.4379716330001,8.06611311800003,0
                  98.4377485910001,8.06624608100003,0
                  98.4376832460001,8.06628503100006,0
                  98.4376445220001,8.06650515300004,0
                  98.4376923490001,8.06664881000006,0
                  98.437697073,8.06669656500003,0
                  98.437705286,8.06677957500006,0
                  98.4377112930001,8.06684029100006,0
                  98.437601837,8.06687979100008,0
                  98.4374998800001,8.06691658300002,0
                  98.4371829150001,8.06691614700003,0
                  98.4363380390001,8.06665652000004,0
                  98.4358389670001,8.06637822500005,0
                  98.4351768220001,8.06594653800005,0
                  98.4344862,8.06527549400005,0
                  98.4339208420001,8.06431743800005,0
                  98.4338291610001,8.06414666200004,0
                  98.4329892520001,8.06271797100004,0
                  98.4324047970001,8.06168330600002,0
                  98.4318786690001,8.06015093700006,0
                  98.430030947,8.05585978100004,0
                  98.429660545,8.05482279700004,0
                  98.4295868230001,8.05461639900005,0
                  98.429466485,8.05427949600005,0
                  98.4293908530001,8.05341784400002,0
                  98.429458298,8.05326477200003,0
                  98.42958328,8.05317879200004,0
                  98.4295862100001,8.05317685000006,0
                  98.4296986420001,8.05310237000003,0
                  98.4297467980001,8.05300671000003,0
                  98.4297468380001,8.05297834100003,0
                  98.4297469990001,8.05286311900005,0
                  98.4298145010001,8.05267175800003,0
                  98.429939602,8.05249962000005,0
                  98.42996494,8.05247947300006,0
                  98.4300838290001,8.05238494900004,0
                  98.430120075,8.05229859300005,0
                  98.430132014,8.05227014300004,0
                  98.4301568920001,8.05213890200002,0
                  98.4301610400001,8.05211701900004,0
                  98.4301546450001,8.05205401900002,0
                  98.4300852470001,8.05137024000004,0
                  98.4300855150001,8.05117878400006,0
                  98.4301337000001,8.05106397900005,0
                  98.4302780090001,8.05089187000004,0
                  98.430302382,8.05088015700005,0
                  98.4305126390001,8.05077911600006,0
                  98.4305759490001,8.05074869100002,0
                  98.430739482,8.05056703800005,0
                  98.43074354,8.05055249100008,0
                  98.4308649690001,8.05011729100005,0
                  98.4308651840001,8.05010742800005,0
                  98.4308748390001,8.04966599900007,0
                  98.430875228,8.04964824000007,0
                  98.4308578470001,8.04960542700007,0
                  98.4307631510001,8.04937216800005,0
                  98.4307507970001,8.04934174000005,0
                  98.430597591,8.04900648200004,0
                  98.4305115930001,8.04887752300004,0
                  98.430425072,8.04874777800006,0
                  98.4303885340001,8.04846055400003,0
                  98.4303775710001,8.04837437400005,0
                  98.4303300320001,8.04802968800004,0
                  98.4303300770001,8.04802817700005,0
                  98.4303400890001,8.04770423000002,0
                  98.4304556500001,8.04748421600004,0
                  98.4304973530001,8.04745175000005,0
                  98.4305637000001,8.04740010100005,0
                  98.4310325470001,8.04703509800004,0
                  98.4312628330001,8.04684529700006,0
                  98.4314267830001,8.04671017000004,0
                  98.4314803020001,8.04665536300007,0
                  98.4315094340001,8.04662553000003,0
                  98.4317441850001,8.04638513600003,0
                  98.4318885430001,8.04617473600007,0
                  98.4319089750001,8.04608705000004,0
                  98.4319175300001,8.04605033000007,0
                  98.4318697620001,8.04586838000006,0
                  98.4316781080001,8.04550195600007,0
                  98.4315818110001,8.04531784400007,0
                  98.4315136260001,8.04521884400003,0
                  98.4315057150001,8.04520735800003,0
                  98.4314699220001,8.04517413900004,0
                  98.4313714240001,8.04508272500004,0
                  98.431263238,8.04506598300003,0
                  98.4312465940001,8.04506340700004,0
                  98.4309969590001,8.04500562400005,0
                  98.430822742,8.04484600900003,0
                  98.4307667480001,8.04479470500007,0
                  98.430746528,8.04475425800007,0
                  98.430488993,8.04423909900004,0
                  98.4304605010001,8.04400931500004,0
                  98.430528011,8.04380838100008,0
                  98.4306221210001,8.04374603600007,0
                  98.4306722110001,8.04371285300005,0
                  98.430682856,8.04353161500006,0
                  98.4306875330001,8.04345200100005,0
                  98.4306686690001,8.04333412900007,0
                  98.4305865190001,8.04317666000003,0
                  98.4304619710001,8.04295631300005,0
                  98.430443042,8.04275526100002,0
                  98.4304434300001,8.04247765100007,0
                  98.4305887090001,8.04160673400003,0
                  98.4309352660001,8.04103284600006,0
                  98.4309598200001,8.04102228200003,0
                  98.431223571,8.04090880100006,0
                  98.431674774,8.04105301500005,0
                  98.4320588420001,8.04113012600004,0
                  98.4323732610001,8.04113056100005,0
                  98.4324622230001,8.04113068400005,0
                  98.432769641,8.04107367300003,0
                  98.4328484750001,8.04095846500007,0
                  98.432856003,8.04095563700002,0
                  98.432904367,8.04088240500005,0
                  98.43290462,8.04070052000003,0
                  98.4329049660001,8.04045163100005,0
                  98.432770798,8.04024084400004,0
                  98.4325600210001,8.03986721600006,0
                  98.4318020010001,8.03934924000004,0
                  98.4311590190001,8.03898458800006,0
                  98.4310956400001,8.03897396800005,0
                  98.4308133480001,8.03892667200006,0
                  98.430485434,8.03898067800003,0
                  98.4304675130001,8.03898363000008,0
                  98.4304269930001,8.03899971900006,0
                  98.4304135140001,8.03900507300006,0
                  98.430057553,8.03914641600005,0
                  98.43003508,8.03915534000004,0
                  98.4300188180001,8.03917405300007,0
                  98.429669528,8.03957603400005,0
                  98.4296262130001,8.03962533500004,0
                  98.429256803,8.04004579500003,0
                  98.4290731130001,8.04025487000007,0
                  98.4290324870001,8.04030162400005,0
                  98.4287075600001,8.04067556400003,0
                  98.4286680180001,8.04077369600003,0
                  98.4286304570001,8.04086691200007,0
                  98.428582034,8.04115402700006,0
                  98.4284197410001,8.04166913200004,0
                  98.4283408520001,8.04191951100006,0
                  98.4281056570001,8.04228305100003,0
                  98.4277473770001,8.04283683600005,0
                  98.427702604,8.04290604000005,0
                  98.427528856,8.04301723400005,0
                  98.4262651560001,8.04334720600002,0
                  98.4260625370001,8.04340011200003,0
                  98.424751728,8.04384716700002,0
                  98.4245250960001,8.04392446000003,0
                  98.424486556,8.04395592200007,0
                  98.4242558620001,8.04414425600004,0
                  98.4241591580001,8.04429946700003,0
                  98.4240055800001,8.04454596000005,0
                  98.4238223400001,8.04508177800005,0
                  98.423821607,8.04560066000005,0
                  98.4238215700001,8.04562742300004,0
                  98.423812201,8.04563251800005,0
                  98.4235206180001,8.04579113700004,0
                  98.4234178730001,8.04584702900007,0
                  98.4228896020001,8.04586543200003,0
                  98.4226204880001,8.04599907300008,0
                  98.4222744580001,8.04619004200003,0
                  98.4219477720001,8.04628530800005,0
                  98.4215828170001,8.04627522200008,0
                  98.4211987880001,8.04616938100003,0
                  98.4210068770001,8.04604466400002,0
                  98.4207378980001,8.04608257600006,0
                  98.4207346580001,8.04607893000002,0
                  98.419544929,8.04473991900005,0
                  98.4195200830001,8.04471195700006,0
                  98.4204055230001,8.04342088800007,0
                  98.4208483840001,8.04267483800004,0
                  98.4209735370001,8.04246441400005,0
                  98.4208588020001,8.04210048900006,0
                  98.420686387,8.04177477200005,0
                  98.420600177,8.04161191500003,0
                  98.420590792,8.04145873600004,0
                  98.4205910910001,8.04124813900006,0
                  98.4208508550001,8.04093260400003,0
                  98.4209952200001,8.04072220800003,0
                  98.4210050010001,8.04059777400005,0
                  98.420928314,8.04049236600002,0
                  98.4206690670001,8.04044413700007,0
                  98.4203999420001,8.04058734800003,0
                  98.4201402190001,8.04087416400006,0
                  98.4197461030001,8.04111292500005,0
                  98.4194962490001,8.04119330300006,0
                  98.4193905800001,8.04122729700003,0
                  98.4191310300001,8.04138966600004,0
                  98.418984859,8.04150967300006,0
                  98.4189098730001,8.04157123600004,0
                  98.4186889060001,8.04161878700006,0
                  98.4183912130001,8.04158965000005,0
                  98.4181607630001,8.04155103100004,0
                  98.4180840920001,8.04143604900003,0
                  98.4180842960001,8.04129246000002,0
                  98.4180847470001,8.04097655900006,0
                  98.4180636730001,8.04091324500007,0
                  98.4178916710001,8.04050020500006,0
                  98.4177072030001,8.04029383600005,0
                  98.417495575,8.04011594800005,0
                  98.417494757,8.04011330800006,0
                  98.417460195,8.04000175100003,0
                  98.4174524330001,8.03997669700004,0
                  98.417451869,8.03996925400003,0
                  98.4174382530001,8.03978949000003,0
                  98.4175154390001,8.03969360500002,0
                  98.417602274,8.03958333600002,0
                  98.4177038300001,8.03928110000004,0
                  98.417711765,8.03891879300005,0
                  98.41763165,8.03847234100004,0
                  98.417614707,8.03837792300004,0
                  98.417610913,8.03835678100006,0
                  98.4176110500001,8.03826105500002,0
                  98.4176784570001,8.03813670600005,0
                  98.4177362460001,8.03802191500006,0
                  98.4177268880001,8.03784959100005,0
                  98.417583779,8.03717929900006,0
                  98.417315654,8.03662369900007,0
                  98.4165767320001,8.03620145200006,0
                  98.4161063050001,8.03607633800004,0
                  98.415827769,8.03608551500002,0
                  98.4156450980001,8.03621927400008,0
                  98.415471961,8.03640090900006,0
                  98.4152989500001,8.03649639000002,0
                  98.415154928,8.03646746800007,0
                  98.4144738940001,8.03586341600004,0
                  98.4143298880001,8.03582492100003,0
                  98.4143141480001,8.03575861500008,0
                  98.4142821560001,8.03562382500007,0
                  98.4143015430001,8.03549940700003,0
                  98.414344349,8.03503054900006,0
                  98.4142622050001,8.03443481000005,0
                  98.4140470870001,8.03375483900004,0
                  98.413798162,8.03320883900005,0
                  98.4128348680001,8.03187207000008,0
                  98.4120151500001,8.03087533500008,0
                  98.4119001020001,8.03073636700003,0
                  98.411780202,8.03063089500006,0
                  98.4116649950001,8.03060201200003,0
                  98.41148732,8.03060175800005,0
                  98.4113384230001,8.03062547600007,0
                  98.4112790470001,8.03066087100007,0
                  98.4111942380001,8.03071142600004,0
                  98.4110613500001,8.03078115700004,0
                  98.4110452670001,8.03078779300006,0
                  98.4109348380001,8.03077327600005,0
                  98.4108436830001,8.03071571000004,0
                  98.4106661600001,8.03061015600002,0
                  98.410560655,8.03051427700007,0
                  98.410536768,8.03042808800006,0
                  98.41053694,8.03030843000005,0
                  98.41054117,8.03021658100005,0
                  98.410570922,8.03005479900003,0
                  98.4106384190001,8.02986822900004,0
                  98.4107154370001,8.02973910800006,0
                  98.4107828080001,8.02963868900002,0
                  98.41079311,8.02962725000003,0
                  98.4107932350001,8.02954072900008,0
                  98.4107886520001,8.02939754700003,0
                  98.4106500770001,8.02920167700006,0
                  98.4104493710001,8.02892935900007,0
                  98.4102437670001,8.02873339200005,0
                  98.410258426,8.02852819600002,0
                  98.4103303370001,8.02846625500007,0
                  98.4103489830001,8.02845706400007,0
                  98.4108182580001,8.02822571000007,0
                  98.410869366,8.02820051300006,0
                  98.4109963560001,8.02813790700003,0
                  98.4110265960001,8.02808743400004,0
                  98.411228071,8.02775115400004,0
                  98.411356325,8.02753708800003,0
                  98.411363205,8.02749697900003,0
                  98.411395865,8.02730656600005,0
                  98.4114008780001,8.02727032500007,0
                  98.4113672930001,8.02706458400007,0
                  98.411296156,8.02662880200006,0
                  98.411076053,8.02608284100006,0
                  98.4110044240001,8.02580513000004,0
                  98.4108427890001,8.02467053200007,0
                  98.410547798,8.02277470800004,0
                  98.410453648,8.02214288500005,0
                  98.4104336550001,8.02200872600002,0
                  98.4104251190001,8.02198207100002,0
                  98.4104091290001,8.02193213100003,0
                  98.4103836780001,8.02173301300007,0
                  98.4102748810001,8.02129012500006,0
                  98.410281077,8.02125704800005,0
                  98.410281291,8.02110867100004,0
                  98.4102576540001,8.02085017400003,0
                  98.4101584700001,8.01970130400002,0
                  98.4100774170001,8.01929913500004,0
                  98.4100105750001,8.01903100100003,0
                  98.4100059130001,8.01893526800006,0
                  98.4099918110001,8.01872464700006,0
                  98.4100220980001,8.01770040900004,0
                  98.410111849,8.01539829500007,0
                  98.4101508350001,8.01500108100004,0
                  98.4101751270001,8.01480487500004,0
                  98.4102427180001,8.01455129600004,0
                  98.410262145,8.01439815900005,0
                  98.410271922,8.01427851400007,0
                  98.410262559,8.01411097900007,0
                  98.410243586,8.01394821400004,0
                  98.4102244750001,8.01388117700003,0
                  98.4101861770001,8.01379975500004,0
                  98.4101478580001,8.01373269000004,0
                  98.4101335490001,8.01366566000007,0
                  98.410124023,8.01361299800004,0
                  98.4101289690001,8.01351249000004,0
                  98.4101290790001,8.01343590800008,0
                  98.410148388,8.01336414000002,0
                  98.410170028,8.01334048500007,0
                  98.410196484,8.01331156000003,0
                  98.4102830340001,8.01323031500004,0
                  98.410293413,8.01320529300006,0
                  98.410340793,8.01313467000006,0
                  98.4103697210001,8.01305334300002,0
                  98.410379758,8.01275181900007,0
                  98.4102893240001,8.01219647000005,0
                  98.4101700720001,8.01164586600004,0
                  98.4100557930001,8.01097561100005,0
                  98.4099895320001,8.01030542500007,0
                  98.4099609620001,8.01013786200002,0
                  98.4099130130001,8.01008993000005,0
                  98.4098362540001,8.01004195700006,0
                  98.409481053,8.00995050700004,0
                  98.408962585,8.00986360900004,0
                  98.4088521990001,8.00982516100004,0
                  98.4087898450001,8.00977720700007,0
                  98.4087467100001,8.00971970900002,0
                  98.4087467960001,8.00966018300005,0
                  98.4087564480001,8.00950978300006,0
                  98.4087661180001,8.00946193700003,0
                  98.4089129770001,8.00933421900004,0
                  98.4090284390001,8.00918122100006,0
                  98.4090287020001,8.00899933800002,0
                  98.4090384070001,8.00892755700005,0
                  98.4090317610001,8.00878159900003,0
                  98.4092250910001,8.00858324700005,0
                  98.4092941650001,8.00840694600004,0
                  98.409358856,8.00811236700002,0
                  98.4093833260001,8.00779171400006,0
                  98.4094315930001,8.00761947600006,0
                  98.4094558290001,8.00746156000002,0
                  98.409562011,8.00708358800006,0
                  98.4096921760001,8.00672479600007,0
                  98.409904209,8.00619859900007,0
                  98.4100585040001,8.00575368900007,0
                  98.4101308950001,8.00550011400003,0
                  98.410169807,8.00515555200008,0
                  98.4102037970001,8.00489235100002,0
                  98.410213566,8.00477749200007,0
                  98.4102281560001,8.00464828100007,0
                  98.4102813060001,8.00441861100006,0
                  98.4103009330001,8.00412666800003,0
                  98.4103011050001,8.00400701100006,0
                  98.410320428,8.00392567000006,0
                  98.4104659160001,8.00292552500002,0
                  98.4105096330001,8.00257618300003,0
                  98.410577215,8.00232739000006,0
                  98.410731297,8.00203085300006,0
                  98.4108722510001,8.00172466100003,0
                  98.4108854300001,8.00169602900007,0
                  98.4110585750001,8.00150003500005,0
                  98.4113757870001,8.00128988500006,0
                  98.412139788,8.00091763800003,0
                  98.4126682870001,8.00069821600005,0
                  98.4129661160001,8.00061248600002,0
                  98.4131605850001,8.00053741800002,0
                  98.41322555,8.00051233900007,0
                  98.4134081990001,8.00038336700004,0
                  98.4135909620001,8.00017302700007,0
                  98.4137642000001,7.99991002100006,0
                  98.4138558480001,7.99961818400004,0
                  98.4139623660001,7.99900089200003,0
                  98.4140155530001,7.99874250300007,0
                  98.414155485,7.99826406600005,0
                  98.4144301800001,7.99756085700005,0
                  98.4147715500001,7.99664376500004,0
                  98.4149893150001,7.99605872700005,0
                  98.4151963290001,7.99567611000003,0
                  98.4154560680001,7.99536057800003,0
                  98.415686925,7.99509286700004,0
                  98.4158215130001,7.99499254300002,0
                  98.416052182,7.99485885200005,0
                  98.4164270460001,7.99462006000005,0
                  98.4170327420001,7.99413270700006,0
                  98.417249058,7.99396070200004,0
                  98.4174557030001,7.99383654700006,0
                  98.417662261,7.99377461600005,0
                  98.4177918970001,7.99377958300005,0
                  98.418031936,7.99380864000005,0
                  98.418171096,7.99387106100005,0
                  98.4182670450001,7.99392863300005,0
                  98.4183582140001,7.99397183800005,0
                  98.4183602840001,7.99397184100008,0
                  98.4183974690001,7.99397189400003,0
                  98.418444644,7.99397196000007,0
                  98.4185167370001,7.99392419600002,0
                  98.4185456070001,7.99388115900007,0
                  98.418550644,7.99366867000003,0
                  98.4185507130001,7.99366577900003,0
                  98.4185268000001,7.99359873700007,0
                  98.4185269160001,7.99351736900007,0
                  98.4186185790001,7.99321116900006,0
                  98.418654438,7.99311595600005,0
                  98.4188113660001,7.99269929700006,0
                  98.4188922390001,7.99253328700007,0
                  98.4193892340001,7.99151308700004,0
                  98.4196261170001,7.99106670900005,0
                  98.4197471590001,7.99083862100002,0
                  98.419903214,7.99054455500004,0
                  98.419995849,7.99036999500004,0
                  98.4202700040001,7.99004012000006,0
                  98.420563363,7.98971027000005,0
                  98.4208653600001,7.98932580600007,0
                  98.4211764120001,7.98892980900007,0
                  98.421265652,7.98881620000003,0
                  98.4218664830001,7.98836233400004,0
                  98.422538644,7.98793261800006,0
                  98.422916522,7.98775311100007,0
                  98.4236082260001,7.98755304600007,0
                  98.42396354,7.98755354100007,0
                  98.4242705670001,7.98774542500007,0
                  98.424855312,7.98849291500005,0
                  98.4251238620001,7.98873260700003,0
                  98.4253734230001,7.98881910900008,0
                  98.4256135130001,7.98880986900002,0
                  98.4259209190001,7.98873371500002,0
                  98.4260954760001,7.98856932500007,0
                  98.4262406970001,7.98836121700003,0
                  98.4262895250001,7.98829124700006,0
                  98.4262944920001,7.98826104100004,0
                  98.4263476450001,7.98793781200004,0
                  98.4263518240001,7.98786601000006,0
                  98.426345139,7.98775520700002,0
                  98.4263330520001,7.98755486700003,0
                  98.4262564470001,7.98739681100005,0
                  98.4261595230001,7.98725144400004,0
                  98.4260552050001,7.98709499000006,0
                  98.425733785,7.98679531300007,0
                  98.4257193600001,7.98678186400002,0
                  98.4255564950001,7.98663001800003,0
                  98.4253392080001,7.98646001600002,0
                  98.4252255520001,7.98637109400005,0
                  98.425153719,7.98625506200005,0
                  98.425100994,7.98616989200002,0
                  98.4250513700001,7.98607061200005,0
                  98.4250339580001,7.98603577900008,0
                  98.4249861440001,7.98589212400003,0
                  98.424914604,7.98554740500003,0
                  98.424890744,7.98544206900004,0
                  98.42486691,7.98531759000002,0
                  98.4248574760001,7.98519791800004,0
                  98.4248239990001,7.98510214200007,0
                  98.4247425080001,7.98500630100006,0
                  98.424656128,7.98497267600004,0
                  98.424545664,7.98499167000006,0
                  98.4244543230001,7.98507291100003,0
                  98.424305324,7.98518279100006,0
                  98.4240264000001,7.98540834900007,0
                  98.4240168700001,7.98541358200004,0
                  98.4239376680001,7.98545707000005,0
                  98.4236110580001,7.98553319700005,0
                  98.4233422140001,7.98550410400003,0
                  98.4228815650001,7.98529286100006,0
                  98.4227979920001,7.98521497000007,0
                  98.42229588,7.98474700000003,0
                  98.4216060350001,7.98410405700002,0
                  98.421366176,7.98395055800006,0
                  98.4211262090001,7.98387364000007,0
                  98.421106723,7.98388178600004,0
                  98.420943644,7.98394996700006,0
                  98.4207219,7.98457188700007,0
                  98.4203077160001,7.98546157300007,0
                  98.4199220950001,7.98652360900007,0
                  98.419479262,7.98729838300005,0
                  98.419387219,7.98744066700004,0
                  98.4193482860001,7.98748745400007,0
                  98.4192261910001,7.98763417400005,0
                  98.4191702470001,7.98769152300002,0
                  98.41913048,7.98774105800004,0
                  98.418995775,7.98792753700008,0
                  98.4185817790001,7.98867841800006,0
                  98.418552328,7.98871939500003,0
                  98.4184615020001,7.98884577100006,0
                  98.4182691780001,7.98903216900004,0
                  98.4181442220001,7.98911336300006,0
                  98.4180192740001,7.98918976800007,0
                  98.4170392350001,7.98955693800002,0
                  98.4164033910001,7.98980814100003,0
                  98.4162997930001,7.98982864200002,0
                  98.4161393370001,7.98989167000008,0
                  98.416076058,7.98991652500007,0
                  98.4158358700001,7.98999276900003,0
                  98.4156438100001,7.98999249800005,0
                  98.4155789440001,7.98999240600006,0
                  98.415524878,7.98999233000006,0
                  98.415489903,7.99001350500004,0
                  98.415441967,7.99011665700004,0
                  98.415423332,7.99023627600008,0
                  98.415338439,7.99029164000007,0
                  98.4148965110001,7.99042024700003,0
                  98.414214412,7.99061552100005,0
                  98.4131479590001,7.99096820100004,0
                  98.4122882250001,7.99114407500002,0
                  98.411995312,7.99115801800002,0
                  98.4118657100001,7.99112911700007,0
                  98.411685999,7.99107210700004,0
                  98.411330509,7.99103938200005,0
                  98.4111917000001,7.99103918400004,0
                  98.410935065,7.99103881800005,0
                  98.4109287730001,7.99103881000002,0
                  98.4108791620001,7.99103873900003,0
                  98.410791089,7.99106055400006,0
                  98.4106210370001,7.99110267400005,0
                  98.4104315640001,7.99114960500003,0
                  98.4103411940001,7.99117198900007,0
                  98.4101586680001,7.99121959500008,0
                  98.409947371,7.99123843800004,0
                  98.4098034080001,7.99118079600004,0
                  98.4096787440001,7.99105617000004,0
                  98.4095541510001,7.99088368400004,0
                  98.4092277560001,7.99080663700005,0
                  98.4091296450001,7.99079791600008,0
                  98.409077945,7.99079332100007,0
                  98.408680448,7.99075799100007,0
                  98.4081331260001,7.99071891700004,0
                  98.407672356,7.99059381000006,0
                  98.407331346,7.99044805400007,0
                  98.407189583,7.99038746100007,0
                  98.4067510260001,7.99020000800004,0
                  98.4060611560001,7.98981246900007,0
                  98.4048989710001,7.98926879000004,0
                  98.4047795500001,7.98920173300007,0
                  98.404352041,7.98896167600003,0
                  98.4037671300001,7.98835775000003,0
                  98.403609498,7.98825215500005,0
                  98.402844449,7.98773966500005,0
                  98.402778976,7.98769580600003,0
                  98.4013205000001,7.98688001600004,0
                  98.4013147650001,7.98687086300004,0
                  98.400360983,7.98634255400003,0
                  98.400047048,7.98621162500007,0
                  98.399669986,7.98605436800005,0
                  98.39966694,7.98603122400004,0
                  98.3995465180001,7.98511606300002,0
                  98.399625927,7.98500128000006,0
                  98.3996523740001,7.98496305200007,0
                  98.399667133,7.98491184300002,0
                  98.3996909830001,7.98482909000006,0
                  98.399691262,7.98463763500007,0
                  98.3996243620001,7.98441736500007,0
                  98.399509406,7.98422574500006,0
                  98.3990875480001,7.98376564100005,0
                  98.398588713,7.98341072500006,0
                  98.3984929850001,7.98338186100005,0
                  98.3977922990001,7.98317058900005,0
                  98.3971499420001,7.98297859100006,0
                  98.3966478560001,7.98278506100007,0
                  98.396470031,7.98275935200007,0
                  98.396276136,7.98278396100005,0
                  98.396567647,7.98248306200003,0
                  98.396569006,7.98248165900003,0
                  98.396569771,7.98248300700004,0
                  98.396636239,7.98260020600003,0
                  98.3966928830001,7.98264722600004,0
                  98.3969328410001,7.98278999800004,0
                  98.3973227110001,7.98296413700007,0
                  98.397433838,7.98298745300002,0
                  98.397761051,7.98300997600006,0
                  98.3982411120001,7.98298692500003,0
                  98.398477202,7.98291920200006,0
                  98.398599087,7.98288423900004,0
                  98.398661415,7.98286719800006,0
                  98.3988776850001,7.98280806300005,0
                  98.399117882,7.98272225600005,0
                  98.3992716810001,7.98261718100002,0
                  98.399272576,7.98261433200003,0
                  98.3992792700001,7.98259299300003,0
                  98.3993392180001,7.98240189100005,0
                  98.399339383,7.98228907100003,0
                  98.3993396450001,7.98210992500003,0
                  98.399339791,7.98200984900006,0
                  98.3992169150001,7.98167427600004,0
                  98.3989373160001,7.98142967700005,0
                  98.3987496010001,7.98132311300003,0
                  98.398464952,7.98125849400003,0
                  98.3984158250001,7.98124734200007,0
                  98.3983114590001,7.98122365000006,0
                  98.3979485260001,7.98121763900002,0
                  98.3978705390001,7.98123184300005,0
                  98.3976567920001,7.98127077300006,0
                  98.3976122760001,7.98127888200003,0
                  98.3975602300001,7.98131220900007,0
                  98.3975448290001,7.98130641900002,0
                  98.3965783630001,7.98094314200006,0
                  98.3952608490001,7.98044790400007,0
                  98.39506916,7.98019873500004,0
                  98.3942922460001,7.97957537000002,0
                  98.3934479740001,7.97904763500003,0
                  98.393140836,7.97875945200008,0
                  98.3930303590001,7.97865579400008,0
                  98.392824653,7.97846278500003,0
                  98.3932477000001,7.97810921500007,0
                  98.393435664,7.97812578600002,0
                  98.3934685340001,7.97812868400007,0
                  98.3936509870001,7.97812895200008,0
                  98.393735946,7.97807375200006,0
                  98.3938216330001,7.97801807900004,0
                  98.3939008990001,7.97796657900005,0
                  98.39425685,7.97752675600003,0
                  98.3943726460001,7.97714401600007,0
                  98.3943729270001,7.97695256200006,0
                  98.3943251680001,7.97678018300007,0
                  98.394315749,7.97665572400007,0
                  98.3943159610001,7.97651213400007,0
                  98.394441106,7.97630171600002,0
                  98.3945238210001,7.97619895700007,0
                  98.3945565510001,7.97615829600005,0
                  98.3947110330001,7.97607581000005,0
                  98.3947401710001,7.97606025300007,0
                  98.3948834380001,7.97589073700004,0
                  98.3950472750001,7.97548892100002,0
                  98.395181925,7.97534552700006,0
                  98.3951905090001,7.97533955500006,0
                  98.3953741770001,7.97521178900007,0
                  98.3955664970001,7.97503018800006,0
                  98.395567858,7.97502677200004,0
                  98.3957303480001,7.97461879900004,0
                  98.3957118750001,7.97412099200005,0
                  98.395616197,7.97388153300005,0
                  98.395535147,7.97378619500006,0
                  98.3954627940001,7.97371857400003,0
                  98.3952772420001,7.97364779800006,0
                  98.3948780410001,7.97302848300006,0
                  98.3948433890001,7.97255007000007,0
                  98.394812158,7.97211897800003,0
                  98.394799187,7.97205685400007,0
                  98.394726146,7.97170702900007,0
                  98.3946967960001,7.97156646200006,0
                  98.394688198,7.97152528800007,0
                  98.39464322,7.97116226300005,0
                  98.3945771190001,7.97062875100005,0
                  98.3945648270001,7.97052954500003,0
                  98.3945650810001,7.97035671900005,0
                  98.3945688480001,7.97035155800006,0
                  98.3946079080001,7.97029805000005,0
                  98.394687934,7.97022318700004,0
                  98.3947117260001,7.97021831400002,0
                  98.3948726180001,7.97018537700006,0
                  98.395024391,7.97006881300007,0
                  98.3952956090001,7.96986052000005,0
                  98.3954094380001,7.96977364100007,0
                  98.3955917540001,7.96963448700006,0
                  98.397035626,7.96853244600004,0
                  98.3970695610001,7.96851239700004,0
                  98.3974238530001,7.96830308800003,0
                  98.3977468320001,7.96811227800004,0
                  98.3979328790001,7.96805743400006,0
                  98.3981022820001,7.96800749600004,0
                  98.3981472,7.96796690700006,0
                  98.39820554,7.96791419100003,0
                  98.398208051,7.96791192100005,0
                  98.3981986160001,7.96779703400006,0
                  98.3980835400001,7.96769156700003,0
                  98.3978530620001,7.96770080600004,0
                  98.3976226030001,7.96770047100006,0
                  98.3974882640001,7.96763326700005,0
                  98.396793631,7.96711442200007,0
                  98.3966921200001,7.96703860000002,0
                  98.396620205,7.96691730400005,0
                  98.3962035980001,7.96621463300005,0
                  98.396094067,7.96611728800002,0
                  98.3960309770001,7.96606121700006,0
                  98.3958775190001,7.96593654900005,0
                  98.395723966,7.96587889000006,0
                  98.3955991450001,7.96586913500005,0
                  98.3955922640001,7.96585438100004,0
                  98.3954696640001,7.96559147100004,0
                  98.3953793570001,7.96563533200003,0
                  98.394971529,7.96585858200007,0
                  98.3946717570001,7.96611515400002,0
                  98.3944884960001,7.96632215300002,0
                  98.394263471,7.96664515900005,0
                  98.3940382970001,7.96707594600002,0
                  98.3939131610001,7.96734105800004,0
                  98.3937214960001,7.96760607900006,0
                  98.3935798470001,7.96778826600007,0
                  98.3933828850001,7.96795196200003,0
                  98.3932116830001,7.96805926300004,0
                  98.3929641430001,7.96819005800006,0
                  98.392719297,7.96827626300006,0
                  98.3923507280001,7.96839639300003,0
                  98.3921164100001,7.96847999500005,0
                  98.3919294520001,7.96856890900006,0
                  98.3917503280001,7.96869455600006,0
                  98.3915711910001,7.96883332500005,0
                  98.3913446450001,7.96900350400006,0
                  98.3911655410001,7.96911603400002,0
                  98.390968071,7.96919444400004,0
                  98.3908074940001,7.96923879900004,0
                  98.390675898,7.96925434400003,0
                  98.390554847,7.96925941400002,0
                  98.3899553960001,7.96919483900007,0
                  98.389634255,7.96916042700008,0
                  98.3894137600001,7.96912911600003,0
                  98.389070458,7.96906368700007,0
                  98.3888248260001,7.96901462900007,0
                  98.3886709230001,7.96899079200006,0
                  98.3885406800001,7.96898469900003,0
                  98.3882594570001,7.96898133300004,0
                  98.388015222,7.96898688100003,0
                  98.3877605960001,7.96901158400004,0
                  98.3876288380001,7.96902762300004,0
                  98.387551838,7.96905259500005,0
                  98.387476297,7.96908642000005,0
                  98.3874229530001,7.96912470500007,0
                  98.3873621870001,7.96917773500007,0
                  98.3873251160001,7.96922489600007,0
                  98.3872761570001,7.96929860300003,0
                  98.3872034020001,7.96945342800007,0
                  98.3870964650001,7.96970116300002,0
                  98.386944961,7.97005507200004,0
                  98.3869051620001,7.97014201100006,0
                  98.3868484370001,7.97026593400005,0
                  98.386802436,7.97034259300005,0
                  98.3867505270001,7.97041481500003,0
                  98.386682309,7.97050324700007,0
                  98.3866259110001,7.97060054800005,0
                  98.3865828560001,7.97069049300006,0
                  98.386541331,7.97074502900006,0
                  98.3865042830001,7.97077596100007,0
                  98.3864642880001,7.97079360900005,0
                  98.3864080270001,7.97080237900008,0
                  98.3863088590001,7.97080223300003,0
                  98.3861904550001,7.97079615600006,0
                  98.3860542960001,7.97078709700003,0
                  98.3858678440001,7.97075435900007,0
                  98.3855245760001,7.97066531600007,0
                  98.385304111,7.97061777500005,0
                  98.3852404570001,7.97061768000003,0
                  98.3851975170001,7.97062942500003,0
                  98.3851545540001,7.97065739200002,0
                  98.3851174750001,7.97070455500005,0
                  98.3850491620001,7.97085643800006,0
                  98.3849867490001,7.97102160500003,0
                  98.3848692810001,7.97137998800002,0
                  98.384814314,7.97151713000005,0
                  98.384774205,7.97161150600004,0
                  98.384716342,7.97170142800007,0
                  98.3846540420001,7.97179135000005,0
                  98.384462726,7.97204338300003,0
                  98.3843959760001,7.97213918800003,0
                  98.3842832350001,7.97230281100008,0
                  98.384215006,7.97239861800006,0
                  98.384154208,7.97247231000006,0
                  98.3840445160001,7.97257985900006,0
                  98.38396004,7.97264908200003,0
                  98.3838785140001,7.97273011800007,0
                  98.383813294,7.97279199300004,0
                  98.3837065220001,7.97292315800007,0
                  98.3835581740001,7.97314427300006,0
                  98.3835121810001,7.97321798000007,0
                  98.383501762,7.97325780300002,0
                  98.3834987430001,7.97329764300002,0
                  98.383510421,7.97340537100007,0
                  98.383554508,7.97361644000006,0
                  98.3835617450001,7.97372417000003,0
                  98.3835572,7.97379498600003,0
                  98.3835378530001,7.97386725800004,0
                  98.383512587,7.97393510000006,0
                  98.3834621380001,7.97401617600002,0
                  98.383395432,7.97408247600004,0
                  98.3833139320001,7.97414580900005,0
                  98.3832072470001,7.97421795000002,0
                  98.3830946520001,7.97428565500007,0
                  98.3829583710001,7.97435775300005,0
                  98.3827791360001,7.97444601900003,0
                  98.3826013950001,7.97452543600002,0
                  98.3823496480001,7.97460474300004,0
                  98.382191209,7.97464581900005,0
                  98.3819794610001,7.97470157500004,0
                  98.381813628,7.97473821600005,0
                  98.3816714980001,7.97475866300005,0
                  98.3815678860001,7.97476145800005,0
                  98.3813961910001,7.97475529600007,0
                  98.3812659530001,7.97474477500003,0
                  98.381080963,7.97472384500003,0
                  98.3809122600001,7.97469850600004,0
                  98.3807879490001,7.97468208800007,0
                  98.3806503060001,7.97467598100008,0
                  98.3805629770001,7.97467437600005,0
                  98.38043122,7.97468598100005,0
                  98.3803527470001,7.97470357100002,0
                  98.3802609360001,7.97473146900006,0
                  98.380169106,7.97476969500002,0
                  98.3800817260001,7.97480202700007,0
                  98.3799839980001,7.97482696700007,0
                  98.3798729530001,7.97484745300005,0
                  98.3797574610001,7.97487237100006,0
                  98.3796034640001,7.97491050400004,0
                  98.379520525,7.97494284100003,0
                  98.3794479420001,7.97497961900007,0
                  98.3793812900001,7.97500903200006,0
                  98.379295368,7.97505759100005,0
                  98.3792138900001,7.97510469000002,0
                  98.379116089,7.97517831800008,0
                  98.3790404950001,7.97524608400005,0
                  98.3789352530001,7.97534331200006,0
                  98.378837424,7.97543907400006,0
                  98.378721844,7.97552153300006,0
                  98.378627017,7.97558484000007,0
                  98.3783211510001,7.97523468000003,0
                  98.378009359,7.97488450200007,0
                  98.377836475,7.97468652200007,0
                  98.3777079330001,7.97453286700005,0
                  98.3776369870001,7.97446636200004,0
                  98.377591141,7.97443825700003,0
                  98.377557117,7.97442640400004,0
                  98.3775067920001,7.97442780400007,0
                  98.377160384,7.97446121900003,0
                  98.376781405,7.97449458600005,0
                  98.376585999,7.97451052600007,0
                  98.3765341910001,7.97451192400007,0
                  98.3765119990001,7.97450450800005,0
                  98.3764927890001,7.97448530200006,0
                  98.3764647630001,7.97442180900003,0
                  98.376445581,7.97437899400006,0
                  98.37640717,7.97433171500006,0
                  98.3763613470001,7.97428885200003,0
                  98.376305168,7.97424745400002,0
                  98.3762415900001,7.97419866800004,0
                  98.3761307610001,7.97413185600004,0
                  98.376059792,7.97408190600004,0
                  98.3760124950001,7.97403462000005,0
                  98.375967856,7.97397421600004,0
                  98.37593372,7.97392432800007,0
                  98.3758996350001,7.97384295900002,0
                  98.3758419750001,7.97369072300006,0
                  98.375810502,7.97362247000007,0
                  98.3757369790001,7.97352005400006,0
                  98.375684489,7.97343078700004,0
                  98.3756010340001,7.97322328700005,0
                  98.3755264640001,7.97304129500003,0
                  98.375512605,7.97292469200005,0
                  98.3754989890001,7.97264953100006,0
                  98.3754946290001,7.97243966300005,0
                  98.375494905,7.97225778900003,0
                  98.3755325560001,7.97210861900004,0
                  98.3755795590001,7.97195945800007,0
                  98.3756312410001,7.97181030100006,0
                  98.3756267190001,7.97170770000002,0
                  98.3755847340001,7.97163302100006,0
                  98.3755008270001,7.97143702900007,0
                  98.3754218320001,7.97108715000007,0
                  98.3753799180001,7.97096117800004,0
                  98.375333299,7.97085384800005,0
                  98.3752258810001,7.97073709800003,0
                  98.3751418470001,7.97062504900003,0
                  98.3750250670001,7.97051295000006,0
                  98.3749175340001,7.97047081500006,0
                  98.374767934,7.97040996700002,0
                  98.3745388440001,7.97032101700006,0
                  98.3740621090001,7.97004514900004,0
                  98.373730245,7.96986277500002,0
                  98.3735386120001,7.96975056200006,0
                  98.3734124740001,7.96964311100004,0
                  98.3733284190001,7.96954505300005,0
                  98.3732724650001,7.96942371600005,0
                  98.3732071810001,7.96928838100007,0
                  98.373090678,7.96899440200002,0
                  98.3729835020001,7.96871910000004,0
                  98.3728622790001,7.96845309500003,0
                  98.3727644310001,7.96819646100005,0
                  98.372666484,7.96800511200007,0
                  98.3725171550001,7.96776704800004,0
                  98.3723313040001,7.96744265600006,0
                  98.3721819290001,7.96723102000004,0
                  98.3719576550001,7.96705658000008,0
                  98.3716086790001,7.96685085900003,0
                  98.3712844630001,7.96676953400004,0
                  98.3709353140001,7.96667573700006,0
                  98.370611088,7.96660063200005,0
                  98.3702993430001,7.96652553900003,0
                  98.370112383,7.96641955100006,0
                  98.3698131740001,7.96630095400008,0
                  98.3695888760001,7.96614516700004,0
                  98.369246118,7.96595189200002,0
                  98.36900927,7.96583960700002,0
                  98.368803545,7.96577089400006,0
                  98.368560357,7.96572700100006,0
                  98.3683195140001,7.96568232900006,0
                  98.3681417990001,7.96564941800005,0
                  98.367950024,7.96563512900002,0
                  98.3678050340001,7.96561625900006,0
                  98.367706846,7.96558812800004,0
                  98.3676040400001,7.96551335600003,0
                  98.3675340380001,7.96540598900003,0
                  98.3675201020001,7.96534067700003,0
                  98.367510876,7.96525672300004,0
                  98.3675110620001,7.96513547200004,0
                  98.367511188,7.96505297000004,0
                  98.3675112190001,7.96503287600007,0
                  98.3675114480001,7.96488364800007,0
                  98.3675210110001,7.96474842200007,0
                  98.3675305670001,7.96461785900004,0
                  98.3675307600001,7.96449194500002,0
                  98.3675590300001,7.96436141600003,0
                  98.3675545170001,7.96425414800007,0
                  98.367535999,7.96412820700004,0
                  98.3674940230001,7.96404420200003,0
                  98.367419236,7.96400677700007,0
                  98.367325711,7.96398331700004,0
                  98.3672462260001,7.96395988200004,0
                  98.3671433170001,7.96395506200003,0
                  98.367035709,7.96396422400005,0
                  98.3668813290001,7.96396864700006,0
                  98.366717603,7.96396839700003,0
                  98.3665679060001,7.96397283200002,0
                  98.366394777,7.96400055100003,0
                  98.36623568,7.96402828800007,0
                  98.3661281510001,7.96399081500005,0
                  98.3659738250001,7.96395793900007,0
                  98.3658896950001,7.96391117400003,0
                  98.3657775170001,7.96385037900006,0
                  98.3657074720001,7.96377098900007,0
                  98.3656047900001,7.96361694100005,0
                  98.3655348460001,7.96347226600005,0
                  98.3653857,7.96311761900006,0
                  98.365161877,7.96265092900006,0
                  98.3650872420001,7.96251090900006,0
                  98.3650592420001,7.96246889900004,0
                  98.3650032200001,7.96239419300002,0
                  98.3649050500001,7.96235207600006,0
                  98.3648114850001,7.96235659500007,0
                  98.364680487,7.96236572100003,0
                  98.3645634600001,7.96241683900007,0
                  98.364455745,7.96249595600005,0
                  98.3643480360001,7.96257507000007,0
                  98.364170083,7.96270071000004,0
                  98.3640530210001,7.96277048200005,0
                  98.3639032230001,7.96284020200005,0
                  98.3637581400001,7.96288195100004,0
                  98.3636271270001,7.96290506400004,0
                  98.3634587120001,7.96290947400007,0
                  98.3632856670001,7.96288589200003,0
                  98.3630331720001,7.96281088900002,0
                  98.362841485,7.96274064600004,0
                  98.362612498,7.96259106000002,0
                  98.3624255840001,7.96246019600005,0
                  98.3623227560001,7.96240407900007,0
                  98.3621824460001,7.96238520800006,0
                  98.3620374120001,7.96239897700002,0
                  98.361892352,7.96242673100005,0
                  98.3617800160001,7.96246853100007,0
                  98.361658268,7.96254762000007,0
                  98.3615552510001,7.96261741200004,0
                  98.3614632250001,7.96267049000005,0
                  98.3614101050001,7.96270113000003,0
                  98.3612649940001,7.96276153300005,0
                  98.361133931,7.96281262800005,0
                  98.3609653880001,7.96290097200006,0
                  98.3608483400001,7.96296608500006,0
                  98.3607313130001,7.96301719800005,0
                  98.3605114040001,7.96304484200004,0
                  98.3602728280001,7.96304913700004,0
                  98.3600763430001,7.96305349900007,0
                  98.3599032560001,7.96305789600007,0
                  98.3597816000001,7.96307636100005,0
                  98.3596178160001,7.96311342000007,0
                  98.3594259660001,7.96315042700007,0
                  98.3593090470001,7.96313159100004,0
                  98.3592061680001,7.96310812000007,0
                  98.359084614,7.96306129500005,0
                  98.358986471,7.96300052100003,0
                  98.358855642,7.96290238600005,0
                  98.358748188,7.96281361000007,0
                  98.358668794,7.96272954600005,0
                  98.358612823,7.96262220100004,0
                  98.35852886,7.96247284300006,0
                  98.3584214740001,7.96233743700003,0
                  98.3582393400001,7.96214129000003,0
                  98.3580828840001,7.96198171800006,0
                  98.3577278720001,7.96165161700003,0
                  98.357403973,7.96137130600005,0
                  98.3570302570001,7.96104117500005,0
                  98.3566501350001,7.96081674000004,0
                  98.355824801,7.96044923900007,0
                  98.3555537650001,7.96017538500007,0
                  98.3554814660001,7.95957289400008,0
                  98.3554819330001,7.95927389600007,0
                  98.355482464,7.95893401400002,0
                  98.355575075,7.95825876600003,0
                  98.3557958200001,7.95760196800006,0
                  98.355888113,7.95712751100007,0
                  98.3560901820001,7.95670799000004,0
                  98.3562375430001,7.95614234800007,0
                  98.35636657,7.95559493600007,0
                  98.3564222150001,7.95513867200003,0
                  98.3564413760001,7.95459108900008,0
                  98.3564055800001,7.95406167000004,0
                  98.356369644,7.95362352300003,0
                  98.356297543,7.95289325800007,0
                  98.356152142,7.95219938400004,0
                  98.3559702110001,7.95145069600005,0
                  98.3555683020001,7.95086595100003,0
                  98.3550746170001,7.95042709300003,0
                  98.3545443470001,7.94996992400007,0
                  98.3540322440001,7.94960404900007,0
                  98.3534288170001,7.94909200300003,0
                  98.3528620120001,7.94858001600005,0
                  98.352313608,7.94801329200004,0
                  98.352153581,7.94786393100003,0
                  98.3517651110001,7.94750133000002,0
                  98.3513263940001,7.94704429900003,0
                  98.350869479,7.94651422300007,0
                  98.3506546990001,7.94619430600005,0
                  98.3505043170001,7.94585651900007,0
                  98.3503589320001,7.94516264400005,0
                  98.3502865830001,7.94459666100005,0
                  98.3503055,7.94421336400006,0
                  98.3503336160001,7.94406837400004,0
                  98.3501205060001,7.94398209700006,0
                  98.3497814930001,7.94393209700007,0
                  98.349459106,7.94382440400005,0
                  98.3492277130001,7.94370860400005,0
                  98.3490376870001,7.94358463000003,0
                  98.348856072,7.94336996600003,0
                  98.3486992460001,7.94317183400005,0
                  98.3485259010001,7.94295718200004,0
                  98.3483194930001,7.94273423400006,0
                  98.3481460570001,7.94257730200007,0
                  98.347947757,7.94245331000008,0
                  98.347741075,7.94240351400003,0
                  98.3475591500001,7.94238673600006,0
                  98.3473771980001,7.94238645100006,0
                  98.3470542040001,7.94237724200002,0
                  98.346686623,7.94237666500004,0
                  98.3462307820001,7.94240526400006,0
                  98.345774889,7.94246317900007,0
                  98.3452747760001,7.94259431900002,0
                  98.3448039020001,7.94282811100004,0
                  98.3444062710001,7.94323792000006,0
                  98.3440380650001,7.94363311700005,0
                  98.3438121930001,7.94383513700006,0
                  98.3435963380001,7.94402819600003,0
                  98.3433165810001,7.94427694500007,0
                  98.342977825,7.94464287200003,0
                  98.3427126810001,7.94495027700003,0
                  98.3423738550001,7.94536017600007,0
                  98.3420791360001,7.94577014500004,0
                  98.3417058750001,7.94616212100004,0
                  98.341269077,7.94663370400002,0
                  98.340842169,7.94695551400002,0
                  98.3405298850001,7.94714145300003,0
                  98.340194759,7.94724765400002,0
                  98.3397094330001,7.94732017300004,0
                  98.33912123,7.94736321600004,0
                  98.338533006,7.94742091000006,0
                  98.3379007190001,7.94744922200005,0
                  98.3369302310001,7.94749164700005,0
                  98.3360479140001,7.94756353500003,0
                  98.3354449190001,7.94766517900007,0
                  98.3349153620001,7.94781091400006,0
                  98.3345737210001,7.94796473700006,0
                  98.3342089430001,7.94822021700003,0
                  98.333781957,7.94858598900004,0
                  98.3334138320001,7.94892254200005,0
                  98.3329575290001,7.94922963400006,0
                  98.3325307540001,7.94946348500002,0
                  98.3321188230001,7.94960940600004,0
                  98.331604042,7.94971118500007,0
                  98.3313535780001,7.94974055900008,0
                  98.3310641460001,7.94971535800005,0
                  98.3308542890001,7.94963668600008,0
                  98.3305270610001,7.94940117100003,0
                  98.3300465360001,7.94906371100006,0
                  98.3296206630001,7.94874054300004,0
                  98.3292534110001,7.94853473300003,0
                  98.3288992750001,7.94845857800004,0
                  98.3285182970001,7.94850422600007,0
                  98.328121116,7.94862085400007,0
                  98.3276208940001,7.94881060500006,0
                  98.3269294570001,7.94904401600007,0
                  98.326488097,7.94920454100003,0
                  98.325912191,7.94931125600004,0
                  98.3254738790001,7.94929405700003,0
                  98.325047242,7.94915823200006,0
                  98.3244450340001,7.94877613400007,0
                  98.323857714,7.94827679700006,0
                  98.3234320880001,7.94780703700008,0
                  98.3229475530001,7.94739581400006,0
                  98.3222280350001,7.94682296900004,0
                  98.3218400680001,7.94647686800005,0
                  98.321684808,7.94633835800005,0
                  98.3211855280001,7.94595642900003,0
                  98.3206275300001,7.94551576900005,0
                  98.3202751370001,7.94522202400003,0
                  98.319908114,7.94488428600005,0
                  98.3196293570001,7.94451736800005,0
                  98.319424214,7.94409194100007,0
                  98.3192779070001,7.94365195400007,0
                  98.3191022170001,7.94319725800005,0
                  98.31895567,7.94290385200003,0
                  98.3187648680001,7.94269832300006,0
                  98.3185445390001,7.94256603700006,0
                  98.3180597,7.94234536900007,0
                  98.3175630850001,7.94217539900006,0
                  98.3174572180001,7.94213916400003,0
                  98.3169723570001,7.94193315200005,0
                  98.316867614,7.94222637900003,0
                  98.316701198,7.94261614300007,0
                  98.3165813140001,7.94293326200005,0
                  98.3165079810001,7.94317113200003,0
                  98.316420296,7.94346553100007,0
                  98.3162411870001,7.94410942300004,0
                  98.316054722,7.94459170000005,0
                  98.315831868,7.94504566800003,0
                  98.3155542870001,7.94545928700006,0
                  98.315199588,7.94599547700005,0
                  98.3148912830001,7.94637837000005,0
                  98.3146291850001,7.94673067400004,0
                  98.314320631,7.94726693300004,0
                  98.314027358,7.94786456500003,0
                  98.3138572510001,7.94840105100008,0
                  98.313779518,7.94889167800005,0
                  98.3137170950001,7.94942834400007,0
                  98.313716254,7.94993444000005,0
                  98.3137924810001,7.95034864200005,0
                  98.3139146290001,7.95090094700004,0
                  98.3140366270001,7.95154527100004,0
                  98.314162041,7.95193507200003,0
                  98.3141896700001,7.95202095000008,0
                  98.314404175,7.95254273600005,0
                  98.3145265530001,7.95295701600003,0
                  98.3145874730001,7.95332518100003,0
                  98.3145713270001,7.95378524400007,0
                  98.3145242100001,7.95436794100004,0
                  98.3144156850001,7.95487385900003,0
                  98.3142302940001,7.95534897800007,0
                  98.3139681370001,7.95573195200006,0
                  98.3137061070001,7.95603824200003,0
                  98.3133054200001,7.95646699100007,0
                  98.3129510350001,7.95680380600004,0
                  98.3127045130001,7.95703343700006,0
                  98.3122730840001,7.95744680100006,0
                  98.311980158,7.95782972200004,0
                  98.3117641470001,7.95821276800007,0
                  98.3115788280001,7.95864187500007,0
                  98.311378172,7.95904028300004,0
                  98.311223645,7.95945410400003,0
                  98.311115267,7.95986800500003,0
                  98.3110222000001,7.96032793700005,0
                  98.3108983860001,7.96077247800002,0
                  98.3108079290001,7.96102238000003,0
                  98.310604933,7.96121896500006,0
                  98.3104396940001,7.96136323800005,0
                  98.3102494970001,7.96148255100007,0
                  98.3100593200001,7.96159189000002,0
                  98.309869082,7.96173612000007,0
                  98.3096838800001,7.96186042500005,0
                  98.3095187170001,7.96195983900003,0
                  98.3093535520001,7.96205925200007,0
                  98.3091233700001,7.96217350900002,0
                  98.3088182110001,7.96227269000002,0
                  98.308653113,7.96233222900003,0
                  98.308463024,7.96238673800002,0
                  98.3082829640001,7.96242631700005,0
                  98.3081079170001,7.96244573400003,0
                  98.307653658,7.96244334200003,0
                  98.3073747720001,7.96248914700004,0
                  98.3071838220001,7.96260458000006,0
                  98.3070209680001,7.96274653600005,0
                  98.3068243180001,7.96301785300005,0
                  98.306638476,7.96334352200006,0
                  98.3064089970001,7.96369084900005,0
                  98.3062560500001,7.96389704900002,0
                  98.3061004310001,7.96413344800004,0
                  98.3060702810001,7.96417925100008,0
                  98.305829998,7.96447223100006,0
                  98.305644241,7.96474356400006,0
                  98.3054802550001,7.96503667200005,0
                  98.3053488910001,7.96537329400007,0
                  98.3052613420001,7.96557960200005,0
                  98.3051736880001,7.96585110600006,0
                  98.305075296,7.96602479400002,0
                  98.3049115810001,7.96615491100005,0
                  98.3046825740001,7.96621972400004,0
                  98.3044209610001,7.96623015200004,0
                  98.3041484720001,7.96622969500004,0
                  98.3037560800001,7.96622903600007,0
                  98.3034726130001,7.96627202200006,0
                  98.303123676,7.96635836500008,0
                  98.3027746450001,7.96649903300005,0
                  98.3025020200001,7.96657463800005,0
                  98.3021640570001,7.96661752900008,0
                  98.301837064,7.96661697900004,0
                  98.3014774650001,7.96656204500005,0
                  98.301139757,7.96645281700006,0
                  98.3006931080001,7.96631080800006,0
                  98.3002682580001,7.96616883200005,0
                  98.2998520740001,7.96605026600002,0
                  98.2993858020001,7.96591742700002,0
                  98.2988954850001,7.96581880500003,0
                  98.298590328,7.96579655900007,0
                  98.2982305260001,7.96586114500008,0
                  98.2979142130001,7.96599100200007,0
                  98.2976305230001,7.96616437200004,0
                  98.2974982630001,7.96626702200007,0
                  98.297281271,7.96643543200003,0
                  98.2970302250001,7.96664145700004,0
                  98.2966918120001,7.96694513000006,0
                  98.2964299760001,7.96708594100005,0
                  98.296146379,7.96720498700006,0
                  98.2958737760001,7.96726972100004,0
                  98.2955467090001,7.96731262500003,0
                  98.2951869620001,7.96734461300002,0
                  98.2947944950001,7.96738741000007,0
                  98.294434875,7.96734333400008,0
                  98.2940425630001,7.96729920600006,0
                  98.2935956370001,7.96732017400006,0
                  98.2931703790001,7.96741724300006,0
                  98.2927233780001,7.96748167700002,0
                  98.2922655120001,7.96752436000003,0
                  98.2918185290001,7.96757792500006,0
                  98.291404227,7.96764241200003,0
                  98.2910443860001,7.96772872400004,0
                  98.290777979,7.96784364500007,0
                  98.290640722,7.96794535100003,0
                  98.2903895950001,7.96819483600007,0
                  98.2901023640001,7.96846517600005,0
                  98.2899747290001,7.96858529900004,0
                  98.289734432,7.96887826800003,0
                  98.2895158750001,7.96920387000006,0
                  98.2893408960001,7.96954041300006,0
                  98.2890784750001,7.97001806100008,0
                  98.2888489200001,7.97039798000003,0
                  98.2885428280001,7.97091901300007,0
                  98.2882259820001,7.97135310800007,0
                  98.2878219900001,7.97175445000005,0
                  98.2876036200001,7.97197139100007,0
                  98.2873744190001,7.97214485400002,0
                  98.28708921,7.97229366800002,0
                  98.2868290320001,7.97237210100008,0
                  98.2865346230001,7.97243678800004,0
                  98.28622941,7.97244712700007,0
                  98.285891512,7.97244654400004,0
                  98.2855972510001,7.97242430700004,0
                  98.2850742510001,7.97231474900008,0
                  98.2847147250001,7.97221633500004,0
                  98.2843007760001,7.97207436200006,0
                  98.283152617,7.97150840200004,0
                  98.2827509940001,7.97133942600004,0
                  98.2825019570001,7.97125084800007,0
                  98.282196608,7.97118621400006,0
                  98.28191216,7.97109532200005,0
                  98.281726856,7.97104992700002,0
                  98.2816093370001,7.97102718300005,0
                  98.2814646890001,7.97099988700006,0
                  98.2813064590001,7.97098609100004,0
                  98.2811211490001,7.97094520400003,0
                  98.2809493820001,7.97091335300007,0
                  98.2808318670001,7.97088610500003,0
                  98.2806374680001,7.97087224500007,0
                  98.2804384940001,7.97088542200004,0
                  98.2802847440001,7.97089416800003,0
                  98.280099363,7.97089384600002,0
                  98.279941109,7.97089357100003,0
                  98.279755794,7.97085268300003,0
                  98.279588538,7.97082985700007,0
                  98.2794257780001,7.97082055700002,0
                  98.279244899,7.97082925900003,0
                  98.2791001940001,7.97083802200007,0
                  98.2789645460001,7.97083778600006,0
                  98.278824414,7.97081500700006,0
                  98.2786617100001,7.97077415200005,0
                  98.2785261940001,7.97070179800005,0
                  98.278404245,7.97062495600005,0
                  98.2781060660001,7.97048470700003,0
                  98.2778756270001,7.97039415600005,0
                  98.277681278,7.97034874200006,0
                  98.2775592200001,7.97033500700007,0
                  98.277419045,7.97033927300004,0
                  98.2772743510001,7.97033902000004,0
                  98.2772159780001,7.97034307400003,0
                  98.2771477350001,7.97034781200006,0
                  98.2769985,7.97036107300005,0
                  98.2768040720001,7.97036073400005,0
                  98.276344221,7.97031608800006,0
                  98.276323522,7.97036997200007,0
                  98.276323442,7.97041519600003,0
                  98.2763233540001,7.97046569500003,0
                  98.276349569,7.97049716700008,0
                  98.276419176,7.97058073200003,0
                  98.2768506100001,7.97096438600005,0
                  98.277195927,7.97117558400004,0
                  98.2783278530001,7.97183806100003,0
                  98.278557757,7.97215435400005,0
                  98.2785859960001,7.97247986700006,0
                  98.2784575730001,7.97452816000003,0
                  98.2778740030001,7.97875819000006,0
                  98.27778714,7.97900692400003,0
                  98.2776552390001,7.97915250800003,0
                  98.2775755310001,7.97920757800006,0
                  98.2773642070001,7.97924550000005,0
                  98.2771721720001,7.97923559200007,0
                  98.2769098860001,7.97922423800003,0
                  98.2768020670001,7.97924084100003,0
                  98.2767784490001,7.97924447700007,0
                  98.2763074170001,7.97953082800007,0
                  98.276268923,7.97957862400006,0
                  98.276230361,7.97966470900008,0
                  98.2762973760001,7.97977969600004,0
                  98.276374079,7.97984683800007,0
                  98.276517782,7.98003854000007,0
                  98.2767382550001,7.98025909300003,0
                  98.2770165630001,7.98035530200002,0
                  98.27711242,7.98045119700004,0
                  98.2771217040001,7.98063308800005,0
                  98.2771214520001,7.98077667500007,0
                  98.2770826380001,7.98100634800005,0
                  98.276822102,7.98172383000002,0
                  98.2763110240001,7.98293864500005,0
                  98.2760124480001,7.98344546500005,0
                  98.2756374040001,7.98375112800005,0
                  98.2756059070001,7.98376796500003,0
                  98.2753712530001,7.98389338900006,0
                  98.2752625460001,7.98395149600003,0
                  98.2750950330001,7.98400451400005,0
                  98.2745707620001,7.98417045000002,0
                  98.2743498,7.98422749700006,0
                  98.274100112,7.98423663300002,0
                  98.273965692,7.98422682400007,0
                  98.2735049650001,7.98411114500004,0
                  98.27283298,7.98399509500007,0
                  98.272507465,7.98403720900006,0
                  98.2724679940001,7.98404231600006,0
                  98.272362193,7.98413785500003,0
                  98.27232358,7.98425265600002,0
                  98.272323359,7.98437709800004,0
                  98.272371186,7.98448247900006,0
                  98.2724958000001,7.98460714200007,0
                  98.2727064860001,7.98493297600004,0
                  98.2727637460001,7.98513409900005,0
                  98.2727636280001,7.98520110800007,0
                  98.272715394,7.98532546400003,0
                  98.2724076140001,7.98560252500005,0
                  98.2723258760001,7.98566938800008,0
                  98.2719171640001,7.98600370700007,0
                  98.2718669600001,7.98600361900003,0
                  98.2717923280001,7.98600348700006,0
                  98.2716937440001,7.98596397700004,0
                  98.2716004090001,7.98592657000006,0
                  98.27155394,7.98592103600004,0
                  98.2713250790001,7.98589378600008,0
                  98.2712739850001,7.98588770400005,0
                  98.2704382940001,7.98602981900007,0
                  98.2703968280001,7.98605039400007,0
                  98.2702268450001,7.98613474400003,0
                  98.270120944,7.98628771700004,0
                  98.2701107220001,7.98630616700007,0
                  98.2700625520001,7.98639310500005,0
                  98.270014974,7.98647897900003,0
                  98.270014852,7.98654770700006,0
                  98.2700148210001,7.98656513100002,0
                  98.2700914230001,7.98668971000006,0
                  98.270100718,7.98686203000005,0
                  98.2702440780001,7.98724518100005,0
                  98.2703204100001,7.98752291800002,0
                  98.2702721420001,7.98766642100003,0
                  98.2702434970001,7.98773271900006,0
                  98.2702419390001,7.98773632500007,0
                  98.2702142840001,7.98780033300005,0
                  98.2702142780001,7.98780406800006,0
                  98.270214217,7.98783810800006,0
                  98.2702140800001,7.98791520300006,0
                  98.270259315,7.98796045500006,0
                  98.270290769,7.98799192000007,0
                  98.270473086,7.98806881900003,0
                  98.2706264400001,7.98823182200005,0
                  98.2709331190001,7.98857697300002,0
                  98.271143683,7.98896981700005,0
                  98.2712916290001,7.98910856600003,0
                  98.2712970730001,7.98911367300008,0
                  98.2714697710001,7.98920012800005,0
                  98.2715726790001,7.98920963700004,0
                  98.2716809990001,7.98921964600004,0
                  98.2718731910001,7.98914340600004,0
                  98.2720558970001,7.98900013900004,0
                  98.272257897,7.98880904700007,0
                  98.272411795,7.98866572900005,0
                  98.2725847820001,7.98858945400002,0
                  98.2727287710001,7.98861842500003,0
                  98.2728726450001,7.98871440200003,0
                  98.273026137,7.98880082400007,0
                  98.2732854810001,7.98876299000005,0
                  98.2734874270001,7.98860061300007,0
                  98.2736510300001,7.98839987800005,0
                  98.273660094,7.98837293300005,0
                  98.2737572180001,7.98808417300006,0
                  98.2737001090001,7.98779689600002,0
                  98.2738335640001,7.98769274800003,0
                  98.273834735,7.98769183600007,0
                  98.2739500540001,7.98764417600006,0
                  98.2741422600001,7.98755836000004,0
                  98.2742865390001,7.98742459900006,0
                  98.274594435,7.98708052900002,0
                  98.274806002,7.98690859600003,0
                  98.2749982750001,7.98678449100004,0
                  98.2752479970001,7.98675621200005,0
                  98.2754975340001,7.98683322700003,0
                  98.2768026350001,7.98733328200007,0
                  98.277100186,7.98741038000003,0
                  98.2776387480001,7.98695184300004,0
                  98.2777061690001,7.98683709000005,0
                  98.277713405,7.98678957700002,0
                  98.277735314,7.98664569300007,0
                  98.2777355170001,7.98652985100006,0
                  98.2777356500001,7.98645424100005,0
                  98.2776284120001,7.98632396800002,0
                  98.2776014980001,7.98629127600003,0
                  98.277601539,7.98626788300004,0
                  98.2776016660001,7.98619555000005,0
                  98.2776115550001,7.98603283400007,0
                  98.277717437,7.98588943200002,0
                  98.2779577750001,7.98573669100006,0
                  98.2782172180001,7.98564142000004,0
                  98.2790430530001,7.98564286000004,0
                  98.2801856790001,7.98570228300002,0
                  98.2806562800001,7.98566481200004,0
                  98.2807907850001,7.98562675500006,0
                  98.2808677930001,7.98552159200005,0
                  98.280963033,7.98539061600007,0
                  98.280992929,7.98534950500004,0
                  98.2809991830001,7.98534453300005,0
                  98.2811371700001,7.98523488500007,0
                  98.2813581660001,7.98515869000005,0
                  98.2818689850001,7.98508065000004,0
                  98.2833223310001,7.98492996300007,0
                  98.283608288,7.98486138200008,0
                  98.283654428,7.98484395200006,0
                  98.2837122890001,7.98482209400004,0
                  98.2837770030001,7.98479433300002,0
                  98.2838854980001,7.98471437800004,0
                  98.283962392,7.98471625200006,0
                  98.2840909010001,7.98473027100005,0
                  98.2852040860001,7.98515338700003,0
                  98.286086438,7.98578669500006,0
                  98.2868246890001,7.98645804600005,0
                  98.287524299,7.98726334300005,0
                  98.2891431630001,7.98958268000007,0
                  98.289813015,7.99094312800003,0
                  98.2905300560001,7.99278228400004,0
                  98.2912936810001,7.99545432800005,0
                  98.2918739820001,7.99863340200005,0
                  98.2924374510001,8.00200370400006,0
                  98.2924823070001,8.00227200300003,0
                  98.2924978680001,8.00277130200004,0
                  98.2925187050001,8.00343991300002,0
                  98.292487238,8.00498103600006,0
                  98.2924080670001,8.00634019800003,0
                  98.292319789,8.00680508000005,0
                  98.2922336190001,8.00725885900005,0
                  98.2921851740001,8.00750766300007,0
                  98.2921746910001,8.00761037700005,0
                  98.2920484140001,8.00884758200004,0
                  98.2915112800001,8.01402539000003,0
                  98.2911306970001,8.01751870300006,0
                  98.2905195700001,8.02104033800003,0
                  98.2902096660001,8.02253311400005,0
                  98.28971591,8.02482009200003,0
                  98.289039959,8.02694402200007,0
                  98.2885209080001,8.02870113600005,0
                  98.2885086210001,8.02874273500004,0
                  98.2881039960001,8.02946954600003,0
                  98.2875362720001,8.03010034800008,0
                  98.286709376,8.03065411900008,0
                  98.2859406190001,8.03091124300005,0
                  98.2853639400001,8.03116870000002,0
                  98.2848066500001,8.03132089100006,0
                  98.284182317,8.03136766700004,0
                  98.284009826,8.03141548500003,0
                  98.2839824530001,8.03142589900006,0
                  98.283914472,8.03146977500006,0
                  98.2838769990001,8.03154077600004,0
                  98.2838836970001,8.03159493200008,0
                  98.2839345470001,8.03163901500005,0
                  98.284012535,8.03169667800006,0
                  98.284057669,8.03171116100003,0
                  98.2840973660001,8.03172389900004,0
                  98.284172014,8.03175110200004,0
                  98.284181726,8.03202184800006,0
                  98.284176834,8.03202595800008,0
                  98.284140483,8.03205650600006,0
                  98.284137521,8.03205899500006,0
                  98.2840932490001,8.03213675300003,0
                  98.2840999190001,8.03220444500005,0
                  98.284167698,8.03227562900003,0
                  98.2844491370001,8.03248254900006,0
                  98.2846049940001,8.03266556200003,0
                  98.2847710450001,8.03284520800003,0
                  98.284855883,8.03286904400005,0
                  98.2848829230001,8.03287143500006,0
                  98.285012038,8.03288285100007,0
                  98.2851308580001,8.03288982600003,0
                  98.285232605,8.03295091700005,0
                  98.2853513200001,8.03301880500004,0
                  98.285449638,8.03310019400004,0
                  98.285564773,8.03327298300007,0
                  98.2855746930001,8.03342528500002,0
                  98.2855643940001,8.03348956400004,0
                  98.2855574920001,8.03355385000003,0
                  98.285457933,8.03361960800004,0
                  98.285201708,8.03370079300004,0
                  98.2849113070001,8.03387545900006,0
                  98.2844906400001,8.03442446700006,0
                  98.2844340880001,8.03449669800005,0
                  98.2842466910001,8.03475590600004,0
                  98.2840497700001,8.03501991700006,0
                  98.2839904900001,8.03509938900004,0
                  98.2838616290001,8.03527215000003,0
                  98.2836500400001,8.03544408700003,0
                  98.2834193790001,8.03553940900002,0
                  98.283211684,8.03549031800003,0
                  98.2830929790001,8.03546226100002,0
                  98.2826132210001,8.03521253900004,0
                  98.2825527860001,8.03519273000006,0
                  98.2822816540001,8.03510385700002,0
                  98.2821141030001,8.03504893700006,0
                  98.2818335030001,8.03504523200007,0
                  98.281278581,8.03503790500002,0
                  98.2811633840001,8.03500898600004,0
                  98.2811489910001,8.03499150300007,0
                  98.281029215,8.03484601900004,0
                  98.281024759,8.03480997300005,0
                  98.2810102770001,8.03469282600003,0
                  98.281010435,8.03460310600008,0
                  98.2810106140001,8.03450137800007,0
                  98.2810037720001,8.03445302700004,0
                  98.2809960660001,8.03439858700006,0
                  98.2809916410001,8.03436732800003,0
                  98.2809455400001,8.03435230500003,0
                  98.2806077060001,8.03424221700004,0
                  98.2804926960001,8.03410799900007,0
                  98.28045238,8.03400991800004,0
                  98.2804422310001,8.03398523100003,0
                  98.2804257550001,8.03394514900003,0
                  98.2804068520001,8.03377281300004,0
                  98.2802726670001,8.03361941600002,0
                  98.280090294,8.03356166300006,0
                  98.2799392220001,8.03354822100005,0
                  98.2793221060001,8.03349331100003,0
                  98.2786116550001,8.03335805200004,0
                  98.27840767,8.03336599100004,0
                  98.2780689720001,8.03343802300003,0
                  98.2777904600001,8.03354411800007,0
                  98.277723699,8.03358481600003,0
                  98.2773142870001,8.03383439700002,0
                  98.2770164660001,8.03389130900007,0
                  98.276651551,8.03387152200003,0
                  98.2762197170001,8.03367931300005,0
                  98.276056452,8.03367902500003,0
                  98.2758588770001,8.03371969000005,0
                  98.2758258760001,8.03372648100003,0
                  98.2757252200001,8.03380645100003,0
                  98.2756816130001,8.03384109800004,0
                  98.275469802,8.03413747100007,0
                  98.275421512,8.03429054700007,0
                  98.275425006,8.03431166900003,0
                  98.2754500180001,8.03446290000005,0
                  98.2755361810001,8.03461621100007,0
                  98.27564162,8.03473126600005,0
                  98.2756507990001,8.03497059500006,0
                  98.2755543870001,8.03518102000004,0
                  98.2750528270001,8.03639583900002,0
                  98.2749187510001,8.03657103400008,0
                  98.2748699270001,8.03663482900004,0
                  98.2746391620001,8.03678758300003,0
                  98.27432201,8.03691146400007,0
                  98.2741172830001,8.03704421000003,0
                  98.273975792,8.03717888200003,0
                  98.2738219080001,8.03730305200003,0
                  98.2736201070001,8.03736970300002,0
                  98.2731109960001,8.03742623700003,0
                  98.272765221,8.03744477200007,0
                  98.2726115720001,8.03743492700005,0
                  98.272452237,8.03745846100003,0
                  98.2724194450001,8.03746330400003,0
                  98.2722847680001,8.03758750900005,0
                  98.2721788690001,8.03773090800007,0
                  98.2719375410001,8.03841969700005,0
                  98.2719454900001,8.03934824100003,0
                  98.2719477830001,8.03937533700002,0
                  98.271992519,8.03990352800002,0
                  98.2721073230001,8.04015261400002,0
                  98.2722320030001,8.04024856200004,0
                  98.272481795,8.04020114200006,0
                  98.2726833610001,8.04012620800006,0
                  98.272789328,8.04008681600004,0
                  98.2729210840001,8.04008704900002,0
                  98.272942991,8.04008708700007,0
                  98.2731638830001,8.04008747800003,0
                  98.273355843,8.04015482400007,0
                  98.2734996140001,8.04031781100002,0
                  98.2738156950001,8.04079699400006,0
                  98.273988004,8.04111318900004,0
                  98.2741413640001,8.04128576400007,0
                  98.2743043450001,8.04144878400007,0
                  98.2744264180001,8.04146638600002,0
                  98.2745731900001,8.04148754700003,0
                  98.274625809,8.04148536100007,0
                  98.274794097,8.04147836500005,0
                  98.2749480360001,8.04132547700004,0
                  98.275172006,8.04116534700006,0
                  98.2751884420001,8.04115359700006,0
                  98.275213814,8.04114822500003,0
                  98.275303986,8.04112913100005,0
                  98.2754574560001,8.04109663600002,0
                  98.2755366410001,8.04109677500003,0
                  98.2756496750001,8.04109697400003,0
                  98.275707159,8.04109707600003,0
                  98.2759375560001,8.04115491700003,0
                  98.2760934940001,8.04122800400006,0
                  98.276110342,8.04124118500005,0
                  98.276222841,8.04135822200004,0
                  98.276439097,8.04161583800004,0
                  98.2765845270001,8.04185318900005,0
                  98.276709312,8.04208769100006,0
                  98.2767660200001,8.04225490900006,0
                  98.2767899470001,8.04233706900004,0
                  98.2767960900001,8.04239580100005,0
                  98.2767992720001,8.04245161000006,0
                  98.2767906170001,8.04249571400004,0
                  98.2767671350001,8.04251931500005,0
                  98.2767259190001,8.04253124200005,0
                  98.2766669690001,8.04253149200002,0
                  98.276619859,8.04254344300006,0
                  98.2766022100001,8.04255233300006,0
                  98.2765465160001,8.04262601600004,0
                  98.2765084600001,8.04268787200004,0
                  98.27648214,8.04273792700008,0
                  98.276458758,8.04278503500007,0
                  98.276459055,8.04285554200004,0
                  98.2764710820001,8.04291131400004,0
                  98.2764949340001,8.04297584600005,0
                  98.2765276040001,8.04303446600005,0
                  98.2765837570001,8.04306948500005,0
                  98.276681023,8.04306907300003,0
                  98.276804896,8.04308617600003,0
                  98.276852106,8.04309772900007,0
                  98.276863969,8.04311530600006,0
                  98.2768582620001,8.04315939900005,0
                  98.2768200670001,8.04318894000005,0
                  98.2766551280001,8.04321901800006,0
                  98.276628675,8.04323675800003,0
                  98.2766229530001,8.04327791300005,0
                  98.2766409720001,8.04335716200006,0
                  98.2766647500001,8.04340406900008,0
                  98.276738687,8.04346251600003,0
                  98.2767860340001,8.04350638500006,0
                  98.2768067650001,8.04352980000004,0
                  98.2768216280001,8.04355911700003,0
                  98.2768218130001,8.04360318700003,0
                  98.276804213,8.04362382600004,0
                  98.276774763,8.04362982800006,0
                  98.276733547,8.04364175400002,0
                  98.2766805780001,8.04366254400003,0
                  98.2766630030001,8.04368905900003,0
                  98.276639683,8.04375085600003,0
                  98.2766369720001,8.04380668900006,0
                  98.276651943,8.04386244800003,0
                  98.276657975,8.04389474000004,0
                  98.276646284,8.04391829400004,0
                  98.2765962990001,8.04394788600007,0
                  98.276584595,8.04396850000006,0
                  98.276590577,8.04398904200002,0
                  98.276608362,8.04401247000004,0
                  98.276617253,8.04402418600006,0
                  98.2766468290001,8.04404756300005,0
                  98.2766527090001,8.04406776300004,0
                  98.2765676100001,8.04414193000002,0
                  98.276454744,8.04424030200005,0
                  98.2763256530001,8.04435280800004,0
                  98.276286827,8.04458247700006,0
                  98.2763057320001,8.04475481700007,0
                  98.276401519,8.04489857200002,0
                  98.2765644830001,8.04507116400003,0
                  98.2770823590001,8.04549326200004,0
                  98.2776003550001,8.04584835700007,0
                  98.2776657310001,8.04590394100006,0
                  98.27779215,8.04601142700005,0
                  98.2779358400001,8.04622227300007,0
                  98.2779545390001,8.04650948200003,0
                  98.277885547,8.04750489600002,0
                  98.2777788690001,8.04808863000005,0
                  98.2777305420001,8.04826084900003,0
                  98.27759588,8.04837548200004,0
                  98.277518978,8.04841363700007,0
                  98.2771318910001,8.04867264900003,0
                  98.276778285,8.04907283200004,0
                  98.276739477,8.04929293100002,0
                  98.276741019,8.04930540800007,0
                  98.2767584140001,8.04944612600002,0
                  98.2768831320001,8.04952292400003,0
                  98.277007698,8.04968587500002,0
                  98.2769977880001,8.04985816000004,0
                  98.2769398230001,8.05004950900008,0
                  98.276785884,8.05020239700002,0
                  98.2767365920001,8.05028247500007,0
                  98.2766819130001,8.05037130000005,0
                  98.2766799330001,8.05037451600003,0
                  98.2764970950001,8.05057521500004,0
                  98.2764391630001,8.05074741700003,0
                  98.2763386270001,8.05091928800005,0
                  98.2762657600001,8.05104385800007,0
                  98.2762436020001,8.05107075200004,0
                  98.2760925100001,8.05125414600008,0
                  98.2760441650001,8.05143593800005,0
                  98.2760436720001,8.05171353900005,0
                  98.2760528850001,8.05193372200006,0
                  98.27610065,8.05207739200006,0
                  98.27626367,8.05222126800004,0
                  98.2767432210001,8.05259544000006,0
                  98.2769062240001,8.05274888600007,0
                  98.2775201530001,8.05317115700007,0
                  98.2776350830001,8.05335323600002,0
                  98.2777501310001,8.05346830700006,0
                  98.277759395,8.05365977400004,0
                  98.2777301080001,8.05392775300004,0
                  98.277640922,8.05547833300005,0
                  98.2775511710001,8.05734480700005,0
                  98.2773570100001,8.05851230500002,0
                  98.276832847,8.06162243300003,0
                  98.2765719070001,8.06253135700007,0
                  98.2764851590001,8.06265016600003,0
                  98.2764847430001,8.06265019100005,0
                  98.2764467600001,8.06269386900004,0
                  98.2763314040001,8.06275110000007,0
                  98.2762161670001,8.06274132300007,0
                  98.2760721160001,8.06273149800006,0
                  98.275880042,8.06272158400003,0
                  98.275855951,8.06273898300003,0
                  98.275774256,8.06279797700006,0
                  98.2755525150001,8.06326663500005,0
                  98.275537091,8.06332261200004,0
                  98.275523515,8.06337188200007,0
                  98.2754369200001,8.06345788200002,0
                  98.275235003,8.06358196800005,0
                  98.2750140470001,8.06361029100003,0
                  98.2748795830001,8.06361005300005,0
                  98.2747356,8.06356193700003,0
                  98.2746203460001,8.06356173300003,0
                  98.2745589830001,8.06359653700002,0
                  98.2743511460001,8.06371441600004,0
                  98.2743142590001,8.06374105200007,0
                  98.2742307490001,8.06380135900002,0
                  98.2742035890001,8.06382097400007,0
                  98.2740337860001,8.06394359300003,0
                  98.273369583,8.06477522000006,0
                  98.2733334000001,8.06480354000007,0
                  98.2727595960001,8.06525267000006,0
                  98.272552047,8.06541512400003,0
                  98.272535802,8.06543327100007,0
                  98.2724750560001,8.06550113900005,0
                  98.2724651780001,8.06565428000005,0
                  98.2724649890001,8.06575957900003,0
                  98.272397518,8.06589347200003,0
                  98.2722606510001,8.06622917500005,0
                  98.2720797260001,8.06636195800007,0
                  98.271964214,8.06650534000005,0
                  98.2719640430001,8.06660106300006,0
                  98.272006773,8.06663525900007,0
                  98.2720599520001,8.06667781300007,0
                  98.2721366170001,8.06677367400005,0
                  98.2721173570001,8.06680235700003,0
                  98.272050091,8.06682138200006,0
                  98.2719645160001,8.06672865600007,0
                  98.2719350580001,8.06669673600004,0
                  98.2718199550001,8.06661038000004,0
                  98.2717237740001,8.06668678800003,0
                  98.2717139980001,8.06678249500004,0
                  98.2716943780001,8.06701220000002,0
                  98.2717227800001,8.06724198900002,0
                  98.271722643,8.06731871400007,0
                  98.271722524,8.06738513300007,0
                  98.271722421,8.06744301100002,0
                  98.2716932810001,8.06762483500006,0
                  98.2716449820001,8.06777790600006,0
                  98.2715967710001,8.06788311800005,0
                  98.271587029,8.06795968200004,0
                  98.271442805,8.06804557700002,0
                  98.271317943,8.06804535500004,0
                  98.271164372,8.06798764800004,0
                  98.270943328,8.06806383200006,0
                  98.2708374530001,8.06818808700007,0
                  98.2708123260001,8.06825285100007,0
                  98.2707892070001,8.06831244100005,0
                  98.2707985360001,8.06846561800006,0
                  98.270901789,8.06856888900006,0
                  98.270913588,8.06858069200007,0
                  98.2709164920001,8.06859529900004,0
                  98.2709213370001,8.06861966500003,0
                  98.2709516630001,8.06877220900003,0
                  98.2709890720001,8.06933705000006,0
                  98.2709498620001,8.06977731400002,0
                  98.270930568,8.06980073100004,0
                  98.2708632310001,8.06988245600007,0
                  98.2708247100001,8.06993982300003,0
                  98.270815917,8.06997245100007,0
                  98.270786033,8.07008334100004,0
                  98.2707858780001,8.07016949300004,0
                  98.2708259410001,8.07028192400003,0
                  98.270833661,8.07030359000004,0
                  98.2708526480001,8.07042806700002,0
                  98.2708524600001,8.07053336300004,0
                  98.2708050480001,8.07064753600002,0
                  98.2707849340001,8.07069597300006,0
                  98.2705443720001,8.07094443000005,0
                  98.270476897,8.07107832300005,0
                  98.270428494,8.07128883200005,0
                  98.2704282540001,8.07142284600008,0
                  98.2704664190001,8.07156649900003,0
                  98.270468113,8.07157023500002,0
                  98.270562086,8.07177726300006,0
                  98.2707166070001,8.07202138800005,0
                  98.2707440600001,8.07206476200002,0
                  98.270801363,8.07224674000003,0
                  98.2708298850001,8.07240952300003,0
                  98.27082949,8.07262968800006,0
                  98.270818805,8.07323273300005,0
                  98.2707992680001,8.07341457400003,0
                  98.270837499,8.07351994100003,0
                  98.2708563310001,8.07373056800003,0
                  98.270923155,8.07396042400006,0
                  98.270922795,8.07416144400003,0
                  98.2708552320001,8.07434320200002,0
                  98.270739785,8.07444829500002,0
                  98.2706529650001,8.07465873100006,0
                  98.2706622790001,8.07482148000003,0
                  98.2706787450001,8.07487100800006,0
                  98.2707004910001,8.07493641800005,0
                  98.2708827430001,8.07507075700005,0
                  98.27100132,8.07514752300006,0
                  98.271045837,8.07517634300007,0
                  98.271084015,8.07531042700003,0
                  98.2710837400001,8.07546358500002,0
                  98.271026459,8.07555294100007,0
                  98.271016317,8.07556876100006,0
                  98.2710210100001,8.07557516200006,0
                  98.2711217130001,8.07571253600003,0
                  98.2712942910001,8.07588514800005,0
                  98.2714571450001,8.07612474900003,0
                  98.271533725,8.07626847200004,0
                  98.2715431760001,8.07635464200007,0
                  98.2715375670001,8.07636577400007,0
                  98.2713796880001,8.07646921900005,0
                  98.271341148,8.07653615600003,0
                  98.2713562200001,8.07660178300006,0
                  98.2713697390001,8.07666064900008,0
                  98.2714560460001,8.07673738400007,0
                  98.271609432,8.07690038800007,0
                  98.2717915480001,8.07711130700005,0
                  98.2718970130001,8.07721679000002,0
                  98.2722224130001,8.07786829600008,0
                  98.2725289460001,8.07832831800005,0
                  98.2728323570001,8.07854132300002,0
                  98.273075743,8.07871218700006,0
                  98.2735366240001,8.07879916000007,0
                  98.2742470780001,8.07897272500003,0
                  98.274708063,8.07900226000004,0
                  98.274871348,8.07900254900005,0
                  98.2749962810001,8.07896448000002,0
                  98.275081033,8.07888679000007,0
                  98.2751213490001,8.07884983300005,0
                  98.275294547,8.07867783600005,0
                  98.2753154000001,8.07866230600007,0
                  98.2754099570001,8.07859188900005,0
                  98.2755923980001,8.07862092900007,0
                  98.2757555640001,8.07868822400008,0
                  98.2766182340001,8.07968528600003,0
                  98.2766756930001,8.07978111400007,0
                  98.276742401,8.08007797900007,0
                  98.276857454,8.08019305100004,0
                  98.2769533330001,8.08028894300003,0
                  98.277097342,8.08032748800002,0
                  98.2772512070001,8.08022246500008,0
                  98.277395433,8.08013656500003,0
                  98.2775490970001,8.08014641100004,0
                  98.2776642370001,8.08021362100004,0
                  98.2782686340001,8.08061673100002,0
                  98.2787868940001,8.08084738400004,0
                  98.2789502310001,8.08081895400005,0
                  98.2791904060001,8.08079066000005,0
                  98.2796129070001,8.08085841200005,0
                  98.2800449430001,8.08096447100007,0
                  98.2802176490001,8.08107007100006,0
                  98.280418878,8.08133845300006,0
                  98.281214601,8.08218223200004,0
                  98.2815310410001,8.08247953300003,0
                  98.281761546,8.08248951200005,0
                  98.281963251,8.08248986600006,0
                  98.2821457620001,8.08248061200004,0
                  98.2824531580001,8.08246200900004,0
                  98.282837224,8.08253926200007,0
                  98.2831699580001,8.08267598800006,0
                  98.2832115480001,8.08269307800003,0
                  98.283216215,8.08269984000003,0
                  98.2832403300001,8.08271227000006,0
                  98.284208026,8.08408283000006,0
                  98.2844571990001,8.08439915700006,0
                  98.284946603,8.08465847200006,0
                  98.2855516060001,8.08472653600006,0
                  98.2858109260001,8.08473656200005,0
                  98.2859740280001,8.08484214500004,0
                  98.2863096180001,8.08517776600007,0
                  98.2865878100001,8.08537927600003,0
                  98.286875965,8.08537977900005,0
                  98.2871355030001,8.08526536200003,0
                  98.287207671,8.08514766700006,0
                  98.2872703630001,8.08504542900005,0
                  98.287280234,8.08489228600007,0
                  98.2873002200001,8.08445198800007,0
                  98.2871569980001,8.08396354000007,0
                  98.2871673600001,8.08353279700003,0
                  98.2871869560001,8.08331266500005,0
                  98.2873121430001,8.08313100700008,0
                  98.2874627590001,8.08301787800002,0
                  98.2876989090001,8.08284050400005,0
                  98.287754545,8.08280631300005,0
                  98.2881966960001,8.08262520600005,0
                  98.2884560640001,8.08260651200004,0
                  98.2893010910001,8.08273242300004,0
                  98.289896286,8.08291533700003,0
                  98.2905777610001,8.08319412100008,0
                  98.290644087,8.08322222300006,0
                  98.2906928960001,8.08326611500007,0
                  98.2908558970001,8.08342912900002,0
                  98.2909323000001,8.08351856800004,0
                  98.2911222930001,8.08374097300003,0
                  98.2916994220001,8.08441655600006,0
                  98.2926100050001,8.08550939800006,0
                  98.2927347030001,8.08560533900004,0
                  98.2927632710001,8.08574897500006,0
                  98.2928303210001,8.08585438700004,0
                  98.292887803,8.08594064100004,0
                  98.2929645440001,8.08599820800003,0
                  98.293290917,8.08611364200004,0
                  98.294144992,8.08656502500003,0
                  98.2955172490001,8.08730447600004,0
                  98.2963518030001,8.08793769700003,0
                  98.2969554210001,8.08880983200004,0
                  98.2974531180001,8.08983494600005,0
                  98.297968784,8.09157802500005,0
                  98.2982817020001,8.09392382500005,0
                  98.298280575,8.09457475200003,0
                  98.298203201,8.09488093900006,0
                  98.297662485,8.09650733300003,0
                  98.2973158120001,8.09725963400007,0
                  98.2971996830001,8.09751164700003,0
                  98.2971034120001,8.09763592300004,0
                  98.296674458,8.09804417900006,0
                  98.2966415880001,8.09807546300004,0
                  98.2966357830001,8.09808698300003,0
                  98.2965706130001,8.09821631800003,0
                  98.2965547410001,8.09830505200006,0
                  98.2965736530001,8.09847739000003,0
                  98.2967745350001,8.09895636000005,0
                  98.2970038720001,8.09964597400005,0
                  98.2971375830001,8.10008654000006,0
                  98.2973578470001,8.10046981800002,0
                  98.2975302630001,8.10074771900003,0
                  98.2976261190001,8.10086275400005,0
                  98.2978275020001,8.10105454800004,0
                  98.2978752810001,8.10119821800004,0
                  98.29795176,8.10140894500006,0
                  98.2981148550001,8.10152409400007,0
                  98.2983069150001,8.10155314400004,0
                  98.2985182200001,8.10156307800003,0
                  98.2989405150001,8.10176482800006,0
                  98.299285932,8.10198558900004,0
                  98.299592912,8.10221585500005,0
                  98.2998346050001,8.10252598700004,0
                  98.3001008800001,8.10286765700005,0
                  98.3004165900001,8.10360528100006,0
                  98.300866103,8.10473560600008,0
                  98.3011884100001,8.10591631100004,0
                  98.3012765500001,8.10623919000005,0
                  98.3016088150001,8.10851801300004,0
                  98.301702462,8.10991575900005,0
                  98.301785807,8.11171553000003,0
                  98.301905677,8.11461619800002,0
                  98.301777364,8.11660705700007,0
                  98.3014453230001,8.11975583600002,0
                  98.3011044150001,8.12247383600004,0
                  98.300599516,8.12558402600007,0
                  98.2997655410001,8.13011037300004,0
                  98.299358823,8.13198587900007,0
                  98.2983225670001,8.13680861800003,0
                  98.2977997420001,8.13915296900007,0
                  98.29752711,8.14124886900004,0
                  98.2974941350001,8.14148171600004,0
                  98.29740087,8.14214030400007,0
                  98.297019059,8.14612994700008,0
                  98.296804507,8.14796749200002,0
                  98.296231946,8.15126899700005,0
                  98.295951141,8.15253207500007,0
                  98.2957571650001,8.15358470700005,0
                  98.295424784,8.15577571500006,0
                  98.295407283,8.15589106500005,0
                  98.2953297080001,8.15630254400003,0
                  98.295270083,8.15647870400005,0
                  98.295246617,8.15659882500006,0
                  98.294914233,8.15766111100004,0
                  98.2948368080001,8.15798643800002,0
                  98.294410482,8.16005334700003,0
                  98.2937326530001,8.16309620600003,0
                  98.293587286,8.16381388500002,0
                  98.2935442460001,8.16416467300007,0
                  98.293469196,8.16453123200006,0
                  98.2934419530001,8.16465584900004,0
                  98.293190656,8.16537350200002,0
                  98.2925228350001,8.16817706400008,0
                  98.2917479070001,8.17178452000007,0
                  98.291099934,8.17421478400007,0
                  98.2905072130001,8.17691098000006,0
                  98.290417619,8.17735101700003,0
                  98.2899819800001,8.17922644900005,0
                  98.2893826690001,8.18128345300005,0
                  98.2891209190001,8.18261360100007,0
                  98.2885117440001,8.18481417800007,0
                  98.2879280390001,8.18663715500003,0
                  98.2878750730001,8.18687672100003,0
                  98.2878319450001,8.18702000500002,0
                  98.28757439,8.18787568500005,0
                  98.287168636,8.18912895200003,0
                  98.2866182530001,8.19066915400003,0
                  98.2860789200001,8.19206389200002,0
                  98.285865561,8.19251529000007,0
                  98.2851907730001,8.19377765200005,0
                  98.2845778450001,8.19482758400005,0
                  98.284546698,8.19488093900003,0
                  98.284275252,8.19534591500008,0
                  98.2838879920001,8.19659646200006,0
                  98.2838607340001,8.19668448300007,0
                  98.2842985,8.19749800600005,0
                  98.2847051700001,8.19817603800004,0
                  98.2851953090001,8.19895839100008,0
                  98.2854877280001,8.19920897400004,0
                  98.285644102,8.19946977400002,0
                  98.285727363,8.19969912000005,0
                  98.2858003100001,8.19985556300003,0
                  98.2860093050001,8.19994969800007,0
                  98.286312577,8.19997108300004,0
                  98.2865050660001,8.19997142400007,0
                  98.2866970600001,8.19997176300006,0
                  98.2867100000001,8.19997178600005,0
                  98.287138821,8.19995169600003,0
                  98.2873690390001,8.19987918700002,0
                  98.2874615590001,8.19979307500006,0
                  98.2875366480001,8.19972320200003,0
                  98.287554813,8.19971138700004,0
                  98.2878402860001,8.19952574000007,0
                  98.287882123,8.19951540200003,0
                  98.28826931,8.19940146700003,0
                  98.2884481230001,8.19942722200005,0
                  98.2884665760001,8.19942158800006,0
                  98.2885710610001,8.19944493900005,0
                  98.288782493,8.19949213300004,0
                  98.2888123290001,8.19949882100008,0
                  98.2894942240001,8.19964357300006,0
                  98.2895035450001,8.19965081300006,0
                  98.290194033,8.19981974300003,0
                  98.290502615,8.19988467500002,0
                  98.2905877090001,8.19991605700005,0
                  98.2906850460001,8.19995201700004,0
                  98.2907686350001,8.19999380200005,0
                  98.2907810460001,8.20000002200004,0
                  98.2908969840001,8.20004282500003,0
                  98.290963457,8.20006736200003,0
                  98.291036014,8.20008463700003,0
                  98.2913851000001,8.20016784000006,0
                  98.2920327640001,8.20028332900006,0
                  98.2920935770001,8.20027911400007,0
                  98.2924720810001,8.20025287400006,0
                  98.2927231850001,8.20019077300003,0
                  98.2927448130001,8.20016540100005,0
                  98.2928384750001,8.20005553500005,0
                  98.2929644810001,8.19977442700002,0
                  98.292985334,8.19971544500004,0
                  98.2930380650001,8.19956615000007,0
                  98.293224943,8.19940480900004,0
                  98.2932789710001,8.19935817900006,0
                  98.2935090780001,8.19927371200004,0
                  98.2938441040001,8.19915075300003,0
                  98.2943565900001,8.19912041100002,0
                  98.295109697,8.19908002600005,0
                  98.2955907580001,8.19907045200006,0
                  98.2960193800001,8.19918581100006,0
                  98.296142171,8.19924500600007,0
                  98.2964284280001,8.19938291900007,0
                  98.2966097300001,8.19949051300006,0
                  98.296684585,8.19953493600002,0
                  98.297014575,8.19982384900004,0
                  98.297248332,8.20018153300003,0
                  98.2973859480001,8.20033271400007,0
                  98.2975378140001,8.20026454300006,0
                  98.2975537670001,8.20016117900008,0
                  98.297419802,8.19975093600004,0
                  98.297305372,8.19940690300007,0
                  98.2973242370001,8.19936574500002,0
                  98.2973578730001,8.19929236100006,0
                  98.297525427,8.19916761700006,0
                  98.2976053250001,8.19911097200003,0
                  98.2976373720001,8.19908823900005,0
                </coordinates>
                    
              </LinearRing>
                
            </outerBoundaryIs>
            
          </Polygon>
        
        </MultiGeometry>
        
      <styleUrl>
        #amphoeStyle</styleUrl>
    </Placemark>

  </Document>
</kml>