<?xml version="1.0" encoding="UTF-8"?>
<kml xmlns="http://www.opengis.net/kml/2.2">
  <Document id="tambon_doc">
    <name>บุเปือย, น้ำยืน, Ubon Ratchathani</name>
    <description>ข้อมูลขอบเขตตำบลบุเปือย อำเภอน้ำยืน จังหวัดUbon Ratchathani</description>
    
    <!-- Schema สำหรับข้อมูลตำบล -->
    <Schema id="tambon.schema">
      <SimpleField name="ADM3_EN" type="string">
        <displayName>Subdistrict Name (English)</displayName>
      </SimpleField>
      <SimpleField name="ADM3_TH" type="string">
        <displayName>ชื่อตำบล</displayName>
      </SimpleField>
      <SimpleField name="ADM2_EN" type="string">
        <displayName>District Name (English)</displayName>
      </SimpleField>
      <SimpleField name="ADM2_TH" type="string">
        <displayName>ชื่ออำเภอ</displayName>
      </SimpleField>
      <SimpleField name="ADM1_EN" type="string">
        <displayName>Province Name (English)</displayName>
      </SimpleField>
      <SimpleField name="ADM1_TH" type="string">
        <displayName>ชื่อจังหวัด</displayName>
      </SimpleField>
      <SimpleField name="ADM0_EN" type="string">
        <displayName>Country Name (English)</displayName>
      </SimpleField>
      <SimpleField name="ADM0_TH" type="string">
        <displayName>ชื่อประเทศ</displayName>
      </SimpleField>
    </Schema>

    <!-- Style สำหรับตำบล -->
    <Style id="tambonStyle">
      <LineStyle>
        <color>ffff0000</color>
        <width>1.5</width>
      </LineStyle>
      <PolyStyle>
        <color>33ff0000</color>
        <fill>1</fill>
        <outline>1</outline>
      </PolyStyle>
    </Style>

    <Placemark id="Ubon_Ratchathani.81">
        
        <ExtendedData>
            
          <SchemaData schemaUrl="#tambon.schema">
                
            <SimpleData name="Shape_Leng">
                0.487052946871</SimpleData>
                
            <SimpleData name="Shape_Area">
                0.00455886804257</SimpleData>
                
            <SimpleData name="ADM3_EN">
                Bu Pueai</SimpleData>
                
            <SimpleData name="ADM3_TH">
                บุเปือย</SimpleData>
                
            <SimpleData name="ADM3_PCODE">
                TH340906</SimpleData>
                
            <SimpleData name="ADM2_EN">
                Nam Yuen</SimpleData>
                
            <SimpleData name="ADM2_TH">
                น้ำยืน</SimpleData>
                
            <SimpleData name="ADM2_PCODE">
                TH3409</SimpleData>
                
            <SimpleData name="ADM1_EN">
                Ubon Ratchathani</SimpleData>
                
            <SimpleData name="ADM1_TH">
                อุบลราชธานี</SimpleData>
                
            <SimpleData name="ADM1_PCODE">
                TH34</SimpleData>
                
            <SimpleData name="ADM0_EN">
                Thailand</SimpleData>
                
            <SimpleData name="ADM0_TH">
                ประเทศไทย</SimpleData>
                
            <SimpleData name="ADM0_PCODE">
                TH</SimpleData>
            
          </SchemaData>
        
        </ExtendedData>
        
        <Polygon>
            
          <outerBoundaryIs>
                
            <LinearRing>
                    
              <coordinates>
                    
                105.150079911,14.534667766,0
                105.150418764,14.5342975890001,0
                105.150497872,14.5342156670001,0
                105.150569261,14.5341271250001,0
                105.150596387,14.534096828,0
                105.150775368,14.533896908,0
                105.150807214,14.5338563030001,0
                105.150863288,14.533792777,0
                105.150994633,14.5336559670001,0
                105.151011791,14.5336389990001,0
                105.151052611,14.533602494,0
                105.15108434,14.5335779540001,0
                105.1512215,14.533484796,0
                105.151350247,14.5333798630001,0
                105.151430737,14.53330763,0
                105.151555948,14.5331952560001,0
                105.151657119,14.5331097390001,0
                105.151866462,14.5329491950001,0
                105.151949337,14.532880096,0
                105.152238258,14.5326538260001,0
                105.152367646,14.5325603380001,0
                105.152538759,14.532444002,0
                105.152668864,14.532363219,0
                105.152752455,14.532318732,0
                105.15295109,14.5322166400001,0
                105.153001295,14.532193196,0
                105.153048984,14.5321709250001,0
                105.153118303,14.5321366060001,0
                105.153383763,14.5319907150001,0
                105.153473889,14.531935017,0
                105.154231348,14.531506156,0
                105.154775354,14.531163329,0
                105.154872587,14.531106188,0
                105.154999813,14.531024716,0
                105.155998641,14.530370901,0
                105.15603261,14.530345277,0
                105.156125318,14.5302625410001,0
                105.156170357,14.530228214,0
                105.156206377,14.5302052920001,0
                105.156240936,14.530184793,0
                105.156246454,14.5301819530001,0
                105.15627693,14.5301670800001,0
                105.156338155,14.5301451,0
                105.156390909,14.530130679,0
                105.156425696,14.5301235320001,0
                105.15643486,14.530122152,0
                105.156519069,14.5301094930001,0
                105.156562519,14.530100696,0
                105.156588335,14.530093575,0
                105.15659886,14.5300900180001,0
                105.156619609,14.530081834,0
                105.156685028,14.5300499470001,0
                105.156703894,14.5300392980001,0
                105.156714973,14.5300320700001,0
                105.156873685,14.5299179310001,0
                105.156884697,14.529908941,0
                105.156893855,14.529900028,0
                105.156903948,14.5298874110001,0
                105.157020242,14.529705865,0
                105.157020898,14.529704683,0
                105.157028996,14.52968574,0
                105.157072693,14.529565188,0
                105.157077998,14.529541259,0
                105.157087569,14.5294784280001,0
                105.157105072,14.529244213,0
                105.15711133,14.52906081,0
                105.157094056,14.52885838,0
                105.15708049,14.5287862320001,0
                105.157064043,14.528722891,0
                105.156997987,14.5285639730001,0
                105.156995143,14.528559006,0
                105.156988016,14.5285516060001,0
                105.156949136,14.5285222800001,0
                105.156858985,14.5284659640001,0
                105.156802751,14.5284350530001,0
                105.156705081,14.528388637,0
                105.156173813,14.528160148,0
                105.156106086,14.52813518,0
                105.156004844,14.5281038000001,0
                105.155817868,14.5280584330001,0
                105.15530679,14.527953353,0
                105.155009351,14.5278843950001,0
                105.154952214,14.527866353,0
                105.154930936,14.5278574870001,0
                105.154858312,14.5278212900001,0
                105.154742151,14.5277755810001,0
                105.154715945,14.5277686650001,0
                105.154693512,14.52776457,0
                105.154634222,14.5277582790001,0
                105.154491391,14.5277564570001,0
                105.154478887,14.5277559360001,0
                105.15445191,14.5277535070001,0
                105.154380424,14.527743656,0
                105.154198515,14.5277159840001,0
                105.154114173,14.5277065610001,0
                105.154084711,14.5277032710001,0
                105.154013509,14.5276918430001,0
                105.153987168,14.5276857000001,0
                105.153942275,14.5276701010001,0
                105.153900917,14.527650973,0
                105.153876641,14.5276350560001,0
                105.153838875,14.5276068960001,0
                105.153824531,14.527598013,0
                105.153803042,14.527586849,0
                105.153795402,14.5275835680001,0
                105.153750288,14.527568493,0
                105.153652105,14.5275439980001,0
                105.153535064,14.527521984,0
                105.153516596,14.527515696,0
                105.153484993,14.527503472,0
                105.153465127,14.527494599,0
                105.153391489,14.5274581090001,0
                105.153363351,14.5274462830001,0
                105.153312536,14.5274264330001,0
                105.153126744,14.5273591810001,0
                105.153118256,14.5273566340001,0
                105.152968074,14.527305739,0
                105.152888047,14.5272786200001,0
                105.152837022,14.527262319,0
                105.152793996,14.527254762,0
                105.152698999,14.527247419,0
                105.152569147,14.527242249,0
                105.152509833,14.527242759,0
                105.152462238,14.527240751,0
                105.152437378,14.527238249,0
                105.152402606,14.527233934,0
                105.15236287,14.5272261330001,0
                105.152346195,14.5272213910001,0
                105.152276802,14.52719862,0
                105.152253401,14.527189116,0
                105.152235402,14.5271812600001,0
                105.152201679,14.5271641840001,0
                105.152141894,14.5271297570001,0
                105.15211232,14.5271106330001,0
                105.151932415,14.526985445,0
                105.151920567,14.526975642,0
                105.151902141,14.526956408,0
                105.151862478,14.5269127930001,0
                105.151848299,14.5268960390001,0
                105.151832788,14.5268753390001,0
                105.151751336,14.5267567650001,0
                105.151666172,14.5266079370001,0
                105.151621573,14.526515429,0
                105.151606216,14.526478007,0
                105.151600291,14.526457319,0
                105.151596026,14.526436903,0
                105.151590691,14.5263979260001,0
                105.151588035,14.526359449,0
                105.151582428,14.526224943,0
                105.151570813,14.5261027350001,0
                105.151550541,14.5260030150001,0
                105.151538919,14.5259599030001,0
                105.151443776,14.52565294,0
                105.15142164,14.5256026870001,0
                105.151411843,14.5255819180001,0
                105.151398565,14.525562827,0
                105.151300295,14.525445141,0
                105.151288075,14.5254352440001,0
                105.151279099,14.5254297320001,0
                105.151269409,14.525424819,0
                105.151157467,14.5253753530001,0
                105.150998971,14.525323438,0
                105.15096831,14.5253155510001,0
                105.150880835,14.5252975280001,0
                105.150705132,14.525270993,0
                105.150668183,14.525269582,0
                105.150642948,14.525270026,0
                105.150564591,14.525273785,0
                105.150416662,14.5252808830001,0
                105.150335299,14.525289119,0
                105.150090952,14.5253328320001,0
                105.149880017,14.525379802,0
                105.149078801,14.525600157,0
                105.148992449,14.5256264990001,0
                105.148899397,14.5256592870001,0
                105.148857853,14.5256743460001,0
                105.148851549,14.5256766310001,0
                105.148807768,14.5256916050001,0
                105.148750519,14.525712926,0
                105.148724965,14.5257246630001,0
                105.148662813,14.5257566920001,0
                105.148616506,14.5257859550001,0
                105.148597467,14.52580004,0
                105.148477116,14.525874743,0
                105.148419638,14.525904962,0
                105.148278678,14.5259672660001,0
                105.148201549,14.5259926680001,0
                105.148017194,14.526043768,0
                105.147989035,14.526053973,0
                105.147943453,14.526075786,0
                105.14789021,14.526106708,0
                105.147841289,14.5261439830001,0
                105.147780616,14.5262083440001,0
                105.147749282,14.526236953,0
                105.147707331,14.526264649,0
                105.147683383,14.5262743600001,0
                105.147642786,14.526281802,0
                105.147589286,14.5262818250001,0
                105.147576487,14.526279652,0
                105.147481078,14.5262589450001,0
                105.147440432,14.526247825,0
                105.147430642,14.526242429,0
                105.147415959,14.5262307880001,0
                105.147411284,14.526225869,0
                105.147382759,14.526190924,0
                105.147363267,14.5261635630001,0
                105.147353851,14.526146188,0
                105.147341317,14.5261182890001,0
                105.14733772,14.526107778,0
                105.147330927,14.526090617,0
                105.147327179,14.526079673,0
                105.147316053,14.5260395920001,0
                105.147310288,14.5260080520001,0
                105.147308809,14.525994826,0
                105.147307303,14.525960664,0
                105.147312106,14.5258753100001,0
                105.147317931,14.52582962,0
                105.147377493,14.5255455560001,0
                105.147398784,14.5254446550001,0
                105.147416573,14.525329243,0
                105.147423,14.5252789580001,0
                105.147425861,14.5252386120001,0
                105.1474402,14.5250923130001,0
                105.147450889,14.5249832760001,0
                105.147455844,14.5249250370001,0
                105.147463085,14.5248399660001,0
                105.147469738,14.5247765190001,0
                105.147475705,14.5247507730001,0
                105.147512539,14.5246532690001,0
                105.147544659,14.5245800930001,0
                105.147581781,14.5245058130001,0
                105.147691713,14.524328828,0
                105.147628179,14.5241935870001,0
                105.147505008,14.5239274790001,0
                105.147490748,14.5238917940001,0
                105.147480143,14.5238565130001,0
                105.147475895,14.523839681,0
                105.147467861,14.5237792290001,0
                105.147462134,14.5236746090001,0
                105.14746515,14.5236223630001,0
                105.147467861,14.523599577,0
                105.147477329,14.5235530350001,0
                105.147487337,14.523513838,0
                105.147488445,14.5235104980001,0
                105.147494021,14.5234979690001,0
                105.147499034,14.52348858,0
                105.147524163,14.5234495290001,0
                105.147549613,14.5234138970001,0
                105.147562409,14.5233977990001,0
                105.14758626,14.5233715700001,0
                105.147637529,14.5233211120001,0
                105.147695161,14.523266151,0
                105.147752353,14.5232186370001,0
                105.147828818,14.5231463170001,0
                105.148019156,14.522959385,0
                105.14805893,14.5229186490001,0
                105.148127772,14.522834867,0
                105.148145553,14.522808743,0
                105.1481536,14.522792559,0
                105.148159445,14.5227752320001,0
                105.148161009,14.522769016,0
                105.148162126,14.522759163,0
                105.148162285,14.52275659,0
                105.148161383,14.522737696,0
                105.148156268,14.522715939,0
                105.148152719,14.5227075130001,0
                105.148143762,14.5226923750001,0
                105.148130799,14.5226769510001,0
                105.148106542,14.522653894,0
                105.148054059,14.522620277,0
                105.148021628,14.522603971,0
                105.147994547,14.5225946080001,0
                105.147865109,14.522559705,0
                105.147799238,14.5225437930001,0
                105.147776917,14.522539932,0
                105.147752571,14.5225386070001,0
                105.147736416,14.5225386280001,0
                105.147710443,14.5225407730001,0
                105.147707696,14.522541102,0
                105.147698085,14.5225428480001,0
                105.147675575,14.522548811,0
                105.147656193,14.52255618,0
                105.147648456,14.522559874,0
                105.147629117,14.522571488,0
                105.147618112,14.5225798920001,0
                105.147581175,14.5226153950001,0
                105.147546482,14.522648733,0
                105.147528609,14.522663552,0
                105.147495798,14.5226888340001,0
                105.14746914,14.5227062010001,0
                105.147466586,14.5227076800001,0
                105.147448186,14.5227164990001,0
                105.147428386,14.5227224450001,0
                105.14741151,14.5227247820001,0
                105.147337699,14.522720463,0
                105.147267839,14.5227200570001,0
                105.147178135,14.522719539,0
                105.147162683,14.5227194500001,0
                105.147111692,14.5227223570001,0
                105.147095685,14.5227250500001,0
                105.147087821,14.5227275010001,0
                105.147081722,14.5227306840001,0
                105.14704742,14.5227501540001,0
                105.147011878,14.5227783560001,0
                105.146868364,14.522902204,0
                105.146799016,14.5229566190001,0
                105.146693187,14.523034663,0
                105.146594495,14.5230976440001,0
                105.146511273,14.5231454250001,0
                105.146492701,14.523155031,0
                105.14647077,14.523164896,0
                105.146427099,14.52318217,0
                105.146409192,14.5231856230001,0
                105.14634769,14.5231862740001,0
                105.146322318,14.5231829250001,0
                105.146307101,14.5231794800001,0
                105.146286933,14.5231735150001,0
                105.146259872,14.523163207,0
                105.146213462,14.5231438010001,0
                105.146149448,14.5231182950001,0
                105.146133736,14.5231126580001,0
                105.146098213,14.5231015790001,0
                105.146048115,14.523088049,0
                105.146014051,14.523080957,0
                105.14597716,14.523075347,0
                105.145903599,14.523070198,0
                105.145861338,14.5230648950001,0
                105.145695885,14.5230374700001,0
                105.145615255,14.5230205290001,0
                105.145601079,14.5230168310001,0
                105.145579375,14.5230098810001,0
                105.145564159,14.5230039800001,0
                105.145549802,14.5229973990001,0
                105.145522277,14.522982853,0
                105.145509039,14.5229736700001,0
                105.145483058,14.5229523720001,0
                105.145474733,14.5229441980001,0
                105.145307534,14.522777809,0
                105.145261054,14.5227410730001,0
                105.145247755,14.522732868,0
                105.145226645,14.5227226910001,0
                105.145211921,14.522717227,0
                105.145192783,14.522712058,0
                105.145166462,14.522708306,0
                105.14516395,14.5227081210001,0
                105.145142768,14.5227080350001,0
                105.145120616,14.522710106,0
                105.145113617,14.522711455,0
                105.145111801,14.5227118810001,0
                105.145101166,14.522716002,0
                105.1450796,14.5227268780001,0
                105.145064024,14.522736792,0
                105.145060389,14.5227394070001,0
                105.145037665,14.522760654,0
                105.145018617,14.5227824080001,0
                105.145008802,14.522793623,0
                105.144967054,14.522836318,0
                105.144932738,14.5228659360001,0
                105.144875344,14.522908525,0
                105.144851222,14.5229256310001,0
                105.144851045,14.522925748,0
                105.144796577,14.522959283,0
                105.144767112,14.522975364,0
                105.144725993,14.522995607,0
                105.144702855,14.523005558,0
                105.144678258,14.5230135410001,0
                105.144629926,14.523022085,0
                105.144417871,14.523048987,0
                105.14437634,14.523057006,0
                105.144318029,14.5230720070001,0
                105.144302121,14.523076788,0
                105.144279698,14.5230845570001,0
                105.144241055,14.523100012,0
                105.144232175,14.523104158,0
                105.144164251,14.523142158,0
                105.144051293,14.5232174240001,0
                105.14402336,14.5232381340001,0
                105.143973206,14.5232819,0
                105.143536803,14.523732395,0
                105.143459714,14.5238057330001,0
                105.143436541,14.5238252880001,0
                105.143402158,14.5238506750001,0
                105.143346623,14.523890404,0
                105.143343339,14.523892528,0
                105.143306978,14.523914683,0
                105.143258526,14.5239405560001,0
                105.143203654,14.5239665670001,0
                105.143104726,14.5240081210001,0
                105.143067728,14.524021292,0
                105.142927284,14.5240629480001,0
                105.142916444,14.5240661610001,0
                105.142795722,14.5241045500001,0
                105.142761464,14.52411698,0
                105.142734247,14.5241276990001,0
                105.142698552,14.5241447490001,0
                105.142668646,14.524161269,0
                105.142660995,14.524166585,0
                105.142660968,14.524166617,0
                105.14265369,14.524175062,0
                105.142641375,14.524196724,0
                105.142634996,14.5242121260001,0
                105.142632473,14.5242241980001,0
                105.142629758,14.524242041,0
                105.142627592,14.524266531,0
                105.142626351,14.524293879,0
                105.142626173,14.5243196120001,0
                105.142630973,14.5244018710001,0
                105.142630834,14.524440665,0
                105.142630791,14.5244519610001,0
                105.142630122,14.524458644,0
                105.142628359,14.5244669890001,0
                105.14262591,14.524475447,0
                105.142621253,14.524483166,0
                105.142611206,14.5244910050001,0
                105.142596355,14.5244992670001,0
                105.142586485,14.5245035250001,0
                105.142573501,14.524508,0
                105.142558817,14.524511805,0
                105.142544994,14.5245143500001,0
                105.142489773,14.5245195800001,0
                105.142416596,14.5245216750001,0
                105.142267922,14.524519958,0
                105.142169105,14.5245228840001,0
                105.142166864,14.5245229920001,0
                105.141940502,14.524538062,0
                105.141814622,14.5245457660001,0
                105.141739627,14.524549415,0
                105.14171299,14.524548609,0
                105.141668248,14.5245447560001,0
                105.141610872,14.524538555,0
                105.141561459,14.5245315920001,0
                105.141524706,14.524524641,0
                105.141516835,14.524523027,0
                105.141386345,14.524491859,0
                105.141243274,14.524453726,0
                105.141194302,14.524442837,0
                105.141113031,14.524426127,0
                105.140933893,14.5243991030001,0
                105.140884253,14.52439479,0
                105.140494071,14.5243757870001,0
                105.140457907,14.524372762,0
                105.140364819,14.5243629610001,0
                105.140336002,14.5243584510001,0
                105.140285099,14.5243482380001,0
                105.140260621,14.524341667,0
                105.14024248,14.524334353,0
                105.140200892,14.5243128710001,0
                105.140169197,14.524291794,0
                105.140142733,14.524271196,0
                105.140124172,14.524254065,0
                105.140111959,14.5242397050001,0
                105.140094308,14.524216757,0
                105.140068091,14.5241802250001,0
                105.140053988,14.5241581870001,0
                105.139992355,14.5240482520001,0
                105.139979663,14.524027463,0
                105.13981938,14.523798991,0
                105.139781131,14.5237323060001,0
                105.139763205,14.5237059240001,0
                105.139754873,14.5236941420001,0
                105.13974864,14.5236863540001,0
                105.139742839,14.5236790980001,0
                105.139740246,14.5236758560001,0
                105.139721492,14.523658213,0
                105.139719166,14.523656434,0
                105.139700643,14.523645329,0
                105.139666886,14.523627321,0
                105.139621923,14.523604973,0
                105.139577325,14.523579985,0
                105.139568805,14.52357397,0
                105.139561865,14.523566439,0
                105.139555407,14.5235556650001,0
                105.139551103,14.523544488,0
                105.139550469,14.5235407440001,0
                105.139548895,14.5235302510001,0
                105.139545943,14.5235026840001,0
                105.139541062,14.523457149,0
                105.139537388,14.5234298660001,0
                105.139534116,14.5234127430001,0
                105.139528852,14.523396086,0
                105.139528372,14.5233950680001,0
                105.139519237,14.5233820120001,0
                105.139500652,14.523360155,0
                105.139495552,14.523355737,0
                105.139481298,14.5233473810001,0
                105.139467792,14.523341187,0
                105.139455168,14.523336993,0
                105.139442416,14.523333528,0
                105.139428415,14.5233309860001,0
                105.139410796,14.523329002,0
                105.139386921,14.5233283920001,0
                105.139385056,14.5233284190001,0
                105.139340053,14.5233336360001,0
                105.139248733,14.523349674,0
                105.13923181,14.523352822,0
                105.13918649,14.5233639620001,0
                105.139157729,14.523372625,0
                105.139125151,14.5233848610001,0
                105.139113689,14.5233899840001,0
                105.139062311,14.5234171220001,0
                105.139043744,14.523429075,0
                105.138987603,14.5234607990001,0
                105.138977922,14.523465871,0
                105.138931172,14.5234865350001,0
                105.138919412,14.5234903800001,0
                105.138890188,14.523498358,0
                105.138841111,14.5235080410001,0
                105.138809876,14.5235125680001,0
                105.138743763,14.5235200170001,0
                105.138689404,14.523524347,0
                105.138645272,14.523526357,0
                105.138605744,14.523525223,0
                105.138593853,14.5235243610001,0
                105.138582437,14.5235227680001,0
                105.138575275,14.5235210710001,0
                105.138570492,14.523519623,0
                105.138566839,14.523518419,0
                105.138563885,14.5235174480001,0
                105.138551376,14.5235129330001,0
                105.138539193,14.523508156,0
                105.138534321,14.5235059770001,0
                105.138498511,14.5234866860001,0
                105.138490268,14.523481658,0
                105.138464187,14.523464873,0
                105.138444515,14.5234507800001,0
                105.138374141,14.5234047120001,0
                105.138338438,14.5233869750001,0
                105.138331145,14.5233840450001,0
                105.138193339,14.523341107,0
                105.13815132,14.5233265580001,0
                105.138140292,14.5233216570001,0
                105.138129885,14.523315332,0
                105.138115465,14.523302824,0
                105.138113325,14.523300572,0
                105.138093423,14.523279829,0
                105.138088595,14.5232740540001,0
                105.138077464,14.5232589190001,0
                105.138052713,14.523220162,0
                105.138027612,14.5231757380001,0
                105.138019303,14.523160155,0
                105.137991153,14.5231119970001,0
                105.137984054,14.523102238,0
                105.137981139,14.5230988600001,0
                105.137944198,14.523061926,0
                105.137923767,14.5230440930001,0
                105.137865001,14.5229998470001,0
                105.137858138,14.522993609,0
                105.137849837,14.5229822850001,0
                105.13784446,14.522974204,0
                105.137825054,14.5229392160001,0
                105.137795639,14.522870562,0
                105.137785166,14.5228503170001,0
                105.137771141,14.522830229,0
                105.137760464,14.522817321,0
                105.13772736,14.522783556,0
                105.137717375,14.522770612,0
                105.137711074,14.5227614890001,0
                105.137704118,14.522750913,0
                105.137693987,14.522732553,0
                105.13768754,14.522718302,0
                105.13768269,14.522698728,0
                105.137679746,14.5226784700001,0
                105.137676497,14.5226489720001,0
                105.137674662,14.522635746,0
                105.137666701,14.5225948350001,0
                105.137663375,14.5225829660001,0
                105.137658815,14.5225734960001,0
                105.137652781,14.5225663860001,0
                105.137619773,14.5225373820001,0
                105.137577874,14.5225054810001,0
                105.137486405,14.522443068,0
                105.137471065,14.5224295040001,0
                105.137459083,14.5224173190001,0
                105.137450121,14.5224058370001,0
                105.137429327,14.522373062,0
                105.137423493,14.5223612780001,0
                105.137418883,14.522347725,0
                105.137412846,14.522323113,0
                105.137411166,14.52231547,0
                105.137404616,14.5222765180001,0
                105.137401929,14.522249507,0
                105.137399781,14.5221733980001,0
                105.137402647,14.522005714,0
                105.137402787,14.5219253710001,0
                105.13740028,14.521825262,0
                105.137385934,14.5216819680001,0
                105.137383622,14.5216653590001,0
                105.137376743,14.521634513,0
                105.137367027,14.5216057870001,0
                105.137361589,14.5215914830001,0
                105.137349695,14.521570798,0
                105.137334864,14.521549431,0
                105.137320893,14.5215304340001,0
                105.137283786,14.5214899640001,0
                105.137262726,14.521469944,0
                105.137070113,14.5213238650001,0
                105.13705192,14.5213081370001,0
                105.137034143,14.5212914480001,0
                105.137014967,14.5212684050001,0
                105.136992667,14.5212364340001,0
                105.136969569,14.521197296,0
                105.136943032,14.5211572010001,0
                105.136921142,14.521126533,0
                105.136914232,14.5211192520001,0
                105.136908074,14.5211139670001,0
                105.136886579,14.5210974070001,0
                105.136880618,14.5210937140001,0
                105.136847742,14.521073329,0
                105.136827829,14.521063704,0
                105.136794728,14.5210507150001,0
                105.136754493,14.5210382010001,0
                105.136715455,14.5210250440001,0
                105.136638657,14.521000235,0
                105.136615078,14.5209939280001,0
                105.136494139,14.5209696160001,0
                105.136478909,14.520965716,0
                105.136464348,14.52096062,0
                105.136453607,14.520955203,0
                105.136432308,14.520940227,0
                105.136417917,14.5209270610001,0
                105.136414253,14.5209227990001,0
                105.13641139,14.5209184610001,0
                105.136403492,14.520902017,0
                105.136401777,14.5208967720001,0
                105.13639713,14.520872178,0
                105.136395106,14.520856614,0
                105.13639394,14.5208451840001,0
                105.136390615,14.520776573,0
                105.136389727,14.520768837,0
                105.136385315,14.520752063,0
                105.13637823,14.520736142,0
                105.13635459,14.520697792,0
                105.13633741,14.520675307,0
                105.136286967,14.5206159270001,0
                105.136280208,14.5206060960001,0
                105.136274137,14.5205952630001,0
                105.136271214,14.52058942,0
                105.136268517,14.5205832340001,0
                105.136265806,14.520574534,0
                105.136262461,14.520560926,0
                105.136261015,14.520548401,0
                105.136263327,14.520502145,0
                105.136264597,14.5204879570001,0
                105.13626746,14.5204352370001,0
                105.136267063,14.5204217260001,0
                105.136265873,14.5204119160001,0
                105.136264174,14.5204052760001,0
                105.136260229,14.5203963700001,0
                105.136232086,14.5203507890001,0
                105.13622342,14.5203332580001,0
                105.136222436,14.520330905,0
                105.136208163,14.5202953410001,0
                105.136206057,14.5202873220001,0
                105.136200503,14.5202481150001,0
                105.136195998,14.520175239,0
                105.136198016,14.520126023,0
                105.136199108,14.5200994200001,0
                105.13619933,14.5200857720001,0
                105.136199547,14.5200724110001,0
                105.136197507,14.520059578,0
                105.136195954,14.520053182,0
                105.136191616,14.520043275,0
                105.136188492,14.520038157,0
                105.136182173,14.520031212,0
                105.136171246,14.520022628,0
                105.136156413,14.5200151780001,0
                105.136151608,14.5200140760001,0
                105.13613611,14.5200119780001,0
                105.136112912,14.520012938,0
                105.136077777,14.520016024,0
                105.136059002,14.520017673,0
                105.136058601,14.520017706,0
                105.135995175,14.520022565,0
                105.135948264,14.5200235900001,0
                105.135918101,14.5200223260001,0
                105.135903331,14.5200211710001,0
                105.135888112,14.520018985,0
                105.135861236,14.520013186,0
                105.135835745,14.5200050350001,0
                105.135816703,14.5199961700001,0
                105.135789163,14.519978892,0
                105.135774695,14.5199707840001,0
                105.135752509,14.519960788,0
                105.135743326,14.519957628,0
                105.135730421,14.519954661,0
                105.135728142,14.519954532,0
                105.135706409,14.5199545580001,0
                105.135703827,14.5199548470001,0
                105.135610981,14.519967459,0
                105.135582668,14.519971958,0
                105.13554875,14.519979834,0
                105.135542225,14.5199816250001,0
                105.135501166,14.5199929130001,0
                105.135471766,14.519998179,0
                105.135451617,14.5199998680001,0
                105.135436522,14.5199986640001,0
                105.135425709,14.5199966760001,0
                105.135414602,14.519992739,0
                105.135389304,14.5199799050001,0
                105.135369706,14.5199686440001,0
                105.135347771,14.519952991,0
                105.135289998,14.5199073640001,0
                105.135262355,14.519888699,0
                105.13524843,14.519882551,0
                105.13522929,14.519877652,0
                105.135211474,14.519876239,0
                105.135176489,14.5198815570001,0
                105.135165447,14.5198840100001,0
                105.135154585,14.519886909,0
                105.135125321,14.519896943,0
                105.135104319,14.5199056860001,0
                105.13504291,14.5199389370001,0
                105.135028037,14.519949232,0
                105.134968004,14.5199986810001,0
                105.134947408,14.520018414,0
                105.134914691,14.5200528560001,0
                105.134900721,14.5200657670001,0
                105.134893887,14.5200705930001,0
                105.134879314,14.5200787220001,0
                105.134868964,14.5200831490001,0
                105.134860818,14.5200857740001,0
                105.134847083,14.5200886580001,0
                105.134835415,14.520089806,0
                105.134821808,14.5200894880001,0
                105.134798297,14.5200866650001,0
                105.134784945,14.520083678,0
                105.134778924,14.5200818380001,0
                105.134758622,14.5200735190001,0
                105.134737036,14.520062162,0
                105.134655788,14.5200106560001,0
                105.134639673,14.5200024430001,0
                105.13463442,14.520001168,0
                105.134616608,14.519999882,0
                105.134591054,14.5199991310001,0
                105.134578078,14.5200014330001,0
                105.13456763,14.52000379,0
                105.134560575,14.5200064580001,0
                105.134555494,14.5200087370001,0
                105.134548226,14.5200137410001,0
                105.13454258,14.520018436,0
                105.13454205,14.5200191380001,0
                105.134530855,14.5200340690001,0
                105.134522929,14.520048162,0
                105.134517417,14.520061207,0
                105.134504438,14.5200919100001,0
                105.134464506,14.520192351,0
                105.134458338,14.52020356,0
                105.13445423,14.5202101140001,0
                105.134451916,14.5202127520001,0
                105.134444345,14.5202189820001,0
                105.134435927,14.520223625,0
                105.134426387,14.5202269120001,0
                105.134422595,14.520228221,0
                105.134421129,14.5202284710001,0
                105.134411956,14.520230043,0
                105.134391818,14.5202321100001,0
                105.13438102,14.520232191,0
                105.134379981,14.5202321960001,0
                105.134364146,14.5202307590001,0
                105.134361694,14.5202302700001,0
                105.134356745,14.5202292750001,0
                105.134324921,14.520221371,0
                105.134250286,14.520196437,0
                105.134230953,14.5201910920001,0
                105.134224772,14.5201898280001,0
                105.134206001,14.5201865880001,0
                105.134191956,14.52018594,0
                105.134173978,14.5201871680001,0
                105.134154263,14.5201898620001,0
                105.13414266,14.520192708,0
                105.134129456,14.520197261,0
                105.134045001,14.52023566,0
                105.13400788,14.520249908,0
                105.133982646,14.52025788,0
                105.133970661,14.520260272,0
                105.133962432,14.520261433,0
                105.133927045,14.5202624200001,0
                105.133910076,14.520260729,0
                105.133888172,14.520255551,0
                105.133882235,14.5202529320001,0
                105.133873483,14.520247507,0
                105.133870058,14.5202453800001,0
                105.133865459,14.520241191,0
                105.133859072,14.520232143,0
                105.13385533,14.5202245310001,0
                105.133852542,14.520217223,0
                105.133850497,14.5202062430001,0
                105.133850434,14.5202056200001,0
                105.133849639,14.5201977460001,0
                105.13384964,14.5201911120001,0
                105.13384964,14.5201864380001,0
                105.133849641,14.5201834740001,0
                105.133851704,14.520172238,0
                105.133853735,14.5201668770001,0
                105.133855396,14.5201624970001,0
                105.133873089,14.5201342840001,0
                105.133929233,14.5200659290001,0
                105.13393477,14.5200581240001,0
                105.13393936,14.520049763,0
                105.133946368,14.5200315280001,0
                105.133948022,14.520024054,0
                105.13395045,14.519998172,0
                105.133950383,14.519989394,0
                105.133947686,14.5199757140001,0
                105.133943976,14.5199625920001,0
                105.133941836,14.519956517,0
                105.133934583,14.519941837,0
                105.133922546,14.5199249840001,0
                105.133914396,14.519915441,0
                105.133906143,14.5199093790001,0
                105.133891392,14.5199019080001,0
                105.133885153,14.5198992110001,0
                105.133870098,14.5198949150001,0
                105.133825652,14.519885925,0
                105.133801497,14.519883653,0
                105.133796942,14.519883561,0
                105.133712039,14.519884054,0
                105.13368025,14.5198867460001,0
                105.133673071,14.519887811,0
                105.133634518,14.5198955170001,0
                105.133620232,14.5199000210001,0
                105.133609306,14.519904985,0
                105.133604445,14.5199071960001,0
                105.13359602,14.5199122340001,0
                105.133590896,14.519915301,0
                105.133582672,14.519922777,0
                105.133575419,14.5199314820001,0
                105.13356246,14.519951915,0
                105.133560032,14.51995878,0
                105.133559002,14.519963107,0
                105.133557075,14.519973233,0
                105.133556426,14.5199844910001,0
                105.133556934,14.5200170520001,0
                105.133560856,14.5200548450001,0
                105.133573368,14.5201160990001,0
                105.133595062,14.520192954,0
                105.133601473,14.520217917,0
                105.133602722,14.520225166,0
                105.133604486,14.5202460310001,0
                105.133603982,14.520248689,0
                105.133603998,14.520248936,0
                105.133604635,14.5202607580001,0
                105.133602466,14.5202768550001,0
                105.133602364,14.5202773120001,0
                105.133598572,14.5202846130001,0
                105.133592624,14.5202912560001,0
                105.133551413,14.520319262,0
                105.133548097,14.5203210720001,0
                105.133499945,14.5203473230001,0
                105.133490602,14.520354589,0
                105.133480641,14.5203652320001,0
                105.13347668,14.5203710980001,0
                105.133475586,14.5203740960001,0
                105.133474461,14.5203786860001,0
                105.133474285,14.520382973,0
                105.133473819,14.5203839930001,0
                105.133473141,14.520390704,0
                105.133472725,14.520422061,0
                105.13347326,14.520443764,0
                105.133475297,14.5204699920001,0
                105.133476593,14.5205020020001,0
                105.133476391,14.5205076980001,0
                105.133474451,14.520517865,0
                105.133464398,14.5205498670001,0
                105.133458477,14.5205653470001,0
                105.133452898,14.5205766390001,0
                105.13341787,14.520625189,0
                105.133401213,14.5206482780001,0
                105.133398342,14.520655172,0
                105.133395469,14.520665314,0
                105.133394351,14.5206749650001,0
                105.133394612,14.52068009,0
                105.133395347,14.520686287,0
                105.133398777,14.520703461,0
                105.133400873,14.5207102790001,0
                105.133431271,14.5207819980001,0
                105.133431968,14.5207839720001,0
                105.133434881,14.520794156,0
                105.133435538,14.5208038590001,0
                105.133434723,14.5208138030001,0
                105.133433477,14.5208243390001,0
                105.133433439,14.520824637,0
                105.133429072,14.5208353580001,0
                105.133427878,14.5208382810001,0
                105.133421021,14.520848105,0
                105.133420769,14.520848336,0
                105.133412918,14.520855645,0
                105.133403534,14.5208614100001,0
                105.133394479,14.520865417,0
                105.133391974,14.5208663060001,0
                105.133387095,14.5208680310001,0
                105.13336851,14.520872549,0
                105.133324124,14.520878055,0
                105.133265324,14.5208822480001,0
                105.13319035,14.5208838240001,0
                105.133171284,14.52088495,0
                105.133151966,14.520887481,0
                105.13313738,14.520891498,0
                105.133123922,14.520896705,0
                105.1331155,14.5209020630001,0
                105.133107606,14.520911298,0
                105.133102504,14.520919474,0
                105.133099663,14.520926269,0
                105.133098176,14.520935448,0
                105.133098097,14.520948795,0
                105.133100725,14.5209691750001,0
                105.133102021,14.520975645,0
                105.133106751,14.52099407,0
                105.133109316,14.521001497,0
                105.133122077,14.521028168,0
                105.133130759,14.521043422,0
                105.133143357,14.5210580250001,0
                105.133181203,14.521089836,0
                105.133189085,14.5210984990001,0
                105.133192594,14.521102361,0
                105.133198092,14.5211098090001,0
                105.133201685,14.5211188550001,0
                105.133202242,14.52112615,0
                105.133202155,14.521130843,0
                105.133200268,14.521138922,0
                105.133198556,14.5211429610001,0
                105.133191535,14.521154863,0
                105.133187355,14.5211604830001,0
                105.133177776,14.5211719210001,0
                105.13317133,14.521177573,0
                105.13315183,14.5211897350001,0
                105.133142947,14.521194097,0
                105.133142673,14.5211942120001,0
                105.133127345,14.5211994360001,0
                105.133109999,14.5212036520001,0
                105.133107603,14.5212041560001,0
                105.133090858,14.5212062420001,0
                105.133087611,14.521206534,0
                105.133048383,14.521206911,0
                105.132977809,14.521202107,0
                105.132966595,14.521200809,0
                105.132941181,14.5211953,0
                105.132890459,14.521181068,0
                105.132742601,14.5211332260001,0
                105.132713503,14.521126069,0
                105.132703825,14.5211247390001,0
                105.132697409,14.5211251330001,0
                105.132690692,14.5211256910001,0
                105.132683605,14.521127038,0
                105.132677741,14.5211298900001,0
                105.132673904,14.5211342330001,0
                105.132672793,14.521136961,0
                105.132670952,14.521142024,0
                105.132669186,14.521149785,0
                105.132667753,14.52115522,0
                105.132667102,14.5211602530001,0
                105.132667241,14.521165264,0
                105.132668222,14.5211721790001,0
                105.132668573,14.521173672,0
                105.132673372,14.5211846020001,0
                105.132686375,14.5212076780001,0
                105.132698788,14.521226271,0
                105.132711505,14.5212481620001,0
                105.13271609,14.5212593320001,0
                105.132716689,14.521260985,0
                105.132718676,14.5212675220001,0
                105.132720718,14.521277931,0
                105.132723356,14.5212993490001,0
                105.132724292,14.521336046,0
                105.132723155,14.521378065,0
                105.132721124,14.5213947610001,0
                105.132721099,14.521394883,0
                105.132715333,14.521417453,0
                105.132710617,14.521428413,0
                105.132701377,14.52144658,0
                105.132694074,14.5214579940001,0
                105.13269006,14.5214631100001,0
                105.1326676,14.5214872510001,0
                105.132659189,14.5214946560001,0
                105.132654909,14.521497503,0
                105.132636666,14.521507688,0
                105.132633205,14.521509452,0
                105.132619308,14.521515327,0
                105.132604276,14.5215195810001,0
                105.132600768,14.5215201280001,0
                105.132591178,14.521521621,0
                105.132575784,14.5215232800001,0
                105.132564705,14.5215235700001,0
                105.132552856,14.521523508,0
                105.132545024,14.521523471,0
                105.132529815,14.521521324,0
                105.132513474,14.5215179750001,0
                105.132510407,14.5215170880001,0
                105.13248935,14.521511038,0
                105.132464571,14.521500254,0
                105.132434963,14.521484973,0
                105.132406177,14.521469734,0
                105.132363793,14.5214513020001,0
                105.132342566,14.521443259,0
                105.132319902,14.521436158,0
                105.132305683,14.521432577,0
                105.132287722,14.5214294,0
                105.132261907,14.52142661,0
                105.132242159,14.521428284,0
                105.132235725,14.5214288620001,0
                105.132207251,14.521433743,0
                105.132199203,14.521435583,0
                105.13218659,14.521439157,0
                105.132183064,14.521440532,0
                105.132166757,14.5214485880001,0
                105.132148678,14.5214600420001,0
                105.132134698,14.521470116,0
                105.132094166,14.521500453,0
                105.13207362,14.521517837,0
                105.132049763,14.5215429190001,0
                105.132038646,14.521552338,0
                105.132033539,14.52155616,0
                105.132024051,14.521560849,0
                105.132001243,14.5215704390001,0
                105.132000228,14.5215707850001,0
                105.131995053,14.5215720090001,0
                105.131989214,14.5215733900001,0
                105.131972673,14.521576523,0
                105.131960104,14.5215776580001,0
                105.13194313,14.5215776090001,0
                105.131929758,14.521576629,0
                105.131908875,14.521574001,0
                105.131802357,14.5215564110001,0
                105.131764397,14.5215510520001,0
                105.131759766,14.521550715,0
                105.131740818,14.521550276,0
                105.131701096,14.5215524700001,0
                105.131682587,14.521554548,0
                105.131658217,14.521558543,0
                105.131626544,14.521565964,0
                105.131580599,14.5215788780001,0
                105.131544253,14.5215861290001,0
                105.131423619,14.5216026000001,0
                105.131368681,14.521608567,0
                105.131329546,14.5216079750001,0
                105.131297143,14.5216051680001,0
                105.131290091,14.521604305,0
                105.13126782,14.521601574,0
                105.131238412,14.521597722,0
                105.13121183,14.521595716,0
                105.131197148,14.5215934030001,0
                105.131192028,14.521592592,0
                105.131187623,14.521591417,0
                105.131182421,14.521588477,0
                105.131178673,14.5215850170001,0
                105.131173305,14.5215770570001,0
                105.131169551,14.5215702150001,0
                105.131166162,14.521562203,0
                105.131162317,14.5215518910001,0
                105.131155073,14.521527194,0
                105.131150129,14.521506866,0
                105.131145884,14.521493789,0
                105.131143271,14.521487614,0
                105.131109975,14.52143484,0
                105.131097889,14.5214209120001,0
                105.131001288,14.521346512,0
                105.130932945,14.52129633,0
                105.130910025,14.52128149,0
                105.130884358,14.5212629750001,0
                105.130879524,14.521259984,0
                105.130868132,14.5212541120001,0
                105.130861548,14.5212516080001,0
                105.130852642,14.5212491390001,0
                105.130849487,14.521248407,0
                105.130834225,14.521246536,0
                105.130817343,14.5212469790001,0
                105.130813209,14.5212470880001,0
                105.130812219,14.521247019,0
                105.1307431,14.5212482700001,0
                105.130677213,14.521248196,0
                105.130523073,14.5212433740001,0
                105.130477952,14.521240006,0
                105.130468093,14.521238645,0
                105.130460007,14.521237238,0
                105.130430268,14.521230786,0
                105.130393238,14.5212194590001,0
                105.130372239,14.5212109780001,0
                105.130361284,14.5212036820001,0
                105.130342818,14.5211877670001,0
                105.13032805,14.521172006,0
                105.130321407,14.521164039,0
                105.13028853,14.5211190480001,0
                105.130267728,14.521092804,0
                105.130234186,14.521057173,0
                105.130225119,14.5210501820001,0
                105.130215673,14.5210445380001,0
                105.130211038,14.5210425810001,0
                105.130191053,14.5210372,0
                105.130180656,14.5210363840001,0
                105.13017422,14.521036602,0
                105.130164502,14.5210391420001,0
                105.130159208,14.521041053,0
                105.130150924,14.521044707,0
                105.130144631,14.521049055,0
                105.130124682,14.521065682,0
                105.130116753,14.521075669,0
                105.13010901,14.521090374,0
                105.130106013,14.5210990480001,0
                105.130101648,14.521118873,0
                105.130100699,14.521125456,0
                105.130098334,14.521153671,0
                105.130095882,14.5212316380001,0
                105.130094713,14.5212459900001,0
                105.130091657,14.521265538,0
                105.130086689,14.521284596,0
                105.130084597,14.5212899410001,0
                105.130074877,14.521310806,0
                105.130072111,14.521315633,0
                105.130066562,14.521324028,0
                105.130059388,14.5213330770001,0
                105.130047859,14.5213444670001,0
                105.130033757,14.5213567930001,0
                105.130025365,14.52136255,0
                105.130008031,14.5213727170001,0
                105.129994369,14.521378747,0
                105.129983771,14.5213823760001,0
                105.129967157,14.5213868600001,0
                105.129954373,14.5213895800001,0
                105.129929347,14.5213925840001,0
                105.129840147,14.5214007000001,0
                105.129794138,14.5214026400001,0
                105.129763665,14.521405531,0
                105.129732616,14.521410115,0
                105.129729902,14.521410658,0
                105.129712655,14.521415146,0
                105.129697709,14.521420499,0
                105.129643713,14.5214371600001,0
                105.129626523,14.5214403320001,0
                105.129581286,14.521446161,0
                105.129479152,14.521454062,0
                105.129408254,14.521455432,0
                105.12934658,14.5214556010001,0
                105.129254343,14.5214520660001,0
                105.129093544,14.5214517000001,0
                105.128928297,14.521462179,0
                105.128900183,14.5214617250001,0
                105.128848425,14.5214567940001,0
                105.128832759,14.521455302,0
                105.128820208,14.5214529510001,0
                105.128802185,14.5214485560001,0
                105.128801221,14.5214482530001,0
                105.128790597,14.5214449110001,0
                105.128778625,14.5214399490001,0
                105.128759227,14.5214305710001,0
                105.128744887,14.5214227610001,0
                105.128730084,14.521414081,0
                105.128716155,14.5214037810001,0
                105.128704941,14.521393136,0
                105.128695956,14.5213812850001,0
                105.128689827,14.5213700300001,0
                105.128680435,14.52134031,0
                105.128679318,14.521336134,0
                105.128675027,14.521317525,0
                105.128673591,14.5213081850001,0
                105.128671254,14.521287951,0
                105.128670721,14.52127116,0
                105.128671469,14.521239091,0
                105.128675918,14.521180046,0
                105.128685824,14.521100264,0
                105.128690257,14.5210399370001,0
                105.1286918,14.520954951,0
                105.128688882,14.5209163750001,0
                105.128687323,14.5209005560001,0
                105.128686224,14.5208945210001,0
                105.128684707,14.520888106,0
                105.128680027,14.5208763090001,0
                105.128669318,14.520857559,0
                105.128660872,14.520846836,0
                105.128654724,14.520841236,0
                105.128650821,14.520838338,0
                105.128629948,14.520824874,0
                105.128608107,14.5208157980001,0
                105.128601035,14.5208133570001,0
                105.128592007,14.5208103370001,0
                105.128580543,14.5208080240001,0
                105.128552951,14.5208064,0
                105.128552522,14.520806393,0
                105.128469424,14.5208092340001,0
                105.128347035,14.520808162,0
                105.128331245,14.5208067180001,0
                105.128314331,14.520803689,0
                105.128308193,14.5208022850001,0
                105.128277722,14.520793557,0
                105.128270579,14.520790232,0
                105.128259492,14.5207833530001,0
                105.128246456,14.5207727550001,0
                105.128242483,14.520769526,0
                105.128223439,14.5207507110001,0
                105.12820679,14.520732895,0
                105.128184945,14.520704644,0
                105.128101859,14.5205710760001,0
                105.128091272,14.520555556,0
                105.128083151,14.520546746,0
                105.12808023,14.5205441420001,0
                105.128070583,14.520538565,0
                105.128055348,14.520532442,0
                105.128047132,14.5205297160001,0
                105.128020693,14.520523208,0
                105.127998179,14.520519854,0
                105.127922105,14.52051507,0
                105.127887961,14.520515426,0
                105.12784557,14.520518301,0
                105.127792154,14.5205260440001,0
                105.127687285,14.5205412400001,0
                105.127656701,14.5205448040001,0
                105.127643398,14.520546129,0
                105.127609743,14.5205466520001,0
                105.127516549,14.520541732,0
                105.1275109,14.5205406480001,0
                105.127496786,14.520537172,0
                105.12748126,14.520532411,0
                105.127440896,14.520516908,0
                105.127429713,14.5205113980001,0
                105.127419954,14.5205057800001,0
                105.127375041,14.520477032,0
                105.127233376,14.520379598,0
                105.127101558,14.520298284,0
                105.127087524,14.520291037,0
                105.1270712,14.5202826080001,0
                105.127058627,14.52027709,0
                105.127048788,14.520275612,0
                105.127045668,14.5202761520001,0
                105.127037946,14.5202781,0
                105.127031304,14.5202813600001,0
                105.127024436,14.5202874600001,0
                105.127023584,14.5202882150001,0
                105.126977929,14.5203380680001,0
                105.126949304,14.5203665490001,0
                105.126944098,14.520371481,0
                105.126938315,14.5203764410001,0
                105.12692363,14.520387729,0
                105.126902455,14.520400753,0
                105.126891203,14.520406644,0
                105.126860146,14.5204201560001,0
                105.126841258,14.52042671,0
                105.126825615,14.520430741,0
                105.126806773,14.520434478,0
                105.126783978,14.520437019,0
                105.126774609,14.5204378230001,0
                105.126734865,14.5204399040001,0
                105.12669955,14.520440007,0
                105.126668805,14.520438069,0
                105.126621132,14.520433935,0
                105.126510365,14.520420331,0
                105.126479411,14.520417836,0
                105.126289737,14.5204155810001,0
                105.126257001,14.5204139430001,0
                105.126249784,14.5204131150001,0
                105.126243902,14.5204107820001,0
                105.126230311,14.520404351,0
                105.126218114,14.520396079,0
                105.126204787,14.5203834700001,0
                105.126171504,14.52034466,0
                105.126148704,14.520322772,0
                105.126138985,14.520314935,0
                105.126126968,14.5203075090001,0
                105.12610411,14.5202972270001,0
                105.125980723,14.52025235,0
                105.125954107,14.520240089,0
                105.125932147,14.520229559,0
                105.125921521,14.520223464,0
                105.125903989,14.5202121020001,0
                105.125897998,14.520207527,0
                105.125895755,14.520205526,0
                105.125889368,14.5201951280001,0
                105.125886377,14.5201878070001,0
                105.125882709,14.520172717,0
                105.125877752,14.5201482250001,0
                105.12587612,14.520135281,0
                105.125872982,14.5200907020001,0
                105.125864998,14.519898128,0
                105.125860442,14.519853051,0
                105.125857002,14.519829472,0
                105.125851843,14.5198050110001,0
                105.125849549,14.51979886,0
                105.125848652,14.519796468,0
                105.125847062,14.519793388,0
                105.125844189,14.519789856,0
                105.125839764,14.5197872730001,0
                105.125835425,14.519784665,0
                105.125826006,14.5197816780001,0
                105.125796195,14.5197755950001,0
                105.125761713,14.519770436,0
                105.125696237,14.5197629900001,0
                105.125418992,14.5197420050001,0
                105.125333528,14.5197381140001,0
                105.125206767,14.519734397,0
                105.12501193,14.519736756,0
                105.124839128,14.519746175,0
                105.124824679,14.5197474620001,0
                105.12474873,14.51975423,0
                105.12461093,14.5197635540001,0
                105.124596876,14.51976547,0
                105.124594834,14.5197657480001,0
                105.124584171,14.519767202,0
                105.12454696,14.5197759050001,0
                105.124536263,14.5197807860001,0
                105.12453261,14.519783262,0
                105.124527784,14.51978709,0
                105.12452168,14.519791933,0
                105.124510901,14.519804059,0
                105.124506902,14.519810249,0
                105.124499042,14.5198220780001,0
                105.124489004,14.519841279,0
                105.124485405,14.519849901,0
                105.124481246,14.5198608420001,0
                105.124477709,14.519871671,0
                105.124474883,14.5198817090001,0
                105.124472333,14.5198927010001,0
                105.124470002,14.519910112,0
                105.124467898,14.5199462780001,0
                105.124468721,14.5199760830001,0
                105.124476385,14.5200760320001,0
                105.12447689,14.5201406480001,0
                105.124475806,14.5201609000001,0
                105.124473878,14.5201718270001,0
                105.124473364,14.5201732790001,0
                105.124468587,14.520182558,0
                105.124464874,14.5201872170001,0
                105.124461046,14.520190906,0
                105.124452859,14.5201959070001,0
                105.124452236,14.520196234,0
                105.124445462,14.5201990790001,0
                105.124431294,14.520203512,0
                105.124425941,14.5202046370001,0
                105.12440622,14.520207466,0
                105.124397614,14.5202083030001,0
                105.124397216,14.5202084580001,0
                105.124082324,14.520238621,0
                105.124014807,14.5202395630001,0
                105.123945054,14.520244796,0
                105.123888805,14.5202457890001,0
                105.123635207,14.520237271,0
                105.123616325,14.5202382480001,0
                105.123591134,14.5202416430001,0
                105.123584099,14.5202428480001,0
                105.123563265,14.520248531,0
                105.123549905,14.520253312,0
                105.123527237,14.5202664600001,0
                105.123489005,14.520291549,0
                105.12347593,14.5203021290001,0
                105.123465828,14.5203125190001,0
                105.12338651,14.5204218550001,0
                105.123369911,14.5204422570001,0
                105.123349448,14.5204640430001,0
                105.123339053,14.520473856,0
                105.123334604,14.520477278,0
                105.123311673,14.5204941220001,0
                105.123300055,14.5205014430001,0
                105.12324288,14.520537469,0
                105.12318535,14.520568493,0
                105.123176901,14.520572529,0
                105.123152453,14.520581113,0
                105.123084692,14.5206001120001,0
                105.123062453,14.5206053960001,0
                105.123050027,14.520606711,0
                105.123014436,14.520604873,0
                105.122987171,14.5206022310001,0
                105.122966263,14.5205971880001,0
                105.122952615,14.5205930390001,0
                105.122928837,14.520582889,0
                105.122885403,14.520563367,0
                105.122850031,14.520548402,0
                105.122818589,14.520538624,0
                105.122811407,14.520536689,0
                105.122790375,14.520531856,0
                105.122753833,14.5205268350001,0
                105.122645109,14.520512992,0
                105.122642853,14.520512723,0
                105.122632773,14.5205118760001,0
                105.122603922,14.520510486,0
                105.122296569,14.520512921,0
                105.122204431,14.520517134,0
                105.122152562,14.5205217540001,0
                105.122143845,14.5205229360001,0
                105.122125081,14.520525664,0
                105.122116872,14.5205268550001,0
                105.122100872,14.520530836,0
                105.122099658,14.520531206,0
                105.122083247,14.520538684,0
                105.122050808,14.520557189,0
                105.122040859,14.520563743,0
                105.122034427,14.5205672710001,0
                105.121973772,14.520599002,0
                105.121969998,14.5206007740001,0
                105.121893332,14.5206345940001,0
                105.121888454,14.5206363770001,0
                105.1218279,14.520655893,0
                105.121771743,14.5206705890001,0
                105.121720055,14.5206825990001,0
                105.121633624,14.5206970350001,0
                105.121567939,14.520709502,0
                105.121564408,14.5207103770001,0
                105.121533922,14.5207209910001,0
                105.121511646,14.5207323110001,0
                105.121481259,14.520751032,0
                105.121452041,14.520766646,0
                105.121410788,14.5207843160001,0
                105.121359503,14.5208000530001,0
                105.12130333,14.52081349,0
                105.121253728,14.5208244780001,0
                105.121212634,14.5208355230001,0
                105.121189801,14.520843579,0
                105.121186969,14.520844692,0
                105.121160495,14.5208573100001,0
                105.121151836,14.520863267,0
                105.121147908,14.520867513,0
                105.121144203,14.520873125,0
                105.121133049,14.520896092,0
                105.121112811,14.520939926,0
                105.12110468,14.5209590170001,0
                105.121098954,14.520974699,0
                105.121094053,14.520986689,0
                105.121083566,14.521011591,0
                105.121072648,14.521029888,0
                105.121063785,14.521040511,0
                105.121058573,14.5210459190001,0
                105.12105132,14.521051291,0
                105.12103719,14.521058629,0
                105.121031811,14.52106065,0
                105.121015442,14.5210653020001,0
                105.120995268,14.5210686510001,0
                105.120966282,14.521071052,0
                105.120956572,14.521070906,0
                105.120920657,14.521069364,0
                105.120911504,14.5210683170001,0
                105.120851567,14.5210586380001,0
                105.120825885,14.5210551540001,0
                105.120818039,14.521054249,0
                105.120769232,14.521050539,0
                105.120746963,14.5210497370001,0
                105.120735642,14.5210507570001,0
                105.120723618,14.521052615,0
                105.120709921,14.521058376,0
                105.120703033,14.521062929,0
                105.120697665,14.5210697000001,0
                105.120692611,14.5210811490001,0
                105.120688575,14.521095541,0
                105.120688001,14.5211008370001,0
                105.120687505,14.521110121,0
                105.120686934,14.521133283,0
                105.120692935,14.521258677,0
                105.1206859,14.521372323,0
                105.1206845,14.521388179,0
                105.12068255,14.52140002,0
                105.120681192,14.521406002,0
                105.120665366,14.5214705060001,0
                105.120655162,14.521500132,0
                105.120651066,14.5215093080001,0
                105.120624473,14.5215512570001,0
                105.1206174,14.521559498,0
                105.12061562,14.521561403,0
                105.120606767,14.5215695420001,0
                105.120596525,14.521577053,0
                105.120564125,14.5215961280001,0
                105.120545316,14.521605747,0
                105.120484202,14.52163144,0
                105.120450349,14.5216432170001,0
                105.120442363,14.521645963,0
                105.12042793,14.5216501780001,0
                105.120296154,14.5216824720001,0
                105.120278341,14.521687382,0
                105.120245223,14.521698492,0
                105.120238563,14.521701109,0
                105.120199014,14.5217198180001,0
                105.120146232,14.5217484230001,0
                105.120127224,14.521761381,0
                105.120102707,14.5217825080001,0
                105.120071881,14.5218107630001,0
                105.120025681,14.5218469820001,0
                105.119996733,14.5218650040001,0
                105.119987771,14.521869521,0
                105.119980136,14.521872118,0
                105.119959624,14.5218765830001,0
                105.119931227,14.521879427,0
                105.119917996,14.521880025,0
                105.119868681,14.521878965,0
                105.119816888,14.521875472,0
                105.11978939,14.5218734490001,0
                105.119674992,14.5218626810001,0
                105.119608753,14.5218539210001,0
                105.119518837,14.5218480130001,0
                105.119395118,14.521853386,0
                105.119333126,14.5218592740001,0
                105.119311315,14.521861347,0
                105.119241258,14.5218661690001,0
                105.11882698,14.5218687460001,0
                105.118791395,14.521871972,0
                105.118742594,14.521880029,0
                105.118717619,14.521885743,0
                105.118714581,14.521886583,0
                105.11870423,14.521890147,0
                105.118691985,14.5218955140001,0
                105.118683745,14.521900611,0
                105.118653159,14.5219246940001,0
                105.118645739,14.5219322610001,0
                105.118642393,14.521936478,0
                105.118632137,14.5219520310001,0
                105.118608653,14.521993529,0
                105.118600477,14.52201251,0
                105.118583202,14.5220623340001,0
                105.118579999,14.5220744100001,0
                105.118572465,14.5221148160001,0
                105.118563083,14.5221807520001,0
                105.118559174,14.522204425,0
                105.118556802,14.5222151840001,0
                105.118553337,14.5222263040001,0
                105.118541798,14.522253748,0
                105.118538075,14.522260089,0
                105.118537857,14.5222603870001,0
                105.118536017,14.5222624730001,0
                105.11852947,14.5222681590001,0
                105.118506828,14.5222829750001,0
                105.118488893,14.5222913210001,0
                105.11848262,14.522293545,0
                105.118473903,14.5222962660001,0
                105.118456155,14.522300995,0
                105.118429886,14.5223069900001,0
                105.118383638,14.5223138740001,0
                105.118357827,14.522316394,0
                105.118333055,14.5223167770001,0
                105.118283289,14.5223144550001,0
                105.11824254,14.5223115950001,0
                105.118169429,14.522300262,0
                105.118135073,14.5222924940001,0
                105.118119924,14.5222873490001,0
                105.117845741,14.5221529720001,0
                105.117809971,14.5221369820001,0
                105.117776029,14.522124435,0
                105.117768405,14.5221219310001,0
                105.117741353,14.5221134450001,0
                105.117716758,14.5221068070001,0
                105.117706649,14.522104746,0
                105.117684381,14.522101978,0
                105.117655353,14.522100043,0
                105.117646217,14.5220999590001,0
                105.117605082,14.522103019,0
                105.117578935,14.5221066140001,0
                105.117565969,14.522109428,0
                105.117541868,14.522116887,0
                105.117537955,14.5221181540001,0
                105.117490104,14.522135695,0
                105.117461886,14.5221478820001,0
                105.117354132,14.5222015680001,0
                105.117321098,14.5222219460001,0
                105.117265984,14.522260112,0
                105.117251729,14.5222734710001,0
                105.117244421,14.522281876,0
                105.117232371,14.5222975040001,0
                105.117222712,14.522310594,0
                105.11721592,14.522321806,0
                105.117210597,14.522333546,0
                105.117201085,14.5223579730001,0
                105.117199949,14.5223629860001,0
                105.117196352,14.522392283,0
                105.117192337,14.5224405810001,0
                105.117192033,14.5224429460001,0
                105.117189915,14.5224513540001,0
                105.117165992,14.5225067590001,0
                105.117157134,14.522523086,0
                105.117156016,14.52252459,0
                105.117147616,14.522532084,0
                105.117122324,14.5225482380001,0
                105.117093956,14.5225623760001,0
                105.117049226,14.5225810900001,0
                105.117026083,14.5225882670001,0
                105.116945139,14.5226048260001,0
                105.116933358,14.522607113,0
                105.116896305,14.5226101980001,0
                105.116613868,14.522621735,0
                105.116480132,14.5226231980001,0
                105.116459757,14.522622778,0
                105.1163379,14.5226144800001,0
                105.116327525,14.522613177,0
                105.116106053,14.5225776950001,0
                105.116083909,14.52257303,0
                105.116083565,14.5225729490001,0
                105.115987789,14.522544635,0
                105.115981936,14.522542543,0
                105.115942744,14.5225273400001,0
                105.11571845,14.52241701,0
                105.115699149,14.5224089870001,0
                105.115663126,14.5223986840001,0
                105.115646434,14.522394992,0
                105.115630796,14.5223932100001,0
                105.115607452,14.5223921210001,0
                105.115532664,14.522395815,0
                105.115521101,14.522396959,0
                105.115308921,14.5224317010001,0
                105.115169043,14.5224651360001,0
                105.114993571,14.5225005,0
                105.11475951,14.5225352750001,0
                105.114504247,14.5225629170001,0
                105.114503869,14.5225629490001,0
                105.114364653,14.522565495,0
                105.114309345,14.522564635,0
                105.114269496,14.5225611390001,0
                105.114233791,14.522556347,0
                105.114218892,14.5225538720001,0
                105.1141953,14.522548489,0
                105.11417398,14.522542416,0
                105.114148951,14.522533953,0
                105.114130627,14.5225263720001,0
                105.114111346,14.5225146780001,0
                105.1140129,14.52244195,0
                105.113994781,14.5224250570001,0
                105.113873745,14.522305212,0
                105.11377306,14.5221971600001,0
                105.113738634,14.5221562140001,0
                105.113713078,14.522116764,0
                105.113705448,14.5221039680001,0
                105.113661775,14.522030756,0
                105.113643639,14.522003994,0
                105.113619555,14.5219745590001,0
                105.11361191,14.5219674090001,0
                105.113608017,14.521964699,0
                105.113584166,14.5219556160001,0
                105.113549902,14.5219449480001,0
                105.113535106,14.5219415610001,0
                105.11350623,14.52193794,0
                105.11345481,14.521934409,0
                105.113403284,14.5219295590001,0
                105.113384046,14.5219268230001,0
                105.113348162,14.5219192340001,0
                105.113329543,14.521913145,0
                105.113290466,14.521896278,0
                105.113247366,14.521874645,0
                105.113232573,14.521865995,0
                105.113204724,14.521846005,0
                105.11318055,14.521827205,0
                105.11317537,14.521822204,0
                105.11315262,14.521797942,0
                105.113110051,14.521742311,0
                105.113088722,14.5217092950001,0
                105.113075548,14.5216866540001,0
                105.113054699,14.521644403,0
                105.113045449,14.5216242820001,0
                105.1130185,14.5215510370001,0
                105.112956706,14.5213758890001,0
                105.11294539,14.521350801,0
                105.112909926,14.5212862400001,0
                105.112901336,14.5212719670001,0
                105.112833825,14.521173833,0
                105.112797188,14.5211107960001,0
                105.112789883,14.521095702,0
                105.112779891,14.521070733,0
                105.112778453,14.521066637,0
                105.112771024,14.521042208,0
                105.112764186,14.5210109270001,0
                105.112760366,14.520975181,0
                105.112760781,14.520954573,0
                105.112762407,14.5209324800001,0
                105.112767904,14.520904758,0
                105.112774827,14.520882837,0
                105.112784753,14.520861859,0
                105.112848249,14.520758566,0
                105.112859927,14.520736116,0
                105.112903349,14.5206364380001,0
                105.112913959,14.5206082760001,0
                105.112962101,14.5204682570001,0
                105.112969278,14.5204438550001,0
                105.112974302,14.5204202520001,0
                105.11297746,14.520395933,0
                105.112979044,14.5203701670001,0
                105.112979469,14.520346563,0
                105.112974551,14.5202986190001,0
                105.112968108,14.5202638820001,0
                105.112965659,14.5202551300001,0
                105.112959533,14.52023624,0
                105.112889933,14.5200785550001,0
                105.112854879,14.5200151170001,0
                105.112795857,14.5199291390001,0
                105.112757371,14.51988426,0
                105.112735123,14.5198644340001,0
                105.112538747,14.5197231770001,0
                105.112506743,14.5197055630001,0
                105.112405422,14.5196559390001,0
                105.112361943,14.5196403250001,0
                105.112172617,14.519591151,0
                105.112098516,14.5195698650001,0
                105.112090452,14.519567264,0
                105.112016596,14.5195416400001,0
                105.111909641,14.5194946830001,0
                105.111879104,14.5194786810001,0
                105.111793628,14.5194294840001,0
                105.111720009,14.5193936740001,0
                105.111679548,14.519376155,0
                105.111522349,14.5193189020001,0
                105.111478632,14.519304517,0
                105.111363187,14.519272653,0
                105.110905646,14.519135615,0
                105.110783602,14.5191022220001,0
                105.110767008,14.5190987340001,0
                105.110754214,14.5190950780001,0
                105.11074722,14.519091802,0
                105.110743597,14.5190881720001,0
                105.110743443,14.5190879520001,0
                105.110723954,14.5190516070001,0
                105.11070478,14.519015853,0
                105.110684731,14.518979969,0
                105.110678113,14.518970714,0
                105.110670586,14.518960952,0
                105.11065948,14.51895104,0
                105.110652859,14.518946193,0
                105.110634467,14.518936292,0
                105.110621729,14.5189309800001,0
                105.110607548,14.518926574,0
                105.110603542,14.518925644,0
                105.110587031,14.5189229860001,0
                105.110560098,14.5189203300001,0
                105.11048924,14.5189166810001,0
                105.110421006,14.518913931,0
                105.110393157,14.5189142180001,0
                105.11032094,14.518920569,0
                105.110256597,14.518922764,0
                105.110190098,14.518923477,0
                105.110125153,14.5189231150001,0
                105.110083352,14.518922966,0
                105.110021116,14.518919722,0
                105.10998084,14.518916088,0
                105.109933529,14.5189120480001,0
                105.10989865,14.5189075490001,0
                105.109860831,14.5189005980001,0
                105.109815802,14.518890211,0
                105.109777632,14.51887923,0
                105.109737315,14.5188659030001,0
                105.109720434,14.518858886,0
                105.109694801,14.5188459140001,0
                105.109684519,14.5188400920001,0
                105.109666952,14.5188287880001,0
                105.109658008,14.518820727,0
                105.109648513,14.5188092980001,0
                105.109640487,14.51879734,0
                105.109635196,14.5187869800001,0
                105.109628473,14.518773072,0
                105.109624563,14.5187645510001,0
                105.109614884,14.5187395290001,0
                105.10961087,14.5187269350001,0
                105.109596154,14.5186731160001,0
                105.109569739,14.518576605,0
                105.10955596,14.5185246200001,0
                105.109540633,14.518471775,0
                105.109535248,14.518455111,0
                105.109533453,14.51844828,0
                105.10952462,14.5184110760001,0
                105.109520613,14.518394205,0
                105.109517127,14.5183819490001,0
                105.109513575,14.5183733690001,0
                105.109505017,14.518357871,0
                105.109501889,14.5183544400001,0
                105.10949719,14.5183506450001,0
                105.10949305,14.51834854,0
                105.109486862,14.518346831,0
                105.109478668,14.518345389,0
                105.10946957,14.5183444890001,0
                105.109463568,14.518344354,0
                105.109456928,14.5183445270001,0
                105.109449466,14.518345847,0
                105.109445557,14.518346943,0
                105.109428565,14.518353303,0
                105.109404996,14.518363815,0
                105.109383134,14.5183735630001,0
                105.10937941,14.5183748380001,0
                105.10936864,14.518377765,0
                105.109361601,14.518379038,0
                105.109351661,14.5183795940001,0
                105.109349993,14.5183795570001,0
                105.109338966,14.5183786800001,0
                105.109331954,14.518377586,0
                105.109323735,14.518375583,0
                105.10931936,14.51837433,0
                105.109317591,14.5183737830001,0
                105.109312747,14.518371759,0
                105.109304733,14.5183671460001,0
                105.10930154,14.518365048,0
                105.109289041,14.5183565,0
                105.109285814,14.51835385,0
                105.109279049,14.5183469730001,0
                105.109273981,14.51834182,0
                105.109270534,14.518339553,0
                105.109263671,14.51833666,0
                105.109255673,14.518334458,0
                105.109252638,14.518333926,0
                105.109236244,14.518332812,0
                105.109231825,14.5183328100001,0
                105.109201573,14.5183345460001,0
                105.109193819,14.5183349910001,0
                105.10915995,14.5183349820001,0
                105.109150098,14.5183342180001,0
                105.109145202,14.518333478,0
                105.109121863,14.5183290590001,0
                105.109102466,14.518324222,0
                105.109095628,14.518322228,0
                105.109023642,14.5182975610001,0
                105.109002883,14.518291397,0
                105.108991644,14.518288371,0
                105.108977731,14.5182853210001,0
                105.108949139,14.5182809180001,0
                105.108939681,14.518279879,0
                105.108898145,14.5182745990001,0
                105.108877356,14.518271364,0
                105.108863319,14.518268515,0
                105.108827222,14.5182601880001,0
                105.108745457,14.518243297,0
                105.108724502,14.518239221,0
                105.108669644,14.5182298820001,0
                105.108630913,14.5182246910001,0
                105.108592388,14.5182179340001,0
                105.108567417,14.5182125640001,0
                105.108542016,14.518204838,0
                105.108522566,14.518196715,0
                105.108512365,14.518191673,0
                105.108504437,14.518186816,0
                105.108498864,14.5181826200001,0
                105.10848883,14.5181735670001,0
                105.10847767,14.5181618390001,0
                105.108470635,14.518153193,0
                105.108465434,14.5181463970001,0
                105.108464894,14.5181455750001,0
                105.108458803,14.518133994,0
                105.108456761,14.518129432,0
                105.108452154,14.518116912,0
                105.108445998,14.518096062,0
                105.108445068,14.5180924700001,0
                105.108442169,14.518081291,0
                105.108436844,14.5180636170001,0
                105.10842749,14.5180391710001,0
                105.108425283,14.51799879,0
                105.108435574,14.5179603620001,0
                105.10845281,14.5179346630001,0
                105.108531352,14.5177742010001,0
                105.108555926,14.5177024330001,0
                105.108566077,14.5175890150001,0
                105.1085493,14.517220906,0
                105.108541246,14.517169391,0
                105.108479507,14.5170966490001,0
                105.108475304,14.5170644310001,0
                105.108480244,14.5170028740001,0
                105.108565358,14.5167193890001,0
                105.108570743,14.516673987,0
                105.108566358,14.516635309,0
                105.108525855,14.516610503,0
                105.108265148,14.516542961,0
                105.108094422,14.5164892290001,0
                105.107953101,14.5164185670001,0
                105.107881948,14.5163654670001,0
                105.107762145,14.516232819,0
                105.107727116,14.5161658420001,0
                105.107722286,14.516111009,0
                105.107730722,14.516055829,0
                105.107797605,14.5159538610001,0
                105.107809714,14.5159115180001,0
                105.107798698,14.5158730090001,0
                105.107757484,14.5158223610001,0
                105.107701131,14.5157042160001,0
                105.107640665,14.5155570850001,0
                105.107596337,14.515393365,0
                105.107551182,14.5153201900001,0
                105.107495808,14.515237578,0
                105.107393301,14.5151303380001,0
                105.107336392,14.5151124280001,0
                105.10725367,14.515121058,0
                105.107118152,14.5151407610001,0
                105.107021892,14.515140042,0
                105.106811732,14.5151002750001,0
                105.106774809,14.515085073,0
                105.106770784,14.515059314,0
                105.106802012,14.5148677600001,0
                105.106829815,14.5147926770001,0
                105.106905578,14.51465168,0
                105.106921001,14.51460925,0
                105.106916616,14.514570572,0
                105.106882388,14.5145326690001,0
                105.106835343,14.514511268,0
                105.106708351,14.514479027,0
                105.106644186,14.5144386760001,0
                105.106560156,14.5142792230001,0
                105.106522105,14.5141024110001,0
                105.106487161,14.514038666,0
                105.106459834,14.514010281,0
                105.10641637,14.513998483,0
                105.106260334,14.513996095,0
                105.106210146,14.5139812400001,0
                105.106189094,14.5139397630001,0
                105.106188027,14.5139009980001,0
                105.106235455,14.5138157050001,0
                105.106244513,14.5137831390001,0
                105.106233588,14.5137478620001,0
                105.106182781,14.5137103920001,0
                105.106022539,14.513675784,0
                105.105988934,14.5136604950001,0
                105.105984727,14.5136282760001,0
                105.106066476,14.513584114,0
                105.106068905,14.513551722,0
                105.106045069,14.5135297140001,0
                105.105981527,14.5135119770001,0
                105.105941024,14.5134871700001,0
                105.105848938,14.5132762060001,0
                105.105787646,14.513219613,0
                105.10574356,14.5131852010001,0
                105.105646767,14.5131651030001,0
                105.105517019,14.5131545020001,0
                105.105404195,14.5131098840001,0
                105.105283277,14.5130247060001,0
                105.105026005,14.5128003950001,0
                105.104863645,14.512729892,0
                105.104731778,14.5127537160001,0
                105.104489885,14.51283478,0
                105.104258282,14.5129622850001,0
                105.103889344,14.512863334,0
                105.103498523,14.5125477920001,0
                105.10329054,14.511932755,0
                105.103005271,14.5108233560001,0
                105.102751688,14.510287062,0
                105.102421109,14.50984585,0
                105.102176624,14.5090611300001,0
                105.101042693,14.506620082,0
                105.100038047,14.5049036670001,0
                105.099543198,14.5042916350001,0
                105.098786143,14.503543994,0
                105.097776109,14.502530053,0
                105.097773513,14.5025685050001,0
                105.097757283,14.502592701,0
                105.097719965,14.50263482,0
                105.09769098,14.5026730600001,0
                105.097675056,14.50270822,0
                105.097632113,14.5028190570001,0
                105.097582934,14.5029419410001,0
                105.097518978,14.5030734380001,0
                105.097465793,14.5031872860001,0
                105.097447957,14.5032554060001,0
                105.097438285,14.5033132630001,0
                105.097429666,14.50340949,0
                105.097442688,14.5035078930001,0
                105.097466081,14.503607856,0
                105.097479166,14.5036742610001,0
                105.097492828,14.50376168,0
                105.097499402,14.503830081,0
                105.097495429,14.503890529,0
                105.097486359,14.5039703090001,0
                105.097462836,14.5040705820001,0
                105.097423544,14.504177667,0
                105.09734827,14.50434146,0
                105.097327149,14.504390835,0
                105.097289529,14.504476937,0
                105.097262425,14.504530215,0
                105.097232975,14.5045762130001,0
                105.097217182,14.504597834,0
                105.097182732,14.504635609,0
                105.097137835,14.504675182,0
                105.097115065,14.5047004620001,0
                105.097098539,14.5047281610001,0
                105.097091875,14.5047477950001,0
                105.09708337,14.504772852,0
                105.097077476,14.5047867160001,0
                105.097065435,14.5048068990001,0
                105.097003718,14.504883481,0
                105.096966152,14.50492481,0
                105.096941003,14.5049586540001,0
                105.096931808,14.504974035,0
                105.096915877,14.5050050880001,0
                105.096912415,14.505014202,0
                105.096906428,14.5050347850001,0
                105.096903118,14.5050542860001,0
                105.096899816,14.505098311,0
                105.096900538,14.505124616,0
                105.096903554,14.5051579560001,0
                105.096949438,14.505401481,0
                105.096973571,14.505531707,0
                105.096990272,14.5055912340001,0
                105.097004383,14.5056295970001,0
                105.097011519,14.5056458120001,0
                105.097032898,14.5056890720001,0
                105.097042652,14.505705795,0
                105.097047197,14.505713589,0
                105.097051989,14.505721808,0
                105.097053647,14.505729407,0
                105.097053395,14.505752004,0
                105.097052116,14.5057546740001,0
                105.097051278,14.5057564270001,0
                105.097047404,14.5057645040001,0
                105.097036679,14.505777644,0
                105.097023131,14.505784169,0
                105.097014845,14.505786765,0
                105.097001675,14.5057909,0
                105.096980544,14.5057931920001,0
                105.096930269,14.5057969580001,0
                105.096863685,14.5057986940001,0
                105.096848095,14.505799973,0
                105.096801912,14.505808824,0
                105.096774911,14.505818106,0
                105.096768608,14.5058207710001,0
                105.096715117,14.5058518540001,0
                105.096675201,14.5058786120001,0
                105.096657845,14.505893594,0
                105.096642364,14.505908558,0
                105.096624387,14.505931365,0
                105.09662058,14.5059375060001,0
                105.09661875,14.505940464,0
                105.096611751,14.505951753,0
                105.096609879,14.5059572170001,0
                105.096605886,14.505968878,0
                105.096603699,14.50598539,0
                105.096604937,14.506002559,0
                105.096605405,14.5060090060001,0
                105.096605638,14.5060174970001,0
                105.096607611,14.5060261460001,0
                105.09661029,14.5060330480001,0
                105.096617499,14.5060457160001,0
                105.096619781,14.506048612,0
                105.096621077,14.506050252,0
                105.096646034,14.506075003,0
                105.09669114,14.506111316,0
                105.096713388,14.506135423,0
                105.096721973,14.506148753,0
                105.096726871,14.5061606670001,0
                105.096728485,14.5061725140001,0
                105.096727639,14.506180898,0
                105.096724955,14.5061875760001,0
                105.096721079,14.506192873,0
                105.096713292,14.5062003410001,0
                105.096702214,14.506207031,0
                105.096677934,14.506211321,0
                105.096651571,14.5062083510001,0
                105.096625188,14.5062044640001,0
                105.096602555,14.506200483,0
                105.096581771,14.5061955420001,0
                105.096578989,14.5061951060001,0
                105.096522532,14.5061888130001,0
                105.096511185,14.5061882360001,0
                105.096497117,14.5061886030001,0
                105.096465285,14.5061912640001,0
                105.096446125,14.50619435,0
                105.096430109,14.5061996160001,0
                105.096403004,14.5062129990001,0
                105.096379256,14.5062257500001,0
                105.096353765,14.506234525,0
                105.096335191,14.5062384230001,0
                105.096284454,14.5062426970001,0
                105.096253662,14.5062412190001,0
                105.096210011,14.50623654,0
                105.096199914,14.506234729,0
                105.096184239,14.506233883,0
                105.096165434,14.506233937,0
                105.096132827,14.5062393430001,0
                105.096116914,14.5062448100001,0
                105.096001117,14.5062992480001,0
                105.095978465,14.5063150880001,0
                105.095938708,14.5063471080001,0
                105.095928771,14.5063559910001,0
                105.095864101,14.506410477,0
                105.095790536,14.506474112,0
                105.095752676,14.5065052730001,0
                105.095748289,14.506509458,0
                105.095725234,14.5065277420001,0
                105.095713338,14.5065337240001,0
                105.095695166,14.5065383140001,0
                105.095674843,14.5065415880001,0
                105.095651611,14.506541505,0
                105.095628991,14.506537983,0
                105.095607665,14.506530307,0
                105.095581107,14.506518224,0
                105.09556295,14.506512593,0
                105.095536247,14.5065081830001,0
                105.095508809,14.5065070950001,0
                105.095478202,14.5065101320001,0
                105.095465199,14.5065129720001,0
                105.095451496,14.50651772,0
                105.095408127,14.506537118,0
                105.095397814,14.506542906,0
                105.095365851,14.506568192,0
                105.095334112,14.5065961170001,0
                105.095279896,14.506662378,0
                105.09527695,14.5066686120001,0
                105.09527421,14.5066905460001,0
                105.095277036,14.5067109170001,0
                105.095281768,14.5067209690001,0
                105.095343353,14.506799146,0
                105.09536593,14.506826672,0
                105.095372086,14.5068457150001,0
                105.095371964,14.5068535670001,0
                105.095371256,14.5068578770001,0
                105.095367223,14.5068646670001,0
                105.095366026,14.506866169,0
                105.09536263,14.5068704460001,0
                105.095358465,14.5068726100001,0
                105.09534958,14.5068759270001,0
                105.095342254,14.506878178,0
                105.095335997,14.5068783410001,0
                105.095327906,14.506877284,0
                105.095307863,14.5068719180001,0
                105.095302449,14.5068704710001,0
                105.095263924,14.50686094,0
                105.095210141,14.5068437640001,0
                105.095189626,14.5068370160001,0
                105.095175956,14.5068335440001,0
                105.095151043,14.5068284220001,0
                105.095132357,14.506828103,0
                105.095125397,14.506829194,0
                105.095124473,14.5068293350001,0
                105.095119265,14.506832043,0
                105.095115615,14.5068381890001,0
                105.095115231,14.5068388330001,0
                105.095112016,14.506866374,0
                105.095111216,14.506906687,0
                105.095111484,14.506916432,0
                105.095109677,14.506934207,0
                105.095106116,14.5069491310001,0
                105.095103321,14.506954966,0
                105.095097607,14.5069604180001,0
                105.095090292,14.506964914,0
                105.095015755,14.5070007200001,0
                105.094989127,14.50701351,0
                105.0949431,14.5070386630001,0
                105.09493564,14.507042739,0
                105.094934462,14.507043755,0
                105.094934386,14.507043851,0
                105.094930294,14.507048852,0
                105.094925966,14.507059208,0
                105.094925071,14.5070654520001,0
                105.094925462,14.5070709660001,0
                105.09492594,14.507077773,0
                105.094926919,14.507080294,0
                105.094933661,14.5070976390001,0
                105.094945126,14.507120205,0
                105.0949655,14.5071602940001,0
                105.094973861,14.507176751,0
                105.094975003,14.507183347,0
                105.094974522,14.507193769,0
                105.094972142,14.507203089,0
                105.09496461,14.507217171,0
                105.094954318,14.5072276010001,0
                105.094929026,14.5072532350001,0
                105.094870087,14.5073026960001,0
                105.094869762,14.5073029700001,0
                105.094866688,14.5073070400001,0
                105.094865323,14.5073118170001,0
                105.094865563,14.507320555,0
                105.094867357,14.5073282230001,0
                105.094879554,14.507349506,0
                105.094885922,14.5073626330001,0
                105.09490153,14.507394821,0
                105.094928298,14.5074500150001,0
                105.094933736,14.5074674750001,0
                105.094947261,14.5075266850001,0
                105.094951727,14.5075581730001,0
                105.09495497,14.507587157,0
                105.09495538,14.5076069570001,0
                105.094953958,14.507616904,0
                105.094952037,14.507623778,0
                105.094945574,14.507638786,0
                105.094937425,14.507649889,0
                105.09492861,14.5076557780001,0
                105.094927017,14.5076566060001,0
                105.094915965,14.5076603630001,0
                105.094912916,14.5076608150001,0
                105.094897616,14.5076612140001,0
                105.094893223,14.507661329,0
                105.094883898,14.5076615720001,0
                105.094878021,14.5076604110001,0
                105.094873397,14.5076594970001,0
                105.094870101,14.507658845,0
                105.09485758,14.5076541880001,0
                105.094845563,14.5076497150001,0
                105.094823535,14.5076401580001,0
                105.094804741,14.507628503,0
                105.094750826,14.5075903860001,0
                105.094734034,14.5075759700001,0
                105.094732585,14.507574995,0
                105.09471673,14.507569291,0
                105.094708576,14.5075677940001,0
                105.094695252,14.5075676820001,0
                105.094689782,14.5075694130001,0
                105.094683619,14.507572812,0
                105.09467208,14.5075815380001,0
                105.094670186,14.507587759,0
                105.094669432,14.5075977920001,0
                105.094674164,14.507657969,0
                105.094676335,14.5076798690001,0
                105.094676457,14.50768162,0
                105.094677358,14.50771443,0
                105.094676481,14.5077199630001,0
                105.094673102,14.5077265730001,0
                105.094667953,14.507733779,0
                105.094664295,14.507735912,0
                105.094617668,14.5077521740001,0
                105.094573052,14.507763476,0
                105.094544038,14.5077699180001,0
                105.094518454,14.5077779980001,0
                105.094478259,14.507797489,0
                105.094452127,14.507810841,0
                105.094431331,14.507824284,0
                105.094413717,14.507838954,0
                105.094406508,14.5078474860001,0
                105.094398192,14.507858917,0
                105.094394307,14.5078670880001,0
                105.09438902,14.507880046,0
                105.094383254,14.507900767,0
                105.094379921,14.5079117220001,0
                105.094375981,14.5079368890001,0
                105.094375523,14.5079605720001,0
                105.094378051,14.5080188490001,0
                105.094379213,14.5080867070001,0
                105.09437684,14.508128599,0
                105.094376039,14.508133415,0
                105.09436987,14.508159972,0
                105.094364483,14.508174979,0
                105.09435654,14.5081929140001,0
                105.094341868,14.5082178980001,0
                105.094326779,14.5082379040001,0
                105.094324021,14.5082408860001,0
                105.094316194,14.5082479320001,0
                105.094280656,14.5082730550001,0
                105.094254507,14.508287447,0
                105.094199099,14.5083204380001,0
                105.094156353,14.5083502460001,0
                105.094140736,14.508364468,0
                105.094139026,14.5083662710001,0
                105.094124029,14.5083844260001,0
                105.094120618,14.508391541,0
                105.094117574,14.508399915,0
                105.094112127,14.508419481,0
                105.094110724,14.5084272460001,0
                105.094109115,14.508447157,0
                105.094111891,14.508502369,0
                105.094113126,14.5085473510001,0
                105.094112037,14.5085616530001,0
                105.094110199,14.508576797,0
                105.094107651,14.5085926300001,0
                105.094103147,14.508606494,0
                105.094098212,14.5086193170001,0
                105.09408761,14.5086361250001,0
                105.094077173,14.5086479660001,0
                105.094062268,14.5086614360001,0
                105.094049344,14.5086708320001,0
                105.09403313,14.508678317,0
                105.094012452,14.5086848340001,0
                105.09392525,14.508703355,0
                105.093885386,14.508711492,0
                105.093868191,14.5087209320001,0
                105.093740171,14.5089869930001,0
                105.0936834,14.5091954810001,0
                105.093599304,14.509319442,0
                105.093490233,14.509444058,0
                105.093293396,14.5095587800001,0
                105.093145178,14.5096235280001,0
                105.092985477,14.509725105,0
                105.092928037,14.5099092610001,0
                105.092896246,14.510117098,0
                105.092892539,14.510181071,0
                105.092862324,14.5102359370001,0
                105.092794379,14.5102772930001,0
                105.092308072,14.51057331,0
                105.092109347,14.510709992,0
                105.092007209,14.5109230580001,0
                105.091895913,14.51129417,0
                105.091845424,14.5119135520001,0
                105.091676201,14.512141516,0
                105.091543476,14.512223879,0
                105.091313442,14.512203571,0
                105.090485572,14.51204103,0
                105.090135221,14.512063309,0
                105.08953291,14.512249953,0
                105.089209176,14.5122583850001,0
                105.088964211,14.5121858630001,0
                105.088375892,14.511898724,0
                105.087994595,14.511777147,0
                105.087740109,14.511849526,0
                105.087391559,14.5119375030001,0
                105.087096606,14.512010935,0
                105.086778639,14.51222962,0
                105.086361046,14.51275336,0
                105.085681757,14.5130866550001,0
                105.084956949,14.5132370270001,0
                105.084052817,14.513247409,0
                105.083942235,14.5132273130001,0
                105.082723318,14.513005842,0
                105.081295788,14.5126353100001,0
                105.079675096,14.512111981,0
                105.079322662,14.51203944,0
                105.076498469,14.511458125,0
                105.076442083,14.5114295810001,0
                105.075916705,14.511163642,0
                105.075593831,14.510907176,0
                105.075419815,14.5108454300001,0
                105.075285375,14.5107384730001,0
                105.075212448,14.510559232,0
                105.075181268,14.510414252,0
                105.075102658,14.5103588580001,0
                105.074710522,14.510280687,0
                105.074387326,14.510236068,0
                105.074247692,14.5102706220001,0
                105.074001228,14.510378636,0
                105.073749508,14.5104602810001,0
                105.073618819,14.510490181,0
                105.073562441,14.510584426,0
                105.073487944,14.5106791380001,0
                105.073319847,14.5108337130001,0
                105.073139366,14.511032788,0
                105.072823658,14.5112618860001,0
                105.072768247,14.5113914460001,0
                105.07271592,14.5117992570001,0
                105.072660513,14.5119288170001,0
                105.072602202,14.5119524240001,0
                105.072173323,14.5121888780001,0
                105.071829817,14.512396605,0
                105.071009692,14.5130850200001,0
                105.0708689,14.513243302,0
                105.070830293,14.5133238290001,0
                105.070842738,14.51344721,0
                105.070902433,14.5136400490001,0
                105.070900076,14.513719635,0
                105.070861585,14.513804576,0
                105.070720436,14.513949616,0
                105.070541823,14.514051448,0
                105.07027173,14.5141247340001,0
                105.069784593,14.51422132,0
                105.069551117,14.5143069060001,0
                105.069431415,14.5144072090001,0
                105.069345248,14.5145729120001,0
                105.069283071,14.5147865910001,0
                105.069239256,14.515008627,0
                105.069227451,14.5152512820001,0
                105.06918587,14.515216738,0
                105.068977283,14.51518558,0
                105.06884626,14.5151536280001,0
                105.068774649,14.5151432960001,0
                105.068728142,14.5151359700001,0
                105.068688093,14.515135791,0
                105.06863979,14.5151541120001,0
                105.068579211,14.515181286,0
                105.068468765,14.515260961,0
                105.068417206,14.5152976530001,0
                105.068306184,14.515380739,0
                105.068259874,14.5154246320001,0
                105.068206564,14.5154831020001,0
                105.068144213,14.515558271,0
                105.068119216,14.5155902930001,0
                105.068095778,14.5156212480001,0
                105.068078306,14.515638675,0
                105.068058692,14.5156551270001,0
                105.068037787,14.5156628710001,0
                105.068018907,14.5156674730001,0
                105.067993583,14.515668131,0
                105.067969772,14.51566618,0
                105.067945848,14.515660112,0
                105.067926076,14.515651367,0
                105.067909357,14.5156384320001,0
                105.067882964,14.515600025,0
                105.067864795,14.5155727270001,0
                105.067851214,14.515558675,0
                105.067833922,14.5155442110001,0
                105.067819509,14.515538414,0
                105.067810012,14.5155386600001,0
                105.067791564,14.515539652,0
                105.067770016,14.515543297,0
                105.067731325,14.515557158,0
                105.067697983,14.515573454,0
                105.067659578,14.515597595,0
                105.067596768,14.5156367700001,0
                105.067555249,14.515663053,0
                105.067534597,14.5156800450001,0
                105.067519205,14.515696387,0
                105.067504997,14.5157173320001,0
                105.067499088,14.5157329150001,0
                105.067492802,14.5157541630001,0
                105.067489428,14.5157851110001,0
                105.067488858,14.5158221570001,0
                105.067495642,14.515857983,0
                105.067510057,14.515902355,0
                105.067537162,14.51596697,0
                105.067581023,14.5160455550001,0
                105.067601793,14.516090788,0
                105.06762839,14.516155929,0
                105.067635593,14.516187632,0
                105.067637738,14.516208148,0
                105.067636914,14.516235943,0
                105.067634452,14.516261725,0
                105.067625855,14.516294864,0
                105.067613267,14.516317305,0
                105.067597006,14.516340359,0
                105.067574851,14.516360476,0
                105.067553659,14.516376973,0
                105.067532321,14.5163883280001,0
                105.067514582,14.5163959860001,0
                105.067489399,14.5164017860001,0
                105.067457772,14.516403633,0
                105.067434031,14.5164042490001,0
                105.067386562,14.516405999,0
                105.0673311,14.516404865,0
                105.067300888,14.5164005080001,0
                105.0672702,14.5163982180001,0
                105.06723484,14.516398619,0
                105.067200244,14.5164077490001,0
                105.06713627,14.516442838,0
                105.067084549,14.516482243,0
                105.066983027,14.516553795,0
                105.066938313,14.5165981590001,0
                105.066911705,14.516629197,0
                105.06688913,14.5166724700001,0
                105.066869414,14.516742929,0
                105.066859544,14.516787419,0
                105.066852774,14.5168102220001,0
                105.066847593,14.516832989,0
                105.066836404,14.516848709,0
                105.066822041,14.5168639950001,0
                105.066798665,14.5168779750001,0
                105.066740511,14.516894402,0
                105.066668558,14.5169080960001,0
                105.066613941,14.5169187720001,0
                105.066574071,14.516928039,0
                105.066544308,14.5169401250001,0
                105.066506997,14.5169657810001,0
                105.06645906,14.5170081690001,0
                105.066397878,14.5170683910001,0
                105.066340744,14.5171413640001,0
                105.066303107,14.517193773,0
                105.066269443,14.5172368200001,0
                105.066193068,14.5173591560001,0
                105.066139474,14.5174459250001,0
                105.066103185,14.517489557,0
                105.06605162,14.517573187,0
                105.065991692,14.517640574,0
                105.065957315,14.5176769550001,0
                105.065886599,14.517735881,0
                105.065826521,14.517778584,0
                105.065747883,14.5178181740001,0
                105.065667985,14.5178696190001,0
                105.065467578,14.517974085,0
                105.065355822,14.5180381920001,0
                105.065259152,14.5180941880001,0
                105.065164295,14.51815837,0
                105.065078726,14.518234137,0
                105.065045317,14.5182674070001,0
                105.064900651,14.518402316,0
                105.064846386,14.5184644140001,0
                105.064809383,14.5185013760001,0
                105.064763021,14.518524181,0
                105.064678296,14.518553641,0
                105.064569479,14.518570864,0
                105.064469772,14.518592998,0
                105.0643877,14.5186228970001,0
                105.064305637,14.5186723460001,0
                105.064246177,14.5187376650001,0
                105.064189793,14.518818847,0
                105.064150577,14.518871301,0
                105.064126047,14.5189202830001,0
                105.064104243,14.5189532520001,0
                105.064083731,14.518975386,0
                105.06405375,14.518998792,0
                105.064011837,14.5190106800001,0
                105.063952587,14.519025592,0
                105.063895193,14.5190311920001,0
                105.063850434,14.51903544,0
                105.063797258,14.5190409360001,0
                105.063734717,14.5190513040001,0
                105.063680295,14.5190691710001,0
                105.063638982,14.519083617,0
                105.063595673,14.5191022270001,0
                105.063560855,14.5191226760001,0
                105.063528291,14.519148209,0
                105.063487972,14.5191795980001,0
                105.063441802,14.5192096000001,0
                105.0633873,14.519224384,0
                105.063350534,14.5192315100001,0
                105.063319648,14.5192410560001,0
                105.063266891,14.5192424250001,0
                105.063172981,14.5192448620001,0
                105.063084871,14.519247147,0
                105.063016271,14.5192484140001,0
                105.062972996,14.5192490200001,0
                105.062913949,14.519252094,0
                105.062850877,14.5192624760001,0
                105.062716069,14.5193138060001,0
                105.062634011,14.519344222,0
                105.062573581,14.5193740760001,0
                105.062513997,14.519396199,0
                105.062461436,14.51940476,0
                105.062432946,14.5194054990001,0
                105.062413398,14.51940498,0
                105.062400567,14.5193991410001,0
                105.062392702,14.5193818550001,0
                105.062390248,14.519350033,0
                105.062400361,14.519275706,0
                105.062393553,14.519258397,0
                105.062365613,14.519240605,0
                105.062336969,14.519235689,0
                105.062295262,14.5192357450001,0
                105.06225465,14.519237312,0
                105.062226747,14.519240091,0
                105.062208932,14.5192451830001,0
                105.062153413,14.519300115,0
                105.062120533,14.5193333710001,0
                105.062096701,14.5193499320001,0
                105.062065298,14.5193600050001,0
                105.062032576,14.519360336,0
                105.061993974,14.519358251,0
                105.061959445,14.5193504060001,0
                105.061888335,14.519317792,0
                105.061826002,14.5192972890001,0
                105.061779477,14.5192948970001,0
                105.061727715,14.519294184,0
                105.061680232,14.519295416,0
                105.061531216,14.519290535,0
                105.061417199,14.519291437,0
                105.061343198,14.5192882100001,0
                105.061219012,14.5193032620001,0
                105.061150875,14.519321489,0
                105.061069448,14.5193364580001,0
                105.061009583,14.5193482990001,0
                105.060961629,14.5193515980001,0
                105.060914089,14.5193507750001,0
                105.060848023,14.519328826,0
                105.060748434,14.519277921,0
                105.060693748,14.519247449,0
                105.06042683,14.518957798,0
                105.060344932,14.5183976810001,0
                105.060295591,14.517404223,0
                105.060192416,14.517215897,0
                105.059971897,14.5168133920001,0
                105.05978161,14.516466059,0
                105.058916857,14.515688358,0
                105.05756942,14.5151177870001,0
                105.056846033,14.514639157,0
                105.055935752,14.513819369,0
                105.055350175,14.513510164,0
                105.054274242,14.513127157,0
                105.053316888,14.5130221970001,0
                105.052853424,14.513120696,0
                105.05219681,14.513462068,0
                105.051559672,14.513613637,0
                105.051110482,14.513511812,0
                105.050021586,14.5126533640001,0
                105.048370498,14.512072964,0
                105.047259441,14.511701289,0
                105.046449939,14.51162212,0
                105.045420995,14.511672613,0
                105.045361873,14.5116870300001,0
                105.045274658,14.5116817680001,0
                105.045189576,14.5116335020001,0
                105.045116746,14.511582871,0
                105.045061502,14.5115444680001,0
                105.045016139,14.511538124,0
                105.04498084,14.5115368900001,0
                105.044961238,14.511539638,0
                105.044923314,14.511544955,0
                105.044886815,14.511571712,0
                105.044826566,14.5115718390001,0
                105.044737365,14.5115340570001,0
                105.044649515,14.5114919480001,0
                105.044514445,14.5114968710001,0
                105.044363225,14.5115022100001,0
                105.044252462,14.5114821660001,0
                105.044108843,14.5114231040001,0
                105.044039152,14.511365991,0
                105.044003166,14.5113397170001,0
                105.043962202,14.511346503,0
                105.043914455,14.5113897910001,0
                105.043913442,14.511390712,0
                105.043871556,14.5114175680001,0
                105.043819077,14.511433239,0
                105.04373533,14.5114339730001,0
                105.043654173,14.5114217560001,0
                105.043587542,14.5114034320001,0
                105.043537912,14.5113617660001,0
                105.04347739,14.511351876,0
                105.043398167,14.511356785,0
                105.043283586,14.511358316,0
                105.043198251,14.511354795,0
                105.043119067,14.5113611370001,0
                105.04306632,14.5113667970001,0
                105.043007395,14.511415565,0
                105.042952566,14.5114527740001,0
                105.042915774,14.511450859,0
                105.042864061,14.511440742,0
                105.042821669,14.511448995,0
                105.042754545,14.511466479,0
                105.042687149,14.5114739480001,0
                105.042573368,14.5114511200001,0
                105.042466991,14.511425252,0
                105.042438645,14.511420119,0
                105.042405874,14.511423381,0
                105.042367074,14.511432837,0
                105.042344008,14.511450951,0
                105.042324173,14.5114738090001,0
                105.042303989,14.5114839930001,0
                105.042272525,14.5114896380001,0
                105.042239612,14.5115104220001,0
                105.04220887,14.511542622,0
                105.042200655,14.5115597500001,0
                105.042203626,14.5115777890001,0
                105.042222525,14.5115965420001,0
                105.042263991,14.511630412,0
                105.042274291,14.511665082,0
                105.042271998,14.511695526,0
                105.042250485,14.51176444,0
                105.042217857,14.5118260470001,0
                105.042170549,14.511863727,0
                105.042131799,14.511872322,0
                105.042094238,14.5118672150001,0
                105.042070534,14.511855676,0
                105.042016025,14.511800878,0
                105.041982105,14.5117577030001,0
                105.041939786,14.5117496820001,0
                105.041883816,14.5117556860001,0
                105.041806276,14.5117713610001,0
                105.041692047,14.5118138070001,0
                105.041616562,14.511847658,0
                105.041543742,14.5118647310001,0
                105.041380145,14.511872274,0
                105.041256783,14.5118630310001,0
                105.041019404,14.511849415,0
                105.040924394,14.5118533900001,0
                105.040851652,14.5118734980001,0
                105.040793435,14.51191146,0
                105.04070405,14.5119502270001,0
                105.040603344,14.511974094,0
                105.040527368,14.511989729,0
                105.040480294,14.5119897390001,0
                105.04046348,14.5119831150001,0
                105.040438908,14.511947962,0
                105.040399642,14.5118228910001,0
                105.040338548,14.5116406610001,0
                105.040280909,14.5115282200001,0
                105.040245471,14.5114866000001,0
                105.040201432,14.5114725500001,0
                105.04014681,14.51147092,0
                105.040011537,14.511485049,0
                105.039890412,14.5115033700001,0
                105.039837515,14.5115077730001,0
                105.039792246,14.511505906,0
                105.039729256,14.5114832260001,0
                105.039651995,14.511451801,0
                105.039525286,14.511436845,0
                105.03947821,14.5114259100001,0
                105.039433588,14.511390604,0
                105.039372846,14.511335966,0
                105.03932548,14.5113144040001,0
                105.03924265,14.5113074290001,0
                105.039122626,14.5113090080001,0
                105.039056164,14.511330474,0
                105.039032099,14.5113629960001,0
                105.03904339,14.511434104,0
                105.039029128,14.5114830810001,0
                105.038970053,14.511546891,0
                105.038858823,14.5116424240001,0
                105.038814798,14.5116796410001,0
                105.038776186,14.511701278,0
                105.038628908,14.511759913,0
                105.038593994,14.511766235,0
                105.038494392,14.5117733650001,0
                105.03840447,14.511792395,0
                105.038364702,14.511820766,0
                105.038343959,14.5118608,0
                105.038324045,14.5119311930001,0
                105.038319752,14.512002699,0
                105.038333063,14.512049281,0
                105.038343883,14.512087147,0
                105.038383882,14.5121818150001,0
                105.038384337,14.5121985120001,0
                105.038375401,14.512213935,0
                105.038344647,14.5122299170001,0
                105.038284166,14.5122421140001,0
                105.038236072,14.512250954,0
                105.03820696,14.5122699350001,0
                105.038185726,14.512291749,0
                105.038145756,14.5123702540001,0
                105.038125017,14.5124102840001,0
                105.038089924,14.512438538,0
                105.038032847,14.5124612770001,0
                105.037992331,14.512462323,0
                105.037973054,14.5124415560001,0
                105.037942989,14.512374896,0
                105.037939868,14.5123679770001,0
                105.037892288,14.512249431,0
                105.037846261,14.512108352,0
                105.037812811,14.512053768,0
                105.03776072,14.511973084,0
                105.037735778,14.511916,0
                105.037712515,14.5118634340001,0
                105.037696688,14.511854729,0
                105.03767032,14.5118599670001,0
                105.037623552,14.51187939,0
                105.037604018,14.511887502,0
                105.037575888,14.511885191,0
                105.037547634,14.511878322,0
                105.037523559,14.5118531210001,0
                105.037524623,14.511834865,0
                105.037544138,14.5118070180001,0
                105.037571472,14.511776701,0
                105.037639495,14.511701255,0
                105.03764166,14.5116662620001,0
                105.037634563,14.511634545,0
                105.037594657,14.5116006380001,0
                105.03753302,14.511570325,0
                105.037469287,14.511520325,0
                105.03740637,14.5114429560001,0
                105.03733493,14.5113961870001,0
                105.037261073,14.511375308,0
                105.037159705,14.5113521660001,0
                105.03713502,14.5113367920001,0
                105.037083618,14.5112814030001,0
                105.037041071,14.5112188360001,0
                105.03699699,14.5111540130001,0
                105.036922441,14.511012131,0
                105.036838276,14.5108988530001,0
                105.036752749,14.510811941,0
                105.036638743,14.5107480410001,0
                105.036595002,14.5107451220001,0
                105.036514971,14.510783646,0
                105.03642789,14.5108689360001,0
                105.036404939,14.510942444,0
                105.036391951,14.51107646,0
                105.036397511,14.511280888,0
                105.036391087,14.511426885,0
                105.036379079,14.511520368,0
                105.036377781,14.5115230700001,0
                105.036357435,14.511565487,0
                105.036324632,14.5115825390001,0
                105.036260446,14.511592298,0
                105.036214298,14.511577285,0
                105.036129212,14.511506565,0
                105.036095477,14.5114892070001,0
                105.036035225,14.511490763,0
                105.035925717,14.5115158670001,0
                105.035723983,14.5115899420001,0
                105.035671066,14.5116318140001,0
                105.035658011,14.5116868380001,0
                105.035645338,14.5117560320001,0
                105.035649207,14.51197468,0
                105.035648286,14.512017239,0
                105.035607447,14.5120446240001,0
                105.035502069,14.5120904880001,0
                105.03534129,14.512157593,0
                105.035292229,14.5121933880001,0
                105.035228933,14.512318904,0
                105.035148986,14.5125220300001,0
                105.03508718,14.5127023430001,0
                105.035080722,14.512771561,0
                105.035159694,14.51291575,0
                105.035193262,14.5130001800001,0
                105.035192998,14.513067209,0
                105.035180348,14.513138616,0
                105.035090139,14.5132709230001,0
                105.034977174,14.513409908,0
                105.034880342,14.5136053460001,0
                105.034780872,14.51378054,0
                105.03472272,14.513865308,0
                105.034659518,14.5139177130001,0
                105.03462899,14.513944904,0
                105.034621539,14.5139775910001,0
                105.034616339,14.514016311,0
                105.034649838,14.5142226190001,0
                105.034656405,14.5142630460001,0
                105.034655865,14.5143199290001,0
                105.034642386,14.5143608920001,0
                105.034614546,14.5144103540001,0
                105.03457404,14.5144540480001,0
                105.034475603,14.5145188700001,0
                105.034436893,14.514546947,0
                105.034355112,14.514605927,0
                105.034345519,14.514636636,0
                105.034338184,14.5146733820001,0
                105.034352926,14.514727454,0
                105.034382179,14.5148347190001,0
                105.034383449,14.5148813970001,0
                105.034371776,14.5149121640001,0
                105.034351497,14.514932995,0
                105.034312303,14.514948222,0
                105.034206296,14.5149745860001,0
                105.034175637,14.514982216,0
                105.0340558,14.515021866,0
                105.034005374,14.515084094,0
                105.033975688,14.515143601,0
                105.033952,14.5151910760001,0
                105.033880094,14.515306665,0
                105.033865743,14.515392332,0
                105.033868393,14.5154897470001,0
                105.033883433,14.515582785,0
                105.033882511,14.5156254570001,0
                105.033835475,14.515659166,0
                105.033785755,14.515670603,0
                105.033720952,14.5156641510001,0
                105.033605546,14.5156366680001,0
                105.033561854,14.5156398250001,0
                105.033518548,14.515657192,0
                105.033399542,14.5157272820001,0
                105.033274174,14.515793478,0
                105.033130552,14.515878419,0
                105.033002384,14.5159182840001,0
                105.03285486,14.5159363070001,0
                105.032736942,14.5159698160001,0
                105.032656107,14.5160103310001,0
                105.032307962,14.5162389990001,0
                105.032122985,14.5163439780001,0
                105.030593822,14.5173139360001,0
                105.029573372,14.5179873600001,0
                105.029518705,14.5180737160001,0
                105.0294097,14.5181353410001,0
                105.02923438,14.51822481,0
                105.029018131,14.5182892010001,0
                105.028914322,14.518295145,0
                105.028839877,14.5182709270001,0
                105.028795899,14.518232144,0
                105.028764283,14.5182042660001,0
                105.02869037,14.518199635,0
                105.028633574,14.518207637,0
                105.028481626,14.518293237,0
                105.028369776,14.5183785080001,0
                105.028245997,14.5185084190001,0
                105.028086295,14.5186791690001,0
                105.028005259,14.518782545,0
                105.027963554,14.518852232,0
                105.027904467,14.5188995,0
                105.027854552,14.518913856,0
                105.027784078,14.5189124030001,0
                105.027699759,14.5188949760001,0
                105.027617549,14.5188317510001,0
                105.027562771,14.518790691,0
                105.027497938,14.518749885,0
                105.027416437,14.51871278,0
                105.027383482,14.5187096980001,0
                105.027285062,14.5187122360001,0
                105.027047785,14.5187570800001,0
                105.026622366,14.518899708,0
                105.026126495,14.519082874,0
                105.025393661,14.519394929,0
                105.025332738,14.51942087,0
                105.023632929,14.5200610260001,0
                105.022515611,14.520253085,0
                105.022453538,14.520271596,0
                105.020656868,14.5206001880001,0
                105.017827251,14.5206513530001,0
                105.016369263,14.520553152,0
                105.01548845,14.5203458510001,0
                105.015447548,14.520333443,0
                105.015074937,14.520202592,0
                105.014839887,14.5201200490001,0
                105.01322218,14.5194196090001,0
                105.011306481,14.5188275940001,0
                105.009644306,14.51856801,0
                105.00953129,14.518559146,0
                105.008588789,14.5184852100001,0
                105.008281046,14.518532388,0
                105.00794258,14.518584274,0
                105.007738061,14.518671983,0
                105.007564957,14.5188779860001,0
                105.007353521,14.5190574850001,0
                105.007010019,14.5192220590001,0
                105.006693469,14.519340136,0
                105.006327951,14.519386173,0
                105.005953775,14.5194599170001,0
                105.005704494,14.519631233,0
                105.005380736,14.519772393,0
                105.004746641,14.519971916,0
                105.004277424,14.5202404940001,0
                105.004032431,14.5204544470001,0
                105.003940779,14.5207743990001,0
                105.003815502,14.5212418,0
                105.003634154,14.521490767,0
                105.003215052,14.5217580570001,0
                105.00258359,14.522055231,0
                105.002185255,14.5221631860001,0
                105.001709422,14.522187622,0
                105.001066725,14.5220697610001,0
                104.997307169,14.519094641,0
                104.996675834,14.519132003,0
                104.994661886,14.519645462,0
                104.987136771,14.515997832,0
                104.987223529,14.5166941460001,0
                104.98733513,14.5175553490001,0
                104.987383639,14.518219538,0
                104.987394887,14.518762188,0
                104.987401579,14.519387716,0
                104.987400049,14.5199604910001,0
                104.987365459,14.520189805,0
                104.987294854,14.520469704,0
                104.987131743,14.5209737820001,0
                104.987059884,14.521333167,0
                104.987029024,14.522001409,0
                104.987036317,14.5231665540001,0
                104.987070317,14.523306936,0
                104.987162624,14.523369309,0
                104.987271136,14.523360644,0
                104.987546159,14.523253541,0
                104.987950987,14.5230312910001,0
                104.988136084,14.5229500360001,0
                104.988286862,14.522940288,0
                104.988331665,14.5230333050001,0
                104.988424447,14.5233369740001,0
                104.988620499,14.523885185,0
                104.988665444,14.5240113080001,0
                104.988898874,14.524433495,0
                104.989192484,14.5249026930001,0
                104.989404589,14.5252062440001,0
                104.989512313,14.525503639,0
                104.989708688,14.5258958740001,0
                104.989777327,14.5260883350001,0
                104.989837622,14.5263074960001,0
                104.989901496,14.526491252,0
                104.990215322,14.526897886,0
                104.990855727,14.5276426500001,0
                104.99090064,14.5278141370001,0
                104.990954026,14.5280011040001,0
                104.991031775,14.5281952920001,0
                104.991196168,14.5283166310001,0
                104.991530246,14.5284571620001,0
                104.992017064,14.5285859270001,0
                104.992212386,14.52865939,0
                104.99234479,14.528789395,0
                104.992578037,14.529073758,0
                104.992750904,14.529210576,0
                104.993031816,14.5294701770001,0
                104.994554581,14.530670963,0
                104.995570552,14.5312190390001,0
                104.996639655,14.531917025,0
                104.99818074,14.5329110280001,0
                104.998806396,14.5341835840001,0
                104.998919545,14.534437693,0
                104.998915315,14.5345520270001,0
                104.998903274,14.5346487190001,0
                104.998894704,14.5347381770001,0
                104.998777341,14.535005343,0
                104.99872647,14.5351565760001,0
                104.998636184,14.535340944,0
                104.998580886,14.5355993800001,0
                104.998539454,14.5356932550001,0
                104.998551694,14.535739343,0
                104.99912146,14.5363458210001,0
                104.99926009,14.536420231,0
                104.999316091,14.5364328470001,0
                104.999448356,14.53644551,0
                104.99956024,14.5364667320001,0
                104.999647892,14.536506644,0
                104.999698908,14.5365635640001,0
                104.9997271,14.5366150460001,0
                104.999757133,14.5366584450001,0
                104.999799145,14.5366874860001,0
                104.999844894,14.536702372,0
                104.999888481,14.5367133,0
                105.000126558,14.5367513580001,0
                105.000270749,14.536747652,0
                105.00044963,14.536731006,0
                105.000566444,14.536705914,0
                105.000722668,14.5366898550001,0
                105.000850485,14.5366905820001,0
                105.000980203,14.536685242,0
                105.001049916,14.536671401,0
                105.001133825,14.5366491660001,0
                105.001217951,14.5366349550001,0
                105.001310539,14.536628562,0
                105.001391576,14.5366203190001,0
                105.001436421,14.536632718,0
                105.001671176,14.5366727480001,0
                105.001945512,14.53673615,0
                105.002144059,14.536774403,0
                105.002278082,14.5367926330001,0
                105.002367035,14.536790346,0
                105.002480572,14.536771168,0
                105.002544436,14.5367668170001,0
                105.002605663,14.536767952,0
                105.00267641,14.536812202,0
                105.002781759,14.5369016240001,0
                105.002834797,14.5369083900001,0
                105.002907221,14.536911945,0
                105.003020758,14.5368927700001,0
                105.003172694,14.536853637,0
                105.003271816,14.536815861,0
                105.003360847,14.53681628,0
                105.003435829,14.536811643,0
                105.003713588,14.5366933980001,0
                105.003758042,14.5366749880001,0
                105.003908906,14.5366125040001,0
                105.004038971,14.536587479,0
                105.004100056,14.5365832000001,0
                105.004157439,14.5366077690001,0
                105.004208295,14.5366594500001,0
                105.004210905,14.5367557280001,0
                105.004049807,14.537480267,0
                105.003970666,14.5378919300001,0
                105.003881718,14.538298753,0
                105.003860993,14.538385437,0
                105.003852613,14.5385017670001,0
                105.003885701,14.538729405,0
                105.003903922,14.538976151,0
                105.003913348,14.5391819220001,0
                105.003900018,14.539399512,0
                105.003840186,14.539745655,0
                105.003782383,14.540166659,0
                105.003682334,14.5408734220001,0
                105.003655488,14.5411813530001,0
                105.003637109,14.5412469080001,0
                105.003568871,14.541345356,0
                105.003488274,14.5414531860001,0
                105.003388956,14.5415088340001,0
                105.003281474,14.541597929,0
                105.003254534,14.5416504190001,0
                105.003253076,14.5419888750001,0
                105.00323561,14.54265235,0
                105.003240245,14.5433463300001,0
                105.003224319,14.5435435750001,0
                105.003240645,14.54362258,0
                105.003291923,14.543683419,0
                105.003360172,14.543716197,0
                105.003400077,14.543749705,0
                105.003419662,14.543818265,0
                105.003432725,14.543907711,0
                105.003441785,14.5441112240001,0
                105.003419982,14.545137396,0
                105.003406889,14.545243059,0
                105.00337461,14.5456214450001,0
                105.003328138,14.54582523,0
                105.003211685,14.546063046,0
                105.003087161,14.5463517200001,0
                105.003057464,14.5464768000001,0
                105.003061706,14.546633238,0
                105.003114557,14.546839074,0
                105.003195503,14.547034979,0
                105.003349924,14.54732568,0
                105.003451509,14.547585515,0
                105.003521151,14.5478876070001,0
                105.003582474,14.5482313530001,0
                105.003598037,14.5484565680001,0
                105.003601906,14.548599199,0
                105.003661711,14.5487127710001,0
                105.003795288,14.548786837,0
                105.004118164,14.54883992,0
                105.005232152,14.549013836,0
                105.005524737,14.549042399,0
                105.005733959,14.549040383,0
                105.005832305,14.5490394350001,0
                105.005918662,14.549073392,0
                105.005983517,14.5491395080001,0
                105.006187972,14.5490049490001,0
                105.006371609,14.5489278590001,0
                105.006603502,14.5488495230001,0
                105.00685729,14.548794247,0
                105.00701441,14.548790201,0
                105.007176833,14.548833141,0
                105.007392592,14.5489100510001,0
                105.007507102,14.5489699340001,0
                105.007622459,14.5490612080001,0
                105.007726053,14.549164567,0
                105.007846036,14.5492974490001,0
                105.007876243,14.549331475,0
                105.00792035,14.5493594340001,0
                105.007964375,14.549384542,0
                105.008024219,14.5494098190001,0
                105.008093459,14.549435988,0
                105.00816917,14.549463137,0
                105.008211821,14.5494808670001,0
                105.008280048,14.549512771,0
                105.00834325,14.5495322520001,0
                105.008384424,14.5495386060001,0
                105.008407403,14.549543719,0
                105.008435428,14.5495618250001,0
                105.008462892,14.549581088,0
                105.008511277,14.5495941040001,0
                105.008530635,14.549595315,0
                105.008561719,14.5495968000001,0
                105.008579297,14.5495969140001,0
                105.008602723,14.5495968820001,0
                105.008637858,14.5495965480001,0
                105.008691678,14.549594019,0
                105.008771108,14.5495857020001,0
                105.008863176,14.549589602,0
                105.008923434,14.5495869110001,0
                105.008959136,14.5495859920001,0
                105.00900881,14.54958186,0
                105.009054127,14.5495681400001,0
                105.009076812,14.5495624230001,0
                105.009096513,14.549554496,0
                105.009121311,14.549540167,0
                105.009143768,14.5495258940001,0
                105.009176926,14.549495945,0
                105.009208605,14.549476301,0
                105.009229987,14.549465479,0
                105.009251916,14.549453505,0
                105.009285589,14.5494423660001,0
                105.00932001,14.5494374890001,0
                105.009348568,14.549432187,0
                105.009424738,14.5494330770001,0
                105.009469239,14.5494325020001,0
                105.009510731,14.5494291520001,0
                105.009551087,14.5494269700001,0
                105.009594924,14.54942356,0
                105.009690486,14.5494051220001,0
                105.009729437,14.5493944190001,0
                105.009767837,14.5493848730001,0
                105.009806602,14.549367327,0
                105.009843629,14.5493504020001,0
                105.00987938,14.5493295100001,0
                105.009912153,14.549306985,0
                105.009951766,14.5492774410001,0
                105.009972186,14.5492529540001,0
                105.009989819,14.5492336720001,0
                105.010013888,14.5491925430001,0
                105.010028872,14.5491619200001,0
                105.01003862,14.5491325740001,0
                105.010046454,14.549097568,0
                105.010060586,14.549035587,0
                105.010078985,14.548958095,0
                105.010093837,14.548901228,0
                105.010107482,14.5488643630001,0
                105.01012602,14.5488353580001,0
                105.010145781,14.548808035,0
                105.010173766,14.548781643,0
                105.010200544,14.548758805,0
                105.010259103,14.548733853,0
                105.010299701,14.5487292030001,0
                105.010366642,14.5487400980001,0
                105.010419025,14.5487603880001,0
                105.010486548,14.5487929080001,0
                105.010492826,14.5487946220001,0
                105.010493966,14.548793072,0
                105.010576014,14.5488119280001,0
                105.010624709,14.548820553,0
                105.010724959,14.5488273010001,0
                105.010728459,14.5488272690001,0
                105.010784946,14.548823848,0
                105.010883594,14.5488051190001,0
                105.010929555,14.54879369,0
                105.010996061,14.548773585,0
                105.011009188,14.5487681720001,0
                105.011046479,14.548749602,0
                105.011092013,14.5487234560001,0
                105.011119773,14.5487046050001,0
                105.011162923,14.548672873,0
                105.01119397,14.548644612,0
                105.011224173,14.548607545,0
                105.011239458,14.548585138,0
                105.011278658,14.5485418110001,0
                105.011294067,14.548526667,0
                105.011308359,14.548514502,0
                105.011329208,14.54849848,0
                105.011329517,14.548498296,0
                105.011351253,14.54848607,0
                105.011477041,14.5484182060001,0
                105.011508272,14.548401471,0
                105.011620417,14.548331768,0
                105.011677081,14.5483011810001,0
                105.011693273,14.548292797,0
                105.011875547,14.548205823,0
                105.011896048,14.5481974310001,0
                105.011900948,14.548196229,0
                105.011931014,14.548189651,0
                105.01199697,14.5481828490001,0
                105.012024406,14.548182345,0
                105.012093307,14.548181082,0
                105.012098163,14.5481806330001,0
                105.01212093,14.548176578,0
                105.012152679,14.5481696050001,0
                105.012179149,14.548158539,0
                105.012199281,14.548147596,0
                105.01220806,14.5481400910001,0
                105.012219444,14.548127439,0
                105.01223591,14.548101951,0
                105.012249458,14.5480751170001,0
                105.012254331,14.548063402,0
                105.012259693,14.5480487500001,0
                105.012271692,14.54801317,0
                105.012276539,14.547995413,0
                105.012289486,14.547940827,0
                105.012291417,14.547932684,0
                105.012293712,14.547925197,0
                105.012300909,14.5479066830001,0
                105.012310689,14.5478873910001,0
                105.012330701,14.547856036,0
                105.012340207,14.5478429820001,0
                105.012347543,14.5478346730001,0
                105.012368308,14.547813739,0
                105.012389537,14.547796281,0
                105.012420333,14.547773573,0
                105.012476332,14.547737542,0
                105.012509238,14.5477156750001,0
                105.012551918,14.54769164,0
                105.01258242,14.547676317,0
                105.012593885,14.547673462,0
                105.012680057,14.54767157,0
                105.012698423,14.547671978,0
                105.012736241,14.5476724750001,0
                105.012744052,14.5476718140001,0
                105.012763722,14.547668365,0
                105.012832644,14.5476493580001,0
                105.01286822,14.547636159,0
                105.012957049,14.547609526,0
                105.012988399,14.547600602,0
                105.013014612,14.54759145,0
                105.013059334,14.547573899,0
                105.013065754,14.54757067,0
                105.013111566,14.547542041,0
                105.013124702,14.547533195,0
                105.013143997,14.547520879,0
                105.013180351,14.547492139,0
                105.013188789,14.5474837830001,0
                105.013195035,14.5474760230001,0
                105.013201594,14.547467882,0
                105.013209161,14.5474578710001,0
                105.013212403,14.5474524380001,0
                105.013216118,14.5474434610001,0
                105.013218869,14.5474344150001,0
                105.013221294,14.547424365,0
                105.013224976,14.5474024860001,0
                105.013228416,14.547368255,0
                105.013229117,14.5473570030001,0
                105.01323128,14.547240075,0
                105.013230925,14.5472270010001,0
                105.013231439,14.5472052810001,0
                105.013234046,14.5471812210001,0
                105.013234543,14.5471781040001,0
                105.01323715,14.547167792,0
                105.013241251,14.547155031,0
                105.013244543,14.5471461330001,0
                105.013249731,14.5471375280001,0
                105.013271756,14.547105319,0
                105.013282419,14.547090972,0
                105.013327044,14.5470472220001,0
                105.013372602,14.5469993890001,0
                105.013401209,14.546940841,0
                105.013422607,14.546846977,0
                105.013461777,14.546717159,0
                105.013474361,14.5466438080001,0
                105.013466491,14.546584167,0
                105.013453613,14.5465317580001,0
                105.013408257,14.5464720740001,0
                105.013341863,14.5463277330001,0
                105.013292093,14.5462204880001,0
                105.013281977,14.5461548220001,0
                105.013280958,14.546117323,0
                105.013293357,14.5460754150001,0
                105.01332235,14.5460310550001,0
                105.013432883,14.5459602550001,0
                105.013561631,14.54590825,0
                105.013788839,14.545839512,0
                105.013983912,14.5458141990001,0
                105.014133143,14.5457880380001,0
                105.014175501,14.5457757890001,0
                105.014215235,14.545781864,0
                105.014239579,14.545796452,0
                105.014266666,14.5458353080001,0
                105.014302162,14.545876993,0
                105.014356442,14.545920219,0
                105.014440214,14.5459758750001,0
                105.014490736,14.5459958700001,0
                105.014547118,14.546001516,0
                105.014587647,14.545998442,0
                105.014616367,14.5459824910001,0
                105.014642707,14.5459554400001,0
                105.014663648,14.545921428,0
                105.01467624,14.545886619,0
                105.014690468,14.545835541,0
                105.014690465,14.5457969990001,0
                105.014689638,14.545766594,0
                105.014679475,14.5457374420001,0
                105.014662028,14.5457084780001,0
                105.014632227,14.5456798590001,0
                105.014604578,14.545633244,0
                105.014603954,14.545610266,0
                105.014608772,14.5455830990001,0
                105.014632677,14.545543261,0
                105.01468736,14.5454607140001,0
                105.014719445,14.545415258,0
                105.014786582,14.5453824260001,0
                105.014862926,14.5453818080001,0
                105.014957707,14.545395592,0
                105.015119672,14.545429284,0
                105.015227305,14.545456261,0
                105.015305621,14.5454772310001,0
                105.015456303,14.545504452,0
                105.015641019,14.545557838,0
                105.015847931,14.5456106560001,0
                105.015962759,14.5456469120001,0
                105.016000365,14.5456513500001,0
                105.016048997,14.5456528,0
                105.016105878,14.5456513340001,0
                105.016175249,14.5456495450001,0
                105.016244174,14.545631541,0
                105.01635286,14.5455949290001,0
                105.016548108,14.5455249840001,0
                105.016781314,14.545421602,0
                105.017035005,14.545305521,0
                105.017155036,14.545226696,0
                105.017332529,14.545116638,0
                105.017451469,14.5450486560001,0
                105.017538064,14.545016672,0
                105.017609987,14.545006705,0
                105.017704107,14.5449961620001,0
                105.01777764,14.5449942660001,0
                105.017863107,14.5449717760001,0
                105.017996137,14.544911547,0
                105.018134572,14.5448457700001,0
                105.018227919,14.54480685,0
                105.018436018,14.5447500970001,0
                105.018591217,14.5447393320001,0
                105.018720278,14.5447373530001,0
                105.018789942,14.544746375,0
                105.018847337,14.5447638260001,0
                105.018916824,14.544817483,0
                105.018992304,14.544887207,0
                105.019085824,14.545007857,0
                105.019149439,14.545069583,0
                105.019200467,14.545104635,0
                105.01924944,14.5451286200001,0
                105.019299834,14.5451401550001,0
                105.019349645,14.545146572,0
                105.019399573,14.5451572650001,0
                105.019425455,14.545172001,0
                105.019445114,14.5451843290001,0
                105.019467565,14.54520215,0
                105.019488952,14.545229411,0
                105.019528237,14.545268617,0
                105.0195693,14.5453086370001,0
                105.019661955,14.5453721420001,0
                105.019783716,14.5454558600001,0
                105.019942598,14.545563868,0
                105.020092481,14.545663975,0
                105.02018344,14.5457296640001,0
                105.020290835,14.5457859410001,0
                105.020319681,14.545796749,0
                105.020340429,14.5458004930001,0
                105.020372474,14.5457996660001,0
                105.020408446,14.545797883,0
                105.020456178,14.545792373,0
                105.020494313,14.5457892470001,0
                105.020534155,14.5457843680001,0
                105.020590398,14.5457687950001,0
                105.020698483,14.545737339,0
                105.020797409,14.5457082570001,0
                105.02090622,14.5456712220001,0
                105.020938261,14.545654132,0
                105.020951178,14.545644387,0
                105.020960531,14.54563302,0
                105.020963718,14.545620957,0
                105.020965181,14.5456102210001,0
                105.020962027,14.5455910470001,0
                105.020938172,14.5455377530001,0
                105.020887454,14.5454242820001,0
                105.020884821,14.545416302,0
                105.020884261,14.5454142200001,0
                105.020882121,14.5453988530001,0
                105.020882567,14.54538301,0
                105.020884865,14.545370538,0
                105.0208923,14.545354704,0
                105.020899558,14.5453437240001,0
                105.020916727,14.545323405,0
                105.020937679,14.5453034330001,0
                105.020989887,14.545258722,0
                105.021077575,14.545187995,0
                105.021120022,14.545149672,0
                105.021181436,14.545098028,0
                105.021257517,14.5450359920001,0
                105.021266934,14.545029158,0
                105.021279864,14.545021446,0
                105.021303406,14.545008732,0
                105.021303926,14.5450085030001,0
                105.021315219,14.5450040860001,0
                105.021339037,14.5449978120001,0
                105.021362654,14.544993774,0
                105.02137186,14.544992988,0
                105.021393403,14.544993714,0
                105.021411707,14.544995946,0
                105.021416084,14.544996912,0
                105.021447783,14.545006433,0
                105.021463586,14.545012485,0
                105.021477623,14.5450195010001,0
                105.021494359,14.545029426,0
                105.021518255,14.5450456930001,0
                105.021565291,14.545079134,0
                105.021627078,14.5451220420001,0
                105.021681343,14.5451616180001,0
                105.021706596,14.5451778820001,0
                105.021737204,14.5451941920001,0
                105.021756444,14.545202949,0
                105.021788114,14.545212448,0
                105.021809461,14.545217714,0
                105.021839376,14.5452221200001,0
                105.02185783,14.5452239110001,0
                105.021891331,14.5452251520001,0
                105.021926534,14.5452250000001,0
                105.021977254,14.5452216890001,0
                105.022000675,14.545220139,0
                105.022004018,14.545219774,0
                105.022052491,14.545213147,0
                105.022103616,14.5452041930001,0
                105.02218162,14.545187383,0
                105.02229059,14.545161824,0
                105.022487932,14.5451173660001,0
                105.022652445,14.545077179,0
                105.022797173,14.54503622,0
                105.022836099,14.5450270580001,0
                105.02286818,14.545018209,0
                105.022988209,14.544985094,0
                105.023026222,14.54497853,0
                105.023056869,14.544975724,0
                105.023071081,14.5449752530001,0
                105.023127242,14.5449780640001,0
                105.023161495,14.544977607,0
                105.023227003,14.54497665,0
                105.02325012,14.544977187,0
                105.023258576,14.54497767,0
                105.023273184,14.544978305,0
                105.0232918,14.5449803130001,0
                105.023310251,14.5449836830001,0
                105.02332954,14.5449881430001,0
                105.023359751,14.544999019,0
                105.023411219,14.545017801,0
                105.023446574,14.545033894,0
                105.023476514,14.545049739,0
                105.023540522,14.545088059,0
                105.023599926,14.545124177,0
                105.023655927,14.5451642370001,0
                105.023709316,14.5452052200001,0
                105.023734316,14.545222021,0
                105.023741682,14.545225902,0
                105.023758608,14.5452317640001,0
                105.023779152,14.545237217,0
                105.023843117,14.5452471190001,0
                105.023918461,14.5452554440001,0
                105.023962966,14.5452622180001,0
                105.023970469,14.5452641750001,0
                105.023984285,14.545269149,0
                105.024012856,14.545285952,0
                105.024037121,14.5452966,0
                105.024045689,14.5453000090001,0
                105.024068736,14.545307139,0
                105.024084174,14.5453108030001,0
                105.024118534,14.5453146030001,0
                105.0241385,14.545314934,0
                105.024166876,14.5453115020001,0
                105.024178166,14.545308016,0
                105.024190501,14.545301336,0
                105.024196448,14.545297899,0
                105.024199121,14.5452961340001,0
                105.024211157,14.5452851160001,0
                105.024213221,14.545281855,0
                105.024214897,14.545278604,0
                105.024215936,14.5452755760001,0
                105.024217556,14.545269762,0
                105.024217434,14.5452652710001,0
                105.024215805,14.54525376,0
                105.024213131,14.545246154,0
                105.024210705,14.545242033,0
                105.024205062,14.545236618,0
                105.024198071,14.5452310900001,0
                105.024194695,14.5452287200001,0
                105.024169665,14.545206949,0
                105.02416278,14.5451988350001,0
                105.024159757,14.545195026,0
                105.0241563,14.5451896760001,0
                105.024155067,14.5451867840001,0
                105.024152901,14.545178998,0
                105.024152394,14.5451702120001,0
                105.024153459,14.5451626670001,0
                105.024155075,14.545158225,0
                105.024156056,14.545156418,0
                105.024158611,14.545153064,0
                105.024165305,14.5451464940001,0
                105.024167288,14.545145043,0
                105.024175429,14.5451398980001,0
                105.024177124,14.5451390490001,0
                105.024188283,14.5451346400001,0
                105.024197013,14.5451322860001,0
                105.024205852,14.545130385,0
                105.024229468,14.545126324,0
                105.024255123,14.5451235740001,0
                105.024282271,14.5451215370001,0
                105.024337799,14.545120104,0
                105.024407516,14.545115308,0
                105.02447374,14.545111461,0
                105.024521956,14.5451076470001,0
                105.024576737,14.5451044060001,0
                105.024611801,14.5451043740001,0
                105.024623345,14.545104602,0
                105.024645035,14.5451066740001,0
                105.024667213,14.5451107480001,0
                105.024683603,14.5451164350001,0
                105.02469681,14.5451245290001,0
                105.024715225,14.5451394570001,0
                105.024729243,14.545154068,0
                105.024740182,14.5451687620001,0
                105.024762113,14.545199858,0
                105.024791196,14.54523548,0
                105.024805074,14.5452512410001,0
                105.024808016,14.5452541350001,0
                105.024812313,14.545257915,0
                105.024843789,14.545279475,0
                105.024881379,14.545300481,0
                105.024895022,14.5453075840001,0
                105.024932624,14.5453241270001,0
                105.024950366,14.5453311410001,0
                105.024980091,14.5453391190001,0
                105.024982155,14.545339777,0
                105.024991128,14.5453431130001,0
                105.024999975,14.5453474460001,0
                105.025030658,14.5453614150001,0
                105.025053349,14.5453693850001,0
                105.025071268,14.5453747670001,0
                105.025087724,14.5453784900001,0
                105.02511969,14.5453837650001,0
                105.025153473,14.545387072,0
                105.025177984,14.5453889450001,0
                105.025204331,14.5453886920001,0
                105.025210336,14.545388217,0
                105.025225013,14.545386466,0
                105.025234794,14.545384391,0
                105.025240939,14.545382429,0
                105.025244304,14.54538101,0
                105.025253134,14.545376909,0
                105.025256488,14.5453750720001,0
                105.025267002,14.545368705,0
                105.025277119,14.545361628,0
                105.025287637,14.5453532130001,0
                105.025295981,14.545345008,0
                105.025298816,14.545341749,0
                105.025302516,14.5453380320001,0
                105.025335194,14.545299556,0
                105.025337979,14.5452958130001,0
                105.025360951,14.545268263,0
                105.025367559,14.5452602510001,0
                105.025372409,14.5452534940001,0
                105.025373647,14.5452511180001,0
                105.025375421,14.5452463710001,0
                105.025381535,14.5452285280001,0
                105.025383594,14.5452207010001,0
                105.025383825,14.5452198310001,0
                105.025388902,14.545202906,0
                105.025389673,14.545200709,0
                105.025393676,14.5451912930001,0
                105.025396025,14.54518735,0
                105.025397619,14.545185325,0
                105.025400841,14.5451820160001,0
                105.025404765,14.5451790710001,0
                105.025411177,14.545175396,0
                105.025414058,14.54517399,0
                105.025419077,14.5451720610001,0
                105.025419709,14.5451718740001,0
                105.025429008,14.5451702300001,0
                105.02543426,14.545169937,0
                105.025438942,14.5451704060001,0
                105.025445208,14.545171517,0
                105.025450847,14.5451733960001,0
                105.025466967,14.5451793720001,0
                105.025482666,14.5451863270001,0
                105.025485026,14.545187674,0
                105.025504235,14.5451960090001,0
                105.025510014,14.545197898,0
                105.025518992,14.5451999110001,0
                105.025534181,14.5452015610001,0
                105.025546572,14.5452015110001,0
                105.025547066,14.545201508,0
                105.025547384,14.5452014900001,0
                105.025562615,14.545200589,0
                105.025566371,14.5451996100001,0
                105.025567936,14.5451989260001,0
                105.025578568,14.5451936530001,0
                105.025595948,14.5451833070001,0
                105.02560085,14.54518031,0
                105.025630189,14.5451596770001,0
                105.025630371,14.545159546,0
                105.02564245,14.5451519600001,0
                105.025647049,14.5451495560001,0
                105.025653512,14.5451467340001,0
                105.025666342,14.5451440100001,0
                105.025764853,14.5451457130001,0
                105.025875317,14.5451362110001,0
                105.026239295,14.545261892,0
                105.027791114,14.5457216,0
                105.028027799,14.545756006,0
                105.028251727,14.545831267,0
                105.02853109,14.545905099,0
                105.028825048,14.546005565,0
                105.029204354,14.5461848750001,0
                105.029643139,14.54651123,0
                105.030036674,14.546703676,0
                105.030418923,14.546990968,0
                105.03075666,14.5471713490001,0
                105.031076497,14.547203602,0
                105.031437536,14.547221284,0
                105.031873766,14.5472848750001,0
                105.032330342,14.5473273210001,0
                105.032439129,14.547347996,0
                105.032694914,14.5474258420001,0
                105.032827247,14.547452778,0
                105.033322609,14.5475534940001,0
                105.033443818,14.5476086640001,0
                105.033576329,14.5477121280001,0
                105.033710027,14.547859284,0
                105.03385436,14.5480304500001,0
                105.034032258,14.5481521740001,0
                105.034418304,14.548224786,0
                105.034599068,14.548268696,0
                105.034861567,14.548383368,0
                105.035299281,14.548574511,0
                105.035647535,14.548652093,0
                105.036008008,14.5487059020001,0
                105.036153825,14.548750693,0
                105.036547628,14.5489299180001,0
                105.036799007,14.5490059740001,0
                105.037113864,14.5490166710001,0
                105.037646452,14.548998613,0
                105.037903873,14.5489692360001,0
                105.038123189,14.548927997,0
                105.038405743,14.5488672610001,0
                105.038803031,14.5488137570001,0
                105.03907023,14.548733493,0
                105.039441408,14.54863161,0
                105.039739969,14.548609309,0
                105.039970623,14.548656764,0
                105.04015564,14.5486762580001,0
                105.040335015,14.5486716140001,0
                105.041340693,14.548616424,0
                105.041500801,14.5486365620001,0
                105.042313807,14.548829203,0
                105.044184472,14.548708146,0
                105.047297606,14.5469725840001,0
                105.047377627,14.547046488,0
                105.047426679,14.5471287930001,0
                105.047459726,14.5471963160001,0
                105.047515947,14.5472556450001,0
                105.047518437,14.547346755,0
                105.047536516,14.5474374610001,0
                105.047570601,14.5475429480001,0
                105.047605718,14.5476864,0
                105.047663189,14.5477912810001,0
                105.047743003,14.5478575920001,0
                105.04776129,14.54795589,0
                105.047774479,14.548153094,0
                105.047810016,14.5483117310001,0
                105.047814581,14.548478765,0
                105.047833698,14.5486074350001,0
                105.047901034,14.5487880380001,0
                105.048006516,14.5489372640001,0
                105.04798322,14.5492265880001,0
                105.047893624,14.5493732730001,0
                105.047750297,14.549551739,0
                105.047692084,14.549705209,0
                105.047703614,14.54984167,0
                105.047839863,14.549974901,0
                105.047945761,14.550139308,0
                105.048015796,14.550418618,0
                105.048142058,14.550757247,0
                105.048152434,14.551136876,0
                105.048139631,14.5515247010001,0
                105.04813795,14.5520338040001,0
                105.048159969,14.552268769,0
                105.048165988,14.552488953,0
                105.048114331,14.5525966640001,0
                105.048052382,14.5526311460001,0
                105.04790111,14.5527153570001,0
                105.047905578,14.552734172,0
                105.04791785,14.5527973920001,0
                105.047942244,14.552906509,0
                105.047953971,14.5529739140001,0
                105.047967669,14.5530531410001,0
                105.047976356,14.5530936690001,0
                105.047988237,14.5531305870001,0
                105.048006844,14.553160587,0
                105.048027308,14.55318605,0
                105.048048872,14.553203463,0
                105.048092863,14.55325816,0
                105.048140382,14.5533211050001,0
                105.048160616,14.553362296,0
                105.048168336,14.5533916210001,0
                105.048171048,14.5534185070001,0
                105.048170259,14.5534499730001,0
                105.048165463,14.553479302,0
                105.048149917,14.553525273,0
                105.048140085,14.553539325,0
                105.048099586,14.55366071,0
                105.048089738,14.5536981920001,0
                105.048091077,14.553710992,0
                105.048095168,14.553716023,0
                105.048102567,14.553721608,0
                105.048117908,14.553728268,0
                105.048138439,14.55373223,0
                105.048172751,14.5537339040001,0
                105.048202701,14.5537328080001,0
                105.048260253,14.5537290710001,0
                105.048330671,14.553725958,0
                105.048365027,14.553729241,0
                105.048419066,14.553741637,0
                105.048461896,14.5537536800001,0
                105.048496279,14.5537701170001,0
                105.048533411,14.553790658,0
                105.048580198,14.553826986,0
                105.048598555,14.5538476890001,0
                105.048638527,14.5539239890001,0
                105.048675774,14.554009024,0
                105.048709559,14.5540999250001,0
                105.048735017,14.5541634470001,0
                105.048746081,14.5541946050001,0
                105.048756589,14.554217438,0
                105.048766394,14.5542386870001,0
                105.048774602,14.554249703,0
                105.04878864,14.55425704,0
                105.048803338,14.554264361,0
                105.048820151,14.5542687920001,0
                105.048877252,14.5542792910001,0
                105.048940823,14.5542907650001,0
                105.048991345,14.5542962970001,0
                105.049005514,14.5543004950001,0
                105.049016378,14.554312193,0
                105.049019772,14.5543292180001,0
                105.049021106,14.5543565670001,0
                105.049026588,14.5544072010001,0
                105.049028249,14.554446521,0
                105.049034544,14.554484007,0
                105.049045923,14.5545145190001,0
                105.049060383,14.5545506550001,0
                105.049092127,14.554597755,0
                105.049151684,14.5546766460001,0
                105.049172298,14.5547023570001,0
                105.049188684,14.554744719,0
                105.049207321,14.554783598,0
                105.049263568,14.5548272070001,0
                105.049388342,14.554913534,0
                105.049419078,14.554945257,0
                105.049431473,14.5549700330001,0
                105.049437275,14.5550109600001,0
                105.049450461,14.5550648130001,0
                105.049461238,14.555094769,0
                105.049478282,14.555118287,0
                105.049504089,14.5551410100001,0
                105.049540002,14.555169171,0
                105.049583958,14.555213098,0
                105.049690979,14.5553141510001,0
                105.04976455,14.5553915400001,0
                105.049824575,14.5554447490001,0
                105.049933452,14.555528069,0
                105.049986031,14.5555660680001,0
                105.050085491,14.555626239,0
                105.050183177,14.5556858890001,0
                105.050222415,14.5557071210001,0
                105.050261623,14.555727211,0
                105.050372569,14.5557790990001,0
                105.050484714,14.555832094,0
                105.050528114,14.5558554990001,0
                105.050555519,14.555872472,0
                105.050588709,14.5559081220001,0
                105.050634041,14.5559594310001,0
                105.050691217,14.556015566,0
                105.050729783,14.5560550710001,0
                105.050762309,14.5560878860001,0
                105.050801637,14.556112539,0
                105.0509625,14.556190514,0
                105.051125655,14.5562829020001,0
                105.051184229,14.556304487,0
                105.05122612,14.5563102460001,0
                105.051280947,14.5563233720001,0
                105.051387153,14.5563839390001,0
                105.051466362,14.5564370770001,0
                105.051498775,14.55646576,0
                105.051511154,14.5564846930001,0
                105.051519394,14.556496886,0
                105.051527543,14.5565219170001,0
                105.051539279,14.5565815160001,0
                105.051555767,14.5566542490001,0
                105.051564173,14.5566886890001,0
                105.051577328,14.556703751,0
                105.051596253,14.556721231,0
                105.051696233,14.5567789630001,0
                105.051800295,14.5568575570001,0
                105.051949528,14.556981616,0
                105.052052041,14.5570837820001,0
                105.052253782,14.5572484050001,0
                105.05237018,14.557344218,0
                105.052451068,14.557410578,0
                105.052474569,14.5574347830001,0
                105.052505118,14.5574754940001,0
                105.052524401,14.5575220580001,0
                105.05253823,14.557561917,0
                105.052541754,14.5575943420001,0
                105.052545922,14.5576181980001,0
                105.052553239,14.5576287010001,0
                105.052571773,14.5576479010001,0
                105.052612252,14.557682363,0
                105.052626987,14.557707226,0
                105.052629225,14.557724708,0
                105.052627344,14.5577363100001,0
                105.052621493,14.557747159,0
                105.052605152,14.5577599910001,0
                105.052582179,14.5577712850001,0
                105.052568398,14.5577814810001,0
                105.052559948,14.557793685,0
                105.052557675,14.5578070060001,0
                105.052558377,14.5578326570001,0
                105.052561878,14.557864232,0
                105.052562732,14.5578954440001,0
                105.05256942,14.55793121,0
                105.052585709,14.5579966780001,0
                105.052611836,14.5580845640001,0
                105.052641325,14.558215154,0
                105.052650666,14.5582675370001,0
                105.052650754,14.558286789,0
                105.052647523,14.5582971430001,0
                105.052642052,14.558305841,0
                105.052631772,14.558315524,0
                105.052610557,14.558326768,0
                105.052585829,14.558338108,0
                105.052554977,14.558350461,0
                105.052537344,14.5583641810001,0
                105.052525365,14.5583760440001,0
                105.052518719,14.5583899110001,0
                105.052514856,14.558409265,0
                105.052513057,14.558423856,0
                105.05251349,14.558439675,0
                105.052518809,14.558457509,0
                105.052528973,14.558475645,0
                105.052540878,14.558493303,0
                105.052553911,14.55850409,0
                105.052569996,14.558513943,0
                105.052589972,14.558521553,0
                105.05262577,14.5585296080001,0
                105.052660532,14.558531701,0
                105.052686884,14.558531444,0
                105.052714027,14.558528171,0
                105.052749929,14.5585238200001,0
                105.052793914,14.5585098390001,0
                105.052852673,14.5584899180001,0
                105.05291357,14.5584677960001,0
                105.052955557,14.5584611460001,0
                105.052984124,14.558461686,0
                105.053010605,14.558466136,0
                105.053031125,14.5584775830001,0
                105.053083907,14.558544241,0
                105.053144704,14.558614974,0
                105.053162665,14.558645309,0
                105.053178978,14.558679543,0
                105.053188716,14.558714375,0
                105.053190044,14.55877895,0
                105.053182587,14.558795402,0
                105.053170788,14.5588136800001,0
                105.053151169,14.5588351530001,0
                105.053119031,14.5588646530001,0
                105.053065293,14.5589075520001,0
                105.053035995,14.5589284220001,0
                105.052995318,14.5589508690001,0
                105.052955542,14.5589741520001,0
                105.052925719,14.558992044,0
                105.052908273,14.5590126050001,0
                105.052898573,14.559027401,0
                105.052893348,14.5590450820001,0
                105.052889579,14.5590678570001,0
                105.052892047,14.5591259830001,0
                105.05289434,14.559177693,0
                105.052896691,14.559199451,0
                105.052898397,14.559213528,0
                105.052907135,14.559227849,0
                105.052918053,14.559241683,0
                105.052930292,14.559255486,0
                105.052949567,14.5592695340001,0
                105.052997463,14.559302089,0
                105.053117995,14.5593725520001,0
                105.053141788,14.5593911880001,0
                105.053150871,14.5594020780001,0
                105.053157867,14.559416872,0
                105.053161269,14.559428763,0
                105.05316124,14.5594437400001,0
                105.053160341,14.5594591670001,0
                105.053157646,14.5594729260001,0
                105.053145917,14.559493767,0
                105.053123564,14.559527723,0
                105.053106669,14.5595525480001,0
                105.053096511,14.5595665060001,0
                105.05309425,14.559580254,0
                105.053093321,14.559594399,0
                105.053093304,14.5596098030001,0
                105.053096402,14.5596268350001,0
                105.053101768,14.559646377,0
                105.053117076,14.5596759320001,0
                105.053139508,14.559709147,0
                105.053151034,14.5597289620001,0
                105.053155546,14.5597493810001,0
                105.053164606,14.559791504,0
                105.053172645,14.5598764370001,0
                105.053183974,14.559937328,0
                105.053192507,14.559960212,0
                105.053201269,14.5599753870001,0
                105.05322245,14.5599949460001,0
                105.053257921,14.5600389530001,0
                105.05326978,14.560054903,0
                105.053276332,14.5600697090001,0
                105.053279424,14.560086314,0
                105.053280296,14.560102122,0
                105.053278543,14.560118426,0
                105.053277293,14.560136857,0
                105.053269573,14.5601597350001,0
                105.053258043,14.560187845,0
                105.053241435,14.560239192,0
                105.053235119,14.5602812830001,0
                105.053236412,14.5603124840001,0
                105.053241677,14.560328182,0
                105.05325446,14.560345818,0
                105.053273374,14.5603628710001,0
                105.05330992,14.5603820310001,0
                105.053341842,14.5603927540001,0
                105.05338193,14.5603968460001,0
                105.053431677,14.560400687,0
                105.053508555,14.560400832,0
                105.053572692,14.5604008760001,0
                105.053624679,14.560406373,0
                105.053646409,14.5604139380001,0
                105.05366001,14.560429415,0
                105.0536907,14.560475255,0
                105.053711782,14.560507224,0
                105.053743759,14.560520087,0
                105.05377986,14.560523001,0
                105.053816715,14.560521189,0
                105.053889572,14.5605188690001,0
                105.053934796,14.5605181220001,0
                105.053964107,14.560529768,0
                105.053979846,14.560543049,0
                105.053994113,14.560566642,0
                105.054021783,14.5606146980001,0
                105.054046711,14.560642715,0
                105.054077435,14.560657748,0
                105.054113665,14.5606653680001,0
                105.054184536,14.5606707970001,0
                105.054298526,14.560678534,0
                105.054327187,14.560682495,0
                105.05434232,14.560689804,0
                105.054352618,14.5606968110001,0
                105.054362589,14.5607081040001,0
                105.054368778,14.5607254880001,0
                105.054372274,14.5607408000001,0
                105.054372859,14.560762176,0
                105.054367045,14.560790565,0
                105.054358116,14.5608173250001,0
                105.054341287,14.5608926370001,0
                105.054348949,14.560899713,0
                105.054354426,14.5609072720001,0
                105.054364269,14.5609138630001,0
                105.054377261,14.560922937,0
                105.05439757,14.5609266880001,0
                105.0544132,14.5609361250001,0
                105.054450902,14.5609492620001,0
                105.054504018,14.5609799760001,0
                105.054566345,14.5610262760001,0
                105.054644448,14.5610871420001,0
                105.054714923,14.5611366590001,0
                105.054750313,14.5611456280001,0
                105.054792623,14.561150615,0
                105.0548247,14.561152823,0
                105.054856581,14.5611763370001,0
                105.054874354,14.561197932,0
                105.05488063,14.5612274370001,0
                105.054876061,14.561260261,0
                105.054862474,14.561277349,0
                105.054847156,14.5612883950001,0
                105.054828634,14.561296483,0
                105.054790478,14.561300515,0
                105.054766326,14.561302663,0
                105.05474873,14.561316054,0
                105.054744591,14.561335937,0
                105.054743292,14.561374002,0
                105.054748762,14.561402764,0
                105.054773581,14.5614249400001,0
                105.054798925,14.561437971,0
                105.054832797,14.561448505,0
                105.054884638,14.561459327,0
                105.054923845,14.5614651550001,0
                105.054947671,14.561479746,0
                105.054982863,14.5615100210001,0
                105.055047835,14.5615440830001,0
                105.055119723,14.5615741600001,0
                105.055270341,14.5616272990001,0
                105.055366163,14.56167577,0
                105.055430667,14.561721253,0
                105.055460312,14.5617486260001,0
                105.055500112,14.5618046440001,0
                105.055543224,14.561867417,0
                105.055577352,14.56191597,0
                105.055614292,14.561953042,0
                105.055656697,14.5619899710001,0
                105.055707619,14.5620243990001,0
                105.055756097,14.562055088,0
                105.055781863,14.562083323,0
                105.055795597,14.5621286040001,0
                105.055799778,14.562167287,0
                105.055795869,14.562195532,0
                105.055765317,14.5622777140001,0
                105.055745559,14.562326151,0
                105.055745299,14.562345174,0
                105.055748877,14.5623618160001,0
                105.055758024,14.5623821140001,0
                105.055791407,14.5624033030001,0
                105.055821124,14.5624048120001,0
                105.055861828,14.5624083210001,0
                105.055896272,14.562411227,0
                105.055916052,14.562420601,0
                105.055927539,14.562440843,0
                105.055979347,14.562536096,0
                105.056012159,14.562621958,0
                105.0560435,14.5626827570001,0
                105.056095142,14.562771931,0
                105.056167265,14.5628674160001,0
                105.056254806,14.562955658,0
                105.05633932,14.5630188760001,0
                105.05644402,14.563077768,0
                105.056493871,14.5631015750001,0
                105.056540207,14.5631110190001,0
                105.056605314,14.5631214960001,0
                105.056640595,14.563126665,0
                105.056658774,14.56313456,0
                105.056673094,14.5631440760001,0
                105.056692594,14.563171713,0
                105.056707233,14.5632215370001,0
                105.056732012,14.563299236,0
                105.056743823,14.563359781,0
                105.056749222,14.563414407,0
                105.056719884,14.563711821,0
                105.056724705,14.5637451600001,0
                105.056733998,14.5637707810001,0
                105.056748584,14.563790178,0
                105.05677488,14.563809271,0
                105.056819454,14.5638400610001,0
                105.056884614,14.5638809650001,0
                105.056999751,14.5639502290001,0
                105.057026213,14.5639754040001,0
                105.057046639,14.5640083430001,0
                105.05706454,14.564091547,0
                105.057080271,14.5641527510001,0
                105.057095133,14.5641820280001,0
                105.057111263,14.5642006250001,0
                105.057136796,14.5642205020001,0
                105.057171676,14.564239371,0
                105.057237388,14.5642718880001,0
                105.05739194,14.564354586,0
                105.057416676,14.5643737190001,0
                105.057423353,14.5643895200001,0
                105.057426853,14.564403118,0
                105.057425709,14.564418362,0
                105.057420619,14.5644321880001,0
                105.057412409,14.564446091,0
                105.057395022,14.5644670790001,0
                105.057371457,14.5644905130001,0
                105.057306722,14.5645507620001,0
                105.057256145,14.56461445,0
                105.057234614,14.564655326,0
                105.057230663,14.564682052,0
                105.057233015,14.564710894,0
                105.057244689,14.564737973,0
                105.057276658,14.564764525,0
                105.057312586,14.564793255,0
                105.057353389,14.564828705,0
                105.057381641,14.564862201,0
                105.057402192,14.564899698,0
                105.057434511,14.5649391700001,0
                105.057484249,14.564987321,0
                105.057518538,14.565013052,0
                105.057538205,14.565046766,0
                105.057563644,14.565091743,0
                105.057590264,14.565151144,0
                105.057614144,14.5651961610001,0
                105.057651606,14.5652522340001,0
                105.057680409,14.5652773480001,0
                105.057724374,14.5653142360001,0
                105.057761408,14.5653262070001,0
                105.0577984,14.565336653,0
                105.057845433,14.565343038,0
                105.057919146,14.5653540500001,0
                105.057979465,14.56536085,0
                105.058047671,14.5653704850001,0
                105.058109004,14.565385625,0
                105.058143038,14.5654022360001,0
                105.058185173,14.5654292830001,0
                105.058213955,14.5654536370001,0
                105.058235941,14.565486535,0
                105.058251625,14.5655173120001,0
                105.058268959,14.5655799940001,0
                105.05828219,14.5656351760001,0
                105.058301035,14.565667396,0
                105.058331586,14.5656993060001,0
                105.05838943,14.565729751,0
                105.058460435,14.565756048,0
                105.058512975,14.56576381,0
                105.058569185,14.565763109,0
                105.058608163,14.5657605750001,0
                105.058646257,14.565754258,0
                105.058698171,14.565739219,0
                105.058741308,14.565717557,0
                105.058824229,14.565694105,0
                105.058890396,14.5656862980001,0
                105.05890687,14.5656889150001,0
                105.058919463,14.565692389,0
                105.058927618,14.5657051100001,0
                105.05892962,14.565721028,0
                105.058931597,14.565736191,0
                105.058938015,14.5657710140001,0
                105.058948422,14.5658087740001,0
                105.058955458,14.565837495,0
                105.058975906,14.5658711930001,0
                105.059017018,14.5659180430001,0
                105.059069881,14.5659661120001,0
                105.05918577,14.566062743,0
                105.059301804,14.566164691,0
                105.059465654,14.5663300530001,0
                105.059548705,14.566425252,0
                105.059639568,14.5665491550001,0
                105.059709517,14.566650785,0
                105.059758892,14.5667141550001,0
                105.059823816,14.5667748390001,0
                105.059915461,14.5668416710001,0
                105.060028239,14.566910238,0
                105.060153002,14.566960239,0
                105.060198746,14.5669765440001,0
                105.060235571,14.5669809080001,0
                105.060267524,14.566978556,0
                105.060296316,14.566974766,0
                105.06031855,14.566959734,0
                105.060341152,14.566929483,0
                105.060376227,14.5668700040001,0
                105.060396567,14.566842852,0
                105.060425046,14.566827657,0
                105.060475692,14.5668232990001,0
                105.060553981,14.5668303900001,0
                105.060580028,14.5668403610001,0
                105.060597885,14.5668649990001,0
                105.060613523,14.566894255,0
                105.060614378,14.566925417,0
                105.060604403,14.5669888100001,0
                105.060590014,14.5670622050001,0
                105.060587873,14.567098011,0
                105.060589362,14.567123834,0
                105.060601141,14.5671547160001,0
                105.060623908,14.5671875890001,0
                105.060660829,14.5672238990001,0
                105.060698831,14.567242691,0
                105.060734409,14.567258496,0
                105.060792409,14.5672661150001,0
                105.060832208,14.56726508,0
                105.060860879,14.567256731,0
                105.060878371,14.567239542,0
                105.060920362,14.5671760770001,0
                105.060961827,14.567121753,0
                105.060983665,14.567092282,0
                105.061031674,14.567077339,0
                105.061067574,14.567076405,0
                105.06111001,14.567085949,0
                105.061156451,14.567099195,0
                105.061205482,14.567121501,0
                105.061305916,14.5671957110001,0
                105.061398404,14.567264805,0
                105.061449567,14.567279448,0
                105.061477641,14.567277958,0
                105.061516352,14.5672655380001,0
                105.061551497,14.567237241,0
                105.061601797,14.5671918190001,0
                105.061634815,14.5671711800001,0
                105.061672149,14.567165647,0
                105.061712792,14.567166871,0
                105.061756091,14.567179438,0
                105.061784048,14.567202288,0
                105.06180893,14.5672267420001,0
                105.061834376,14.567271718,0
                105.061864138,14.5673317960001,0
                105.061886375,14.56737381,0
                105.0619121,14.5674005230001,0
                105.061943015,14.567417214,0
                105.062037343,14.567468005,0
                105.062067239,14.5675044980001,0
                105.062076408,14.56752556,0
                105.062073909,14.567548441,0
                105.062066734,14.5675714490001,0
                105.062056325,14.5675907350001,0
                105.062036152,14.5676239650001,0
                105.062012203,14.5676618590001,0
                105.061997323,14.5676888680001,0
                105.06199618,14.5677041120001,0
                105.061996639,14.567720835,0
                105.062004034,14.567734332,0
                105.062017721,14.56774919,0
                105.062040893,14.567768362,0
                105.062100958,14.5677941820001,0
                105.062156041,14.5678094840001,0
                105.062205711,14.5678264470001,0
                105.062269567,14.5678483670001,0
                105.062336824,14.5678800810001,0
                105.06239912,14.5679020420001,0
                105.062449694,14.5679235430001,0
                105.062487141,14.567950711,0
                105.062507343,14.5679752880001,0
                105.06252372,14.568003004,0
                105.062537461,14.568048285,0
                105.062566869,14.5680954380001,0
                105.062604441,14.56812717,0
                105.06263614,14.5681438400001,0
                105.062690469,14.5681599210001,0
                105.062746437,14.568179,0
                105.062826262,14.568213433,0
                105.062857385,14.5682377260001,0
                105.062882288,14.5682629400001,0
                105.062911676,14.5683093330001,0
                105.062940054,14.568347386,0
                105.062962404,14.568365059,0
                105.062994816,14.56837943,0
                105.063042738,14.568389591,0
                105.063107779,14.568397787,0
                105.063191576,14.568406254,0
                105.063260568,14.5684158710001,0
                105.063401897,14.5684433770001,0
                105.063514038,14.568460234,0
                105.063633554,14.5684898330001,0
                105.063669913,14.568505621,0
                105.063698508,14.5685231320001,0
                105.063721872,14.5685491460001,0
                105.063743777,14.5685790000001,0
                105.063763653,14.568620319,0
                105.063778845,14.568661756,0
                105.063798464,14.568722097,0
                105.06381366,14.568763533,0
                105.063832945,14.568811715,0
                105.063866171,14.5688557280001,0
                105.063908069,14.5689025560001,0
                105.063964521,14.5689391170001,0
                105.064033751,14.5689859940001,0
                105.064103614,14.5690275320001,0
                105.064141887,14.5690562,0
                105.064182897,14.569099249,0
                105.064240972,14.5691380540001,0
                105.064302599,14.56916977,0
                105.064928452,14.5690297370001,0
                105.065025985,14.5690079130001,0
                105.066496626,14.5686495570001,0
                105.067408357,14.568470549,0
                105.067871066,14.5682894490001,0
                105.068364547,14.5680963,0
                105.069818117,14.5673306360001,0
                105.07027701,14.566988743,0
                105.070886409,14.566322698,0
                105.071208943,14.5657320550001,0
                105.072379925,14.5640196890001,0
                105.072465424,14.563896178,0
                105.072519658,14.563839253,0
                105.072663096,14.5637013800001,0
                105.072774784,14.563574739,0
                105.072820651,14.5635157200001,0
                105.072858434,14.563465014,0
                105.072888882,14.5634064020001,0
                105.072926019,14.5632886400001,0
                105.072962664,14.5631963340001,0
                105.072996792,14.563142246,0
                105.073032647,14.5631077800001,0
                105.073116309,14.563067232,0
                105.073199709,14.563042405,0
                105.073241805,14.563011685,0
                105.07332196,14.562916982,0
                105.073375834,14.562881587,0
                105.073437632,14.562846274,0
                105.073563045,14.5627989980001,0
                105.073696852,14.5627672150001,0
                105.073824638,14.5627368630001,0
                105.07388118,14.5627109980001,0
                105.073942606,14.56266758,0
                105.074005757,14.5625786320001,0
                105.074137194,14.562261735,0
                105.07416631,14.56214945,0
                105.074188656,14.562051296,0
                105.074200815,14.5618742070001,0
                105.074230993,14.561339205,0
                105.074304568,14.56020571,0
                105.074316203,14.5595400610001,0
                105.074335336,14.5585693950001,0
                105.074347076,14.5584525420001,0
                105.074367991,14.55830631,0
                105.074389572,14.5581843520001,0
                105.074391753,14.558082315,0
                105.074370759,14.558044017,0
                105.0742885,14.5580008700001,0
                105.074123027,14.5579685910001,0
                105.074025496,14.5579345410001,0
                105.073939414,14.557861857,0
                105.073924872,14.557783693,0
                105.073941069,14.557647296,0
                105.074044169,14.5568627750001,0
                105.074115799,14.556385011,0
                105.0741515,14.5558693300001,0
                105.074206109,14.555134642,0
                105.074320136,14.5547480330001,0
                105.074367151,14.55373674,0
                105.074352629,14.553207806,0
                105.074428366,14.552516262,0
                105.074617384,14.5512293250001,0
                105.074692116,14.5504977580001,0
                105.075458193,14.5504404180001,0
                105.076254755,14.5504002440001,0
                105.077079203,14.5504131380001,0
                105.077642097,14.550451508,0
                105.07878034,14.5505092550001,0
                105.079648639,14.5505400330001,0
                105.080822022,14.5506065660001,0
                105.081620842,14.550648865,0
                105.082084485,14.550671062,0
                105.082919534,14.550672492,0
                105.083526183,14.550502055,0
                105.084335584,14.5502041610001,0
                105.08506946,14.5498790940001,0
                105.085823123,14.54954866,0
                105.08626408,14.54932165,0
                105.086967122,14.5487438870001,0
                105.087377849,14.548255279,0
                105.087666733,14.5478835430001,0
                105.088095625,14.547064988,0
                105.088507157,14.5467204870001,0
                105.089388925,14.5455584700001,0
                105.090013807,14.544767961,0
                105.090468468,14.544201978,0
                105.090723095,14.5439527980001,0
                105.091609004,14.543351742,0
                105.092075712,14.5430932740001,0
                105.092765149,14.5427873310001,0
                105.093153322,14.5426279540001,0
                105.093847926,14.54241691,0
                105.095459436,14.5420192340001,0
                105.095548241,14.5419975940001,0
                105.096799552,14.5416860290001,0
                105.09726976,14.541552267,0
                105.097984217,14.541157362,0
                105.098320854,14.5409562900001,0
                105.098864322,14.5406925680001,0
                105.099524559,14.5405173510001,0
                105.10038425,14.540348431,0
                105.101420302,14.540327807,0
                105.103175548,14.54027059,0
                105.103760426,14.539954042,0
                105.104326301,14.5393306020001,0
                105.104577589,14.5390525290001,0
                105.104708462,14.539015405,0
                105.10537658,14.5389243020001,0
                105.105989639,14.538908265,0
                105.106646488,14.53889108,0
                105.107259545,14.5388750400001,0
                105.107872158,14.5388590090001,0
                105.108383414,14.538820102,0
                105.109581981,14.538728888,0
                105.11005631,14.538692788,0
                105.110186381,14.5386619980001,0
                105.111012507,14.538307269,0
                105.111602651,14.537967376,0
                105.111940901,14.5377194810001,0
                105.112313435,14.5374464560001,0
                105.112861365,14.537044881,0
                105.112944377,14.53690325,0
                105.112970372,14.5368077470001,0
                105.112977477,14.536725371,0
                105.11297862,14.53671925,0
                105.113010165,14.536550993,0
                105.11303449,14.5364133680001,0
                105.113086673,14.5362658820001,0
                105.11317759,14.536163043,0
                105.113250522,14.5360880740001,0
                105.113379668,14.536011633,0
                105.113499442,14.535935436,0
                105.113638459,14.535876999,0
                105.113688009,14.5358604790001,0
                105.113787094,14.5358274450001,0
                105.113861039,14.5357889790001,0
                105.113980561,14.535703654,0
                105.114015767,14.5356205410001,0
                105.114132523,14.5354348340001,0
                105.114147983,14.5353157050001,0
                105.114146944,14.5352780640001,0
                105.11414496,14.5352061950001,0
                105.114157949,14.53510613,0
                105.114160425,14.535087065,0
                105.114160705,14.5350356480001,0
                105.114227472,14.535026068,0
                105.114330445,14.535001735,0
                105.114455278,14.534964815,0
                105.114545387,14.5349215890001,0
                105.114635098,14.534863952,0
                105.114743877,14.534781778,0
                105.114766344,14.5347018680001,0
                105.114827263,14.5346738280001,0
                105.114908836,14.5346789020001,0
                105.115004011,14.5346403560001,0
                105.115071265,14.534573691,0
                105.115152916,14.534492227,0
                105.115252227,14.5344247260001,0
                105.115354732,14.534383582,0
                105.115494556,14.5343534790001,0
                105.115669237,14.5343344780001,0
                105.115791998,14.5343120320001,0
                105.115886907,14.5342638760001,0
                105.116003413,14.5341935180001,0
                105.116115186,14.5341304950001,0
                105.116287398,14.5341115620001,0
                105.116436177,14.534098574,0
                105.116511302,14.5341047200001,0
                105.116589348,14.5341161970001,0
                105.116683438,14.534155646,0
                105.116751059,14.534191735,0
                105.116814895,14.5342414410001,0
                105.116880488,14.5343046260001,0
                105.116903877,14.5343472810001,0
                105.116924107,14.5344265260001,0
                105.116961545,14.534525602,0
                105.117007199,14.534570377,0
                105.117070625,14.534605222,0
                105.117133864,14.5346333110001,0
                105.117188145,14.53463865,0
                105.117267398,14.534593305,0
                105.117292329,14.5345912980001,0
                105.117331164,14.534590281,0
                105.117374314,14.534594557,0
                105.117420233,14.5345987650001,0
                105.117459408,14.5346099060001,0
                105.117505029,14.534603304,0
                105.117537725,14.5345808110001,0
                105.117562995,14.5345409380001,0
                105.117586919,14.5345024550001,0
                105.117625156,14.534479817,0
                105.117676291,14.534471716,0
                105.117747141,14.5344739170001,0
                105.117829424,14.534487986,0
                105.117868143,14.5345329420001,0
                105.117878901,14.534570521,0
                105.117891151,14.534612114,0
                105.11790127,14.5346267240001,0
                105.117953599,14.53466186,0
                105.117990336,14.5346852320001,0
                105.118054997,14.534714638,0
                105.118147736,14.5347554750001,0
                105.118188108,14.534759824,0
                105.118216866,14.534745549,0
                105.118239661,14.5347165590001,0
                105.118256687,14.5346796060001,0
                105.118320564,14.534680635,0
                105.118347327,14.534694809,0
                105.118444367,14.5347128180001,0
                105.118651851,14.5346010220001,0
                105.118895123,14.53465542,0
                105.119315088,14.5348951170001,0
                105.119614169,14.534993636,0
                105.120002265,14.535025794,0
                105.120063377,14.5350049620001,0
                105.120132289,14.5349983470001,0
                105.120240919,14.5350003080001,0
                105.120341754,14.5349880480001,0
                105.12046612,14.5349343090001,0
                105.120501118,14.5348612780001,0
                105.120616083,14.5348246130001,0
                105.120690126,14.534825074,0
                105.120754304,14.534825798,0
                105.120810356,14.53480029,0
                105.120853281,14.53474628,0
                105.120876741,14.534702398,0
                105.120887441,14.534661828,0
                105.120901369,14.534631613,0
                105.120917377,14.534603147,0
                105.120926313,14.5345938310001,0
                105.120944698,14.5345845420001,0
                105.121008516,14.534559528,0
                105.121082082,14.5345458730001,0
                105.121161814,14.534520414,0
                105.121221143,14.5344895440001,0
                105.121240121,14.534479673,0
                105.121240534,14.534479585,0
                105.121273109,14.534482982,0
                105.121287896,14.534489706,0
                105.121334084,14.534548446,0
                105.121358653,14.534561098,0
                105.121395192,14.5345677280001,0
                105.121422492,14.534564899,0
                105.121504209,14.534514055,0
                105.121565376,14.5344759980001,0
                105.121615054,14.534452281,0
                105.121684363,14.5344600810001,0
                105.121715601,14.5344634,0
                105.121740165,14.534456139,0
                105.121748323,14.5344478960001,0
                105.121764569,14.5344171840001,0
                105.121764617,14.534417075,0
                105.12181788,14.534298044,0
                105.121833304,14.534287379,0
                105.121875569,14.5342913580001,0
                105.121877117,14.5342915700001,0
                105.1219221,14.5343120260001,0
                105.121973742,14.534322344,0
                105.121982562,14.534323854,0
                105.122004014,14.5343227920001,0
                105.122059093,14.5342925100001,0
                105.122091924,14.534281133,0
                105.122145755,14.5342797210001,0
                105.122176428,14.5342727990001,0
                105.122201411,14.5342581640001,0
                105.122240416,14.534226878,0
                105.122242827,14.534224399,0
                105.122259431,14.5342038210001,0
                105.1222721,14.5341791770001,0
                105.122276212,14.5341668930001,0
                105.122280972,14.5341459680001,0
                105.122281883,14.5341156320001,0
                105.122283836,14.534050601,0
                105.122289439,14.5340296050001,0
                105.122304825,14.534013413,0
                105.122336864,14.533997261,0
                105.122357659,14.533992492,0
                105.122376131,14.533993681,0
                105.122397106,14.5339991000001,0
                105.12244922,14.5340097530001,0
                105.122526457,14.534036574,0
                105.122584814,14.534054417,0
                105.122626549,14.534061464,0
                105.122697464,14.5340633370001,0
                105.12276032,14.5340616890001,0
                105.122777706,14.5340595370001,0
                105.122816599,14.5340506370001,0
                105.122857012,14.534032713,0
                105.122893336,14.5340077230001,0
                105.122905598,14.5339976270001,0
                105.122928974,14.533973277,0
                105.122979611,14.533893736,0
                105.123011886,14.5338430370001,0
                105.123050136,14.533790621,0
                105.123059769,14.533779811,0
                105.123083054,14.533749836,0
                105.123093242,14.533744536,0
                105.123128677,14.533755684,0
                105.12313664,14.533760945,0
                105.123178596,14.5337935220001,0
                105.12325989,14.533877924,0
                105.123297685,14.533906963,0
                105.123321445,14.533919235,0
                105.12334046,14.533921575,0
                105.123362185,14.533918504,0
                105.123402645,14.5338645630001,0
                105.123424338,14.5338286350001,0
                105.123466743,14.533774877,0
                105.123483561,14.533756677,0
                105.123548742,14.53370449,0
                105.123585736,14.53368017,0
                105.123586136,14.533679966,0
                105.123619018,14.5336669230001,0
                105.123641382,14.5336636010001,0
                105.123773334,14.5336212720001,0
                105.123824024,14.533619178,0
                105.123837359,14.533618828,0
                105.123899808,14.5336124720001,0
                105.123928076,14.5336077580001,0
                105.123960078,14.5335981210001,0
                105.123988656,14.533585735,0
                105.124001958,14.5335761650001,0
                105.124018562,14.533559095,0
                105.124051691,14.5335219310001,0
                105.124065918,14.5335010330001,0
                105.124084582,14.533470123,0
                105.12409539,14.533449665,0
                105.124114469,14.533419909,0
                105.124147682,14.533380242,0
                105.12415756,14.5333712560001,0
                105.12417341,14.5333591460001,0
                105.124190576,14.533350216,0
                105.124215229,14.5333381620001,0
                105.124257717,14.533321835,0
                105.12430269,14.5332996860001,0
                105.124319925,14.533286553,0
                105.124333595,14.533270411,0
                105.124335267,14.5332675830001,0
                105.124340251,14.5332576330001,0
                105.124346048,14.5332321430001,0
                105.124345974,14.533222618,0
                105.124320246,14.5330750040001,0
                105.124316147,14.533051501,0
                105.124316265,14.5330388940001,0
                105.124326966,14.5330257800001,0
                105.124346337,14.5330160780001,0
                105.124360819,14.5330126260001,0
                105.124390345,14.5330072900001,0
                105.124401893,14.533005283,0
                105.124458733,14.532988952,0
                105.124589504,14.5329513770001,0
                105.124648684,14.532937217,0
                105.1247294,14.5329244970001,0
                105.124886996,14.532899663,0
                105.124908688,14.5328904350001,0
                105.124955514,14.5328543100001,0
                105.124972451,14.532841245,0
                105.125052448,14.532779524,0
                105.125081206,14.5327666330001,0
                105.125107325,14.5327618370001,0
                105.125146014,14.5327560900001,0
                105.125195663,14.5327517600001,0
                105.1252757,14.532752094,0
                105.125434458,14.5327616220001,0
                105.125528655,14.532775762,0
                105.125572737,14.5327875150001,0
                105.12562619,14.5328060250001,0
                105.12575418,14.532860473,0
                105.125794917,14.5328654850001,0
                105.125823742,14.532863209,0
                105.125855565,14.5328562920001,0
                105.125879002,14.532846222,0
                105.125895973,14.5328350670001,0
                105.125915325,14.5328151730001,0
                105.125997114,14.5327152200001,0
                105.126039695,14.5326755630001,0
                105.126054265,14.532666594,0
                105.126065745,14.532663261,0
                105.126075594,14.532662423,0
                105.126091539,14.5326644510001,0
                105.126113614,14.532673071,0
                105.126145958,14.532685154,0
                105.126187794,14.5327015450001,0
                105.126191157,14.532703117,0
                105.126300901,14.532740603,0
                105.126333706,14.532747645,0
                105.126397502,14.5327613370001,0
                105.126428354,14.5327712330001,0
                105.126443668,14.532778496,0
                105.126624448,14.532899748,0
                105.126663891,14.532933654,0
                105.126685298,14.532961529,0
                105.126700038,14.532986242,0
                105.126707285,14.533022558,0
                105.126711535,14.5331197990001,0
                105.126711215,14.53316468,0
                105.126715219,14.5331808940001,0
                105.12672626,14.5331992530001,0
                105.126818785,14.533299517,0
                105.126848027,14.533334887,0
                105.126861891,14.533358327,0
                105.126867698,14.5333742870001,0
                105.126871806,14.5333900750001,0
                105.126876122,14.5334247540001,0
                105.126877075,14.5334592250001,0
                105.126882618,14.5335184,0
                105.12688839,14.533557801,0
                105.126892072,14.5335785660001,0
                105.126897863,14.5336051370001,0
                105.126918369,14.533646332,0
                105.126931183,14.5336652340001,0
                105.126957306,14.5336931250001,0
                105.12700886,14.5337356470001,0
                105.127159532,14.533876198,0
                105.127190739,14.5338976080001,0
                105.127212086,14.533908131,0
                105.127241008,14.533914371,0
                105.127261894,14.5339200660001,0
                105.127321515,14.533927853,0
                105.127337433,14.5339285740001,0
                105.127379713,14.533932785,0
                105.127417205,14.5339333210001,0
                105.127471056,14.533932668,0
                105.127502171,14.533929373,0
                105.127523869,14.5339237210001,0
                105.127601473,14.5339035160001,0
                105.127648016,14.533894563,0
                105.127683126,14.5338936410001,0
                105.127708401,14.5338920830001,0
                105.127751509,14.533887006,0
                105.127781589,14.5338773510001,0
                105.127800117,14.533869398,0
                105.127843726,14.53384422,0
                105.127880727,14.5338228590001,0
                105.127895788,14.533819608,0
                105.1279212,14.5338196700001,0
                105.127952192,14.533823129,0
                105.127973777,14.53382787,0
                105.128022015,14.5338384660001,0
                105.128060367,14.5338419080001,0
                105.128086131,14.5338419920001,0
                105.128112532,14.533836738,0
                105.128137205,14.5338254430001,0
                105.128161732,14.533808827,0
                105.128202935,14.5337742790001,0
                105.128248393,14.533725964,0
                105.128337025,14.533642398,0
                105.128358037,14.5336234230001,0
                105.128404065,14.5335968540001,0
                105.128443202,14.533580606,0
                105.128479011,14.533571092,0
                105.128502463,14.5335663930001,0
                105.12857173,14.533558488,0
                105.128604033,14.533558059,0
                105.128643408,14.5335600930001,0
                105.128700125,14.5335710910001,0
                105.128740061,14.5335753680001,0
                105.12874737,14.5335760130001,0
                105.128881698,14.533597447,0
                105.128911448,14.533603242,0
                105.128961686,14.533613024,0
                105.129002814,14.5336186650001,0
                105.129043508,14.533622162,0
                105.129077739,14.533619505,0
                105.12915394,14.5336071900001,0
                105.129170632,14.533604494,0
                105.129201446,14.533602043,0
                105.129231097,14.5336012650001,0
                105.129263968,14.533604203,0
                105.129295427,14.533612503,0
                105.129348353,14.5336346930001,0
                105.129394974,14.5336547630001,0
                105.129451831,14.533676314,0
                105.129511377,14.533689931,0
                105.129601982,14.533695037,0
                105.129616226,14.533693827,0
                105.129798266,14.5336981740001,0
                105.129844403,14.5337007680001,0
                105.129869471,14.533703911,0
                105.129872658,14.5337049560001,0
                105.12989413,14.533720315,0
                105.129924522,14.533749146,0
                105.12995202,14.5337808420001,0
                105.130001966,14.53386471,0
                105.130098095,14.5340547660001,0
                105.130140064,14.534129852,0
                105.130166027,14.53416184,0
                105.130217844,14.534189118,0
                105.130314104,14.534225382,0
                105.130373143,14.5342428450001,0
                105.130403168,14.5342557440001,0
                105.130429462,14.534274827,0
                105.130455204,14.534302296,0
                105.13049031,14.534357653,0
                105.130525606,14.534419852,0
                105.13052874,14.53442582,0
                105.130547693,14.5344564490001,0
                105.130564338,14.534465228,0
                105.13058477,14.534470013,0
                105.130613784,14.534474577,0
                105.130645032,14.534475276,0
                105.130681617,14.534471275,0
                105.1307088,14.5344673860001,0
                105.130757551,14.5344548150001,0
                105.130776991,14.5344474720001,0
                105.130820453,14.5344098250001,0
                105.130871994,14.534353712,0
                105.130881011,14.5343446860001,0
                105.130914037,14.534306165,0
                105.130999464,14.534185254,0
                105.131009084,14.5341679590001,0
                105.131035512,14.5341121270001,0
                105.131046816,14.534069243,0
                105.131054496,14.5340081960001,0
                105.131059877,14.5339768740001,0
                105.131062397,14.5338421910001,0
                105.131063161,14.5337760360001,0
                105.131066957,14.5337004630001,0
                105.131087317,14.533557853,0
                105.131099764,14.533499722,0
                105.1311159,14.5334338920001,0
                105.131136493,14.533362745,0
                105.131150984,14.5333289170001,0
                105.131185223,14.533258667,0
                105.131237521,14.533145495,0
                105.131276812,14.5330699300001,0
                105.131414604,14.532829782,0
                105.131450926,14.532767241,0
                105.131482799,14.5327231050001,0
                105.131515219,14.5326849160001,0
                105.131554654,14.5326478960001,0
                105.131578381,14.532630603,0
                105.131607033,14.532617099,0
                105.131651991,14.5326021490001,0
                105.131730095,14.532582884,0
                105.131783105,14.532575208,0
                105.13186616,14.5325578150001,0
                105.131906375,14.5325438310001,0
                105.131945616,14.5325230230001,0
                105.131979047,14.5325015080001,0
                105.132005393,14.532488766,0
                105.132041833,14.532473343,0
                105.132084166,14.5324581520001,0
                105.132128108,14.532451834,0
                105.132169217,14.532449464,0
                105.132239478,14.5324491390001,0
                105.132306024,14.532455758,0
                105.132384567,14.5324727080001,0
                105.132445718,14.5324817490001,0
                105.132459996,14.5324851030001,0
                105.132506699,14.532498166,0
                105.132565523,14.532522714,0
                105.132704077,14.5325920870001,0
                105.132716495,14.532598981,0
                105.132797853,14.5326320720001,0
                105.132829046,14.532640299,0
                105.132860042,14.5326430650001,0
                105.132959361,14.5326477470001,0
                105.133013807,14.5326427730001,0
                105.133041822,14.532636279,0
                105.133057245,14.532629964,0
                105.13307871,14.532615713,0
                105.133104543,14.532589935,0
                105.133128053,14.532564979,0
                105.13315241,14.532542285,0
                105.133158657,14.5325344020001,0
                105.133181187,14.5325126110001,0
                105.13320135,14.5325005130001,0
                105.133210377,14.532496182,0
                105.133259658,14.532481106,0
                105.133312098,14.532472684,0
                105.133490702,14.532437901,0
                105.133563253,14.5324139100001,0
                105.133567837,14.5324117070001,0
                105.133579599,14.5324025680001,0
                105.13358618,14.5323894320001,0
                105.133590039,14.532359666,0
                105.133561459,14.5322014650001,0
                105.133563356,14.5321854430001,0
                105.133574826,14.532176775,0
                105.133587144,14.5321703660001,0
                105.133614472,14.5321704130001,0
                105.13368289,14.5321777460001,0
                105.133748167,14.5321777410001,0
                105.13375526,14.5321769020001,0
                105.133776207,14.5321694830001,0
                105.133783868,14.532160129,0
                105.133787412,14.532152726,0
                105.133789371,14.5321427480001,0
                105.133789062,14.5321316010001,0
                105.133781933,14.5321079120001,0
                105.133757231,14.5320599510001,0
                105.133738842,14.532030536,0
                105.133729794,14.5320130870001,0
                105.133717236,14.531979133,0
                105.133709937,14.5319526690001,0
                105.133710723,14.5319245090001,0
                105.133712633,14.531909768,0
                105.133715746,14.531901788,0
                105.133729175,14.5318859980001,0
                105.133743722,14.531875729,0
                105.133762236,14.5318676370001,0
                105.133765866,14.5318669930001,0
                105.133791154,14.53186573,0
                105.1338209,14.531871417,0
                105.133876267,14.531897342,0
                105.133947558,14.5319342600001,0
                105.133951834,14.531936113,0
                105.13397554,14.531943083,0
                105.133997045,14.531945127,0
                105.134018914,14.5319453130001,0
                105.134046916,14.531941537,0
                105.13406675,14.53193824,0
                105.134091819,14.53192626,0
                105.134109434,14.5319155550001,0
                105.134159876,14.5318762040001,0
                105.13416306,14.531873939,0
                105.134297269,14.5317535500001,0
                105.134346263,14.5316994240001,0
                105.134426703,14.5316223200001,0
                105.134499604,14.531543745,0
                105.134500802,14.5315411670001,0
                105.134505138,14.531529327,0
                105.134500306,14.5315105670001,0
                105.13442106,14.5314275010001,0
                105.134416625,14.531420407,0
                105.134412237,14.531403363,0
                105.134413376,14.53138812,0
                105.134420653,14.5313689160001,0
                105.134435036,14.5313525660001,0
                105.13445538,14.5313413800001,0
                105.134466129,14.5313371570001,0
                105.134731318,14.531281657,0
                105.134750277,14.5312734620001,0
                105.134762181,14.5312589540001,0
                105.134764126,14.5312541750001,0
                105.134769717,14.531230454,0
                105.134773154,14.5311854920001,0
                105.134777252,14.5311033400001,0
                105.134789145,14.5309732010001,0
                105.134819154,14.5308571100001,0
                105.134826001,14.530843729,0
                105.134839169,14.530839218,0
                105.134847538,14.5308382650001,0
                105.13486513,14.53084159,0
                105.134894965,14.530847652,0
                105.134917421,14.5308521810001,0
                105.134931239,14.5308502880001,0
                105.134959615,14.530842153,0
                105.134971874,14.530832133,0
                105.134995354,14.530798271,0
                105.135006907,14.530781613,0
                105.135019294,14.530769853,0
                105.135037112,14.5307648200001,0
                105.135057522,14.530768849,0
                105.135166697,14.5308518750001,0
                105.135193579,14.530868329,0
                105.13521344,14.5308740630001,0
                105.13523098,14.5308764810001,0
                105.13525882,14.5308768790001,0
                105.135346224,14.530875343,0
                105.135544873,14.530859476,0
                105.135882666,14.53084984,0
                105.135920999,14.530852639,0
                105.135955665,14.530863895,0
                105.135979176,14.5308775130001,0
                105.135992676,14.5308897840001,0
                105.136039162,14.53094688,0
                105.136078336,14.531008215,0
                105.13611542,14.531050593,0
                105.13614942,14.5310798360001,0
                105.136170681,14.531093936,0
                105.136195714,14.5311024810001,0
                105.136229797,14.5311092050001,0
                105.136290907,14.53111427,0
                105.136342809,14.531113824,0
                105.136427068,14.531111609,0
                105.13649549,14.5311014490001,0
                105.136530472,14.5310959650001,0
                105.136543929,14.5310910050001,0
                105.136579181,14.5310725680001,0
                105.136595269,14.531062924,0
                105.136646744,14.531032069,0
                105.13668205,14.531010909,0
                105.136713799,14.530991876,0
                105.136732768,14.5309828800001,0
                105.13677379,14.5309697070001,0
                105.136836256,14.530959722,0
                105.136881156,14.530959738,0
                105.136920651,14.530960958,0
                105.136950852,14.5309660610001,0
                105.136990946,14.5309773860001,0
                105.13702283,14.5309949000001,0
                105.137039278,14.5310092660001,0
                105.137054202,14.5310342880001,0
                105.137056936,14.531039645,0
                105.13706835,14.531072963,0
                105.137073135,14.5310976750001,0
                105.137085759,14.5311281780001,0
                105.137115004,14.531174804,0
                105.137158733,14.531228517,0
                105.137308141,14.531407884,0
                105.137439642,14.531589237,0
                105.13747899,14.5316285100001,0
                105.137501971,14.5316408370001,0
                105.137527928,14.531647757,0
                105.137552933,14.5316486240001,0
                105.137579502,14.5316494460001,0
                105.137599165,14.5316480160001,0
                105.137632919,14.531643022,0
                105.137707531,14.531628444,0
                105.137907823,14.5315762430001,0
                105.137941822,14.531566911,0
                105.138196336,14.5314928400001,0
                105.138271519,14.5314745360001,0
                105.138282143,14.5314726870001,0
                105.138326348,14.531468579,0
                105.138352996,14.531472444,0
                105.1383736,14.5314833090001,0
                105.138390507,14.531501878,0
                105.138436564,14.5315813070001,0
                105.138473385,14.531650364,0
                105.138514878,14.5317281810001,0
                105.138529119,14.531748889,0
                105.138538939,14.531755666,0
                105.138754024,14.5317789150001,0
                105.1387669,14.5317831780001,0
                105.138782491,14.5317905900001,0
                105.138807895,14.5318100380001,0
                105.138809563,14.531811577,0
                105.13882246,14.5318324140001,0
                105.138839463,14.531867133,0
                105.138846102,14.5318847930001,0
                105.138876366,14.531965303,0
                105.13893914,14.532232439,0
                105.138956221,14.532273133,0
                105.138962319,14.532285216,0
                105.138963532,14.532287168,0
                105.138966734,14.532291586,0
                105.138977897,14.5322996730001,0
                105.138980455,14.532300838,0
                105.138995638,14.5323068390001,0
                105.139019744,14.532311459,0
                105.139045515,14.532311798,0
                105.139074351,14.532309974,0
                105.139104431,14.5323086880001,0
                105.139132581,14.5323047680001,0
                105.139174616,14.532293646,0
                105.139240319,14.5322698640001,0
                105.139314352,14.532236733,0
                105.139377073,14.532214276,0
                105.139385421,14.5322126040001,0
                105.139410642,14.532210794,0
                105.139436474,14.532216826,0
                105.13945738,14.532223441,0
                105.139460332,14.532224983,0
                105.139469781,14.532231886,0
                105.139475172,14.53223631,0
                105.139484344,14.5322573620001,0
                105.139489638,14.5322792810001,0
                105.139491176,14.53230662,0
                105.139490016,14.5323492380001,0
                105.139486196,14.532380523,0
                105.139481282,14.532407635,0
                105.139464173,14.5324745790001,0
                105.139441954,14.532530749,0
                105.139418482,14.532585365,0
                105.139397671,14.5326231780001,0
                105.139348126,14.5327105320001,0
                105.139344498,14.532722097,0
                105.139340943,14.5327455930001,0
                105.139341042,14.53277167,0
                105.139343337,14.532787812,0
                105.139349903,14.5328153290001,0
                105.139357663,14.5328417440001,0
                105.139368416,14.532863515,0
                105.139389415,14.532888821,0
                105.139411764,14.5329064860001,0
                105.139489489,14.532950075,0
                105.13958528,14.5329977530001,0
                105.139687819,14.5330635030001,0
                105.13977979,14.5331143230001,0
                105.139852916,14.533161077,0
                105.139898356,14.5331948630001,0
                105.139958132,14.5332389230001,0
                105.140005122,14.533268354,0
                105.140059445,14.53330694,0
                105.140101449,14.5333393500001,0
                105.140179065,14.5334063610001,0
                105.140220714,14.5334441470001,0
                105.140237367,14.533462704,0
                105.140256134,14.533487246,0
                105.140271123,14.5335174150001,0
                105.140292881,14.5335700810001,0
                105.1403232,14.533649901,0
                105.140331456,14.533677864,0
                105.140342928,14.533699949,0
                105.140359358,14.5337151160001,0
                105.140380229,14.5337259510001,0
                105.140410989,14.533737705,0
                105.140430397,14.533742907,0
                105.140500168,14.5337532390001,0
                105.140554296,14.533762467,0
                105.1406204,14.5337812610001,0
                105.140669856,14.53380501,0
                105.140692581,14.533821086,0
                105.140748539,14.533869155,0
                105.140793547,14.533921025,0
                105.140805632,14.533939549,0
                105.140821638,14.533971423,0
                105.140824721,14.533979038,0
                105.140829686,14.5340062330001,0
                105.140830852,14.5340221390001,0
                105.14083298,14.5340707550001,0
                105.140834265,14.5341452530001,0
                105.140837308,14.534179416,0
                105.14084231,14.534202265,0
                105.140849464,14.5342148240001,0
                105.140864036,14.5342334530001,0
                105.140885458,14.5342458220001,0
                105.140908318,14.534253587,0
                105.140932585,14.534255989,0
                105.140960671,14.5342552500001,0
                105.140982388,14.534250113,0
                105.140998457,14.534238284,0
                105.141020411,14.5342133680001,0
                105.141042971,14.534182355,0
                105.141061906,14.534161323,0
                105.141078212,14.5341507150001,0
                105.141087674,14.5341479030001,0
                105.141102921,14.5341480770001,0
                105.141120929,14.534149884,0
                105.141136698,14.534155551,0
                105.141145512,14.5341636850001,0
                105.14115743,14.5341766810001,0
                105.141168954,14.5341934480001,0
                105.141183782,14.534220482,0
                105.141227641,14.5343098320001,0
                105.141256671,14.534367596,0
                105.141277606,14.5343978830001,0
                105.141292264,14.534416128,0
                105.141371692,14.534493131,0
                105.141524378,14.5346591470001,0
                105.141542089,14.534676403,0
                105.141561157,14.534686967,0
                105.141583662,14.534691921,0
                105.141619669,14.534691261,0
                105.141635908,14.5346902310001,0
                105.141692957,14.534677872,0
                105.141728584,14.534670152,0
                105.141751622,14.534668691,0
                105.141788218,14.534676108,0
                105.141842309,14.53469798,0
                105.141864958,14.534704811,0
                105.141887492,14.534708482,0
                105.141914019,14.534707784,0
                105.141931677,14.5347073190001,0
                105.14194973,14.534703246,0
                105.141984416,14.534688885,0
                105.141991893,14.5346857870001,0
                105.14200474,14.5346821470001,0
                105.142029505,14.534677366,0
                105.142047489,14.534680501,0
                105.142057769,14.5346845350001,0
                105.142076063,14.5346951540001,0
                105.142099047,14.534709901,0
                105.142126305,14.534735767,0
                105.142136679,14.5347476790001,0
                105.142147419,14.534762487,0
                105.1421599,14.5347791520001,0
                105.142180715,14.5348121100001,0
                105.142222922,14.534895116,0
                105.142224803,14.5348996770001,0
                105.142241201,14.534945017,0
                105.142247189,14.5349696430001,0
                105.142250481,14.5349879350001,0
                105.14225164,14.5350297360001,0
                105.142248596,14.5350500120001,0
                105.14223005,14.535106059,0
                105.142224668,14.535121111,0
                105.142183381,14.53521482,0
                105.142174769,14.5352458030001,0
                105.142171206,14.535268333,0
                105.142171503,14.5352728770001,0
                105.142173385,14.5352899690001,0
                105.142177191,14.5353001510001,0
                105.14217979,14.5353041220001,0
                105.142212376,14.535326447,0
                105.142234441,14.5353385240001,0
                105.142266889,14.535347885,0
                105.142280037,14.535349932,0
                105.142327206,14.535361618,0
                105.142347805,14.535368125,0
                105.142376798,14.5353807610001,0
                105.142392051,14.53539147,0
                105.142412139,14.5354118610001,0
                105.142449483,14.535463357,0
                105.142496146,14.535529405,0
                105.142519106,14.5355537730001,0
                105.14254213,14.5355666300001,0
                105.14260855,14.5355968270001,0
                105.142629744,14.53561046,0
                105.142644382,14.5356261420001,0
                105.142651989,14.535642836,0
                105.142670123,14.5357336220001,0
                105.142675184,14.535742445,0
                105.142683028,14.535751261,0
                105.142699727,14.535759462,0
                105.142720221,14.5357665290001,0
                105.142736691,14.5357691360001,0
                105.142753893,14.5357702040001,0
                105.142773359,14.5357681720001,0
                105.142790137,14.5357624270001,0
                105.142801616,14.535756093,0
                105.14280956,14.535750487,0
                105.142829427,14.5357347560001,0
                105.142856249,14.535716558,0
                105.14288401,14.535697273,0
                105.142901692,14.535686804,0
                105.142926153,14.535677713,0
                105.142958808,14.5356717400001,0
                105.142989258,14.5356704660001,0
                105.143047054,14.535671226,0
                105.143053519,14.53567142,0
                105.143095777,14.5356761960001,0
                105.143131028,14.535682051,0
                105.143189374,14.535698143,0
                105.143221932,14.5357071190001,0
                105.143248645,14.535714485,0
                105.143342531,14.535755856,0
                105.143346773,14.5357576380001,0
                105.143387964,14.53578186,0
                105.143414279,14.5358058030001,0
                105.143443667,14.53584919,0
                105.143486622,14.535896732,0
                105.143527748,14.5359281030001,0
                105.143562612,14.5359523110001,0
                105.143635867,14.535992016,0
                105.143697119,14.536017832,0
                105.143739606,14.536027001,0
                105.143751233,14.536028022,0
                105.143751603,14.5360280530001,0
                105.143774794,14.536026758,0
                105.143836741,14.5360130510001,0
                105.143851097,14.536009875,0
                105.143859899,14.536007435,0
                105.143893553,14.5359964740001,0
                105.143914584,14.5359882700001,0
                105.143952349,14.5359705430001,0
                105.143969415,14.5359612290001,0
                105.144024385,14.53592271,0
                105.14407055,14.5358903600001,0
                105.144090441,14.5358824910001,0
                105.144109797,14.535876656,0
                105.144133184,14.53587528,0
                105.144148152,14.5358802120001,0
                105.144161039,14.5358943200001,0
                105.144179763,14.535921967,0
                105.144214067,14.5359765860001,0
                105.144234859,14.5360150000001,0
                105.144250101,14.5360389420001,0
                105.144268723,14.5360610860001,0
                105.144292611,14.5360779490001,0
                105.144317108,14.5360879740001,0
                105.144336258,14.5360918150001,0
                105.144367972,14.5360926980001,0
                105.144405252,14.536085631,0
                105.144424015,14.536075867,0
                105.144432984,14.5360671070001,0
                105.144447131,14.5360472630001,0
                105.144470896,14.536003287,0
                105.144495248,14.535952453,0
                105.144511211,14.5359368210001,0
                105.144525067,14.53592961,0
                105.144544528,14.5359275770001,0
                105.144569491,14.5359269200001,0
                105.144592161,14.5359278440001,0
                105.144624252,14.5359308050001,0
                105.144655525,14.5359322620001,0
                105.144690672,14.535932857,0
                105.14472106,14.5359305370001,0
                105.144741516,14.535927713,0
                105.144773714,14.535916394,0
                105.14478611,14.5359113320001,0
                105.144819065,14.5358891710001,0
                105.144844029,14.53587027,0
                105.144865066,14.535847775,0
                105.144873762,14.535834494,0
                105.144888044,14.535813364,0
                105.144892992,14.5358044810001,0
                105.144900106,14.535785919,0
                105.144910324,14.5357453080001,0
                105.144934858,14.535665103,0
                105.144947259,14.5356410810001,0
                105.144952223,14.535633277,0
                105.144961716,14.535621755,0
                105.144976769,14.535607424,0
                105.145000632,14.535587774,0
                105.145015604,14.535578537,0
                105.145041384,14.535566897,0
                105.145084839,14.5355549,0
                105.145099361,14.5355517200001,0
                105.14526064,14.5355313580001,0
                105.145281467,14.535527121,0
                105.145306886,14.535518118,0
                105.145325315,14.535506986,0
                105.145345624,14.535479072,0
                105.145368711,14.5354389180001,0
                105.14541394,14.5353525460001,0
                105.145461723,14.5352737160001,0
                105.145488985,14.5352376000001,0
                105.145500745,14.5352255870001,0
                105.145518527,14.5352106170001,0
                105.145552798,14.535194287,0
                105.145571456,14.5351887310001,0
                105.145600594,14.535185643,0
                105.145643459,14.535182994,0
                105.145683468,14.535185773,0
                105.145722487,14.535192626,0
                105.14573338,14.5351953040001,0
                105.145764888,14.5352058770001,0
                105.145804621,14.5352228580001,0
                105.14583693,14.535239496,0
                105.145863825,14.535257576,0
                105.145891284,14.5352791400001,0
                105.145916342,14.535297412,0
                105.145946997,14.5353270160001,0
                105.145964008,14.5353464890001,0
                105.146003714,14.5354024280001,0
                105.146023683,14.535436982,0
                105.146041372,14.5354727340001,0
                105.146047719,14.535486447,0
                105.146088308,14.535570556,0
                105.146118735,14.535654177,0
                105.146134306,14.535697122,0
                105.146791389,14.5352267800001,0
                105.147385134,14.5352688680001,0
                105.147826842,14.535170651,0
                105.148116512,14.5349321300001,0
                105.148346964,14.534695169,0
                105.148637429,14.5344854860001,0
                105.148811069,14.534336605,0
                105.149015919,14.534244625,0
                105.149400007,14.534205645,0
                105.149791305,14.5344262290001,0
                105.150079911,14.534667766,0
              </coordinates>
                
            </LinearRing>
            
          </outerBoundaryIs>
        
        </Polygon>
        
      <styleUrl>
        #tambonStyle</styleUrl>
    </Placemark>

  </Document>
</kml>