<?xml version="1.0" encoding="UTF-8"?>
<kml xmlns="http://www.opengis.net/kml/2.2">
  <Document id="tambon_doc">
    <name>ยางฮอม, ขุนตาล, Chiang Rai</name>
    <description>ข้อมูลขอบเขตตำบลยางฮอม อำเภอขุนตาล จังหวัดChiang Rai</description>
    
    <!-- Schema สำหรับข้อมูลตำบล -->
    <Schema id="tambon.schema">
      <SimpleField name="ADM3_EN" type="string">
        <displayName>Subdistrict Name (English)</displayName>
      </SimpleField>
      <SimpleField name="ADM3_TH" type="string">
        <displayName>ชื่อตำบล</displayName>
      </SimpleField>
      <SimpleField name="ADM2_EN" type="string">
        <displayName>District Name (English)</displayName>
      </SimpleField>
      <SimpleField name="ADM2_TH" type="string">
        <displayName>ชื่ออำเภอ</displayName>
      </SimpleField>
      <SimpleField name="ADM1_EN" type="string">
        <displayName>Province Name (English)</displayName>
      </SimpleField>
      <SimpleField name="ADM1_TH" type="string">
        <displayName>ชื่อจังหวัด</displayName>
      </SimpleField>
      <SimpleField name="ADM0_EN" type="string">
        <displayName>Country Name (English)</displayName>
      </SimpleField>
      <SimpleField name="ADM0_TH" type="string">
        <displayName>ชื่อประเทศ</displayName>
      </SimpleField>
    </Schema>

    <!-- Style สำหรับตำบล -->
    <Style id="tambonStyle">
      <LineStyle>
        <color>ffff0000</color>
        <width>1.5</width>
      </LineStyle>
      <PolyStyle>
        <color>33ff0000</color>
        <fill>1</fill>
        <outline>1</outline>
      </PolyStyle>
    </Style>

    <Placemark id="Chiang_Rai.109">
        
        <ExtendedData>
            
          <SchemaData schemaUrl="#tambon.schema">
                
            <SimpleData name="Shape_Leng">
                0.578565446249</SimpleData>
                
            <SimpleData name="Shape_Area">
                0.0114802035029</SimpleData>
                
            <SimpleData name="ADM3_EN">
                Yang Hom</SimpleData>
                
            <SimpleData name="ADM3_TH">
                ยางฮอม</SimpleData>
                
            <SimpleData name="ADM3_PCODE">
                TH571403</SimpleData>
                
            <SimpleData name="ADM2_EN">
                Khun Tan</SimpleData>
                
            <SimpleData name="ADM2_TH">
                ขุนตาล</SimpleData>
                
            <SimpleData name="ADM2_PCODE">
                TH5714</SimpleData>
                
            <SimpleData name="ADM1_EN">
                Chiang Rai</SimpleData>
                
            <SimpleData name="ADM1_TH">
                เชียงราย</SimpleData>
                
            <SimpleData name="ADM1_PCODE">
                TH57</SimpleData>
                
            <SimpleData name="ADM0_EN">
                Thailand</SimpleData>
                
            <SimpleData name="ADM0_TH">
                ประเทศไทย</SimpleData>
                
            <SimpleData name="ADM0_PCODE">
                TH</SimpleData>
            
          </SchemaData>
        
        </ExtendedData>
        
        <Polygon>
            
          <outerBoundaryIs>
                
            <LinearRing>
                    
              <coordinates>
                    
                100.299503885,20.004125247,0
                100.299713995,20.0040360130001,0
                100.300003626,20.003874449,0
                100.300221739,20.0037333400001,0
                100.300414487,20.0035844450001,0
                100.30060681,20.003383737,0
                100.300769908,20.003219116,0
                100.300945071,20.002982656,0
                100.30104472,20.002793922,0
                100.30113284,20.002570059,0
                100.301209405,20.002309084,0
                100.30127473,20.0020481870001,0
                100.301327845,20.0016704600001,0
                100.301359176,20.0013779280001,0
                100.301345398,20.0010697820001,0
                100.30130918,20.0007671120001,0
                100.301250994,20.000528381,0
                100.301170494,20.000311074,0
                100.301061847,20.0000886600001,0
                100.30091942,19.9998611770001,0
                100.300765444,19.999596578,0
                100.300611691,19.999358548,0
                100.300491885,19.999146841,0
                100.300343011,19.9988184310001,0
                100.300216713,19.9985004800001,0
                100.300089761,19.998102815,0
                100.299966185,19.997660022,0
                100.299844207,19.9968911710001,0
                100.299757167,19.9964325830001,0
                100.299698455,19.996043768,0
                100.299672631,19.9957159410001,0
                100.299656026,19.995383669,0
                100.299638663,19.9949595620001,0
                100.299635362,19.994557217,0
                100.299594405,19.994076427,0
                100.299559402,19.993757413,0
                100.299494954,19.9932330620001,0
                100.299408133,19.9928007140001,0
                100.299297961,19.9923422960001,0
                100.299263927,19.9921413600001,0
                100.299258046,19.99198833,0
                100.299270882,19.991861403,0
                100.299320696,19.991729833,0
                100.299398483,19.9916242960001,0
                100.299485838,19.9915580530001,0
                100.299578003,19.9915136390001,0
                100.299698141,19.9914952670001,0
                100.299813761,19.991490046,0
                100.299952688,19.991506519,0
                100.300156817,19.991574997,0
                100.300481725,19.991703823,0
                100.300988026,19.991949398,0
                100.301415578,19.992182432,0
                100.301810317,19.9923632260001,0
                100.302153806,19.992500653,0
                100.30245078,19.992607811,0
                100.302784588,19.9926928290001,0
                100.303118032,19.9927341160001,0
                100.303358561,19.99272797,0
                100.30363122,19.9926909770001,0
                100.303931345,19.9926187940001,0
                100.304185106,19.992533829,0
                100.304351072,19.9924626320001,0
                100.30448451,19.992374179,0
                100.304608409,19.992250804,0
                100.304722768,19.992092515,0
                100.304877285,19.991754616,0
                100.304963021,19.991491571,0
                100.305030107,19.9912111670001,0
                100.305069507,19.9909397170001,0
                100.305099259,19.9906202280001,0
                100.305095764,19.99019602,0
                100.305068854,19.9897369930001,0
                100.305015479,19.989435612,0
                100.304935037,19.989217528,0
                100.304840677,19.9889951690001,0
                100.304709522,19.988799327,0
                100.304532221,19.9886169390001,0
                100.304341111,19.9884434030001,0
                100.304173165,19.9882740730001,0
                100.30406063,19.9880912080001,0
                100.303853733,19.9876859930001,0
                100.303631594,19.987114687,0
                100.303541292,19.9868223230001,0
                100.303502373,19.9865908090001,0
                100.303501258,19.9864552400001,0
                100.303541996,19.9863456,0
                100.303624505,19.986253149,0
                100.303758015,19.9861734420001,0
                100.303919529,19.986124148,0
                100.304058236,19.986114377,0
                100.304285022,19.986125832,0
                100.304785388,19.9862139950001,0
                100.305531867,19.9864140560001,0
                100.306014057,19.98654171,0
                100.306394076,19.986622008,0
                100.306671963,19.9866593250001,0
                100.306884689,19.986649007,0
                100.307273057,19.986619902,0
                100.307758106,19.9865332310001,0
                100.308353706,19.986388881,0
                100.308787902,19.9863069510001,0
                100.309485814,19.9862274490001,0
                100.310687819,19.986126723,0
                100.311570986,19.986072081,0
                100.312708147,19.98596307,0
                100.313045846,19.98596057,0
                100.313430056,19.985988343,0
                100.313934837,19.986050205,0
                100.314389198,19.986169295,0
                100.314773953,19.986262659,0
                100.314973237,19.9863049190001,0
                100.315116568,19.9862951060001,0
                100.315255024,19.9862547180001,0
                100.315411618,19.9861704580001,0
                100.315586137,19.9860160900001,0
                100.315746339,19.9858093440001,0
                100.315851318,19.985637996,0
                100.315969379,19.985370334,0
                100.316068861,19.9850940640001,0
                100.31618186,19.984773955,0
                100.316226446,19.98457244,0
                100.316243571,19.9844061210001,0
                100.316245908,19.9841305680001,0
                100.316215936,19.9838640040001,0
                100.316153801,19.9836239210001,0
                100.316087549,19.9834450980001,0
                100.316008076,19.983345098,0
                100.31588245,19.98325856,0
                100.315748004,19.9832245650001,0
                100.315576703,19.983208345,0
                100.315354623,19.98320562,0
                100.315141867,19.983211571,0
                100.314938583,19.9832436930001,0
                100.314772627,19.983314899,0
                100.314602487,19.983438619,0
                100.31436386,19.983672187,0
                100.314098347,19.9840109200001,0
                100.313896621,19.984231091,0
                100.313607291,19.9844869020001,0
                100.313358794,19.984646189,0
                100.313105486,19.984783647,0
                100.312865555,19.984859772,0
                100.312537942,19.984962792,0
                100.312173105,19.9850398410001,0
                100.311761865,19.9850997400001,0
                100.311350227,19.985111531,0
                100.311081882,19.985109143,0
                100.31083642,19.98507597,0
                100.310618565,19.9850250970001,0
                100.31039131,19.9849568020001,0
                100.310154376,19.9848360940001,0
                100.309986685,19.9846973780001,0
                100.309842086,19.9845541190001,0
                100.309725025,19.984384414,0
                100.309621123,19.9841271450001,0
                100.309544472,19.9838084410001,0
                100.309381553,19.982567556,0
                100.309305946,19.98181586,0
                100.309284736,19.9814880010001,0
                100.309277943,19.981225637,0
                100.30928517,19.9809806660001,0
                100.309315889,19.9807792550001,0
                100.309360524,19.9805821140001,0
                100.309437752,19.9804109790001,0
                100.309579168,19.9801693850001,0
                100.309730086,19.9799583400001,0
                100.309908863,19.9797602130001,0
                100.310203075,19.979534986,0
                100.31046985,19.979349327,0
                100.31093037,19.979096628,0
                100.311483441,19.9788476210001,0
                100.311907097,19.978612689,0
                100.312252293,19.9784002050001,0
                100.312652672,19.978147951,0
                100.312923886,19.977940387,0
                100.313204318,19.97772838,0
                100.313369472,19.9775609610001,0
                100.31348359,19.9773764280001,0
                100.31358901,19.9770843530001,0
                100.313624316,19.9768923130001,0
                100.313631623,19.97672356,0
                100.313625736,19.9765384470001,0
                100.313613545,19.9763801290001,0
                100.313581649,19.97620755,0
                100.313543704,19.9760926230001,0
                100.313488421,19.9759860550001,0
                100.313407028,19.97587968,0
                100.313328081,19.9758062010001,0
                100.313161861,19.9757045650001,0
                100.312947717,19.9755971180001,0
                100.312762174,19.9755264830001,0
                100.312600746,19.9754783020001,0
                100.312318422,19.975418737,0
                100.312260078,19.975084779,0
                100.312191432,19.9747270130001,0
                100.312138969,19.97449333,0
                100.312116708,19.9742450890001,0
                100.312095074,19.974073275,0
                100.312083309,19.9738727280001,0
                100.312072058,19.97373428,0
                100.312091082,19.9735908280001,0
                100.312145985,19.9735092110001,0
                100.31228216,19.973479545,0
                100.312494317,19.973473196,0
                100.312706321,19.9734477440001,0
                100.312862706,19.9734179230001,0
                100.313013679,19.9733451500001,0
                100.313154433,19.9732581230001,0
                100.313254688,19.973161842,0
                100.313400219,19.9730413410001,0
                100.313606411,19.972925166,0
                100.313827565,19.9727849920001,0
                100.314028592,19.9726545250001,0
                100.314169463,19.9725818260001,0
                100.31428503,19.9725045390001,0
                100.314440819,19.972403066,0
                100.314576601,19.9723256290001,0
                100.314712536,19.972267296,0
                100.314853605,19.9722184830001,0
                100.314994832,19.972188773,0
                100.315151334,19.9721732830001,0
                100.315282813,19.972186638,0
                100.315495523,19.972247162,0
                100.315667734,19.9722984310001,0
                100.315738838,19.9723141440001,0
                100.315746827,19.9723159100001,0
                100.31580087,19.97232088,0
                100.315880444,19.97232029,0
                100.315951356,19.9723036410001,0
                100.316016364,19.9722601670001,0
                100.316043122,19.9722344670001,0
                100.316092492,19.972187052,0
                100.316177127,19.9721111860001,0
                100.316258848,19.9720272820001,0
                100.316343348,19.971935295,0
                100.316425207,19.971867509,0
                100.316498694,19.9718185990001,0
                100.316637678,19.9717853230001,0
                100.316771094,19.9717655220001,0
                100.316901662,19.9717457420001,0
                100.317060854,19.971749936,0
                100.317231327,19.9717432940001,0
                100.317484346,19.971752167,0
                100.317757232,19.9717581990001,0
                100.317862252,19.9717412960001,0
                100.317972903,19.97171898,0
                100.31812017,19.971656083,0
                100.318278579,19.971566233,0
                100.318462609,19.971481564,0
                100.318592846,19.971421481,0
                100.318703032,19.9713427360001,0
                100.318847075,19.9712341860001,0
                100.318977419,19.971187537,0
                100.319139095,19.971148713,0
                100.319309451,19.9711286360001,0
                100.31940997,19.971115411,0
                100.31951969,19.971079364,0
                100.31965087,19.9710327760001,0
                100.319703138,19.971014547,0
                100.319778692,19.9709679580001,0
                100.31980353,19.970932126,0
                100.319858561,19.9708851410001,0
                100.31990412,19.9708158560001,0
                100.319924973,19.9707695120001,0
                100.319972695,19.97070696,0
                100.320038234,19.9706774480001,0
                100.320152181,19.970668307,0
                100.320264008,19.970667475,0
                100.320415062,19.970637326,0
                100.320537643,19.970611535,0
                100.320584202,19.9705970040001,0
                100.320629229,19.970573345,0
                100.320756689,19.9705213450001,0
                100.320909835,19.970482583,0
                100.321057436,19.970459986,0
                100.321224993,19.9704453030001,0
                100.32139819,19.9704252070001,0
                100.321647966,19.970385725,0
                100.321735748,19.970347455,0
                100.321834678,19.970282227,0
                100.321908095,19.970225252,0
                100.321958779,19.970168447,0
                100.322012033,19.970079378,0
                100.322053213,19.969993244,0
                100.322079074,19.9699391500001,0
                100.322129624,19.9698662230001,0
                100.322150298,19.9698340090001,0
                100.322188541,19.969774423,0
                100.322224949,19.969709661,0
                100.322266769,19.969612618,0
                100.322311544,19.969528983,0
                100.322359228,19.969453389,0
                100.322404249,19.969399314,0
                100.322466411,19.9693558590001,0
                100.322531528,19.969325816,0
                100.32262222,19.969295582,0
                100.322738603,19.969278592,0
                100.32287219,19.969280284,0
                100.323031424,19.9692898430001,0
                100.323219098,19.9693018780001,0
                100.323372781,19.9693276020001,0
                100.323503732,19.969353499,0
                100.323605877,19.969390941,0
                100.323683331,19.9694193330001,0
                100.323814304,19.9694479140001,0
                100.323959257,19.9694495200001,0
                100.324115424,19.969432232,0
                100.324251634,19.969407033,0
                100.324367811,19.9693658570001,0
                100.324469648,19.969308669,0
                100.324571234,19.969221926,0
                100.324667297,19.96915403,0
                100.324760606,19.9690969070001,0
                100.324782455,19.9690790670001,0
                100.324873518,19.9690047030001,0
                100.324929792,19.968937109,0
                100.324991549,19.968845287,0
                100.325030641,19.968761698,0
                100.325069572,19.9686592950001,0
                100.325092858,19.9686042480001,0
                100.325119738,19.968540691,0
                100.32516452,19.9684695230001,0
                100.325223964,19.968429746,0
                100.325745719,19.968231901,0
                100.326551658,19.9680317450001,0
                100.327139461,19.9679367570001,0
                100.32752217,19.967869181,0
                100.3276889,19.9678218060001,0
                100.327808847,19.967776444,0
                100.327945677,19.967714791,0
                100.328067607,19.967619203,0
                100.328352378,19.967410796,0
                100.328663847,19.967198277,0
                100.328995849,19.967023817,0
                100.329361948,19.9668976950001,0
                100.329894998,19.966803108,0
                100.330359391,19.9666831490001,0
                100.330877986,19.966498071,0
                100.331355739,19.9663391820001,0
                100.332011535,19.966191899,0
                100.332503843,19.966136432,0
                100.332982572,19.9660940140001,0
                100.333488567,19.9660384420001,0
                100.333912653,19.9660093700001,0
                100.334336195,19.965915593,0
                100.334677397,19.965796545,0
                100.334963412,19.965626152,0
                100.335303959,19.9654294580001,0
                100.335617349,19.965258853,0
                100.336026877,19.96512635,0
                100.33642304,19.9650327700001,0
                100.336928484,19.9649124860001,0
                100.33739221,19.9647148650001,0
                100.338046028,19.964334615,0
                100.338373427,19.964202727,0
                100.338810429,19.964082954,0
                100.339284153,19.9640390380001,0
                100.339796177,19.964109566,0
                100.340303524,19.9642140440001,0
                100.340783775,19.964352778,0
                100.34101778,19.9643514160001,0
                100.341248807,19.9643104360001,0
                100.341549375,19.9642434570001,0
                100.341813581,19.9641100480001,0
                100.342716093,19.9634449220001,0
                100.34346895,19.962981277,0
                100.344252552,19.9625746400001,0
                100.344601217,19.9624365710001,0
                100.34500734,19.962339947,0
                100.345914684,19.962247201,0
                100.346527244,19.9620962130001,0
                100.347242876,19.961807799,0
                100.348179754,19.961628955,0
                100.349449585,19.961447575,0
                100.350295407,19.96124079,0
                100.351089391,19.9609744150001,0
                100.352135218,19.9604539970001,0
                100.352978833,19.959989626,0
                100.353853445,19.959610872,0
                100.354758566,19.959260509,0
                100.355391761,19.958969457,0
                100.356134342,19.958696983,0
                100.356961796,19.958499515,0
                100.357448805,19.9584035410001,0
                100.358019466,19.958291075,0
                100.358956554,19.9581407970001,0
                100.360135539,19.9579600380001,0
                100.361676261,19.9576047630001,0
                100.362914049,19.957223185,0
                100.36310328,19.9571583970001,0
                100.363474195,19.957083588,0
                100.364705453,19.957004237,0
                100.365964153,19.9572508210001,0
                100.366506369,19.9572699450001,0
                100.36707182,19.957125809,0
                100.367513081,19.9568661430001,0
                100.372188095,19.953536914,0
                100.372431575,19.952594236,0
                100.372664703,19.9516020500001,0
                100.373019655,19.950723194,0
                100.373335642,19.9499970090001,0
                100.3736721,19.9493087560001,0
                100.373808963,19.948831548,0
                100.373764729,19.948374792,0
                100.373554098,19.947309848,0
                100.373220328,19.945979218,0
                100.372866255,19.9446296990001,0
                100.372489587,19.9429946660001,0
                100.372360356,19.9420243210001,0
                100.372312016,19.941091446,0
                100.372295703,19.9406487300001,0
                100.372259394,19.93966341,0
                100.372226752,19.9382161730001,0
                100.372057252,19.937246143,0
                100.371910688,19.9365997140001,0
                100.371621182,19.9357258360001,0
                100.371211834,19.9349671620001,0
                100.370618123,19.9338480320001,0
                100.369980528,19.9323102280001,0
                100.369650767,19.9314366610001,0
                100.369442003,19.9305812000001,0
                100.36929234,19.929572922,0
                100.369160848,19.9283359460001,0
                100.369068976,19.9270224840001,0
                100.369076975,19.9256130250001,0
                100.369146045,19.924279273,0
                100.369118529,19.9234224190001,0
                100.369009314,19.922432868,0
                100.368758488,19.9213682270001,0
                100.368531084,19.920684324,0
                100.368141274,19.919849303,0
                100.367569421,19.9189204510001,0
                100.36707976,19.9181814230001,0
                100.366711736,19.917536688,0
                100.366344534,19.9169871780001,0
                100.365775156,19.916343989,0
                100.365024721,19.9157212330001,0
                100.36383211,19.915197097,0
                100.362781933,19.914843273,0
                100.361681011,19.9145892330001,0
                100.361204193,19.9144643230001,0
                100.360704086,19.9142645960001,0
                100.360338761,19.914078718,0
                100.359998814,19.913916451,0
                100.359793657,19.913768028,0
                100.359531227,19.913545055,0
                100.359291261,19.9133004830001,0
                100.35903952,19.913002433,0
                100.358866236,19.91260736,0
                100.358623808,19.912073542,0
                100.358346029,19.911379292,0
                100.358113648,19.9106954100001,0
                100.357558377,19.9093390470001,0
                100.35717575,19.9083027680001,0
                100.357137344,19.908195606,0
                100.356720303,19.9065017630001,0
                100.35603513,19.904943625,0
                100.355856769,19.9045128390001,0
                100.355531364,19.904172139,0
                100.355111468,19.9037813210001,0
                100.353527637,19.902848637,0
                100.353333574,19.9026967830001,0
                100.352944769,19.9022604890001,0
                100.352638977,19.9019670050001,0
                100.352305157,19.901633261,0
                100.352052898,19.9012709200001,0
                100.351661912,19.900577517,0
                100.351635899,19.900534339,0
                100.351630106,19.9004556300001,0
                100.351652674,19.9002483620001,0
                100.351687744,19.9000812670001,0
                100.351686232,19.8999032150001,0
                100.351656547,19.899810626,0
                100.351630228,19.8997538030001,0
                100.351303523,19.899238542,0
                100.350842099,19.8986150010001,0
                100.350538941,19.8980075170001,0
                100.350243088,19.8975437940001,0
                100.350034569,19.8973382790001,0
                100.349856407,19.8971267800001,0
                100.349787904,19.896937463,0
                100.349730344,19.896604242,0
                100.349637064,19.8956442510001,0
                100.34966819,19.895011218,0
                100.349611801,19.8948160510001,0
                100.349384163,19.8945071320001,0
                100.349284866,19.8942720250001,0
                100.349265698,19.894162871,0
                100.349313176,19.894024444,0
                100.349595773,19.893642625,0
                100.349655367,19.8934983570001,0
                100.34966621,19.8933429480001,0
                100.34965137,19.8930266630001,0
                100.349586072,19.89249791,0
                100.349650331,19.8921867770001,0
                100.349708703,19.8918987010001,0
                100.34970729,19.891731883,0
                100.349657473,19.891594195,0
                100.349398656,19.891193469,0
                100.349061618,19.8908911300001,0
                100.348840995,19.890691459,0
                100.348444073,19.890498875,0
                100.348163857,19.890443469,0
                100.347986777,19.890358522,0
                100.347760466,19.890204913,0
                100.347528956,19.889923621,0
                100.347238179,19.8895703150001,0
                100.346919536,19.889285091,0
                100.346715459,19.8888839460001,0
                100.346695489,19.8888503430001,0
                100.346616753,19.8887178640001,0
                100.346390446,19.888564253,0
                100.346241974,19.888266236,0
                100.346203203,19.887996152,0
                100.346189193,19.887777654,0
                100.346090149,19.887571306,0
                100.345869001,19.887308352,0
                100.345818849,19.8871304,0
                100.345810822,19.8869003510001,0
                100.345784846,19.8867049560001,0
                100.345643189,19.8864931750001,0
                100.34534095,19.885989221,0
                100.345233677,19.8858861300001,0
                100.344960831,19.8856239180001,0
                100.344539535,19.885176507,0
                100.344376557,19.885053269,0
                100.343992907,19.88464914,0
                100.343801285,19.8844707380001,0
                100.343729891,19.8843103610001,0
                100.343727895,19.8840737310001,0
                100.343795617,19.883798713,0
                100.343983406,19.8835227920001,0
                100.344520109,19.8830927820001,0
                100.344917053,19.88270169,0
                100.345005587,19.882521173,0
                100.344994061,19.8823414120001,0
                100.344841825,19.882086988,0
                100.344780036,19.8818792060001,0
                100.344778199,19.8816615100001,0
                100.344815742,19.881367788,0
                100.344864092,19.8811686450001,0
                100.344791497,19.88086629,0
                100.344597243,19.8803755370001,0
                100.344391789,19.879742885,0
                100.34433753,19.879241613,0
                100.344302725,19.8786739340001,0
                100.344256341,19.878530905,0
                100.343984261,19.877691901,0
                100.343882377,19.8774749570001,0
                100.343771785,19.877322748,0
                100.343629294,19.8771266370001,0
                100.34336669,19.876835178,0
                100.342843234,19.876460497,0
                100.342671872,19.8763103370001,0
                100.342660912,19.8761968320001,0
                100.342694392,19.8754203880001,0
                100.342609092,19.8747962950001,0
                100.342532535,19.8744978300001,0
                100.34248449,19.874026956,0
                100.342476229,19.873776702,0
                100.342481238,19.87353703,0
                100.342533299,19.8732465320001,0
                100.342562936,19.873112416,0
                100.342573967,19.8729609800001,0
                100.342572104,19.8727397800001,0
                100.342521558,19.8725829860001,0
                100.34243375,19.872385723,0
                100.341919095,19.871910621,0
                100.341841255,19.871838762,0
                100.340189797,19.8706359450001,0
                100.340018835,19.870466809,0
                100.339889159,19.870167039,0
                100.339380136,19.8688576120001,0
                100.33935608,19.8685169460001,0
                100.33936095,19.8678352210001,0
                100.339336813,19.8674845310001,0
                100.339219086,19.8673450680001,0
                100.339059482,19.867266069,0
                100.337285164,19.866697953,0
                100.335614131,19.8658082470001,0
                100.335294088,19.865550001,0
                100.334908797,19.8650917420001,0
                100.333712144,19.863907743,0
                100.333358813,19.863469293,0
                100.332988526,19.862269075,0
                100.332898823,19.861678279,0
                100.332943505,19.86068548,0
                100.332938982,19.860144172,0
                100.332872731,19.859823868,0
                100.332550948,19.8593551070001,0
                100.332506393,19.8590947910001,0
                100.332524233,19.8586936610001,0
                100.332643587,19.857760457,0
                100.332639149,19.8572291680001,0
                100.332389021,19.8564591200001,0
                100.332343965,19.856138661,0
                100.332383999,19.855857665,0
                100.332551424,19.8556057930001,0
                100.33272877,19.855273644,0
                100.332759716,19.8551731650001,0
                100.332722156,19.8544817270001,0
                100.332665081,19.853990933,0
                100.332555704,19.8535807320001,0
                100.332287244,19.8531516670001,0
                100.331912419,19.8526732710001,0
                100.331740144,19.852343736,0
                100.331630771,19.8519335340001,0
                100.33161191,19.851745496,0
                100.33160766,19.851703135,0
                100.331458,19.851543851,0
                100.331325152,19.851490036,0
                100.331287905,19.851474947,0
                100.331012364,19.8514669800001,0
                100.330831843,19.8514182050001,0
                100.33066166,19.8513392730001,0
                100.33053336,19.851199885,0
                100.330250589,19.850761827,0
                100.33024355,19.8507509250001,0
                100.329848385,19.850372926,0
                100.328344235,19.8491410500001,0
                100.32749945,19.8482050000001,0
                100.327294675,19.847969167,0
                100.327252851,19.8479138590001,0
                100.327114263,19.847431027,0
                100.326959601,19.846593634,0
                100.326773314,19.845504915,0
                100.326500233,19.844271211,0
                100.325528047,19.844427812,0
                100.324786282,19.8445472930001,0
                100.322748197,19.844900054,0
                100.322578425,19.8449294390001,0
                100.322037663,19.8449773410001,0
                100.321404011,19.845011297,0
                100.320862885,19.8450153060001,0
                100.320135982,19.8449914280001,0
                100.319548471,19.8449957760001,0
                100.319100228,19.8450137200001,0
                100.318605001,19.844958863,0
                100.318046479,19.844728908,0
                100.317549921,19.844513122,0
                100.316992126,19.8443709380001,0
                100.316481439,19.844316189,0
                100.316002156,19.844319726,0
                100.315492795,19.8444258960001,0
                100.314999739,19.844634356,0
                100.314614662,19.844812758,0
                100.314245769,19.8450788210001,0
                100.313738571,19.845448317,0
                100.313352506,19.8457856410001,0
                100.313231972,19.8458909560001,0
                100.31287938,19.846259311,0
                100.312603966,19.8466124660001,0
                100.31249778,19.8467760450001,0
                100.312298597,19.8470828810001,0
                100.312257541,19.8471471240001,0
                100.311451385,19.847600071,0
                100.311003341,19.847987624,0
                100.310826714,19.848458571,0
                100.310721624,19.8493986460001,0
                100.310187441,19.850784676,0
                100.310042293,19.8509911350001,0
                100.309996841,19.851049975,0
                100.309644497,19.851506117,0
                100.309527189,19.8516079450001,0
                100.30916855,19.85191926,0
                100.309138721,19.8519368620001,0
                100.308691521,19.852200738,0
                100.308152641,19.852482669,0
                100.307690473,19.852690883,0
                100.307135292,19.852870518,0
                100.306194049,19.8531115050001,0
                100.305662138,19.853302652,0
                100.305452774,19.8534506840001,0
                100.305365151,19.853771545,0
                100.305237115,19.8546690860001,0
                100.305218048,19.855096185,0
                100.305107511,19.8553745140001,0
                100.304747928,19.855547926,0
                100.30461343,19.8556556500001,0
                100.303892692,19.855810358,0
                100.303261673,19.855900363,0
                100.302224556,19.855993337,0
                100.301767736,19.856010181,0
                100.301764471,19.8560114470001,0
                100.301586632,19.8560999430001,0
                100.301552884,19.856116737,0
                100.301287058,19.856249017,0
                100.301100485,19.856403491,0
                100.300994329,19.856552025,0
                100.300889936,19.85685176,0
                100.3008005,19.857262066,0
                100.300772916,19.857671915,0
                100.300715455,19.85826253,0
                100.300658519,19.858813915,0
                100.300540667,19.859531659,0
                100.300374633,19.860030303,0
                100.300157066,19.860409121,0
                100.299900305,19.86064824,0
                100.299654576,19.8608548560001,0
                100.299313346,19.8610801940001,0
                100.298854101,19.8612996000001,0
                100.298360966,19.8615080180001,0
                100.297883055,19.861687063,0
                100.297373981,19.8618370740001,0
                100.296926874,19.862001261,0
                100.296480122,19.862209336,0
                100.296280656,19.862400983,0
                100.296143514,19.862650697,0
                100.296027529,19.863006785,0
                100.295950922,19.863213079,0
                100.295770941,19.86354357,0
                100.295616919,19.863857415,0
                100.295410983,19.864204553,0
                100.295161148,19.864502637,0
                100.294911116,19.864776029,0
                100.294716828,19.8650320300001,0
                100.294678745,19.8650822120001,0
                100.294472199,19.865355288,0
                100.294290811,19.865512966,0
                100.294048207,19.865629943,0
                100.293753411,19.865747298,0
                100.293501974,19.8658478770001,0
                100.293409993,19.865888854,0
                100.293276625,19.86594827,0
                100.29308634,19.8660813230001,0
                100.292887622,19.866247356,0
                100.292654511,19.8664630160001,0
                100.292420732,19.866596384,0
                100.292295889,19.8666684900001,0
                100.292160994,19.866746402,0
                100.291962274,19.866912434,0
                100.291841767,19.8670696680001,0
                100.291774115,19.8673088200001,0
                100.291654079,19.867523658,0
                100.291516173,19.867681018,0
                100.291325751,19.8677976130001,0
                100.29096183,19.867973073,0
                100.29074538,19.8680980820001,0
                100.290486036,19.8682974720001,0
                100.290235658,19.868529715,0
                100.290008672,19.868824519,0
                100.289937239,19.868917293,0
                100.289649611,19.869204666,0
                100.289489642,19.8695020920001,0
                100.289388455,19.8698978410001,0
                100.289322333,19.8703262610001,0
                100.289277449,19.870513123,0
                100.289263549,19.870539728,0
                100.289234471,19.8705954000001,0
                100.289167549,19.870669854,0
                100.289096938,19.870727521,0
                100.289012742,19.87076741,0
                100.288758218,19.870846063,0
                100.288584697,19.870902179,0
                100.28834212,19.8710246370001,0
                100.288099903,19.8711909800001,0
                100.287938865,19.8713567360001,0
                100.287824126,19.871511184,0
                100.287764108,19.8716211,0
                100.287709835,19.871720494,0
                100.287515066,19.872018166,0
                100.287273107,19.872217425,0
                100.287018361,19.872441754,0
                100.287013529,19.872446009,0
                100.287000492,19.8724481630001,0
                100.286013344,19.872611147,0
                100.28567165,19.8727181530001,0
                100.28494011,19.8729472480001,0
                100.284424836,19.873120349,0
                100.283544895,19.8734159540001,0
                100.283192083,19.873534475,0
                100.283124849,19.873561233,0
                100.282865866,19.8736421240001,0
                100.282740534,19.8736909300001,0
                100.28266041,19.8737162900001,0
                100.282562909,19.873751682,0
                100.282481163,19.8737919170001,0
                100.282415077,19.873825434,0
                100.282312351,19.8738625170001,0
                100.282214837,19.87389626,0
                100.282145154,19.8739165850001,0
                100.282007412,19.8739423550001,0
                100.281913281,19.8739628550001,0
                100.281843598,19.87398318,0
                100.28175648,19.8740069360001,0
                100.281692004,19.8740239210001,0
                100.281624082,19.874045881,0
                100.28157367,19.87407433,0
                100.281526926,19.874124228,0
                100.281497573,19.874165738,0
                100.281475231,19.8742105010001,0
                100.281463353,19.8742535390001,0
                100.28144801,19.8742999040001,0
                100.281439654,19.8743462190001,0
                100.281427908,19.874405773,0
                100.281423042,19.874452063,0
                100.28140946,19.8745000690001,0
                100.2813881,19.8745290580001,0
                100.281380093,19.8745399310001,0
                100.281315887,19.87458995,0
                100.28126386,19.8746349260001,0
                100.281232764,19.874676449,0
                100.281205251,19.8747295110001,0
                100.2811882,19.874780844,0
                100.281178149,19.8748337810001,0
                100.281162979,19.874901621,0
                100.281145889,19.874947999,0
                100.281111289,19.874987898,0
                100.28106434,19.875013015,0
                100.281008663,19.8750381940001,0
                100.280954694,19.8750584050001,0
                100.280869349,19.8750854510001,0
                100.280750802,19.875109433,0
                100.280679594,19.8751349090001,0
                100.280670704,19.8751380900001,0
                100.28061331,19.8751665880001,0
                100.280559461,19.8752016650001,0
                100.280518016,19.875259783,0
                100.280490612,19.8753022010001,0
                100.280478349,19.8753211910001,0
                100.280449115,19.875377567,0
                100.280423375,19.8754339230001,0
                100.280397596,19.8754853190001,0
                100.280363031,19.87553017,0
                100.280311003,19.87557515,0
                100.28025898,19.8756201250001,0
                100.280231321,19.8756550140001,0
                100.280200224,19.8756965370001,0
                100.280172829,19.875764465,0
                100.280138449,19.875832444,0
                100.280121266,19.875867257,0
                100.280095235,19.8758872720001,0
                100.28003255,19.875909199,0
                100.279962795,19.875921261,0
                100.27987729,19.875928484,0
                100.27981103,19.875940525,0
                100.27975357,19.875960761,0
                100.279705011,19.876002409,0
                100.279666902,19.8760406800001,0
                100.279633951,19.8760689980001,0
                100.279602875,19.876113827,0
                100.279573486,19.876150382,0
                100.279505677,19.876187213,0
                100.279432529,19.876210863,0
                100.279361137,19.8762361550001,0
                100.279281171,19.876281335,0
                100.279213499,19.8763346860001,0
                100.279142266,19.8763797990001,0
                100.279077952,19.876416604,0
                100.27903448,19.876440046,0
                100.278971914,19.8764768390001,0
                100.27893903,19.876513419,0
                100.278894,19.8765599970001,0
                100.27883507,19.876614934,0
                100.278781299,19.8766599260001,0
                100.278750003,19.876676667,0
                100.278713358,19.8766802370001,0
                100.278666055,19.8766607530001,0
                100.278623965,19.8766379260001,0
                100.278578471,19.8766266870001,0
                100.278506986,19.8766404190001,0
                100.278452884,19.876644109,0
                100.278388358,19.876654484,0
                100.278322071,19.876663222,0
                100.278259182,19.8766603670001,0
                100.278203199,19.876647555,0
                100.278150646,19.8766264560001,0
                100.27810502,19.8765986980001,0
                100.278059249,19.876552771,0
                100.278013522,19.8765118000001,0
                100.277939614,19.8764412960001,0
                100.277864056,19.876382365,0
                100.277809556,19.876336501,0
                100.277770969,19.876315302,0
                100.277722052,19.87631235,0
                100.277669679,19.8763143790001,0
                100.277629601,19.876324578,0
                100.277577427,19.8763513850001,0
                100.27751847,19.8764030180001,0
                100.277471706,19.876451262,0
                100.277430185,19.8764994640001,0
                100.277367817,19.876561038,0
                100.277307086,19.8766093780001,0
                100.277261844,19.8766295300001,0
                100.277211272,19.8766381500001,0
                100.277155421,19.876641853,0
                100.277069837,19.876639165,0
                100.276982492,19.8766348350001,0
                100.276916139,19.876635311,0
                100.276837601,19.87664083,0
                100.276764333,19.876649613,0
                100.276705099,19.8766665580001,0
                100.276633719,19.876693502,0
                100.276569413,19.87673196,0
                100.276513687,19.876750529,0
                100.276456075,19.876752595,0
                100.276400053,19.876734823,0
                100.276342116,19.876695592,0
                100.276271624,19.8766151520001,0
                100.276187042,19.876519941,0
                100.276090117,19.876409951,0
                100.276030208,19.876342654,0
                100.275979199,19.8762967590001,0
                100.27593007,19.876267377,0
                100.275873973,19.8762396980001,0
                100.27582484,19.876210311,0
                100.275754706,19.87617447,0
                100.275672215,19.876122201,0
                100.275617743,19.8760796380001,0
                100.275521034,19.8759960780001,0
                100.275482231,19.8759667890001,0
                100.275381934,19.876033942,0
                100.275094826,19.8762378960001,0
                100.274778139,19.876406435,0
                100.274507418,19.8765667260001,0
                100.2743117,19.8766868880001,0
                100.274215867,19.8767390420001,0
                100.274111383,19.8767556240001,0
                100.27394822,19.876760748,0
                100.273730444,19.8767385530001,0
                100.273437058,19.876681272,0
                100.273164659,19.876631751,0
                100.27290513,19.8766217300001,0
                100.272737847,19.8766348020001,0
                100.272482754,19.8766564200001,0
                100.272248648,19.876685804,0
                100.271977228,19.876759002,0
                100.271559445,19.8768451220001,0
                100.271325749,19.8769259640001,0
                100.271142203,19.8769985340001,0
                100.271087901,19.8770107980001,0
                100.270937291,19.8770158310001,0
                100.270744837,19.8770211660001,0
                100.270669611,19.8770335790001,0
                100.270598825,19.877077629,0
                100.270540462,19.8771057600001,0
                100.270390041,19.8771345440001,0
                100.270373399,19.877146539,0
                100.270382401,19.8772256500001,0
                100.270390924,19.877245385,0
                100.270353363,19.8772575290001,0
                100.270223803,19.877278249,0
                100.270140332,19.8773065550001,0
                100.270090371,19.8773385800001,0
                100.269990353,19.8773907610001,0
                100.269911133,19.877426956,0
                100.269548316,19.877583934,0
                100.269473278,19.8776200990001,0
                100.269423442,19.877667961,0
                100.26936543,19.877739634,0
                100.269327927,19.877759693,0
                100.269223537,19.8777881520001,0
                100.269098978,19.877911763,0
                100.268849488,19.8781114820001,0
                100.268666785,19.8782909330001,0
                100.268633407,19.8783030480001,0
                100.268541223,19.8782878660001,0
                100.268433589,19.8784351090001,0
                100.268296791,19.8785983990001,0
                100.268184633,19.8787021260001,0
                100.268035155,19.8788496670001,0
                100.267814983,19.8790531330001,0
                100.267785724,19.879057303,0
                100.267760491,19.879041649,0
                100.267469113,19.8787111770001,0
                100.267139702,19.8783334730001,0
                100.267102136,19.878345617,0
                100.266810888,19.878557507,0
                100.266364975,19.8787902920001,0
                100.266305729,19.8787075770001,0
                100.266055479,19.8788122880001,0
                100.265793142,19.8789764640001,0
                100.265651686,19.8790803970001,0
                100.265273193,19.8793720840001,0
                100.265248274,19.8793960140001,0
                100.265240249,19.87943962,0
                100.265363264,19.879648564,0
                100.265363358,19.8796604400001,0
                100.26532589,19.8796844600001,0
                100.265008996,19.879829226,0
                100.264930088,19.879905009,0
                100.264884307,19.8799370020001,0
                100.264821853,19.879977033,0
                100.264513956,19.8802009180001,0
                100.264318195,19.880317113,0
                100.264138364,19.8804351320001,0
                100.264152513,19.880464003,0
                100.264152701,19.8804877100001,0
                100.264141743,19.8805101720001,0
                100.264119639,19.8805313990001,0
                100.264080884,19.88055933,0
                100.264014421,19.8806045750001,0
                100.263913438,19.8806843040001,0
                100.263795903,19.880783906,0
                100.263721192,19.8808423830001,0
                100.263634072,19.8809154260001,0
                100.263472234,19.8810456320001,0
                100.263367166,19.8811372440001,0
                100.263183308,19.8812992060001,0
                100.263116907,19.881352356,0
                100.263032553,19.8814227460001,0
                100.262962125,19.881494361,0
                100.26290278,19.881559306,0
                100.262850365,19.8816202580001,0
                100.262828459,19.881666502,0
                100.262810789,19.8817206210001,0
                100.262797318,19.8817773440001,0
                100.262789467,19.8818406090001,0
                100.262784192,19.8818775190001,0
                100.262770523,19.8819092210001,0
                100.262748523,19.8819436150001,0
                100.262705766,19.8819939640001,0
                100.262672724,19.8820402860001,0
                100.262614731,19.8820999590001,0
                100.262548533,19.882178126,0
                100.262465824,19.8822814280001,0
                100.26235819,19.882400713,0
                100.262267051,19.88249354,0
                100.262206363,19.8825650860001,0
                100.262174736,19.882614032,0
                100.262161077,19.882647053,0
                100.262146097,19.882689299,0
                100.262128369,19.8827355170001,0
                100.262092527,19.8827805440001,0
                100.262049692,19.882820354,0
                100.261995778,19.8828681430001,0
                100.261941854,19.882914618,0
                100.261890656,19.882953172,0
                100.26184768,19.882975862,0
                100.261810199,19.8829892960001,0
                100.261775454,19.882996129,0
                100.261742047,19.8829963650001,0
                100.26169881,19.882986137,0
                100.26166112,19.8829732350001,0
                100.261615125,19.88296566,0
                100.261585943,19.882972449,0
                100.261558281,19.882995034,0
                100.261530765,19.8830360490001,0
                100.261501927,19.8830862990001,0
                100.261482815,19.8831338420001,0
                100.26146785,19.8831774020001,0
                100.261451371,19.883206495,0
                100.26142235,19.883233037,0
                100.261390478,19.883251699,0
                100.261301057,19.883303472,0
                100.261259626,19.88333443,0
                100.261203223,19.883375352,0
                100.261152654,19.8834217040001,0
                100.261118184,19.8834548040001,0
                100.261085987,19.8834824090001,0
                100.261029544,19.883517855,0
                100.260989321,19.883555374,0
                100.260962963,19.88358951,0
                100.260934346,19.8836302350001,0
                100.260900015,19.883680854,0
                100.260865839,19.883751186,0
                100.2607663,19.883899737,0
                100.260728574,19.8839602360001,0
                100.26070113,19.8840031400001,0
                100.260672508,19.884043865,0
                100.260623181,19.8841011580001,0
                100.26058082,19.8841605970001,0
                100.260552164,19.88419694,0
                100.260536147,19.8842211460001,0
                100.260528217,19.8842431080001,0
                100.260527356,19.8842803470001,0
                100.260532343,19.8843252120001,0
                100.260542079,19.8843853760001,0
                100.260556472,19.884448795,0
                100.260581597,19.884551559,0
                100.260606506,19.8846269480001,0
                100.260613778,19.8846685120001,0
                100.260611748,19.8847046670001,0
                100.260607381,19.884737554,0
                100.260585698,19.8847771320001,0
                100.260572102,19.8848144620001,0
                100.260560804,19.8848495890001,0
                100.260558834,19.8848934060001,0
                100.260556813,19.884930658,0
                100.260552527,19.884974491,0
                100.260542385,19.8850096100001,0
                100.260521784,19.8850393230001,0
                100.260494184,19.8850625170001,0
                100.26046309,19.885083545,0
                100.260405391,19.885106953,0
                100.260358059,19.885123713,0
                100.260308377,19.885136113,0
                100.260219407,19.8851575510001,0
                100.260169751,19.885173235,0
                100.260112095,19.8852021170001,0
                100.260051024,19.885238686,0
                100.259991083,19.885270873,0
                100.259951911,19.885295242,0
                100.259908207,19.885331692,0
                100.259863347,19.88536815,0
                100.259819583,19.885396934,0
                100.259763108,19.885429092,0
                100.259697383,19.885462408,0
                100.259644377,19.885493449,0
                100.259577548,19.885533346,0
                100.259502654,19.885578776,0
                100.25943351,19.8856186940001,0
                100.259347132,19.885675156,0
                100.259295324,19.8857116630001,0
                100.259251602,19.8857459220001,0
                100.259219387,19.885771339,0
                100.259190743,19.885808776,0
                100.259167882,19.885846171,0
                100.259145008,19.8858813800001,0
                100.259117442,19.885908951,0
                100.259087525,19.8859321620001,0
                100.259044821,19.8859488900001,0
                100.258987147,19.885975581,0
                100.258907591,19.886016666,0
                100.258873116,19.8860486680001,0
                100.258847878,19.8860784140001,0
                100.258814576,19.8861125990001,0
                100.2587813,19.8861500720001,0
                100.258746872,19.886188643,0
                100.258695003,19.886217484,0
                100.258612045,19.8862673520001,0
                100.258560314,19.8863137160001,0
                100.258484368,19.8863722940001,0
                100.258430292,19.886414292,0
                100.258392384,19.886451794,0
                100.258367202,19.8864881120001,0
                100.258350258,19.886541896,0
                100.258336903,19.8866098890001,0
                100.258331548,19.886664685,0
                100.258338868,19.8867117240001,0
                100.258350763,19.8867521620001,0
                100.258402311,19.8868295500001,0
                100.258473681,19.8869243250001,0
                100.258583565,19.8870582530001,0
                100.258771654,19.8872737610001,0
                100.258899014,19.8874218,0
                100.258977389,19.8875241920001,0
                100.25898799,19.8875471110001,0
                100.258988155,19.8875679180001,0
                100.258980155,19.887581116,0
                100.258962896,19.8875943800001,0
                100.258923697,19.8876154650001,0
                100.258866144,19.8876574870001,0
                100.258798358,19.887722581,0
                100.258743166,19.8877927410001,0
                100.258680537,19.887885586,0
                100.258628858,19.887960875,0
                100.258598543,19.887999547,0
                100.258550339,19.888046839,0
                100.258455536,19.8881439090001,0
                100.258383234,19.888215346,0
                100.258330816,19.8882636660001,0
                100.258289361,19.888295925,0
                100.258193751,19.8883580350001,0
                100.258134898,19.8883939140001,0
                100.258097005,19.8884091670001,0
                100.258062217,19.8884174040001,0
                100.258021075,19.88842219,0
                100.257991502,19.8884218970001,0
                100.25795819,19.8884156410001,0
                100.257929605,19.888406853,0
                100.257898867,19.8883925870001,0
                100.257850581,19.888362457,0
                100.257800671,19.888327347,0
                100.25774648,19.888284777,0
                100.257700155,19.8882356550001,0
                100.257670271,19.8881959080001,0
                100.257654752,19.888169545,0
                100.257632177,19.888119257,0
                100.257610627,19.888064467,0
                100.257576538,19.88796032,0
                100.257540366,19.887859179,0
                100.257513428,19.887790942,0
                100.257497845,19.887757089,0
                100.257471575,19.8877063300001,0
                100.257412246,19.887615345,0
                100.257351815,19.887517872,0
                100.25730432,19.8874547770001,0
                100.257267005,19.8874095840001,0
                100.257238797,19.887381314,0
                100.257206905,19.887354569,0
                100.257172937,19.8873323340001,0
                100.257150125,19.8873185090001,0
                100.257104061,19.88730235,0
                100.25702786,19.887280914,0
                100.256999268,19.8872706270001,0
                100.256972214,19.887254834,0
                100.256945666,19.8872360390001,0
                100.256910553,19.887202324,0
                100.256885518,19.887175029,0
                100.256859967,19.8871487370001,0
                100.256850947,19.887142806,0
                100.256839835,19.887139889,0
                100.256827165,19.88714048,0
                100.256811891,19.8871450830001,0
                100.256788761,19.8871582300001,0
                100.256735575,19.8871987570001,0
                100.256646894,19.887260655,0
                100.256565602,19.887308288,0
                100.256443125,19.887370424,0
                100.256339411,19.8874306480001,0
                100.256287145,19.8874691990001,0
                100.256192439,19.8875544950001,0
                100.256113445,19.887630722,0
                100.255986964,19.8877616020001,0
                100.255900219,19.887859613,0
                100.255819308,19.887944093,0
                100.255765544,19.8880059110001,0
                100.255706277,19.888073008,0
                100.255644762,19.888156601,0
                100.255562889,19.8882699370001,0
                100.255534667,19.888306476,0
                100.255511889,19.888330981,0
                100.255497336,19.888343449,0
                100.255480395,19.888354808,0
                100.255462253,19.8883639260001,0
                100.255446452,19.888368907,0
                100.255427475,19.888372786,0
                100.255413224,19.888373261,0
                100.255396984,19.888373001,0
                100.2553831,19.888369729,0
                100.255371559,19.8883626900001,0
                100.255357621,19.888352674,0
                100.25533648,19.8883333430001,0
                100.255312893,19.888305415,0
                100.255281725,19.8882700450001,0
                100.25525051,19.888228686,0
                100.255238466,19.8882074210001,0
                100.255233188,19.8881909730001,0
                100.255229051,19.8881689030001,0
                100.255220805,19.888127377,0
                100.255210546,19.888081749,0
                100.255202737,19.8880458400001,0
                100.255195059,19.8880260390001,0
                100.25518385,19.8880107590001,0
                100.255172276,19.8879996050001,0
                100.255153963,19.8879869950001,0
                100.25513767,19.887979994,0
                100.25510276,19.887972001,0
                100.255064316,19.887967772,0
                100.25503143,19.8879657590001,0
                100.25500331,19.887965582,0
                100.254977199,19.8879683860001,0
                100.254934896,19.8879773040001,0
                100.254881171,19.8879937880001,0
                100.254841687,19.888009051,0
                100.254805374,19.8880242920001,0
                100.254782512,19.8880375630001,0
                100.254756515,19.8880553550001,0
                100.254736829,19.8880697290001,0
                100.254717959,19.888087092,0
                100.254696376,19.888112344,0
                100.254672863,19.888143604,0
                100.254652499,19.888172592,0
                100.254631348,19.8882023310001,0
                100.254611345,19.888226822,0
                100.254591321,19.888248692,0
                100.254569685,19.8882672,0
                100.254551572,19.888280062,0
                100.254535022,19.8882906690001,0
                100.254518452,19.888298655,0
                100.254495942,19.888306304,0
                100.254464324,19.888314392,0
                100.254434271,19.888319848,0
                100.254403411,19.8883234410001,0
                100.254357098,19.8883260120001,0
                100.254301664,19.8883267780001,0
                100.254195972,19.888332017,0
                100.254108104,19.888337881,0
                100.254059428,19.888342344,0
                100.254015919,19.8883486450001,0
                100.253963727,19.888359128,0
                100.253941218,19.888366777,0
                100.253928683,19.8883729950001,0
                100.253928198,19.888373238,0
                100.253915984,19.8883808140001,0
                100.253902627,19.8883947730001,0
                100.253893233,19.888408699,0
                100.253881922,19.8884308780001,0
                100.253873383,19.8884526680001,0
                100.253868524,19.8884772550001,0
                100.253873681,19.8885166210001,0
                100.253880738,19.8885316550001,0
                100.25388923,19.888543305,0
                100.253918913,19.8885654260001,0
                100.253969898,19.888595213,0
                100.254009031,19.8886183830001,0
                100.254048261,19.888663707,0
                100.25406376,19.8886924880001,0
                100.254073236,19.8887156600001,0
                100.254080795,19.8887482640001,0
                100.254087788,19.8887934310001,0
                100.254088159,19.8888405280001,0
                100.254083131,19.888876365,0
                100.254070251,19.8889266960001,0
                100.254054017,19.888973283,0
                100.254035139,19.88902052,0
                100.253999844,19.8890911070001,0
                100.253957316,19.889170537,0
                100.253904153,19.8892487890001,0
                100.253870662,19.889295497,0
                100.253828536,19.8893416380001,0
                100.253785702,19.889382133,0
                100.253748757,19.889411911,0
                100.253673467,19.8894620570001,0
                100.253577001,19.8895211440001,0
                100.253505659,19.889566863,0
                100.253450203,19.8896068180001,0
                100.253409984,19.8896422710001,0
                100.253352011,19.889699831,0
                100.253329586,19.8897181990001,0
                100.253312372,19.889724604,0
                100.253300429,19.8897253160001,0
                100.253285152,19.889724168,0
                100.25327049,19.889717359,0
                100.253262446,19.8897073690001,0
                100.253256388,19.8896967360001,0
                100.25325561,19.8896822950001,0
                100.253252718,19.889652169,0
                100.253252932,19.889595021,0
                100.25325276,19.889526463,0
                100.253246454,19.889475147,0
                100.253236398,19.889397064,0
                100.253227733,19.889345765,0
                100.253214335,19.889293384,0
                100.253194751,19.8892042050001,0
                100.253176592,19.8891462730001,0
                100.253153622,19.8890772120001,0
                100.253128337,19.889013751,0
                100.253093471,19.8889324950001,0
                100.253046738,19.888843503,0
                100.252974813,19.8887022160001,0
                100.252882515,19.8885219910001,0
                100.252780754,19.888339606,0
                100.252718517,19.8882295080001,0
                100.252673052,19.888151674,0
                100.252604992,19.888051669,0
                100.252545368,19.887973935,0
                100.252473931,19.8878951680001,0
                100.252412106,19.887837543,0
                100.252327795,19.887772265,0
                100.252272,19.887731349,0
                100.252203238,19.887692756,0
                100.252130934,19.887653067,0
                100.252071666,19.887621107,0
                100.252017178,19.887595812,0
                100.251939089,19.8875717990001,0
                100.251793652,19.887538208,0
                100.251677765,19.887509993,0
                100.251568865,19.887469636,0
                100.251431527,19.8874155230001,0
                100.251335176,19.887370053,0
                100.251298948,19.88736584,0
                100.25126912,19.8873749810001,0
                100.251184931,19.8874753110001,0
                100.251094572,19.8875920620001,0
                100.251030583,19.8876595020001,0
                100.250963349,19.887715053,0
                100.250921049,19.8877391710001,0
                100.250856716,19.8877634400001,0
                100.25080647,19.887777192,0
                100.250751473,19.887788001,0
                100.250694846,19.8877913750001,0
                100.250636602,19.887788808,0
                100.250508986,19.887770351,0
                100.250463449,19.887764932,0
                100.250234313,19.8877376660001,0
                100.250004915,19.888160554,0
                100.249745414,19.8885473500001,0
                100.249536412,19.8888150780001,0
                100.249288288,19.889079381,0
                100.24910572,19.8892285850001,0
                100.248922745,19.889326021,0
                100.248657849,19.8894462170001,0
                100.248424286,19.8895735880001,0
                100.248222199,19.8897266290001,0
                100.248055355,19.889886813,0
                100.247920069,19.89008376,0
                100.247808323,19.8902916340001,0
                100.247708512,19.8905253140001,0
                100.247647151,19.8906773620001,0
                100.247625031,19.890847631,0
                100.247615157,19.891084376,0
                100.247644142,19.891291263,0
                100.247712509,19.891534859,0
                100.247906695,19.8918700200001,0
                100.248216483,19.892489122,0
                100.248470209,19.892938508,0
                100.248819587,19.893620202,0
                100.248997562,19.893881514,0
                100.249226587,19.894172053,0
                100.249569681,19.8945505470001,0
                100.249825844,19.89481131,0
                100.250070193,19.8950610640001,0
                100.250401184,19.8953915610001,0
                100.250810625,19.8957547960001,0
                100.250991558,19.8958940480001,0
                100.251258695,19.8960585830001,0
                100.251647052,19.896225966,0
                100.252089823,19.896352279,0
                100.252720412,19.896499464,0
                100.252766282,19.8965119260001,0
                100.252983949,19.8966243850001,0
                100.253368503,19.896857927,0
                100.253488619,19.8970384520001,0
                100.253515966,19.897170945,0
                100.2535171,19.8971764390001,0
                100.253509295,19.897344909,0
                100.253455091,19.897418701,0
                100.253434383,19.897434404,0
                100.253368866,19.8974840860001,0
                100.253246019,19.897536772,0
                100.252958692,19.8975733410001,0
                100.252542517,19.8976404380001,0
                100.252370516,19.8976681670001,0
                100.252268292,19.8977061850001,0
                100.252133812,19.8977561990001,0
                100.251878986,19.89786163,0
                100.251629332,19.898044757,0
                100.251541607,19.89812898,0
                100.251416371,19.8982492150001,0
                100.251259073,19.898565562,0
                100.251238785,19.898612056,0
                100.251040258,19.899067007,0
                100.25103036,19.899089689,0
                100.251007635,19.899176776,0
                100.250941623,19.8994297520001,0
                100.250910696,19.8995482720001,0
                100.25080592,19.9001578950001,0
                100.250685242,19.9004869400001,0
                100.25058499,19.90068017,0
                100.249660122,19.9024627740001,0
                100.249659846,19.902463305,0
                100.249659701,19.9024636830001,0
                100.249207951,19.903636749,0
                100.249181912,19.903809665,0
                100.249187597,19.903952127,0
                100.249201848,19.904007216,0
                100.249229971,19.904115926,0
                100.249373121,19.904322204,0
                100.24953372,19.9044247140001,0
                100.249629664,19.9044563210001,0
                100.249858721,19.904531783,0
                100.249968717,19.904543609,0
                100.250089885,19.904539062,0
                100.250203027,19.904508682,0
                100.250448224,19.904366431,0
                100.251015318,19.9038927890001,0
                100.251508131,19.903419673,0
                100.2516908,19.90328156,0
                100.251819315,19.903217785,0
                100.251998804,19.903172146,0
                100.252381551,19.9031213760001,0
                100.253073092,19.9030610350001,0
                100.253804105,19.9030484900001,0
                100.254101339,19.9030611900001,0
                100.254343754,19.903063176,0
                100.254613477,19.9030575790001,0
                100.2548009,19.9030266720001,0
                100.255070039,19.902947112,0
                100.255270858,19.902864704,0
                100.255853666,19.9025291880001,0
                100.256072933,19.902421224,0
                100.256219523,19.9024016860001,0
                100.256395501,19.90238656,0
                100.256581443,19.902394499,0
                100.256801805,19.902425334,0
                100.257047026,19.9025068820001,0
                100.257528267,19.9027440730001,0
                100.258053758,19.9030087130001,0
                100.258408015,19.903269934,0
                100.258802499,19.9036696750001,0
                100.258985528,19.9039274790001,0
                100.259124351,19.904162462,0
                100.259209772,19.904448717,0
                100.259270554,19.9047120120001,0
                100.259287024,19.9049386090001,0
                100.259293781,19.9051745260001,0
                100.259241807,19.9054062330001,0
                100.259136357,19.905679961,0
                100.258972064,19.905935598,0
                100.258724906,19.9062288320001,0
                100.25839033,19.9066013400001,0
                100.258128461,19.9068900570001,0
                100.257837139,19.907165095,0
                100.257409655,19.9075428890001,0
                100.257157089,19.907771387,0
                100.256949482,19.9079056300001,0
                100.256889413,19.907944467,0
                100.256655248,19.908024777,0
                100.256386657,19.9080821950001,0
                100.25610317,19.9081119620001,0
                100.255883056,19.9081135160001,0
                100.255422712,19.908047363,0
                100.254124698,19.9078298060001,0
                100.253072236,19.9077354340001,0
                100.252778786,19.9077421270001,0
                100.252539542,19.9077993330001,0
                100.252349504,19.9078932080001,0
                100.25218922,19.908037769,0
                100.252097335,19.908172592,0
                100.252035131,19.908348849,0
                100.252031551,19.9085154360001,0
                100.252086996,19.908723251,0
                100.25220161,19.9089908010001,0
                100.252370505,19.9093181100001,0
                100.252588025,19.9096080690001,0
                100.252740897,19.909764303,0
                100.25292805,19.909924921,0
                100.253100927,19.9101365340001,0
                100.253269903,19.910473102,0
                100.253404886,19.910842292,0
                100.253520092,19.911183861,0
                100.253674389,19.911520529,0
                100.253847597,19.911773781,0
                100.254045232,19.9120222350001,0
                100.254163394,19.9121185660001,0
                100.254300795,19.9121731170001,0
                100.25441841,19.912200048,0
                100.254619004,19.912203259,0
                100.254966046,19.9121684240001,0
                100.255439983,19.912095676,0
                100.255864929,19.9120140200001,0
                100.256138528,19.9119704500001,0
                100.256524777,19.9119445870001,0
                100.2571805,19.911972339,0
                100.257606177,19.9119832120001,0
                100.257884775,19.9119534770001,0
                100.258275697,19.9118880120001,0
                100.258490557,19.9118520320001,0
                100.259378916,19.911605148,0
                100.259573954,19.911525112,0
                100.259749392,19.9114405880001,0
                100.259953698,19.9112957090001,0
                100.260270036,19.9110898930001,0
                100.260484677,19.911014343,0
                100.260641244,19.911017859,0
                100.260788061,19.911026071,0
                100.260954739,19.911071158,0
                100.261077432,19.911121182,0
                100.261185853,19.911222203,0
                100.261398716,19.911539939,0
                100.261811135,19.912346701,0
                100.262488065,19.9138132100001,0
                100.262662648,19.9142376360001,0
                100.262713512,19.9144824910001,0
                100.262734764,19.9146951700001,0
                100.262717074,19.9149312650001,0
                100.262664919,19.9151398400001,0
                100.262578633,19.915362535,0
                100.262482047,19.91552053,0
                100.26223963,19.915795233,0
                100.261807942,19.9162609740001,0
                100.261449005,19.9166475430001,0
                100.261079876,19.9169832900001,0
                100.260608716,19.917407666,0
                100.260227251,19.9177477530001,0
                100.259928641,19.9180139700001,0
                100.259715383,19.9182653230001,0
                100.259633433,19.9184185880001,0
                100.259600218,19.9185483730001,0
                100.259606282,19.9186963880001,0
                100.259651299,19.9188209920001,0
                100.259725593,19.9189361370001,0
                100.259834091,19.9190464100001,0
                100.260021001,19.919174635,0
                100.260355038,19.919348085,0
                100.260434518,19.919382727,0
                100.26084594,19.919562061,0
                100.260810225,19.919652913,0
                100.260790375,19.919689249,0
                100.260769467,19.919719872,0
                100.260726562,19.9197697020001,0
                100.260655911,19.919876876,0
                100.26061218,19.91994957,0
                100.260593409,19.9199954170001,0
                100.260579724,19.9200478990001,0
                100.260575068,19.920095551,0
                100.260572449,19.920146049,0
                100.260574797,19.9201879410001,0
                100.260579103,19.920223148,0
                100.260594628,19.920276372,0
                100.260613313,19.920346722,0
                100.260628085,19.92043138,0
                100.260632594,19.9204923030001,0
                100.260625057,19.9205580730001,0
                100.260613472,19.920621017,0
                100.26060089,19.920684916,0
                100.260597373,19.920749705,0
                100.26059483,19.920809725,0
                100.260598339,19.920871608,0
                100.26060782,19.9209239260001,0
                100.260618175,19.920960043,0
                100.260628455,19.9209866370001,0
                100.260643812,19.9210179610001,0
                100.260660111,19.921041653,0
                100.260686461,19.9210624180001,0
                100.260721852,19.921081218,0
                100.260800754,19.921125423,0
                100.260909989,19.921185603,0
                100.260997907,19.921224029,0
                100.261091911,19.9212681220001,0
                100.261341632,19.921392073,0
                100.261546941,19.921502999,0
                100.261603588,19.9215349790001,0
                100.26162893,19.921555751,0
                100.261643181,19.9215747010001,0
                100.261649374,19.9215937070001,0
                100.261651642,19.921626073,0
                100.261647903,19.921662289,0
                100.261636121,19.921700469,0
                100.261606507,19.921775919,0
                100.261528875,19.921938708,0
                100.261476652,19.9220681950001,0
                100.261440499,19.922152026,0
                100.261424379,19.922190711,0
                100.261415009,19.922223457,0
                100.261371887,19.92242895,0
                100.261346869,19.9225598470001,0
                100.261330357,19.9226680940001,0
                100.261323717,19.922711624,0
                100.261310349,19.9228119040001,0
                100.261309117,19.92287084,0
                100.261309469,19.922915303,0
                100.261310928,19.9229565470001,0
                100.261314635,19.9229950920001,0
                100.261320496,19.9230196980001,0
                100.261334319,19.9230485250001,0
                100.261356728,19.92308855,0
                100.26139232,19.923148299,0
                100.261500068,19.9233061090001,0
                100.261610089,19.923464445,0
                100.26161645,19.923481006,0
                100.261619995,19.923499196,0
                100.261622433,19.9235211430001,0
                100.261623752,19.923544706,0
                100.261622807,19.923568285,0
                100.261616206,19.9235929750001,0
                100.261607866,19.923612857,0
                100.261596139,19.923633834,0
                100.261583274,19.923654819,0
                100.261560854,19.923684446,0
                100.261531127,19.923722157,0
                100.261473916,19.9237938140001,0
                100.261412767,19.923868715,0
                100.261327454,19.9239684350001,0
                100.261245426,19.9240536620001,0
                100.261103834,19.924199851,0
                100.260999296,19.9243034530001,0
                100.260969539,19.924337414,0
                100.260949921,19.924363267,0
                100.260934258,19.924388559,0
                100.260925918,19.924408441,0
                100.260919864,19.9244304490001,0
                100.260918291,19.924446533,0
                100.260919585,19.9244668800001,0
                100.260925419,19.92448827,0
                100.260940905,19.92451227,0
                100.261015236,19.924599067,0
                100.261105582,19.924705573,0
                100.261172586,19.9247972410001,0
                100.261193244,19.924830845,0
                100.261222498,19.9248767120001,0
                100.261251205,19.924924724,0
                100.261273631,19.9249668900001,0
                100.26128346,19.9249920010001,0
                100.261286463,19.9250134060001,0
                100.261290114,19.9250455270001,0
                100.261293783,19.925079252,0
                100.261294661,19.9251188870001,0
                100.261292771,19.925166045,0
                100.261286501,19.925232524,0
                100.261281393,19.9253027410001,0
                100.261279413,19.925338647,0
                100.261279532,19.9253536480001,0
                100.261280779,19.9253681050001,0
                100.26128544,19.9253841450001,0
                100.261298169,19.9254178050001,0
                100.261313201,19.9254562690001,0
                100.261334013,19.925509162,0
                100.261341561,19.9255321430001,0
                100.26134285,19.925551957,0
                100.26134079,19.9255776860001,0
                100.261335931,19.9256082590001,0
                100.261322847,19.9256726400001,0
                100.261313028,19.9257198550001,0
                100.261310387,19.9257439790001,0
                100.261311685,19.925764864,0
                100.261315819,19.925786266,0
                100.261322171,19.9258017560001,0
                100.261336508,19.925823619,0
                100.261366779,19.925855013,0
                100.261403885,19.9258906420001,0
                100.261451868,19.9259411960001,0
                100.261464461,19.9259577170001,0
                100.261472535,19.9259753370001,0
                100.26147491,19.925989252,0
                100.261474477,19.9260063950001,0
                100.261470858,19.926032424,0
                100.261521343,19.9266902790001,0
                100.261156258,19.932996055,0
                100.258563826,19.9649810870001,0
                100.258476771,19.966644854,0
                100.258487526,19.966851594,0
                100.258989566,19.9692436560001,0
                100.259045493,19.9694486120001,0
                100.25908344,19.969587683,0
                100.259400907,19.970541955,0
                100.259514996,19.971135743,0
                100.25954535,19.971514691,0
                100.259586597,19.972117612,0
                100.259745916,19.97266799,0
                100.259867205,19.97302044,0
                100.25900486,19.973466047,0
                100.258704917,19.9735715850001,0
                100.257295105,19.9739435110001,0
                100.256840628,19.9741018450001,0
                100.256613596,19.974206861,0
                100.256051455,19.974581388,0
                100.255091154,19.9753206610001,0
                100.254909416,19.9753908860001,0
                100.254681629,19.9754011150001,0
                100.254061659,19.9753796480001,0
                100.253058144,19.975266097,0
                100.252665621,19.975191313,0
                100.251533284,19.9749235510001,0
                100.251480644,19.9749159680001,0
                100.252553382,19.9776754750001,0
                100.253158455,19.9791936190001,0
                100.253365159,19.9797213630001,0
                100.253759648,19.980707292,0
                100.254038448,19.9814040730001,0
                100.254844932,19.9834636910001,0
                100.255403614,19.9848854410001,0
                100.255799482,19.985961709,0
                100.25652129,19.98782132,0
                100.25661406,19.988024615,0
                100.2566672,19.9880284220001,0
                100.256719429,19.988028887,0
                100.25676633,19.988026883,0
                100.256814094,19.988022357,0
                100.256854784,19.9880187210001,0
                100.256887482,19.988011794,0
                100.256920173,19.988004032,0
                100.256959879,19.987987853,0
                100.256984532,19.9879709410001,0
                100.257006494,19.987949864,0
                100.257033686,19.987918709,0
                100.25705305,19.9879043460001,0
                100.257072475,19.987898349,0
                100.257074352,19.9878981590001,0
                100.257099009,19.9878956490001,0
                100.257141511,19.9878970230001,0
                100.257175212,19.9879051510001,0
                100.257198732,19.987913513,0
                100.257222167,19.9879243830001,0
                100.257258916,19.9879402230001,0
                100.257285188,19.9879504040001,0
                100.257310776,19.987955057,0
                100.257331242,19.9879579290001,0
                100.257356147,19.987957147,0
                100.257387407,19.9879520960001,0
                100.257423115,19.9879439920001,0
                100.257446974,19.9879366710001,0
                100.257461652,19.9879297730001,0
                100.257478089,19.9879187870001,0
                100.257488783,19.987907842,0
                100.257498386,19.9878955450001,0
                100.257507242,19.9878795170001,0
                100.2575143,19.987863159,0
                100.257518456,19.9878437670001,0
                100.25751894,19.9878138720001,0
                100.257519404,19.9877819390001,0
                100.257520648,19.9877574720001,0
                100.257522649,19.987738096,0
                100.257525771,19.9877238070001,0
                100.25753323,19.9877128850001,0
                100.257543215,19.9877036440001,0
                100.25755539,19.987698123,0
                100.257575455,19.9876908470001,0
                100.257604143,19.9876838500001,0
                100.257632836,19.987676852,0
                100.2576565,19.9876709100001,0
                100.257672266,19.9876650250001,0
                100.257685144,19.9876577960001,0
                100.257695494,19.9876492340001,0
                100.257704399,19.987639318,0
                100.257711127,19.987626703,0
                100.257714637,19.987616148,0
                100.257715246,19.987602555,0
                100.257715103,19.987584553,0
                100.257714965,19.98756723,0
                100.25771339,19.987549916,0
                100.257708891,19.987526173,0
                100.25770218,19.9874953070001,0
                100.257698708,19.9874654390001,0
                100.257697846,19.9874477820001,0
                100.25769798,19.987418909,0
                100.257700682,19.987397491,0
                100.257708378,19.98737128,0
                100.257722156,19.9873412900001,0
                100.257734595,19.9873238770001,0
                100.257751333,19.9873050740001,0
                100.257788543,19.987259766,0
                100.257817122,19.987212057,0
                100.257843951,19.9871587270001,0
                100.257863977,19.9871062450001,0
                100.257872179,19.987066735,0
                100.257879383,19.987008711,0
                100.257879058,19.9869676490001,0
                100.25787528,19.986920974,0
                100.257874033,19.9868710640001,0
                100.257875458,19.986835623,0
                100.257881954,19.9867961260001,0
                100.257894469,19.986763023,0
                100.257920575,19.9867257990001,0
                100.257958505,19.9866756110001,0
                100.257993543,19.9866366110001,0
                100.258017009,19.986615312,0
                100.258046232,19.9865951730001,0
                100.258072341,19.9865853250001,0
                100.258104862,19.986577848,0
                100.258140603,19.986573971,0
                100.258178295,19.986574309,0
                100.258208336,19.9865771140001,0
                100.258242258,19.98658533,0
                100.258270493,19.986601433,0
                100.25830777,19.986630157,0
                100.25835919,19.9866702510001,0
                100.258399013,19.9866977470001,0
                100.258421472,19.986710268,0
                100.258443887,19.9867173550001,0
                100.258489926,19.986723673,0
                100.258570465,19.986729742,0
                100.258603039,19.9867295110001,0
                100.258631107,19.986724483,0
                100.258652776,19.9867182890001,0
                100.258673781,19.9867090820001,0
                100.258690295,19.9866968850001,0
                100.258706149,19.98668228,0
                100.258731454,19.9866513050001,0
                100.258777476,19.986574885,0
                100.258805313,19.9865408690001,0
                100.258821177,19.9865274750001,0
                100.258836439,19.98651891,0
                100.258856197,19.986513335,0
                100.258872156,19.9865120160001,0
                100.258887495,19.9865131130001,0
                100.258906073,19.9865196220001,0
                100.258945815,19.9865368540001,0
                100.258982355,19.986553504,0
                100.259007967,19.986561173,0
                100.259041889,19.9865693850001,0
                100.259131454,19.986586263,0
                100.259197328,19.986596664,0
                100.259237595,19.986599396,0
                100.259295088,19.9865995930001,0
                100.259395336,19.9865946520001,0
                100.259564603,19.98659345,0
                100.25968657,19.9865883590001,0
                100.259717218,19.98658633,0
                100.259742088,19.98658132,0
                100.25977266,19.986569628,0
                100.259803818,19.986551897,0
                100.259831092,19.986527548,0
                100.2598558,19.986502006,0
                100.259876637,19.9864710620001,0
                100.259905615,19.9864201290001,0
                100.259926476,19.9863928080001,0
                100.259947404,19.986373939,0
                100.259975987,19.9863532040001,0
                100.260004633,19.98634092,0
                100.260041583,19.9863285820001,0
                100.260088783,19.9863191850001,0
                100.2601245,19.9863128960001,0
                100.26016847,19.9862992970001,0
                100.26022448,19.986273533,0
                100.260286792,19.986237461,0
                100.260369416,19.98618494,0
                100.260441184,19.9861331020001,0
                100.260486926,19.986101376,0
                100.260535214,19.9860690260001,0
                100.260568264,19.986048259,0
                100.260601984,19.9860311100001,0
                100.260642752,19.9860163280001,0
                100.260673347,19.9860082590001,0
                100.260709709,19.9860019600001,0
                100.260743539,19.985999303,0
                100.260777384,19.985997856,0
                100.260896211,19.9859994280001,0
                100.261114096,19.986006936,0
                100.261156298,19.986012675,0
                100.261213276,19.986027968,0
                100.261279241,19.986049843,0
                100.261319604,19.986064653,0
                100.261349048,19.986072295,0
                100.261368228,19.986074575,0
                100.261389296,19.986073215,0
                100.261412891,19.9860676120001,0
                100.261434531,19.9860577960001,0
                100.26145868,19.9860425260001,0
                100.261532893,19.9859767790001,0
                100.261607698,19.985904992,0
                100.261634384,19.9858866820001,0
                100.261663001,19.98587078,0
                100.261691636,19.9858572910001,0
                100.261730483,19.9858419170001,0
                100.261783387,19.985827649,0
                100.261872019,19.985807697,0
                100.261946612,19.9857896510001,0
                100.262113572,19.985739547,0
                100.262280565,19.985693671,0
                100.26230092,19.985682657,0
                100.262316153,19.9856704740001,0
                100.262328145,19.985652268,0
                100.262333123,19.9856359290001,0
                100.262333624,19.9856184110001,0
                100.262332194,19.9855991000001,0
                100.262320481,19.985572006,0
                100.262287937,19.9854961500001,0
                100.262276894,19.985473284,0
                100.262274212,19.985456995,0
                100.262276013,19.98544249,0
                100.26228295,19.985431571,0
                100.262290562,19.9854248720001,0
                100.262308403,19.9854193100001,0
                100.26234413,19.9854136210001,0
                100.262449443,19.9854026080001,0
                100.262636473,19.9853861780001,0
                100.262684389,19.9853876490001,0
                100.262723356,19.9853873710001,0
                100.262773796,19.985384595,0
                100.262824211,19.9853781960001,0
                100.262863105,19.9853694670001,0
                100.26290706,19.985354661,0
                100.262981585,19.985327559,0
                100.263036299,19.985299992,0
                100.26306298,19.9852816860001,0
                100.26311754,19.9852347990001,0
                100.263165134,19.9851952070001,0
                100.263197573,19.985177466,0
                100.263228789,19.9851669760001,0
                100.263263235,19.9851612960001,0
                100.263306034,19.985160991,0
                100.263340586,19.9851685960001,0
                100.263359207,19.9851805380001,0
                100.263386846,19.985202084,0
                100.263411977,19.9852296830001,0
                100.263443038,19.9852795840001,0
                100.263474716,19.9853270630001,0
                100.263498537,19.985350447,0
                100.263522286,19.98536477,0
                100.263560093,19.9853795980001,0
                100.263590798,19.9853854190001,0
                100.263697545,19.985394317,0
                100.26381394,19.9854116070001,0
                100.263889424,19.985424956,0
                100.263957907,19.9854419820001,0
                100.26403923,19.985466763,0
                100.264077628,19.9854755470001,0
                100.264110241,19.985480148,0
                100.264147286,19.985479884,0
                100.26418557,19.9854741770001,0
                100.264228912,19.985462393,0
                100.264263936,19.9854488570001,0
                100.264305912,19.9854256090001,0
                100.264341475,19.9853993890001,0
                100.264385188,19.9853543900001,0
                100.264407959,19.985325844,0
                100.264429523,19.9853063690001,0
                100.264450484,19.985291728,0
                100.264470213,19.9852825250001,0
                100.264500817,19.98527506,0
                100.264550553,19.9852644420001,0
                100.264632203,19.9852499680001,0
                100.264699858,19.9852428450001,0
                100.264742652,19.9852425400001,0
                100.264791228,19.9852464210001,0
                100.264839848,19.9852551320001,0
                100.264957629,19.985286294,0
                100.26509787,19.9853299850001,0
                100.265193934,19.985360701,0
                100.265232992,19.9853724970001,0
                100.265266264,19.9853795060001,0
                100.265299521,19.985384703,0
                100.265336596,19.985388061,0
                100.265401757,19.985388807,0
                100.265463731,19.9853901760001,0
                100.265492468,19.985389366,0
                100.265535844,19.98538181,0
                100.265572813,19.9853712820001,0
                100.265614861,19.9853576960001,0
                100.265654968,19.9853405010001,0
                100.265698185,19.985313015,0
                100.265751585,19.9852806270001,0
                100.265784683,19.9852658990001,0
                100.265821006,19.9852553760001,0
                100.265856748,19.985251498,0
                100.265888035,19.9852500640001,0
                100.265939799,19.985252716,0
                100.265974977,19.985258505,0
                100.26602232,19.9852678250001,0
                100.266098516,19.98529023,0
                100.266196521,19.985324554,0
                100.266320788,19.985367148,0
                100.266356654,19.9853795720001,0
                100.266417493,19.9853984640001,0
                100.266455242,19.985406045,0
                100.266487849,19.9854100360001,0
                100.266532554,19.985409116,0
                100.266574698,19.985407004,0
                100.266639782,19.9853980820001,0
                100.26676476,19.985370016,0
                100.266898,19.985337058,0
                100.266967503,19.985321464,0
                100.267024966,19.985318035,0
                100.267070312,19.985317106,0
                100.267132945,19.9853214870001,0
                100.267185421,19.9853337970001,0
                100.267230286,19.985352193,0
                100.26729631,19.985381315,0
                100.267332812,19.9853925240001,0
                100.26737952,19.9854024580001,0
                100.267430032,19.985408137,0
                100.267476658,19.985407804,0
                100.267533461,19.9854019630001,0
                100.26759984,19.9853948430001,0
                100.267756959,19.9853925140001,0
                100.267948625,19.9853965780001,0
                100.268009381,19.9854058060001,0
                100.268045205,19.985412191,0
                100.268088003,19.98541249,0
                100.268117991,19.9854080470001,0
                100.268151768,19.9853981430001,0
                100.268182964,19.985385239,0
                100.268214757,19.9853668960001,0
                100.268244595,19.985343734,0
                100.268266129,19.985320631,0
                100.268286964,19.9852902920001,0
                100.268303317,19.985258168,0
                100.268314591,19.985230309,0
                100.268320728,19.9851994650001,0
                100.268324795,19.985148709,0
                100.268338915,19.984997638,0
                100.26836034,19.9848809380001,0
                100.268374404,19.9848023320001,0
                100.268383968,19.984720741,0
                100.268397416,19.984645157,0
                100.268420373,19.984560448,0
                100.268454487,19.984432788,0
                100.268468231,19.984394643,0
                100.268483347,19.9843673620001,0
                100.268497279,19.9843521650001,0
                100.268510589,19.9843393850001,0
                100.268529697,19.9843326070001,0
                100.268549483,19.9843306540001,0
                100.268587169,19.9843303850001,0
                100.268630686,19.984340337,0
                100.268674842,19.9843502890001,0
                100.26870043,19.9843549350001,0
                100.26871832,19.9843554130001,0
                100.268736821,19.9843528640001,0
                100.268762943,19.984344224,0
                100.26888075,19.9842986940001,0
                100.268910064,19.984290028,0
                100.268941337,19.984286786,0
                100.268968826,19.9842896070001,0
                100.26899763,19.9842966520001,0
                100.269023286,19.984309749,0
                100.269046404,19.984325287,0
                100.269151305,19.984422968,0
                100.269246486,19.984503208,0
                100.269272171,19.984519328,0
                100.269299728,19.984530605,0
                100.269329807,19.9845382410001,0
                100.26936304,19.9845398150001,0
                100.269442196,19.984533814,0
                100.269529016,19.9845271520001,0
                100.269560337,19.9845293450001,0
                100.269596815,19.984538141,0
                100.269662873,19.984570881,0
                100.269731438,19.984598168,0
                100.269753849,19.984604652,0
                100.269790259,19.9846049920001,0
                100.269815149,19.984601797,0
                100.269843182,19.984593139,0
                100.269925932,19.9845569170001,0
                100.270055144,19.9844992290001,0
                100.270220063,19.984434035,0
                100.270273635,19.984423387,0
                100.270305544,19.984420136,0
                100.270350884,19.984418605,0
                100.270389235,19.9844213480001,0
                100.270426358,19.9844307450001,0
                100.27047893,19.9844545230001,0
                100.270500104,19.984466452,0
                100.270518774,19.984484433,0
                100.270567829,19.984548094,0
                100.270591132,19.984586574,0
                100.270600196,19.9845989460001,0
                100.270610367,19.9846087390001,0
                100.270621558,19.984615896,0
                100.270636553,19.984620722,0
                100.270655175,19.9846249070001,0
                100.270657818,19.9846255030001,0
                100.270691244,19.984629211,0
                100.27074103,19.984633128,0
                100.270771302,19.984633241,0
                100.270796688,19.9846317440001,0
                100.270827271,19.984627577,0
                100.270850547,19.9846234620001,0
                100.270875542,19.9846167050001,0
                100.270902606,19.98460763,0
                100.270927926,19.9845972520001,0
                100.270960843,19.9845809020001,0
                100.270980915,19.9845675990001,0
                100.270994401,19.9845569770001,0
                100.271005791,19.9845453840001,0
                100.271013703,19.9845344720001,0
                100.271021915,19.98451698,0
                100.271029727,19.9844935730001,0
                100.271039824,19.984450743,0
                100.271048876,19.984408575,0
                100.271056663,19.98438155,0
                100.271063493,19.9843657120001,0
                100.271071048,19.984353158,0
                100.271077936,19.984344557,0
                100.271089001,19.984335926,0
                100.271102175,19.9843299140001,0
                100.271132725,19.9843217980001,0
                100.271168845,19.9843139770001,0
                100.271196277,19.9843071980001,0
                100.271222321,19.9843007640001,0
                100.271243837,19.984294032,0
                100.271261872,19.984286995,0
                100.271273306,19.984280991,0
                100.271284033,19.984273677,0
                100.271295441,19.984264389,0
                100.271313043,19.984246829,0
                100.27133167,19.984226629,0
                100.271348201,19.9842061190001,0
                100.271364018,19.9841823250001,0
                100.271376029,19.9841618460001,0
                100.271392463,19.984128507,0
                100.271410268,19.9840928580001,0
                100.27142608,19.98406906,0
                100.271474231,19.983999646,0
                100.271503404,19.9839497670001,0
                100.271525077,19.983919024,0
                100.271551266,19.983887259,0
                100.271569211,19.983869042,0
                100.27159479,19.9838481370001,0
                100.271618333,19.983833824,0
                100.271638424,19.9838228240001,0
                100.271664431,19.983812442,0
                100.271689423,19.9838047000001,0
                100.271714087,19.9838002450001,0
                100.271740511,19.983797752,0
                100.271773224,19.9837988360001,0
                100.271807694,19.9838022070001,0
                100.27182477,19.983806029,0
                100.271856515,19.9838163270001,0
                100.271902216,19.983831788,0
                100.27194512,19.983845294,0
                100.271974058,19.9838529790001,0
                100.27201414,19.9838619020001,0
                100.272035027,19.983863727,0
                100.272049642,19.983863952,0
                100.272063196,19.9838618800001,0
                100.272079169,19.983858147,0
                100.272095816,19.98385145,0
                100.272108979,19.983844119,0
                100.272120734,19.983835153,0
                100.272131769,19.9838229040001,0
                100.272138975,19.983810357,0
                100.272145451,19.9837932020001,0
                100.272154211,19.9837576190001,0
                100.272164546,19.9837016270001,0
                100.272177568,19.98363378,0
                100.272187353,19.983595555,0
                100.2721962,19.983570822,0
                100.27220612,19.9835500290001,0
                100.272216093,19.9835351580001,0
                100.272226798,19.983525215,0
                100.272238566,19.9835178930001,0
                100.27225418,19.9835121890001,0
                100.272271889,19.983508113,0
                100.272289618,19.9835063420001,0
                100.272325105,19.983506087,0
                100.272371761,19.9835106850001,0
                100.272453949,19.983520621,0
                100.272475888,19.983523098,0
                100.272496772,19.9835239330001,0
                100.272514865,19.9835241330001,0
                100.272536769,19.9835223310001,0
                100.272562139,19.9835188600001,0
                100.272594798,19.983513363,0
                100.272634735,19.983504195,0
                100.272693042,19.983486343,0
                100.272770768,19.98346079,0
                100.272821783,19.9834446350001,0
                100.272852336,19.983436849,0
                100.272888815,19.98343034,0
                100.272914541,19.983427851,0
                100.27294133,19.9834273290001,0
                100.272966388,19.9834284680001,0
                100.273007474,19.983432776,0
                100.273050682,19.983440688,0
                100.273088341,19.9834512730001,0
                100.27315007,19.983469907,0
                100.273187059,19.983483456,0
                100.273232824,19.9835068080001,0
                100.273275805,19.9835298510001,0
                100.273312464,19.983545706,0
                100.273347728,19.9835615710001,0
                100.273373916,19.9835732230001,0
                100.273403925,19.983583863,0
                100.273432165,19.9835915520001,0
                100.273461788,19.9835975870001,0
                100.27348827,19.9836023350001,0
                100.273515429,19.983605099,0
                100.273578755,19.9836059580001,0
                100.273678252,19.983605244,0
                100.273759662,19.983604659,0
                100.273828886,19.9836031770001,0
                100.273912705,19.983599611,0
                100.273959995,19.983596312,0
                100.274011091,19.9835903530001,0
                100.274083016,19.9835789850001,0
                100.274144864,19.9835689990001,0
                100.27417127,19.983564206,0
                100.27420773,19.9835553930001,0
                100.274253194,19.9835412510001,0
                100.274296891,19.983523834,0
                100.274332932,19.9835061420001,0
                100.274379019,19.983482785,0
                100.274440284,19.9834561710001,0
                100.274477425,19.9834428120001,0
                100.274532945,19.983424284,0
                100.274590935,19.983405739,0
                100.274632852,19.9833878960001,0
                100.274664261,19.9833712990001,0
                100.274686391,19.983354181,0
                100.274704154,19.9833324190001,0
                100.274722449,19.9833001280001,0
                100.274745525,19.98324675,0
                100.274766187,19.983200993,0
                100.274777739,19.983176348,0
                100.27479794,19.983150476,0
                100.274820644,19.983127509,0
                100.274841555,19.9831133220001,0
                100.274864951,19.9830997060001,0
                100.274889,19.9830907640001,0
                100.2749279,19.983082294,0
                100.275059517,19.983066734,0
                100.275144173,19.9830567650001,0
                100.275224514,19.9830485890001,0
                100.275283192,19.983038224,0
                100.275372125,19.9830217950001,0
                100.275445596,19.983004895,0
                100.275510993,19.982984544,0
                100.275575109,19.9829583550001,0
                100.275598528,19.9829482480001,0
                100.275629316,19.982931068,0
                100.275667463,19.9829062320001,0
                100.275701954,19.9828878600001,0
                100.275738328,19.982872979,0
                100.275770438,19.9828663160001,0
                100.275798242,19.9828631930001,0
                100.275834112,19.982862347,0
                100.275870622,19.9828644250001,0
                100.275903447,19.982870039,0
                100.275958609,19.982884256,0
                100.275990202,19.9828904610001,0
                100.276020538,19.982893753,0
                100.276064449,19.982893437,0
                100.276126321,19.982895915,0
                100.276166595,19.9829049800001,0
                100.276213118,19.9829216040001,0
                100.276282576,19.982943909,0
                100.276366286,19.982970203,0
                100.27639546,19.982983442,0
                100.276422178,19.982998455,0
                100.276463845,19.983026222,0
                100.276501235,19.983061036,0
                100.276557932,19.9831120870001,0
                100.276591543,19.9831381550001,0
                100.276648748,19.9831757530001,0
                100.276694113,19.9832023230001,0
                100.276756207,19.9832322830001,0
                100.276823839,19.983258693,0
                100.276861662,19.9832707,0
                100.2769125,19.9832855390001,0
                100.276967022,19.9832968380001,0
                100.277014086,19.983304102,0
                100.277056163,19.983306139,0
                100.277097618,19.9833075930001,0
                100.277155095,19.9833025040001,0
                100.277209467,19.983295092,0
                100.277262582,19.983285353,0
                100.277294052,19.9832763580001,0
                100.277328562,19.983260321,0
                100.27735622,19.98323907,0
                100.277391224,19.983207828,0
                100.277437845,19.983159544,0
                100.277504064,19.9830877270001,0
                100.277548879,19.983045888,0
                100.277575299,19.9830240630001,0
                100.277600511,19.983005753,0
                100.277629459,19.982990343,0
                100.277666434,19.9829737050001,0
                100.277710835,19.9829575970001,0
                100.277820071,19.9829275720001,0
                100.277984273,19.982887213,0
                100.278073154,19.982864351,0
                100.278204656,19.9828347490001,0
                100.27844606,19.982780384,0
                100.278496064,19.9827689150001,0
                100.278528183,19.9827634210001,0
                100.278559729,19.982763193,0
                100.278596869,19.9827670180001,0
                100.278632809,19.982775528,0
                100.278697995,19.9828054650001,0
                100.278810927,19.982850259,0
                100.278854358,19.982866904,0
                100.278886605,19.9828771970001,0
                100.27891633,19.9828816630001,0
                100.278940459,19.982882655,0
                100.278973214,19.9828794960001,0
                100.279009658,19.982873387,0
                100.279045447,19.9828626030001,0
                100.279095997,19.9828417740001,0
                100.279174243,19.9828043700001,0
                100.279253125,19.982768718,0
                100.279311702,19.982746074,0
                100.279348725,19.982735281,0
                100.279375301,19.982732749,0
                100.279402522,19.9827331400001,0
                100.279430383,19.982737032,0
                100.279447746,19.9827421690001,0
                100.279480021,19.982756555,0
                100.279528488,19.9827836850001,0
                100.279568932,19.9828138010001,0
                100.279661081,19.9828891510001,0
                100.279725868,19.982945988,0
                100.279780659,19.9829912010001,0
                100.279834128,19.9830253150001,0
                100.279876967,19.983045475,0
                100.279919783,19.9830621200001,0
                100.279990427,19.9830785680001,0
                100.280069088,19.983092619,0
                100.280122331,19.983098668,0
                100.280153871,19.98309844,0
                100.28017737,19.983097683,0
                100.280197138,19.9830946170001,0
                100.280217484,19.9830862850001,0
                100.280241472,19.9830697400001,0
                100.280272155,19.9830396940001,0
                100.28028437,19.983020895,0
                100.280294058,19.9829950980001,0
                100.280299351,19.982961147,0
                100.280303467,19.982934803,0
                100.280311367,19.982917204,0
                100.280329708,19.9828907570001,0
                100.280389695,19.982813139,0
                100.280412342,19.982783155,0
                100.280433205,19.982763123,0
                100.280451659,19.9827501240001,0
                100.28047138,19.9827412130001,0
                100.280498544,19.982735167,0
                100.280540568,19.982730771,0
                100.280570829,19.982725289,0
                100.280599221,19.9827180680001,0
                100.280620198,19.982711484,0
                100.280636836,19.982703761,0
                100.280654693,19.982693694,0
                100.280674366,19.982678933,0
                100.280697074,19.9826571350001,0
                100.280725879,19.982624179,0
                100.280749801,19.9825994500001,0
                100.280771921,19.982581161,0
                100.28078918,19.9825740210001,0
                100.280812627,19.982566836,0
                100.280844135,19.982562515,0
                100.2808633,19.9825612070001,0
                100.280878776,19.982562848,0
                100.28089429,19.982569169,0
                100.280919154,19.982584778,0
                100.28095463,19.9826120010001,0
                100.280993192,19.98263862,0
                100.2810243,19.9826612040001,0
                100.281042304,19.982669259,0
                100.281064005,19.982676118,0
                100.281085048,19.982677719,0
                100.281112871,19.982676348,0
                100.281162881,19.982664878,0
                100.281217171,19.982648114,0
                100.281296739,19.982620642,0
                100.281349769,19.9826009610001,0
                100.281395034,19.9825801420001,0
                100.281615668,19.9824607680001,0
                100.281729926,19.98240121,0
                100.281814382,19.982361912,0
                100.281930219,19.9823168570001,0
                100.282102201,19.982256196,0
                100.282183068,19.9822245170001,0
                100.282300373,19.9821808340001,0
                100.282529184,19.9820983430001,0
                100.282606429,19.982070838,0
                100.282642889,19.9820609020001,0
                100.282710781,19.9820514260001,0
                100.282811595,19.982047245,0
                100.282949048,19.98205454,0
                100.283046373,19.982069729,0
                100.283113736,19.9820858200001,0
                100.283159198,19.9821041490001,0
                100.283231779,19.982132639,0
                100.283336594,19.9821705730001,0
                100.283431131,19.9822030510001,0
                100.283490484,19.982222661,0
                100.283533697,19.982234094,0
                100.283643481,19.982254025,0
                100.283816948,19.982286624,0
                100.283947212,19.98230848,0
                100.284028421,19.982319638,0
                100.284121254,19.98232173,0
                100.28421186,19.982319691,0
                100.284268077,19.982313064,0
                100.284325733,19.982302974,0
                100.284385516,19.982285271,0
                100.284439327,19.9822524050001,0
                100.284486478,19.9822085370001,0
                100.284512596,19.982184857,0
                100.284536611,19.9821722470001,0
                100.284562841,19.982162385,0
                100.284587659,19.9821587490001,0
                100.284610306,19.9821578940001,0
                100.28464175,19.9821604310001,0
                100.284684974,19.9821732460001,0
                100.284749535,19.9822038670001,0
                100.284807544,19.982237992,0
                100.284853822,19.9822673680001,0
                100.284885461,19.9822933940001,0
                100.284910543,19.982322228,0
                100.28493717,19.982361419,0
                100.284952827,19.9823999970001,0
                100.28495972,19.9824386350001,0
                100.284958599,19.9824807910001,0
                100.284954104,19.9825575130001,0
                100.284951576,19.9826058950001,0
                100.28495252,19.982632144,0
                100.284959482,19.982679766,0
                100.284970801,19.982723901,0
                100.284981311,19.9827583700001,0
                100.28499686,19.9827831310001,0
                100.285015233,19.982795434,0
                100.285036485,19.9828028790001,0
                100.285071573,19.982804007,0
                100.285224307,19.9828029,0
                100.285306911,19.9828057570001,0
                100.285369814,19.982812208,0
                100.28540129,19.9828182000001,0
                100.285433543,19.982830403,0
                100.285473927,19.982853601,0
                100.285534794,19.9828794160001,0
                100.285611042,19.982909261,0
                100.285652866,19.9829296840001,0
                100.285676385,19.982946097,0
                100.2856919,19.9829667110001,0
                100.28571345,19.9830107710001,0
                100.285747765,19.983096888,0
                100.285763297,19.983119575,0
                100.28579055,19.983145633,0
                100.285812607,19.983162056,0
                100.285836817,19.9831736260001,0
                100.285863182,19.983180342,0
                100.285912931,19.983186889,0
                100.286051172,19.9832010870001,0
                100.286072413,19.9832071540001,0
                100.286090769,19.9832173840001,0
                100.286118742,19.9832420540001,0
                100.286160098,19.9832949520001,0
                100.286177004,19.9833072660001,0
                100.28619459,19.9833126680001,0
                100.286218705,19.983312493,0
                100.286250126,19.9833122650001,0
                100.286272818,19.983316243,0
                100.286283857,19.9833258350001,0
                100.286296449,19.983346474,0
                100.286309085,19.983372638,0
                100.286324647,19.983399467,0
                100.286344565,19.983422122,0
                100.286364435,19.983439253,0
                100.286386468,19.9834522210001,0
                100.286412879,19.9834651570001,0
                100.286460546,19.9834848460001,0
                100.2865441,19.983514638,0
                100.286625416,19.983538921,0
                100.286711191,19.983571462,0
                100.286770573,19.983594522,0
                100.286824129,19.9836196970001,0
                100.286862354,19.983647058,0
                100.286891779,19.983671026,0
                100.286913171,19.9836950530001,0
                100.286931707,19.983728081,0
                100.286954725,19.983772822,0
                100.286972524,19.983804478,0
                100.286988771,19.983825086,0
                100.28700422,19.983838102,0
                100.287025506,19.9838490020001,0
                100.287065104,19.9838652930001,0
                100.287120067,19.983884243,0
                100.28719334,19.983907893,0
                100.287230025,19.983925588,0
                100.287259432,19.983946792,0
                100.287294075,19.983983159,0
                100.2873515,19.984034562,0
                100.287405922,19.9840770010001,0
                100.287475708,19.9841207160001,0
                100.287632953,19.9842252830001,0
                100.287699837,19.984271779,0
                100.287851255,19.984378457,0
                100.287960111,19.9844640320001,0
                100.287992481,19.9844900520001,0
                100.288025505,19.9845070820001,0
                100.288059232,19.984520656,0
                100.288092182,19.98452802,0
                100.288146325,19.984535916,0
                100.288192407,19.984540419,0
                100.288239985,19.984549746,0
                100.288270039,19.984560582,0
                100.288293587,19.9845804450001,0
                100.288317241,19.9846134360001,0
                100.28834851,19.9846843730001,0
                100.288385981,19.9847987950001,0
                100.288412115,19.984867004,0
                100.288428469,19.9849007390001,0
                100.288454406,19.9849447670001,0
                100.288504622,19.9850086590001,0
                100.288575471,19.985093127,0
                100.288656591,19.9851830440001,0
                100.288727419,19.985265439,0
                100.288768119,19.9853273260001,0
                100.28880382,19.985403755,0
                100.288836741,19.9854974790001,0
                100.288874129,19.9856015340001,0
                100.288904762,19.985683529,0
                100.288939794,19.985767566,0
                100.288959854,19.9858081850001,0
                100.288983503,19.985840485,0
                100.289012973,19.985869291,0
                100.289041683,19.9858946420001,0
                100.289080606,19.985917855,0
                100.289118073,19.9859417600001,0
                100.289141604,19.985959554,0
                100.289171108,19.9859931940001,0
                100.289197765,19.9860358350001,0
                100.289211926,19.9860695900001,0
                100.289232881,19.9861295430001,0
                100.289246282,19.9861598480001,0
                100.289260354,19.986183236,0
                100.289277338,19.9862045300001,0
                100.289303085,19.9862250690001,0
                100.28933098,19.986240067,0
                100.28936176,19.986250898,0
                100.289416628,19.9862574100001,0
                100.289518968,19.986260117,0
                100.289580399,19.9862652,0
                100.289612619,19.9862732550001,0
                100.28964494,19.986293055,0
                100.289679511,19.986320441,0
                100.289708986,19.986349938,0
                100.289725246,19.9863726200001,0
                100.289733524,19.9864015750001,0
                100.289745874,19.986482321,0
                100.289758747,19.986537503,0
                100.289771632,19.986594063,0
                100.289780282,19.9866693110001,0
                100.289780557,19.9867031630001,0
                100.289776541,19.9867481000001,0
                100.289772464,19.986786131,0
                100.289772712,19.986816527,0
                100.289778038,19.9868427440001,0
                100.289786946,19.986859258,0
                100.289804668,19.9868819330001,0
                100.289819386,19.9868942580001,0
                100.289852398,19.986909219,0
                100.289897065,19.986919948,0
                100.289932277,19.9869362760001,0
                100.289980003,19.986963562,0
                100.290012335,19.986984749,0
                100.290029252,19.9869984440001,0
                100.29006911,19.987046514,0
                100.290120097,19.9871152370001,0
                100.290149078,19.987173754,0
                100.290175938,19.9872412660001,0
                100.290208114,19.987333613,0
                100.290249997,19.987450762,0
                100.290323189,19.987643685,0
                100.290361332,19.9877504990001,0
                100.290377844,19.987803576,0
                100.290386134,19.98783461,0
                100.29039308,19.987879467,0
                100.29039786,19.9879277960001,0
                100.290394503,19.9879644390001,0
                100.290380505,19.9880405390001,0
                100.29036581,19.98812079,0
                100.290353277,19.9881773000001,0
                100.290351514,19.9882048600001,0
                100.290353721,19.988231759,0
                100.290366097,19.9882880110001,0
                100.290384405,19.9883404660001,0
                100.290404692,19.988392278,0
                100.290423538,19.9884296990001,0
                100.290449696,19.988470825,0
                100.290487838,19.988519377,0
                100.290530619,19.988568523,0
                100.290572113,19.9886220550001,0
                100.290594224,19.988653824,0
                100.290603024,19.988676921,0
                100.290633668,19.988781245,0
                100.290651415,19.9888462170001,0
                100.290670475,19.9889093090001,0
                100.290684747,19.9889542760001,0
                100.290717032,19.9890160160001,0
                100.290778082,19.989112607,0
                100.290816244,19.9891636610001,0
                100.290873105,19.989233986,0
                100.290914635,19.989291904,0
                100.29098637,19.989400307,0
                100.291028738,19.9894795010001,0
                100.291086569,19.98958801,0
                100.291115589,19.989654779,0
                100.291146791,19.9897459540001,0
                100.291174068,19.989842158,0
                100.291196476,19.9899102310001,0
                100.2912222,19.9899795310001,0
                100.291243795,19.9900288310001,0
                100.291286076,19.9900980100001,0
                100.291328935,19.9901565430001,0
                100.291383793,19.990225007,0
                100.29146804,19.9903239270001,0
                100.291532106,19.9903848120001,0
                100.291702205,19.990535693,0
                100.291747548,19.990574177,0
                100.291840472,19.990681797,0
                100.291961962,19.990800484,0
                100.292073432,19.990908597,0
                100.292147489,19.9909762930001,0
                100.292246148,19.9910557050001,0
                100.292393379,19.9911641800001,0
                100.29251993,19.991253403,0
                100.292625805,19.9913252490001,0
                100.292708315,19.991373476,0
                100.292783503,19.991417375,0
                100.292877256,19.9914642690001,0
                100.292945693,19.991491941,0
                100.293020058,19.9915164390001,0
                100.293070522,19.991532975,0
                100.293106309,19.991536468,0
                100.293176519,19.991538459,0
                100.293290367,19.9915319950001,0
                100.293404924,19.991531159,0
                100.293450661,19.991536458,0
                100.293478538,19.9915443950001,0
                100.293497175,19.991556154,0
                100.293511862,19.991570444,0
                100.293520682,19.9915960480001,0
                100.293528394,19.9916485750001,0
                100.293530044,19.9916886280001,0
                100.293525619,19.9917143280001,0
                100.293515879,19.9917381880001,0
                100.293498146,19.991755846,0
                100.29346982,19.991774208,0
                100.293425596,19.991792058,0
                100.293380042,19.991808667,0
                100.293341843,19.9918346100001,0
                100.293229355,19.991926204,0
                100.293176872,19.9919873110001,0
                100.29312906,19.992052137,0
                100.293090503,19.9921150220001,0
                100.293063832,19.9921734370001,0
                100.293045088,19.992229916,0
                100.293003781,19.99236168,0
                100.292961902,19.9925040910001,0
                100.292955611,19.992544826,0
                100.29295393,19.992582401,0
                100.292961048,19.9926430720001,0
                100.2929713,19.9926824350001,0
                100.292986768,19.9927111160001,0
                100.293010199,19.992742247,0
                100.293043524,19.9927682960001,0
                100.29309873,19.992797943,0
                100.293158511,19.992820668,0
                100.293201622,19.992828494,0
                100.293252628,19.9928306240001,0
                100.293294988,19.992827812,0
                100.293324761,19.9928244650001,0
                100.293358463,19.992815455,0
                100.293415913,19.9927956290001,0
                100.293514251,19.992754846,0
                100.293614557,19.992712173,0
                100.293673336,19.9926923370001,0
                100.293721608,19.992683845,0
                100.293791808,19.992684583,0
                100.293896524,19.99269509,0
                100.293960848,19.9927058870001,0
                100.294010607,19.992717418,0
                100.294044514,19.992733447,0
                100.294077113,19.9927519880001,0
                100.294097789,19.992769993,0
                100.29411123,19.9927943120001,0
                100.294120746,19.9928242880001,0
                100.294127803,19.9928774470001,0
                100.294124804,19.9929964140001,0
                100.294118662,19.9930553030001,0
                100.294103352,19.993126782,0
                100.294070427,19.9932303140001,0
                100.294061433,19.9932641840001,0
                100.294059062,19.9932986330001,0
                100.29406269,19.993337421,0
                100.294072988,19.993381793,0
                100.294087364,19.9934392810001,0
                100.294102158,19.9934667160001,0
                100.294120239,19.9934916240001,0
                100.294140926,19.99351088,0
                100.294162855,19.9935201120001,0
                100.294204632,19.9935273150001,0
                100.294278231,19.9935386720001,0
                100.294310779,19.993550328,0
                100.294327408,19.993559599,0
                100.294349449,19.993582599,0
                100.294361147,19.993613521,0
                100.294386607,19.993707515,0
                100.294402708,19.9938023820001,0
                100.294415012,19.9938489800001,0
                100.294432371,19.9938890990001,0
                100.294458195,19.993923523,0
                100.294491662,19.9939546750001,0
                100.294516543,19.9939778350001,0
                100.294548179,19.993993704,0
                100.294578892,19.994000726,0
                100.294627453,19.9940035880001,0
                100.2947151,19.99399651,0
                100.294800155,19.9939846180001,0
                100.294879313,19.9939808180001,0
                100.294931307,19.99398688,0
                100.294979949,19.994000208,0
                100.295041547,19.994035175,0
                100.295126504,19.9941158550001,0
                100.295284472,19.994273277,0
                100.295349597,19.994323514,0
                100.295388957,19.994346572,0
                100.295454728,19.9943718500001,0
                100.295508477,19.9943843360001,0
                100.295590297,19.9943933970001,0
                100.295656739,19.9943961320001,0
                100.295715477,19.9943940900001,0
                100.295816747,19.994386912,0
                100.295921339,19.9943692430001,0
                100.296011457,19.99435168,0
                100.296275714,19.9942829340001,0
                100.296529794,19.9942190960001,0
                100.296690466,19.994186524,0
                100.296889241,19.9941279190001,0
                100.2970303,19.994092274,0
                100.297096639,19.9940829340001,0
                100.297151968,19.9940801130001,0
                100.297208189,19.9940829220001,0
                100.297286615,19.9940936190001,0
                100.297349723,19.994105232,0
                100.297420554,19.99412403,0
                100.297478609,19.994142927,0
                100.29756493,19.9941817370001,0
                100.297638503,19.9942230570001,0
                100.297696709,19.9942604600001,0
                100.297754188,19.9943123640001,0
                100.297782582,19.9943483770001,0
                100.29780416,19.9943836360001,0
                100.297814766,19.994431051,0
                100.297817718,19.99447933,0
                100.297801037,19.994625953,0
                100.297793188,19.9947073110001,0
                100.297791825,19.994749175,0
                100.297798171,19.9947958160001,0
                100.297811307,19.9948399960001,0
                100.297841706,19.994913024,0
                100.297914332,19.9950469180001,0
                100.297970481,19.995144711,0
                100.298019861,19.995247384,0
                100.298047906,19.9953445790001,0
                100.298064972,19.995453121,0
                100.298071043,19.995570598,0
                100.29806649,19.9957420870001,0
                100.298050832,19.9959096320001,0
                100.298022299,19.9960643920001,0
                100.297995152,19.9961805040001,0
                100.297956213,19.996312803,0
                100.297917829,19.9964088720001,0
                100.297849975,19.996545408,0
                100.297761703,19.9966845050001,0
                100.297626911,19.9968617810001,0
                100.29753094,19.996996106,0
                100.297453409,19.997094878,0
                100.297384251,19.9971766850001,0
                100.29730063,19.9972594020001,0
                100.297195003,19.9973591840001,0
                100.297072383,19.9974631160001,0
                100.296814396,19.997674293,0
                100.296613937,19.997839969,0
                100.296534461,19.9979089720001,0
                100.296422835,19.998003969,0
                100.296298719,19.998133669,0
                100.296216844,19.998222006,0
                100.296145964,19.998301413,0
                100.296054861,19.998406722,0
                100.295999317,19.998486816,0
                100.295953989,19.99856684,0
                100.295908709,19.998653301,0
                100.295865279,19.9987566520001,0
                100.295812226,19.9989333250001,0
                100.295773582,19.9991018420001,0
                100.295759819,19.9991888810001,0
                100.295756075,19.999251692,0
                100.295752344,19.9993161150001,0
                100.295754533,19.999375667,0
                100.295758375,19.999428768,0
                100.295768215,19.999486651,0
                100.295777911,19.99952683,0
                100.295790994,19.999564564,0
                100.295805718,19.999595044,0
                100.29582731,19.9996319150001,0
                100.295853971,19.999663921,0
                100.295888305,19.9996974740001,0
                100.295972316,19.999766089,0
                100.296027161,19.9998083510001,0
                100.296084589,19.99985381,0
                100.296160135,19.999928121,0
                100.296234042,20.000010489,0
                100.296311541,20.000115373,0
                100.2963891,20.000228302,0
                100.296470467,20.0003895040001,0
                100.29650434,20.000470556,0
                100.296535786,20.0005669180001,0
                100.296559719,20.0006818530001,0
                100.2965689,20.0007630860001,0
                100.296570252,20.000824251,0
                100.296564787,20.000884663,0
                100.296555731,20.0009225630001,0
                100.296540709,20.000959702,0
                100.296523058,20.000988002,0
                100.29650196,20.001011503,0
                100.296470652,20.001035877,0
                100.296425739,20.0010627730001,0
                100.296354529,20.001101932,0
                100.296241681,20.0011518580001,0
                100.296128826,20.0012009800001,0
                100.2960432,20.00124749,0
                100.29599998,20.0012727600001,0
                100.295965265,20.00129716,0
                100.295928888,20.001326405,0
                100.29589433,20.0013701250001,0
                100.295853227,20.001446093,0
                100.295836564,20.00149129,0
                100.2958317,20.0015211090001,0
                100.295830295,20.001557345,0
                100.295836689,20.001610423,0
                100.295844828,20.001668323,0
                100.295848637,20.0017173950001,0
                100.295848901,20.001749594,0
                100.295841846,20.0017896700001,0
                100.295818201,20.0018599630001,0
                100.295764595,20.001969112,0
                100.29570938,20.0020668270001,0
                100.295661641,20.0021530340001,0
                100.295607742,20.0022264130001,0
                100.295565753,20.002275373,0
                100.295495251,20.002354596,0
                100.29538413,20.0024655980001,0
                100.295240027,20.002615479,0
                100.295156083,20.0027176950001,0
                100.295079674,20.0028155640001,0
                100.29502437,20.002901831,0
                100.294954273,20.0030311360001,0
                100.29486194,20.0032178440001,0
                100.294800903,20.0033442230001,0
                100.294753608,20.003484809,0
                100.294710654,20.0036010360001,0
                100.294667985,20.0037516030001,0
                100.294617882,20.003919399,0
                100.294607884,20.003992456,0
                100.2946057,20.004123275,0
                100.294653529,20.0041116,0
                100.294851611,20.004098195,0
                100.295341054,20.0041344740001,0
                100.296278235,20.0042631430001,0
                100.296848088,20.0043347070001,0
                100.297358616,20.0043708270001,0
                100.297805766,20.0043914670001,0
                100.298185417,20.004408616,0
                100.298547877,20.004386029,0
                100.298902363,20.004305039,0
                100.299196963,20.0042351170001,0
                100.299503885,20.004125247,0
              </coordinates>
                
            </LinearRing>
            
          </outerBoundaryIs>
        
        </Polygon>
        
      <styleUrl>
        #tambonStyle</styleUrl>
    </Placemark>

  </Document>
</kml>