<?xml version="1.0" encoding="UTF-8"?>
<kml xmlns="http://www.opengis.net/kml/2.2">
  <Document id="amphoe_doc">
    <name>ภูเขียว, Chaiyaphum</name>
    <description>ข้อมูลขอบเขตอำเภอภูเขียว จังหวัดChaiyaphum</description>
    
    <!-- Schema สำหรับข้อมูลอำเภอ -->
    <Schema id="amphoe.schema">
      <SimpleField name="ADM2_EN" type="string">
        <displayName>District Name (English)</displayName>
      </SimpleField>
      <SimpleField name="ADM2_TH" type="string">
        <displayName>ชื่ออำเภอ</displayName>
      </SimpleField>
      <SimpleField name="ADM1_EN" type="string">
        <displayName>Province Name (English)</displayName>
      </SimpleField>
      <SimpleField name="ADM1_TH" type="string">
        <displayName>ชื่อจังหวัด</displayName>
      </SimpleField>
      <SimpleField name="ADM0_EN" type="string">
        <displayName>Country Name (English)</displayName>
      </SimpleField>
      <SimpleField name="ADM0_TH" type="string">
        <displayName>ชื่อประเทศ</displayName>
      </SimpleField>
      <SimpleField name="AREA_KM2" type="double">
        <displayName>พื้นที่ (ตร.กม.)</displayName>
      </SimpleField>
      <SimpleField name="Shape_Area" type="double">
        <displayName>Shape Area</displayName>
      </SimpleField>
      <SimpleField name="Shape_Leng" type="double">
        <displayName>Shape Length</displayName>
      </SimpleField>
    </Schema>

    <!-- Style สำหรับอำเภอ -->
    <Style id="amphoeStyle">
      <LineStyle>
        <color>ff0000ff</color>
        <width>2</width>
      </LineStyle>
      <PolyStyle>
        <color>330000ff</color>
        <fill>1</fill>
        <outline>1</outline>
      </PolyStyle>
    </Style>

    <Placemark id="Chaiyaphum.10">
        
        <ExtendedData>
            
          <SchemaData schemaUrl="#amphoe.schema">
                
            <SimpleData name="Shape_Leng">
                1.86531032312</SimpleData>
                
            <SimpleData name="Shape_Area">
                0.0697602626704</SimpleData>
                
            <SimpleData name="ADM2_EN">
                Phu Khiao</SimpleData>
                
            <SimpleData name="ADM2_TH">
                ภูเขียว</SimpleData>
                
            <SimpleData name="ADM2_PCODE">
                TH3610</SimpleData>
                
            <SimpleData name="ADM1_EN">
                Chaiyaphum</SimpleData>
                
            <SimpleData name="ADM1_TH">
                ชัยภูมิ</SimpleData>
                
            <SimpleData name="ADM1_PCODE">
                TH36</SimpleData>
                
            <SimpleData name="ADM0_EN">
                Thailand</SimpleData>
                
            <SimpleData name="ADM0_TH">
                ประเทศไทย</SimpleData>
                
            <SimpleData name="ADM0_PCODE">
                TH</SimpleData>
            
          </SchemaData>
        
        </ExtendedData>
        
        <Polygon>
            
          <outerBoundaryIs>
                
            <LinearRing>
                    
              <coordinates>
                    
                102.18428569,16.5053560870001,0
                102.18427328,16.5052429680001,0
                102.184234811,16.505189424,0
                102.1842018,16.505171164,0
                102.183924519,16.5050847750001,0
                102.183677399,16.50501824,0
                102.183490974,16.5049660670001,0
                102.183388809,16.5049105160001,0
                102.183301214,16.504819045,0
                102.183223219,16.5047095570001,0
                102.183196632,16.5046053660001,0
                102.18319764,16.504535775,0
                102.18321284,16.5044837780001,0
                102.183274891,16.504371669,0
                102.183453888,16.5042037160001,0
                102.183494671,16.5041732240001,0
                102.183661042,16.504080301,0
                102.183917286,16.503969424,0
                102.184006114,16.5039092100001,0
                102.184073476,16.5038495490001,0
                102.184098831,16.5038229080001,0
                102.18420324,16.503700892,0
                102.18424562,16.5036647100001,0
                102.184292221,16.5036363620001,0
                102.184341062,16.5036198240001,0
                102.184474821,16.503606663,0
                102.184596587,16.5036037900001,0
                102.1846838,16.503619024,0
                102.184762821,16.503633134,0
                102.184799969,16.5036523090001,0
                102.184822989,16.5036835450001,0
                102.18503862,16.5041064280001,0
                102.185242742,16.5045516870001,0
                102.185265346,16.50459024,0
                102.18529168,16.50461231,0
                102.185353931,16.5046344470001,0
                102.185428526,16.504653509,0
                102.185498677,16.504654454,0
                102.185539047,16.504647935,0
                102.185559338,16.504635507,0
                102.185588364,16.504601489,0
                102.18560849,16.5045069560001,0
                102.185620378,16.504330962,0
                102.185636318,16.504200258,0
                102.185660878,16.5041193270001,0
                102.185697321,16.5040727700001,0
                102.185742257,16.5040337200001,0
                102.185841032,16.5039957290001,0
                102.185924651,16.50397866,0
                102.186028922,16.5039731200001,0
                102.186278477,16.503967339,0
                102.186337708,16.503960513,0
                102.186378463,16.50395002,0
                102.186413015,16.503935674,0
                102.186431233,16.5039235510001,0
                102.186462288,16.5038917430001,0
                102.18657211,16.503779262,0
                102.186620433,16.5037311450001,0
                102.186675151,16.5036987230001,0
                102.186729999,16.5036741960001,0
                102.186789101,16.5036594760001,0
                102.186856516,16.5036525250001,0
                102.187108732,16.5036503420001,0
                102.18711884,16.5036484410001,0
                102.187124321,16.503644378,0
                102.187171933,16.503525622,0
                102.18724862,16.503400159,0
                102.187343668,16.503302121,0
                102.187461968,16.503213423,0
                102.187551393,16.503178511,0
                102.187668518,16.5031710600001,0
                102.187794849,16.50317276,0
                102.187949011,16.5031928930001,0
                102.188056655,16.5031898280001,0
                102.188253606,16.503165391,0
                102.188488573,16.503100838,0
                102.188690873,16.5030267240001,0
                102.188931265,16.502912582,0
                102.189133891,16.502815991,0
                102.189139161,16.5028136650001,0
                102.189411842,16.5026933240001,0
                102.189529489,16.5026496730001,0
                102.189706287,16.502610095,0
                102.189835009,16.502598258,0
                102.189949606,16.5025984820001,0
                102.190091088,16.5026160630001,0
                102.190166181,16.5026356650001,0
                102.190282392,16.5026914920001,0
                102.190342617,16.5027306700001,0
                102.190386486,16.5027852760001,0
                102.190415969,16.502836154,0
                102.190588312,16.5032238920001,0
                102.190621663,16.503264324,0
                102.190649814,16.50327788,0
                102.190683202,16.503284153,0
                102.190722007,16.503279612,0
                102.190754675,16.5032751640001,0
                102.190797248,16.5032508240001,0
                102.190821408,16.503226765,0
                102.19084112,16.5031810580001,0
                102.190861227,16.503034664,0
                102.1908625,16.502862893,0
                102.190869906,16.5028154,0
                102.190870835,16.5028071610001,0
                102.190914893,16.5026817400001,0
                102.190953124,16.5025952550001,0
                102.191017378,16.502449902,0
                102.191060114,16.5023136140001,0
                102.191059598,16.50227948,0
                102.191058173,16.502192639,0
                102.191042751,16.502125753,0
                102.190890775,16.501662573,0
                102.1908233,16.5015337570001,0
                102.19072682,16.501410568,0
                102.190675999,16.50136474,0
                102.190615579,16.5013368410001,0
                102.190540983,16.5013176900001,0
                102.190494074,16.5013215720001,0
                102.190428031,16.501356892,0
                102.19037571,16.501414875,0
                102.190318236,16.5015089070001,0
                102.190236846,16.5016342170001,0
                102.190184328,16.5017057430001,0
                102.190122602,16.501768117,0
                102.190032852,16.5018256870001,0
                102.189948318,16.5018426080001,0
                102.189900643,16.501851147,0
                102.189852718,16.501851205,0
                102.189784558,16.501840406,0
                102.189691405,16.5018075510001,0
                102.18955652,16.5017514730001,0
                102.18945442,16.501691411,0
                102.189366615,16.5016089690001,0
                102.189278316,16.5015081610001,0
                102.18927339,16.5014993410001,0
                102.189256808,16.5014359420001,0
                102.189262429,16.501372814,0
                102.189287053,16.50128728,0
                102.189339832,16.5011977,0
                102.18949745,16.5009786110001,0
                102.189658798,16.500827198,0
                102.189796293,16.500702642,0
                102.189904665,16.5006544400001,0
                102.189998405,16.5006466730001,0
                102.190114995,16.5006708130001,0
                102.190231531,16.5007039820001,0
                102.190357222,16.5007553310001,0
                102.190478191,16.5008021040001,0
                102.190566899,16.5008168410001,0
                102.190636995,16.500826811,0
                102.19070734,16.5008142130001,0
                102.190759139,16.5007923370001,0
                102.190825506,16.500734542,0
                102.190911669,16.5006047800001,0
                102.190941117,16.5005058580001,0
                102.1909711,16.50037525,0
                102.190991222,16.5002807160001,0
                102.191029562,16.5002180290001,0
                102.191081688,16.500173585,0
                102.191181101,16.5000936590001,0
                102.191247337,16.5000448910001,0
                102.191313705,16.499987005,0
                102.191380527,16.499897613,0
                102.191447806,16.4997766270001,0
                102.191558199,16.4995885010001,0
                102.191745001,16.499288451,0
                102.191903397,16.4990151060001,0
                102.191984459,16.4989123620001,0
                102.192051151,16.4988319980001,0
                102.192127181,16.498751758,0
                102.192183948,16.49871189,0
                102.192249924,16.498681086,0
                102.192353066,16.498668928,0
                102.192455948,16.498674824,0
                102.192475834,16.498676221,0
                102.19249684,16.4986875860001,0
                102.192704696,16.4989491270001,0
                102.1927599,16.499017585,0
                102.19282907,16.4990862330001,0
                102.192908048,16.499127925,0
                102.192987352,16.4991470470001,0
                102.193094875,16.499157612,0
                102.193199621,16.49913945,0
                102.193294483,16.4991086360001,0
                102.19348993,16.4990228780001,0
                102.193626586,16.4989615110001,0
                102.193725737,16.49889964,0
                102.193834303,16.4988378950001,0
                102.193928422,16.4987985290001,0
                102.193998907,16.498781417,0
                102.194069134,16.4987823600001,0
                102.194120326,16.498793673,0
                102.194144529,16.498804109,0
                102.194185332,16.4988335800001,0
                102.194225058,16.4988759770001,0
                102.1942611,16.4989345920001,0
                102.194286,16.4989929390001,0
                102.194308613,16.499051932,0
                102.194385234,16.4992516880001,0
                102.194407717,16.499319708,0
                102.194411632,16.499369421,0
                102.19441072,16.499432611,0
                102.194362521,16.4995312830001,0
                102.194276425,16.4996566230001,0
                102.194223714,16.4997416900001,0
                102.194180419,16.4998268840001,0
                102.194127186,16.4999480610001,0
                102.194107326,16.5000245410001,0
                102.194110013,16.5001646170001,0
                102.194107343,16.5003496750001,0
                102.194101203,16.500448911,0
                102.194080898,16.5005615910001,0
                102.194037003,16.500682894,0
                102.193945561,16.5008577310001,0
                102.193864889,16.5009333950001,0
                102.193756254,16.500999742,0
                102.193689888,16.501057541,0
                102.193632808,16.501124491,0
                102.193603544,16.501205358,0
                102.193588326,16.501286415,0
                102.193586827,16.5013903180001,0
                102.1935997,16.501471753,0
                102.193621937,16.5015275910001,0
                102.193638621,16.5015492150001,0
                102.193673058,16.501576572,0
                102.193724011,16.5016133720001,0
                102.193789205,16.501636821,0
                102.19385466,16.501642213,0
                102.193995297,16.501626045,0
                102.194210662,16.5016199080001,0
                102.194318513,16.5016078130001,0
                102.194440671,16.501577852,0
                102.194539496,16.501538548,0
                102.194652955,16.5014588120001,0
                102.194738336,16.5013831210001,0
                102.194768844,16.5013516240001,0
                102.194829128,16.501253419,0
                102.194858324,16.501177065,0
                102.194868834,16.5010959460001,0
                102.194888486,16.5010284910001,0
                102.194912533,16.5009881840001,0
                102.194936177,16.500970443,0
                102.194992673,16.500944024,0
                102.195086414,16.5009362540001,0
                102.19519909,16.5009106800001,0
                102.195269773,16.500880028,0
                102.195397211,16.5008049910001,0
                102.195492252,16.500706947,0
                102.195568281,16.500626708,0
                102.195616024,16.5005596300001,0
                102.19563582,16.500487574,0
                102.195655419,16.5004291490001,0
                102.19567348,16.500402104,0
                102.195706823,16.500391313,0
                102.195730862,16.5003895310001,0
                102.195805783,16.500386022,0
                102.195880576,16.5003915400001,0
                102.195946031,16.5003969320001,0
                102.196015867,16.5004249570001,0
                102.196061852,16.500479749,0
                102.196074984,16.5005432180001,0
                102.196064865,16.500597256,0
                102.196054344,16.500673862,0
                102.196058466,16.500714547,0
                102.196081003,16.500773539,0
                102.196130915,16.500882556,0
                102.196162216,16.5009869,0
                102.196174947,16.501072847,0
                102.196154775,16.50117641,0
                102.196080771,16.501437348,0
                102.196050088,16.5016220320001,0
                102.196043493,16.501752863,0
                102.196046834,16.5018477130001,0
                102.196059305,16.501951804,0
                102.196086224,16.5020334270001,0
                102.196123132,16.5020700380001,0
                102.196169651,16.5020932350001,0
                102.196253456,16.502121446,0
                102.196370189,16.502141072,0
                102.196473073,16.5021469660001,0
                102.196571392,16.502148286,0
                102.196670023,16.502122523,0
                102.196750435,16.502064912,0
                102.196883361,16.501935776,0
                102.197039608,16.501811375,0
                102.197219495,16.501669324,0
                102.19732818,16.5015940370001,0
                102.197422442,16.5015501560001,0
                102.197521073,16.501524392,0
                102.197605411,16.501521009,0
                102.197679813,16.5015536080001,0
                102.19776324,16.5016134160001,0
                102.197841296,16.501713782,0
                102.197988879,16.501869255,0
                102.198037972,16.501928476,0
                102.198054649,16.5019606170001,0
                102.198057336,16.501987641,0
                102.198056948,16.5020145880001,0
                102.198042217,16.502057526,0
                102.19802788,16.5020820500001,0
                102.197903717,16.5022564510001,0
                102.197813056,16.5023772170001,0
                102.197741333,16.5024800890001,0
                102.197707376,16.5025654090001,0
                102.197687647,16.5026328610001,0
                102.197686346,16.5027231350001,0
                102.197683742,16.5029037690001,0
                102.197700609,16.503034918,0
                102.19771473,16.503132457,0
                102.197766724,16.5033157930001,0
                102.197825012,16.503497157,0
                102.197924317,16.503751391,0
                102.197991737,16.503941905,0
                102.198087582,16.504114832,0
                102.19816075,16.5042331920001,0
                102.19824358,16.504329107,0
                102.198299113,16.5043749980001,0
                102.198359406,16.504411922,0
                102.198410685,16.5044261530001,0
                102.198466868,16.504426907,0
                102.198527877,16.5044141810001,0
                102.198598625,16.5043790140001,0
                102.198664991,16.5043212150001,0
                102.198750489,16.504232073,0
                102.198884133,16.5040531930001,0
                102.198960161,16.503972951,0
                102.199059575,16.5038930220001,0
                102.199135356,16.50383535,0
                102.199203579,16.503799965,0
                102.199314074,16.5037745430001,0
                102.199403369,16.503748654,0
                102.199497696,16.503700258,0
                102.199577706,16.5036651240001,0
                102.199733366,16.5035814350001,0
                102.199950956,16.503426345,0
                102.200111506,16.5033246620001,0
                102.200257698,16.5032498750001,0
                102.200361169,16.503215056,0
                102.200459735,16.503193804,0
                102.200548977,16.503176941,0
                102.200609854,16.503173243,0
                102.200656557,16.503178383,0
                102.200712219,16.503215245,0
                102.200748997,16.5032609730001,0
                102.200785321,16.5033382080001,0
                102.200839489,16.5034788830001,0
                102.200906195,16.5037191370001,0
                102.20094148,16.503868588,0
                102.200949791,16.503945447,0
                102.200976701,16.5040225550001,0
                102.200990031,16.5040723920001,0
                102.201021658,16.5041541680001,0
                102.201055348,16.5041976750001,0
                102.201087692,16.5042249160001,0
                102.201132582,16.504250459,0
                102.201206987,16.5042830580001,0
                102.201295696,16.5042977900001,0
                102.201365924,16.5042987310001,0
                102.201431705,16.504281554,0
                102.201502312,16.5042508990001,0
                102.201572865,16.504229271,0
                102.201657257,16.5042168580001,0
                102.201764655,16.504236355,0
                102.201862377,16.5042737800001,0
                102.20202942,16.504375338,0
                102.20218274,16.504454138,0
                102.202282002,16.504496208,0
                102.202340262,16.504507587,0
                102.202401909,16.504511248,0
                102.202504988,16.504503599,0
                102.202720943,16.5044568320001,0
                102.202922668,16.5044279300001,0
                102.203086625,16.504416583,0
                102.203306509,16.504424042,0
                102.203493603,16.5044355750001,0
                102.203662191,16.5044242880001,0
                102.203784155,16.504407863,0
                102.203958178,16.5043515040001,0
                102.204094696,16.504294642,0
                102.204184379,16.5042416680001,0
                102.204243397,16.5042001410001,0
                102.204297836,16.504161836,0
                102.204388235,16.50405921,0
                102.204433171,16.5040030860001,0
                102.204450328,16.503949526,0
                102.204533691,16.5032954980001,0
                102.204534684,16.503190196,0
                102.204519057,16.5030991850001,0
                102.204468685,16.503021764,0
                102.204404008,16.502962209,0
                102.204338889,16.5029387650001,0
                102.204250037,16.5029285480001,0
                102.204174985,16.5029410860001,0
                102.204100061,16.502944599,0
                102.204043814,16.5029483600001,0
                102.203997175,16.5029387060001,0
                102.203964779,16.5029157010001,0
                102.203918584,16.5028699370001,0
                102.203909831,16.5028290990001,0
                102.203910351,16.50279299,0
                102.203915838,16.5027388880001,0
                102.203939998,16.502685037,0
                102.203987415,16.502640527,0
                102.204034779,16.5026050450001,0
                102.204096112,16.502569749,0
                102.204143073,16.5025568350001,0
                102.204217803,16.502566863,0
                102.2042879,16.5025768300001,0
                102.204352836,16.5026183300001,0
                102.204459314,16.502696502,0
                102.204662875,16.502861839,0
                102.204903816,16.503036616,0
                102.205065632,16.503174217,0
                102.205172175,16.5032478750001,0
                102.205269845,16.503294327,0
                102.205358554,16.503309148,0
                102.205466147,16.5033151010001,0
                102.205555116,16.503311777,0
                102.205653555,16.5032994600001,0
                102.205757023,16.503264728,0
                102.205804181,16.503239149,0
                102.205853099,16.5032186720001,0
                102.20589881,16.5031727320001,0
                102.205938876,16.503069834,0
                102.205939496,16.503067265,0
                102.205967465,16.5029515250001,0
                102.20600247,16.502798409,0
                102.206017995,16.502690267,0
                102.206019487,16.502586453,0
                102.205997984,16.502455243,0
                102.205938859,16.5023369850001,0
                102.20586059,16.5022456470001,0
                102.205772853,16.5021632130001,0
                102.205661539,16.5020940050001,0
                102.205540615,16.502038213,0
                102.205396126,16.502000164,0
                102.205256059,16.501971113,0
                102.205111505,16.501937578,0
                102.205018412,16.501900216,0
                102.204916306,16.5018401610001,0
                102.204805058,16.50176644,0
                102.2047036,16.5016612480001,0
                102.204369029,16.501164596,0
                102.204181591,16.5008550110001,0
                102.204076465,16.5006775370001,0
                102.204044978,16.500591249,0
                102.204027329,16.500514266,0
                102.204028238,16.5004510740001,0
                102.204038625,16.5003834950001,0
                102.20405384,16.5003024370001,0
                102.204092826,16.5001946100001,0
                102.20415023,16.500104998,0
                102.204221106,16.5000608010001,0
                102.204291774,16.500025629,0
                102.204352794,16.500017418,0
                102.204497802,16.500019358,0
                102.204661574,16.5000260630001,0
                102.204829782,16.500046372,0
                102.205086505,16.500094952,0
                102.205144302,16.5001069140001,0
                102.205249811,16.5001287380001,0
                102.205371448,16.500134879,0
                102.205412444,16.5001339070001,0
                102.205493136,16.500131992,0
                102.205582493,16.500101586,0
                102.20568172,16.5000397090001,0
                102.205767407,16.4999370210001,0
                102.205827745,16.499789575,0
                102.205844598,16.4997085960001,0
                102.205843383,16.4996349140001,0
                102.205841705,16.499533162,0
                102.205813202,16.499355168,0
                102.205796732,16.499201364,0
                102.205807627,16.49909316,0
                102.205846353,16.499003386,0
                102.205886418,16.4989461050001,0
                102.205937138,16.498873589,0
                102.20611323,16.4986727890001,0
                102.20620819,16.49857474,0
                102.206296747,16.4984826210001,0
                102.206407616,16.4983672930001,0
                102.206483118,16.498314414,0
                102.206577818,16.498259058,0
                102.206709439,16.4982201870001,0
                102.206873652,16.4981907800001,0
                102.207018735,16.498192719,0
                102.207168256,16.498208262,0
                102.207312626,16.4982598510001,0
                102.207451836,16.498342973,0
                102.207622934,16.498489815,0
                102.207775672,16.4986092350001,0
                102.207821985,16.4986414570001,0
                102.207887309,16.4986558730001,0
                102.207948251,16.498647658,0
                102.208037672,16.498612736,0
                102.208235525,16.4985250890001,0
                102.208358317,16.4984453770001,0
                102.208825987,16.4979378090001,0
                102.208873784,16.4979071430001,0
                102.20893277,16.4978841290001,0
                102.208998083,16.4978940290001,0
                102.209072497,16.49793114,0
                102.209230319,16.498019024,0
                102.209281145,16.498064938,0
                102.209322502,16.498119666,0
                102.209353863,16.49821489,0
                102.209337694,16.4983681690001,0
                102.209287352,16.498611371,0
                102.209217557,16.4989084010001,0
                102.209216253,16.4989992660001,0
                102.209233103,16.499078017,0
                102.20926733,16.4991538950001,0
                102.209363215,16.499268441,0
                102.209447706,16.499337601,0
                102.209502961,16.4993757450001,0
                102.209626454,16.4994351350001,0
                102.209798864,16.4994942070001,0
                102.210153194,16.499593743,0
                102.210395678,16.49965567,0
                102.210586428,16.4997349650001,0
                102.210851195,16.499874027,0
                102.211241856,16.5000507940001,0
                102.211571303,16.5002493170001,0
                102.211784919,16.5003651220001,0
                102.211821766,16.500406245,0
                102.211849275,16.5004472430001,0
                102.21185314,16.500505984,0
                102.211837801,16.50059607,0
                102.211850746,16.500672991,0
                102.211887268,16.500736771,0
                102.211903188,16.50076856,0
                102.211946834,16.50081106,0
                102.211974877,16.5008282310001,0
                102.212068101,16.5008565630001,0
                102.212245519,16.5008860180001,0
                102.212404329,16.50091071,0
                102.212591538,16.5009086920001,0
                102.212750671,16.500910816,0
                102.212857926,16.5009348200001,0
                102.212922865,16.500976317,0
                102.212954823,16.501035432,0
                102.212953788,16.501107651,0
                102.212919759,16.5011930650001,0
                102.212804882,16.501372115,0
                102.212728213,16.501497499,0
                102.212703859,16.501564892,0
                102.212707972,16.501601065,0
                102.212735415,16.5016466650001,0
                102.212768946,16.5016798990001,0
                102.212843553,16.5017214640001,0
                102.212849953,16.5017238780001,0
                102.212968241,16.501731035,0
                102.213272513,16.501726064,0
                102.213434371,16.501702257,0
                102.213653111,16.501645605,0
                102.21386458,16.501562317,0
                102.214137941,16.501430526,0
                102.214289222,16.5013287090001,0
                102.214417173,16.50121755,0
                102.21449339,16.50112367,0
                102.214536756,16.5010384710001,0
                102.214551836,16.500966439,0
                102.214457987,16.5005413490001,0
                102.214332809,16.500230926,0
                102.214241941,16.500054699,0
                102.214183503,16.499985843,0
                102.214135246,16.499956603,0
                102.213935421,16.499888088,0
                102.213501924,16.499764838,0
                102.213077959,16.4996282610001,0
                102.212883748,16.499547899,0
                102.212725788,16.499462228,0
                102.212608833,16.499373613,0
                102.212546549,16.4993174590001,0
                102.212475207,16.4992226800001,0
                102.212443418,16.499163735,0
                102.212425636,16.4990957800001,0
                102.212421769,16.499037039,0
                102.212431702,16.4990010560001,0
                102.212460235,16.4989652290001,0
                102.212535491,16.4989436600001,0
                102.212671421,16.4989274160001,0
                102.212906379,16.4988628310001,0
                102.213028456,16.4988328580001,0
                102.213164396,16.498821127,0
                102.213262637,16.498822438,0
                102.213393483,16.498837726,0
                102.213501009,16.49884819,0
                102.213580705,16.4988402230001,0
                102.213670125,16.498805299,0
                102.213839433,16.4987488670001,0
                102.214055832,16.4986704900001,0
                102.214281375,16.4986057780001,0
                102.214436314,16.4985717280001,0
                102.214539392,16.4985640730001,0
                102.214604847,16.4985694600001,0
                102.214684154,16.498588576,0
                102.214763008,16.4986392870001,0
                102.21482776,16.4986840180001,0
                102.214929213,16.4987995120001,0
                102.215034737,16.498949899,0
                102.215131168,16.4990776820001,0
                102.215205119,16.4991418720001,0
                102.215270123,16.4991788560001,0
                102.215372942,16.499189255,0
                102.215541734,16.499168931,0
                102.215682758,16.4991256650001,0
                102.215791189,16.4990729350001,0
                102.215933055,16.4989709000001,0
                102.216027764,16.4988954140001,0
                102.216035919,16.4988834870001,0
                102.21618071,16.498671723,0
                102.216310533,16.498429576,0
                102.21640189,16.498259239,0
                102.216473603,16.4981563600001,0
                102.216531788,16.4980959600001,0
                102.216598802,16.4980463850001,0
                102.216648641,16.498023163,0
                102.216842525,16.498012869,0
                102.217021307,16.498045211,0
                102.217305947,16.498148225,0
                102.217409153,16.498167073,0
                102.21751249,16.498165681,0
                102.217639404,16.498126649,0
                102.217799891,16.4980339800001,0
                102.217942333,16.49789141,0
                102.218016985,16.4977991640001,0
                102.218073773,16.4976971130001,0
                102.218085941,16.4976675030001,0
                102.218115322,16.497577602,0
                102.218111842,16.497491779,0
                102.218075897,16.497387465,0
                102.217997882,16.497278077,0
                102.217882826,16.497141018,0
                102.21775335,16.497035458,0
                102.217563166,16.4969110330001,0
                102.217377314,16.496818266,0
                102.217158666,16.4967249740001,0
                102.217118089,16.4966969860001,0
                102.217061352,16.4966578510001,0
                102.216963884,16.496572897,0
                102.21690917,16.496500435,0
                102.216854409,16.4964003860001,0
                102.21680971,16.496255234,0
                102.216797473,16.496128663,0
                102.216802247,16.4960399240001,0
                102.216842646,16.495916989,0
                102.216896187,16.495773236,0
                102.216955067,16.4955798940001,0
                102.216985677,16.495404142,0
                102.216979504,16.495182846,0
                102.216940985,16.494929427,0
                102.216919927,16.494766622,0
                102.216863185,16.494481357,0
                102.21682949,16.494214549,0
                102.216817784,16.494056293,0
                102.216843104,16.4939211920001,0
                102.216910365,16.4938001950001,0
                102.217019816,16.4936706390001,0
                102.217081349,16.493626313,0
                102.217147048,16.4936091280001,0
                102.217230997,16.4936328200001,0
                102.217412148,16.493730128,0
                102.217635231,16.4938369330001,0
                102.217849764,16.4938939640001,0
                102.217999282,16.4939094970001,0
                102.218107001,16.4939064170001,0
                102.218169162,16.49389727,0
                102.218346905,16.4938193190001,0
                102.218502744,16.493721981,0
                102.218710831,16.4935712550001,0
                102.219014527,16.493281758,0
                102.219152323,16.49313461,0
                102.219286843,16.492892613,0
                102.219378519,16.492699615,0
                102.21950454,16.4923987240001,0
                102.219599954,16.492273584,0
                102.219747279,16.4921130180001,0
                102.219903504,16.491988688,0
                102.219992856,16.4919581840001,0
                102.220119455,16.491946324,0
                102.220278568,16.491943926,0
                102.220442453,16.4919370760001,0
                102.220555265,16.491906973,0
                102.220687396,16.4918319820001,0
                102.220919571,16.491631913,0
                102.221122947,16.491481031,0
                102.221251209,16.491347299,0
                102.221375227,16.4911864210001,0
                102.221504842,16.4909578100001,0
                102.221581954,16.4908008240001,0
                102.2217414,16.4904507150001,0
                102.221894343,16.490231533,0
                102.222051598,16.4900348900001,0
                102.22221838,16.48982492,0
                102.222308377,16.489749278,0
                102.222360299,16.489718365,0
                102.222453971,16.4897150950001,0
                102.222565995,16.489734642,0
                102.222654185,16.489785565,0
                102.222765371,16.4898637900001,0
                102.222881653,16.489914995,0
                102.223003155,16.489930153,0
                102.223153381,16.4898960310001,0
                102.223294589,16.489839218,0
                102.223412354,16.489786517,0
                102.223501704,16.4897561,0
                102.223586038,16.489752706,0
                102.223711979,16.4897814670001,0
                102.223722774,16.489786275,0
                102.223837532,16.4898373990001,0
                102.223972887,16.4898662850001,0
                102.224118019,16.489859183,0
                102.224253486,16.489820325,0
                102.224289903,16.489800933,0
                102.224381892,16.4897361870001,0
                102.224552735,16.4895714140001,0
                102.224676866,16.4893969940001,0
                102.224772211,16.4892762750001,0
                102.22485551,16.489159291,0
                102.224895501,16.4890652500001,0
                102.224901821,16.4890477490001,0
                102.224912265,16.488975655,0
                102.224898864,16.4889303320001,0
                102.224862403,16.488862038,0
                102.224760682,16.4887749100001,0
                102.224463182,16.488631008,0
                102.22440547,16.4885771560001,0
                102.224380663,16.488542222,0
                102.224362494,16.4884715700001,0
                102.224382456,16.4883815430001,0
                102.224453969,16.488292201,0
                102.224477819,16.4882666290001,0
                102.224537742,16.4882192360001,0
                102.225584737,16.4877653660001,0
                102.225706933,16.487726357,0
                102.225800476,16.4877321120001,0
                102.225917207,16.4877517190001,0
                102.226005655,16.4877844960001,0
                102.226145705,16.4878089270001,0
                102.226290847,16.487806338,0
                102.226422459,16.4877674520001,0
                102.226549814,16.487696907,0
                102.226753505,16.48752345,0
                102.22690464,16.4874306470001,0
                102.22714969,16.4873120030001,0
                102.227399514,16.4871889070001,0
                102.22780541,16.4869888700001,0
                102.228373784,16.486799933,0
                102.228542758,16.486766055,0
                102.228655567,16.4867358590001,0
                102.228726356,16.4866916510001,0
                102.228778792,16.486624627,0
                102.228793866,16.486552594,0
                102.228781042,16.4864666450001,0
                102.228727627,16.4862717190001,0
                102.228588606,16.4858499260001,0
                102.228501764,16.485704307,0
                102.228308429,16.4854760150001,0
                102.228078569,16.485183942,0
                102.227899539,16.48493769,0
                102.227886523,16.484865283,0
                102.227892451,16.484779583,0
                102.227907846,16.4846849800001,0
                102.227981335,16.4844511050001,0
                102.228034864,16.484307347,0
                102.228097226,16.4842043370001,0
                102.228165292,16.4841366480001,0
                102.228190379,16.4841216930001,0
                102.228285838,16.4841030010001,0
                102.228370104,16.4841041180001,0
                102.228594343,16.484129663,0
                102.228781359,16.484145686,0
                102.22898705,16.484161955,0
                102.229230103,16.4841832340001,0
                102.229341998,16.484211804,0
                102.229434961,16.4842581820001,0
                102.229532231,16.48432719,0
                102.229643611,16.48439187,0
                102.229732124,16.48442013,0
                102.229825792,16.4844168560001,0
                102.229947937,16.4843868730001,0
                102.230173459,16.4843221400001,0
                102.230417669,16.48426217,0
                102.230605458,16.484224026,0
                102.23076032,16.484194474,0
                102.231060902,16.484121615,0
                102.23124887,16.484065414,0
                102.231413069,16.484035987,0
                102.231525556,16.484028446,0
                102.231605101,16.4840249850001,0
                102.23168447,16.4840395790001,0
                102.231758874,16.484072167,0
                102.231804751,16.484140584,0
                102.231859376,16.4842451420001,0
                102.231895338,16.48435397,0
                102.231926133,16.4844898160001,0
                102.231925234,16.4845530100001,0
                102.231910097,16.4846296480001,0
                102.231894896,16.4847107100001,0
                102.231889368,16.484773842,0
                102.231906887,16.4848553370001,0
                102.231939106,16.4848963950001,0
                102.231989922,16.484959476,0
                102.23199346,16.4849621340001,0
                102.23202911,16.4849801130001,0
                102.23206865,16.4849974310001,0
                102.232129407,16.485007265,0
                102.232227578,16.4850130780001,0
                102.232353967,16.485010237,0
                102.232518117,16.4849898360001,0
                102.232668466,16.4849466800001,0
                102.232837887,16.484881203,0
                102.232969754,16.4848242570001,0
                102.233073081,16.484798536,0
                102.233152564,16.484799588,0
                102.233189684,16.484827168,0
                102.233207781,16.4848680380001,0
                102.23322988,16.4849586240001,0
                102.233233754,16.485017365,0
                102.233241055,16.485137222,0
                102.233240134,16.4851410800001,0
                102.233173467,16.4853055940001,0
                102.233158267,16.4853866560001,0
                102.233157305,16.485454363,0
                102.233184303,16.485531559,0
                102.233230054,16.485608913,0
                102.233473236,16.4859361590001,0
                102.233599149,16.486071082,0
                102.233768876,16.486215854,0
                102.233964094,16.486318483,0
                102.234159617,16.4863933940001,0
                102.234364927,16.486436741,0
                102.23460805,16.4864535,0
                102.234707487,16.4864411350001,0
                102.234801989,16.486417874,0
                102.234927694,16.4863538010001,0
                102.235027342,16.4862557970001,0
                102.235160683,16.486095033,0
                102.235241655,16.485996782,0
                102.235393544,16.4858452030001,0
                102.23552128,16.4857475700001,0
                102.235710415,16.48561463,0
                102.235918739,16.4854457380001,0
                102.236112439,16.485317374,0
                102.23648232,16.4849790600001,0
                102.237030062,16.484372034,0
                102.237073466,16.484357324,0
                102.237113467,16.484356704,0
                102.237212455,16.484353807,0
                102.237324769,16.484350518,0
                102.237414896,16.484333346,0
                102.237433064,16.4843271890001,0
                102.237512191,16.484273321,0
                102.237693025,16.484091946,0
                102.237798081,16.4839443500001,0
                102.237861067,16.483791685,0
                102.237938739,16.4835939760001,0
                102.238017243,16.4833376780001,0
                102.238061348,16.48324002,0
                102.238096756,16.4831861070001,0
                102.238193611,16.483114184,0
                102.238358387,16.483044127,0
                102.238518084,16.483005603,0
                102.238724352,16.482981239,0
                102.238883461,16.482978825,0
                102.238967919,16.4829663950001,0
                102.239027124,16.4829444590001,0
                102.239079417,16.4829172290001,0
                102.239137787,16.4828692250001,0
                102.239200645,16.4827255870001,0
                102.239222277,16.482522713,0
                102.239272754,16.4822614390001,0
                102.239317447,16.4820814440001,0
                102.239362079,16.481905872,0
                102.239401041,16.4817980330001,0
                102.239467453,16.4817357060001,0
                102.239566391,16.481687349,0
                102.239721188,16.4816623040001,0
                102.239955032,16.481674421,0
                102.24007221,16.481662423,0
                102.240170892,16.4816321230001,0
                102.240335795,16.481552945,0
                102.240623989,16.4813626170001,0
                102.240790105,16.481197766,0
                102.240923121,16.481059476,0
                102.2410189,16.4809072420001,0
                102.241119307,16.4807550680001,0
                102.241185912,16.480679106,0
                102.241254807,16.4806300180001,0
                102.241412336,16.480555683,0
                102.241576917,16.480499163,0
                102.241788338,16.4804432600001,0
                102.241938873,16.4803865550001,0
                102.241989885,16.48035672,0
                102.242029827,16.480320659,0
                102.242090753,16.480234968,0
                102.242153044,16.480136467,0
                102.242186915,16.4800556500001,0
                102.24219785,16.479942927,0
                102.242179376,16.4798703430001,0
                102.242160113,16.479828083,0
                102.242074277,16.4797470770001,0
                102.241897891,16.4796454290001,0
                102.241790946,16.479594358,0
                102.241623336,16.4795379720001,0
                102.241375703,16.4795076180001,0
                102.241188881,16.4794780660001,0
                102.241017438,16.4794309210001,0
                102.241012917,16.479428887,0
                102.240886302,16.479365633,0
                102.240719319,16.4792595930001,0
                102.240599161,16.4791496570001,0
                102.240548707,16.4790794680001,0
                102.240527657,16.4790414140001,0
                102.240503997,16.4789316980001,0
                102.24051977,16.4788099200001,0
                102.240550418,16.4786297380001,0
                102.240672322,16.477893275,0
                102.240701979,16.477841492,0
                102.240730643,16.477801238,0
                102.240778045,16.477756716,0
                102.240872031,16.477730868,0
                102.241007945,16.4777146010001,0
                102.241274517,16.4777316620001,0
                102.241423835,16.4777607190001,0
                102.241615607,16.477767762,0
                102.241798233,16.477761141,0
                102.241971765,16.477731825,0
                102.242117412,16.477693115,0
                102.242286697,16.477636655,0
                102.242432986,16.4775527150001,0
                102.24251858,16.477454521,0
                102.242576482,16.477333389,0
                102.242606423,16.4772028570001,0
                102.242609173,16.4770086720001,0
                102.242597685,16.4768279350001,0
                102.242585304,16.476710301,0
                102.242557792,16.476669305,0
                102.242506705,16.4766415440001,0
                102.242441318,16.476631653,0
                102.242296247,16.4766297410001,0
                102.242174633,16.476628137,0
                102.242015837,16.47660347,0
                102.241936791,16.4765663110001,0
                102.24186735,16.4765157350001,0
                102.241798344,16.4764290470001,0
                102.241753178,16.4763155840001,0
                102.241754395,16.476229732,0
                102.241793162,16.4761354350001,0
                102.24187845,16.476064325,0
                102.241972615,16.4760204190001,0
                102.242061701,16.4760080500001,0
                102.242159818,16.4760228870001,0
                102.242289758,16.476101349,0
                102.242411116,16.4761210080001,0
                102.242509477,16.476113275,0
                102.242561201,16.476095899,0
                102.242608999,16.476028808,0
                102.242648213,16.4759029140001,0
                102.242658957,16.4758036430001,0
                102.242655478,16.475722332,0
                102.242657075,16.475609488,0
                102.242607204,16.4754959640001,0
                102.242519767,16.47538637,0
                102.242362582,16.4752533720001,0
                102.24225679,16.4751210530001,0
                102.24214656,16.4749751300001,0
                102.242087736,16.4748343100001,0
                102.242038312,16.4746891890001,0
                102.241968575,16.4745499850001,0
                102.24194858,16.474448538,0
                102.241944031,16.474403432,0
                102.241954788,16.474308767,0
                102.241984013,16.474223373,0
                102.242012996,16.474160549,0
                102.242107683,16.4740850490001,0
                102.242249006,16.4740191020001,0
                102.24241867,16.473935559,0
                102.242569712,16.4738427410001,0
                102.24273119,16.4736778270001,0
                102.242789283,16.473543062,0
                102.242876665,16.4733184790001,0
                102.2429108,16.473224122,0
                102.242963484,16.473138948,0
                102.243039101,16.473085768,0
                102.243165866,16.473055835,0
                102.243296764,16.473066589,0
                102.243422635,16.47309985,0
                102.24362768,16.4731612410001,0
                102.243810174,16.4731636450001,0
                102.243908596,16.473151398,0
                102.244035425,16.4731169510001,0
                102.244148543,16.4730642650001,0
                102.24424786,16.472988824,0
                102.244309751,16.472912889,0
                102.244338861,16.4728410380001,0
                102.244331184,16.4727234650001,0
                102.244295611,16.4725920720001,0
                102.244208122,16.472491597,0
                102.244072966,16.4724491850001,0
                102.243947349,16.4723978690001,0
                102.243840663,16.472328743,0
                102.243721481,16.4721555250001,0
                102.243612833,16.4718922440001,0
                102.243572951,16.4717381300001,0
                102.243560568,16.471620585,0
                102.243575761,16.4715395210001,0
                102.243623736,16.4714543740001,0
                102.24371855,16.471369754,0
                102.243812854,16.471321335,0
                102.243855609,16.4712722370001,0
                102.24386579,16.4712181940001,0
                102.243872079,16.471100897,0
                102.243840575,16.471014703,0
                102.243703089,16.4708096420001,0
                102.243565219,16.4706317530001,0
                102.243463945,16.4705129490001,0
                102.24344628,16.470435965,0
                102.243465924,16.470373019,0
                102.243499919,16.470283174,0
                102.243558648,16.470103361,0
                102.24368409,16.469834043,0
                102.24383184,16.469646282,0
                102.243968961,16.469544249,0
                102.244044652,16.4694910700001,0
                102.244133737,16.4694787,0
                102.244231965,16.469479994,0
                102.244339544,16.469485924,0
                102.244470808,16.469465079,0
                102.244588171,16.469439537,0
                102.244762091,16.469387651,0
                102.244846978,16.4693391070001,0
                102.24506373,16.469238122,0
                102.245266428,16.4691323480001,0
                102.245422873,16.4689899370001,0
                102.245527596,16.468864905,0
                102.245613455,16.468753077,0
                102.24569834,16.468704534,0
                102.245768877,16.468682888,0
                102.245881086,16.4686888790001,0
                102.245974301,16.4687171940001,0
                102.246072084,16.468750083,0
                102.246207099,16.468797006,0
                102.24629599,16.4687981760001,0
                102.246366591,16.468772017,0
                102.246446529,16.468745981,0
                102.246554809,16.4687022590001,0
                102.246681508,16.468676838,0
                102.246836165,16.468660814,0
                102.246976653,16.4686536310001,0
                102.247117139,16.468646451,0
                102.247253111,16.468625666,0
                102.247304898,16.468603773,0
                102.247376392,16.4685144200001,0
                102.247420244,16.4683931000001,0
                102.247478063,16.468271874,0
                102.247535769,16.4681642800001,0
                102.247597147,16.4681244550001,0
                102.247700655,16.4680851840001,0
                102.247734518,16.468086537,0
                102.247869038,16.4680919140001,0
                102.248017969,16.468148048,0
                102.248129235,16.4682262600001,0
                102.248267938,16.4683454660001,0
                102.248338014,16.4683509020001,0
                102.248460147,16.468320905,0
                102.248582342,16.4682863940001,0
                102.248657381,16.468273837,0
                102.248765521,16.468234626,0
                102.248812869,16.4681991300001,0
                102.24891218,16.4681236860001,0
                102.248974132,16.468043236,0
                102.249017537,16.4679535120001,0
                102.249051926,16.4678410080001,0
                102.249090115,16.467787333,0
                102.249165473,16.4677522060001,0
                102.249259325,16.46773538,0
                102.249334109,16.467740878,0
                102.249422428,16.4677826710001,0
                102.249491739,16.467842272,0
                102.249583746,16.4679563490001,0
                102.249652371,16.4680702090001,0
                102.249748497,16.468220456,0
                102.24984133,16.468275852,0
                102.249938986,16.4683177680001,0
                102.250074015,16.4683692040001,0
                102.250189974,16.4684430520001,0
                102.250311201,16.4684717330001,0
                102.250427926,16.468491326,0
                102.250563643,16.4684885940001,0
                102.250699627,16.468472322,0
                102.250774794,16.468450736,0
                102.250883648,16.4683662960001,0
                102.250922155,16.4682900510001,0
                102.250984105,16.4682096020001,0
                102.251087932,16.468147759,0
                102.251215267,16.468077196,0
                102.251309502,16.468033287,0
                102.251393814,16.4680253650001,0
                102.251496941,16.4680131740001,0
                102.251539519,16.467982041,0
                102.251586739,16.4679555720001,0
                102.251628984,16.467942583,0
                102.251699266,16.467938991,0
                102.251802202,16.4679403430001,0
                102.251877304,16.46792327,0
                102.251929599,16.467865266,0
                102.251982721,16.467748581,0
                102.252002427,16.4676811190001,0
                102.252026381,16.4676408030001,0
                102.252125563,16.4675743830001,0
                102.252177732,16.467525317,0
                102.252220182,16.4675033,0
                102.252271777,16.467494948,0
                102.252330687,16.467495722,0
                102.252370005,16.467496238,0
                102.252454139,16.4675063720001,0
                102.252524599,16.4674847220001,0
                102.252609433,16.4674452040001,0
                102.25267062,16.4674189190001,0
                102.252788998,16.46732115,0
                102.252870208,16.467204833,0
                102.252957321,16.46699821,0
                102.253077289,16.466787594,0
                102.25326258,16.4665912880001,0
                102.253418763,16.4664669260001,0
                102.253625778,16.466388377,0
                102.253751966,16.466399063,0
                102.253914559,16.4664824600001,0
                102.254081098,16.466620086,0
                102.25426066,16.466830208,0
                102.254399367,16.46694941,0
                102.254566223,16.4670644670001,0
                102.254733908,16.467120842,0
                102.25489308,16.4671184160001,0
                102.255071308,16.4670891490001,0
                102.255273681,16.4670060240001,0
                102.25543934,16.4668772700001,0
                102.255713584,16.4666776130001,0
                102.255883797,16.4665489180001,0
                102.256001601,16.4664917710001,0
                102.256133068,16.466461892,0
                102.256240711,16.4664633030001,0
                102.256380052,16.466537365,0
                102.25647701,16.4666289300001,0
                102.256563867,16.46677463,0
                102.256651742,16.4668480170001,0
                102.256712496,16.466857842,0
                102.25681556,16.466850164,0
                102.256924267,16.466770323,0
                102.256949315,16.466657694,0
                102.256933931,16.4664182120001,0
                102.25693552,16.466305365,0
                102.256936982,16.466201455,0
                102.256900384,16.4661422840001,0
                102.256762186,16.465986973,0
                102.256670684,16.465836788,0
                102.256616735,16.465677977,0
                102.256628372,16.4655201140001,0
                102.25665493,16.4652946360001,0
                102.256642602,16.465172578,0
                102.25660664,16.465068267,0
                102.256515394,16.464899938,0
                102.256494555,16.4647190760001,0
                102.25648299,16.46454285,0
                102.25656019,16.464376728,0
                102.256640823,16.4643010340001,0
                102.256725337,16.4642840820001,0
                102.256837546,16.464290067,0
                102.256950133,16.464268969,0
                102.256997592,16.464219929,0
                102.257022002,16.464152529,0
                102.25700007,16.464043798,0
                102.256913213,16.4638981890001,0
                102.25680692,16.463806501,0
                102.256527731,16.46369449,0
                102.256340535,16.463692037,0
                102.256213524,16.4637400340001,0
                102.256137469,16.463824817,0
                102.256023342,16.463949733,0
                102.25592429,16.4640071260001,0
                102.255811319,16.464055397,0
                102.255680363,16.4640491660001,0
                102.255540451,16.464015639,0
                102.255429134,16.4639464590001,0
                102.255355163,16.463877767,0
                102.255347035,16.4637918830001,0
                102.255381417,16.463679465,0
                102.25543422,16.463585257,0
                102.255566307,16.4635057250001,0
                102.255730502,16.4634807900001,0
                102.255960067,16.4634612250001,0
                102.256198586,16.463468865,0
                102.256404708,16.463453508,0
                102.256569094,16.463415029,0
                102.256653976,16.46336648,0
                102.256692098,16.4633173180001,0
                102.256730919,16.4632185020001,0
                102.256731682,16.4631642460001,0
                102.25671428,16.463073723,0
                102.256627485,16.4629236010001,0
                102.256485664,16.4626914020001,0
                102.256213584,16.462403409,0
                102.256157868,16.4623755910001,0
                102.256082894,16.4623836380001,0
                102.25601198,16.46243237,0
                102.255893605,16.462530142,0
                102.255784949,16.462600953,0
                102.255714682,16.4626090620001,0
                102.255597833,16.4625985010001,0
                102.255519042,16.4625432920001,0
                102.255482572,16.462475092,0
                102.255475269,16.4623305260001,0
                102.255481679,16.462204108,0
                102.255488102,16.4620822950001,0
                102.25554561,16.46198824,0
                102.255611692,16.461948475,0
                102.255692057,16.4618863210001,0
                102.255720716,16.461846064,0
                102.25572606,16.461800897,0
                102.255698735,16.461746362,0
                102.255624714,16.4616867010001,0
                102.255527506,16.4616131920001,0
                102.255476738,16.461562864,0
                102.255435148,16.4615185270001,0
                102.25538819,16.461438813,0
                102.255349794,16.4613538850001,0
                102.255325522,16.4612744680001,0
                102.255309851,16.461181621,0
                102.255310133,16.4611122800001,0
                102.255330553,16.4610705600001,0
                102.252725511,16.458442248,0
                102.252720093,16.458436066,0
                102.249399337,16.45464753,0
                102.24938945,16.4546818800001,0
                102.249388598,16.454683548,0
                102.249368618,16.454722658,0
                102.249331691,16.4547554060001,0
                102.249282558,16.454791901,0
                102.249233645,16.4548127620001,0
                102.249156405,16.4548312970001,0
                102.249095505,16.454840271,0
                102.24905103,16.4548338220001,0
                102.249012796,16.454815726,0
                102.248870371,16.4547161140001,0
                102.24877398,16.4546562030001,0
                102.248707528,16.454627961,0
                102.248649012,16.4546115540001,0
                102.248590331,16.454606875,0
                102.248519248,16.454619624,0
                102.248446032,16.4546401650001,0
                102.248376672,16.4546744410001,0
                102.24831733,16.4547166680001,0
                102.248274025,16.454770835,0
                102.248241972,16.454815888,0
                102.248236823,16.4548231270001,0
                102.248224848,16.4548529840001,0
                102.248209527,16.454891187,0
                102.248186006,16.4549788460001,0
                102.248167062,16.455029424,0
                102.248138238,16.455062277,0
                102.248093348,16.4550851450001,0
                102.248036416,16.455100036,0
                102.247947133,16.455110592,0
                102.247878214,16.455113596,0
                102.24782561,16.455108995,0
                102.247750973,16.455086511,0
                102.247746865,16.455084883,0
                102.247674422,16.4550561820001,0
                102.247560236,16.454983935,0
                102.247485578,16.454927131,0
                102.247441055,16.4548976360001,0
                102.247439658,16.4548967100001,0
                102.247437263,16.454895552,0
                102.247377285,16.4548665680001,0
                102.24722141,16.454791189,0
                102.247186142,16.4547741330001,0
                102.247139886,16.454752077,0
                102.247097604,16.454731918,0
                102.247051379,16.4547058970001,0
                102.247017526,16.4546644000001,0
                102.246997824,16.4546250440001,0
                102.246980202,16.4545818070001,0
                102.246970765,16.454532812,0
                102.246959276,16.4544857450001,0
                102.246939628,16.4544424800001,0
                102.246908243,16.454369738,0
                102.246888652,16.4543225640001,0
                102.246883154,16.454281441,0
                102.246883678,16.454244305,0
                102.246898408,16.4542054030001,0
                102.246919214,16.45416658,0
                102.246935914,16.4541316130001,0
                102.246964793,16.45409485,0
                102.246979196,16.454085708,0
                102.24700209,16.4540711770001,0
                102.247085687,16.45402943,0
                102.247191373,16.454004755,0
                102.247337386,16.453993643,0
                102.24764876,16.4540024300001,0
                102.247682976,16.4540033960001,0
                102.247766799,16.4540021190001,0
                102.24776793,16.4540021020001,0
                102.24776963,16.4540016670001,0
                102.247782739,16.453998309,0
                102.247823771,16.4539791820001,0
                102.247859392,16.4539431600001,0
                102.247873519,16.4538990360001,0
                102.247873974,16.453866878,0
                102.247874145,16.4538547340001,0
                102.247871661,16.4538461290001,0
                102.247858094,16.4537990970001,0
                102.247820282,16.453717867,0
                102.247776444,16.4536252830001,0
                102.247750461,16.453508734,0
                102.24776993,16.4533758960001,0
                102.247834673,16.453233901,0
                102.247902682,16.4531339370001,0
                102.247929193,16.453032615,0
                102.247915685,16.452923453,0
                102.247891974,16.4528263460001,0
                102.247850493,16.45273623,0
                102.247779033,16.4526432820001,0
                102.247714542,16.452586814,0
                102.247634829,16.4525372790001,0
                102.247489711,16.452501512,0
                102.247359093,16.452504671,0
                102.247273375,16.4525253050001,0
                102.246994005,16.45269209,0
                102.24684548,16.452778977,0
                102.246757751,16.452827896,0
                102.24668045,16.452849493,0
                102.24663522,16.4528521300001,0
                102.246593382,16.4528515800001,0
                102.246553376,16.452839747,0
                102.246518575,16.452815061,0
                102.246477397,16.452767678,0
                102.246444703,16.4527123290001,0
                102.246418656,16.4526602990001,0
                102.246400719,16.452629028,0
                102.246399052,16.452626121,0
                102.246393736,16.452622521,0
                102.246372933,16.4526084280001,0
                102.246362577,16.452601413,0
                102.246325918,16.452589625,0
                102.246260789,16.4525790770001,0
                102.246182156,16.452576428,0
                102.246164069,16.452578567,0
                102.246162673,16.4525785170001,0
                102.246077788,16.452584345,0
                102.246013349,16.452598258,0
                102.245946089,16.452619987,0
                102.245871502,16.45264909,0
                102.245829955,16.4526653020001,0
                102.245746738,16.4526998260001,0
                102.245678445,16.4527135320001,0
                102.245660201,16.4527147590001,0
                102.24561678,16.452707726,0
                102.245581955,16.452684655,0
                102.245555613,16.45265362,0
                102.245539424,16.45261464,0
                102.245535106,16.452596011,0
                102.245531536,16.452580616,0
                102.245537173,16.452537079,0
                102.245551016,16.452504956,0
                102.245578226,16.452474625,0
                102.245622261,16.452438052,0
                102.245756314,16.4523239000001,0
                102.245846048,16.452217333,0
                102.245919178,16.4521079150001,0
                102.245927192,16.4520937770001,0
                102.24594635,16.452048194,0
                102.245964112,16.451975743,0
                102.245976077,16.451888592,0
                102.245972716,16.451783332,0
                102.245952151,16.4517065420001,0
                102.245937148,16.4516725300001,0
                102.245897561,16.45163109,0
                102.245861476,16.4516057920001,0
                102.245859994,16.451604753,0
                102.245797881,16.451578092,0
                102.245717826,16.451557656,0
                102.245633247,16.4515414690001,0
                102.245568778,16.4515386750001,0
                102.245490503,16.451535284,0
                102.245376765,16.451529481,0
                102.245301112,16.4515134110001,0
                102.245285977,16.451508866,0
                102.245217366,16.451479098,0
                102.245192482,16.451462018,0
                102.245159098,16.4514391060001,0
                102.245110798,16.4513989180001,0
                102.245049293,16.451329193,0
                102.245045279,16.4513230040001,0
                102.24500561,16.4512618540001,0
                102.244986348,16.4512034530001,0
                102.24497366,16.451153752,0
                102.244974877,16.451067621,0
                102.244980373,16.4509944700001,0
                102.244994582,16.450936508,0
                102.245022391,16.450863649,0
                102.245061965,16.450747872,0
                102.245140933,16.4505292380001,0
                102.245178892,16.450393761,0
                102.24519071,16.4503231420001,0
                102.245207172,16.4502014020001,0
                102.245204505,16.4501151220001,0
                102.24519023,16.450041006,0
                102.245153058,16.449986676,0
                102.245117812,16.4499539080001,0
                102.245057962,16.4499251230001,0
                102.244986067,16.449909264,0
                102.244915499,16.449902158,0
                102.244792444,16.449905416,0
                102.24466423,16.4499133910001,0
                102.244637681,16.4499145880001,0
                102.244511105,16.4499308530001,0
                102.244387957,16.4499593840001,0
                102.244323406,16.4499814960001,0
                102.244266858,16.450000865,0
                102.244197108,16.450040867,0
                102.244193155,16.4500449610001,0
                102.24416804,16.4500600150001,0
                102.244149436,16.4500790050001,0
                102.244113642,16.4501361270001,0
                102.244111116,16.450147139,0
                102.244106213,16.450155969,0
                102.244101804,16.4501877610001,0
                102.244098758,16.4502097110001,0
                102.244098142,16.450253366,0
                102.244097724,16.450282923,0
                102.244098639,16.4502970950001,0
                102.244107329,16.4504318150001,0
                102.244108709,16.4504532060001,0
                102.244112886,16.4504725840001,0
                102.244125466,16.4505309570001,0
                102.244147692,16.45060556,0
                102.244153163,16.4506239290001,0
                102.244159136,16.4506336540001,0
                102.244208297,16.4507137190001,0
                102.244255717,16.450778239,0
                102.244258083,16.4507819740001,0
                102.244277704,16.450812935,0
                102.244286105,16.450841574,0
                102.24429827,16.450883043,0
                102.244309501,16.4509991100001,0
                102.244308537,16.4510673830001,0
                102.244302056,16.4511187910001,0
                102.244290763,16.4511684670001,0
                102.244265292,16.4512176590001,0
                102.244219965,16.451266597,0
                102.244165987,16.4512960370001,0
                102.244112192,16.451312559,0
                102.244065334,16.4513119430001,0
                102.244012025,16.4512940120001,0
                102.243970056,16.4512633090001,0
                102.243934043,16.4512030710001,0
                102.243869664,16.451029622,0
                102.243813873,16.450921318,0
                102.24376395,16.4508449420001,0
                102.243669009,16.4507215530001,0
                102.243560591,16.4505930490001,0
                102.243477536,16.450473968,0
                102.243380558,16.450356351,0
                102.243367138,16.4503400740001,0
                102.243298253,16.4502774490001,0
                102.243287814,16.450267959,0
                102.243252011,16.450236187,0
                102.243204059,16.450193633,0
                102.243181149,16.450180474,0
                102.243088943,16.450127509,0
                102.243060191,16.4501139000001,0
                102.243004699,16.4500876340001,0
                102.242929383,16.4500478780001,0
                102.242831517,16.4499859520001,0
                102.242807725,16.449970899,0
                102.242686525,16.44986162,0
                102.242618145,16.449804726,0
                102.24251455,16.449712908,0
                102.242507406,16.4497045900001,0
                102.242462405,16.4496521900001,0
                102.24241128,16.449598214,0
                102.242356558,16.4495619580001,0
                102.242291748,16.449528801,0
                102.242208462,16.449500245,0
                102.242173587,16.4494900490001,0
                102.242110115,16.4494714910001,0
                102.24202586,16.449454851,0
                102.241838567,16.4494451480001,0
                102.241734896,16.4494329460001,0
                102.24166727,16.449421242,0
                102.241591708,16.4493987110001,0
                102.241546328,16.4493760620001,0
                102.241536991,16.449371403,0
                102.241516166,16.4493514490001,0
                102.241490286,16.44931123,0
                102.241471057,16.449250675,0
                102.241463137,16.449179499,0
                102.241468391,16.4491235740001,0
                102.24147251,16.449106892,0
                102.2415039,16.4489797470001,0
                102.241507629,16.4489624660001,0
                102.241520934,16.4489008,0
                102.241525553,16.448808253,0
                102.24152267,16.448773477,0
                102.241522472,16.4487710870001,0
                102.241505484,16.448735701,0
                102.241496457,16.448716904,0
                102.241465737,16.448679887,0
                102.24142061,16.4486417530001,0
                102.241372793,16.4486145430001,0
                102.241353689,16.4486073410001,0
                102.241275842,16.4485887270001,0
                102.241225168,16.4485880610001,0
                102.241201923,16.448596036,0
                102.241171349,16.4486131960001,0
                102.241134796,16.448673017,0
                102.241124287,16.4487083010001,0
                102.241116926,16.448767947,0
                102.241118013,16.448807758,0
                102.241122825,16.448888224,0
                102.241121811,16.4489599990001,0
                102.241111993,16.4490230430001,0
                102.24108734,16.449083021,0
                102.241041374,16.449177176,0
                102.241032097,16.449190442,0
                102.240988012,16.4492534820001,0
                102.240983669,16.4492596900001,0
                102.240920056,16.449339256,0
                102.240837494,16.449436603,0
                102.240802039,16.449478406,0
                102.240727443,16.4495732520001,0
                102.240622732,16.4496765430001,0
                102.240475112,16.449326969,0
                102.240388422,16.449159868,0
                102.240354796,16.449022089,0
                102.240338996,16.448878856,0
                102.240335482,16.4487071630001,0
                102.240336857,16.448609935,0
                102.24050277,16.4482115800001,0
                102.240631907,16.447892828,0
                102.240687967,16.447704763,0
                102.240702356,16.447527526,0
                102.24069185,16.4474301430001,0
                102.240611089,16.4472421720001,0
                102.240483699,16.447017379,0
                102.240327329,16.4467464260001,0
                102.240218086,16.446498938,0
                102.240138795,16.4462289090001,0
                102.240084965,16.4458391260001,0
                102.240060682,16.4454554210001,0
                102.240065812,16.445130885,0
                102.240080005,16.444547415,0
                102.240086396,16.444095492,0
                102.24005871,16.4439577910001,0
                102.240018662,16.44384855,0
                102.239753503,16.4434239300001,0
                102.239281782,16.4427091850001,0
                102.238929182,16.4420890120001,0
                102.238696036,16.441540026,0
                102.238702978,16.441499204,0
                102.23881429,16.4408447010001,0
                102.239297958,16.440163038,0
                102.239783086,16.439279856,0
                102.239919959,16.437872811,0
                102.239774613,16.4365658880001,0
                102.239312743,16.435810191,0
                102.237411172,16.433297114,0
                102.235513241,16.4305356780001,0
                102.234656875,16.4292238960001,0
                102.233358256,16.4277526920001,0
                102.232848079,16.427109306,0
                102.23102428,16.425391887,0
                102.230110527,16.424833462,0
                102.229162408,16.4237281280001,0
                102.228847515,16.423198213,0
                102.228632323,16.4228360770001,0
                102.227033467,16.421758348,0
                102.225407902,16.420314123,0
                102.225263877,16.4201861650001,0
                102.2245497,16.419083911,0
                102.224206603,16.4182078700001,0
                102.22361226,16.4171461190001,0
                102.223307703,16.416602046,0
                102.222578254,16.4149306530001,0
                102.222445309,16.414640616,0
                102.221843148,16.413326903,0
                102.221528069,16.4129681380001,0
                102.220844121,16.4121893600001,0
                102.220315129,16.411225077,0
                102.220217566,16.409860011,0
                102.220226554,16.4095575850001,0
                102.220262367,16.408352452,0
                102.2201772,16.407633054,0
                102.220116195,16.407117757,0
                102.219788578,16.4051492020001,0
                102.219540558,16.4041705810001,0
                102.219552741,16.403977449,0
                102.219600903,16.4032140100001,0
                102.219921271,16.4023965000001,0
                102.21984483,16.401189817,0
                102.219626508,16.40001226,0
                102.219623263,16.399994754,0
                102.219734986,16.39904347,0
                102.219751452,16.398650495,0
                102.219770348,16.3981995240001,0
                102.219897605,16.397474264,0
                102.220765767,16.3962936190001,0
                102.22105804,16.3954756430001,0
                102.221142391,16.3944788480001,0
                102.221255046,16.39313471,0
                102.221478302,16.3925641230001,0
                102.22189412,16.3916123400001,0
                102.221859535,16.390749409,0
                102.222218713,16.39016265,0
                102.222279988,16.389138459,0
                102.22235442,16.3887538440001,0
                102.222358071,16.388734979,0
                102.222688873,16.3870260480001,0
                102.223040061,16.386332817,0
                102.223083266,16.385347483,0
                102.223773336,16.384060898,0
                102.226407074,16.381673101,0
                102.23115125,16.377073608,0
                102.231819781,16.376601415,0
                102.232275763,16.3763824050001,0
                102.232613541,16.3762743450001,0
                102.232742211,16.3761690480001,0
                102.232827141,16.3760995480001,0
                102.233193192,16.375682512,0
                102.233481148,16.3753223260001,0
                102.233496964,16.375321362,0
                102.234708416,16.375247449,0
                102.236313151,16.3749029410001,0
                102.236381698,16.3746806350001,0
                102.236519494,16.374350527,0
                102.238504988,16.374678993,0
                102.238556948,16.3744677560001,0
                102.238598708,16.374290516,0
                102.238650028,16.3741575560001,0
                102.238806447,16.3740713010001,0
                102.238841868,16.374053652,0
                102.239155329,16.3738974610001,0
                102.239383827,16.373814409,0
                102.239592302,16.3737290180001,0
                102.23979576,16.3736822970001,0
                102.240025509,16.373663822,0
                102.240323428,16.373635947,0
                102.240477307,16.373631555,0
                102.240583748,16.373665186,0
                102.240669761,16.373730783,0
                102.240804174,16.373837828,0
                102.240979446,16.374050873,0
                102.241075965,16.3742085280001,0
                102.241200813,16.374364929,0
                102.241294214,16.3745359980001,0
                102.241357212,16.3746528510001,0
                102.241420996,16.374713914,0
                102.241524614,16.37479482,0
                102.24159846,16.3748973690001,0
                102.241681519,16.375085277,0
                102.241739419,16.375257505,0
                102.241791296,16.375408253,0
                102.241814731,16.3755464400001,0
                102.241832358,16.3756477090001,0
                102.241850762,16.3756939100001,0
                102.241907742,16.375695921,0
                102.242032343,16.3756944850001,0
                102.242172866,16.3756963280001,0
                102.242341863,16.3757139840001,0
                102.242431027,16.3757367330001,0
                102.242548751,16.375769066,0
                102.242736608,16.375811529,0
                102.242887828,16.3758535110001,0
                102.24314613,16.3758784770001,0
                102.243328147,16.3758808630001,0
                102.243481864,16.375855158,0
                102.243802293,16.3757792650001,0
                102.244016674,16.375751194,0
                102.244220884,16.3757662400001,0
                102.244638785,16.375802504,0
                102.245214443,16.375832889,0
                102.24553576,16.3758309560001,0
                102.245811852,16.3758469430001,0
                102.246042501,16.3758964630001,0
                102.246356504,16.375959446,0
                102.24658798,16.3759501060001,0
                102.246780894,16.37594017,0
                102.247174665,16.376041398,0
                102.247477982,16.376178641,0
                102.247682045,16.376286685,0
                102.249966638,16.377112332,0
                102.254623409,16.377565497,0
                102.255279895,16.3775482400001,0
                102.260952694,16.3774972250001,0
                102.261763561,16.377749323,0
                102.262735884,16.377946633,0
                102.264106332,16.377906766,0
                102.264909057,16.3778307040001,0
                102.265940308,16.3775809910001,0
                102.266463513,16.3773800220001,0
                102.267006215,16.377069776,0
                102.268282001,16.376526606,0
                102.269023333,16.376227783,0
                102.2694525,16.375910187,0
                102.270181334,16.375550337,0
                102.271322088,16.37526346,0
                102.274020307,16.3747011680001,0
                102.274657597,16.374583151,0
                102.27631232,16.374350432,0
                102.276318509,16.374349561,0
                102.27650447,16.374270175,0
                102.276561499,16.3742462820001,0
                102.276823532,16.3741365020001,0
                102.277272681,16.373936224,0
                102.277282356,16.3739319090001,0
                102.277792559,16.3737632940001,0
                102.278124768,16.3735521140001,0
                102.278472858,16.373311271,0
                102.279001665,16.372946891,0
                102.279172075,16.372769885,0
                102.2795472,16.3726509970001,0
                102.279757607,16.3726174490001,0
                102.280190168,16.3726593100001,0
                102.280460686,16.372912421,0
                102.280667049,16.3730110930001,0
                102.280765532,16.373080637,0
                102.280867633,16.373207829,0
                102.280957573,16.373255929,0
                102.28098903,16.373275785,0
                102.281095589,16.3733430500001,0
                102.281332098,16.373339706,0
                102.2814412,16.3733496460001,0
                102.281664309,16.37339179,0
                102.28200531,16.373572906,0
                102.282247329,16.373738025,0
                102.282481713,16.373903044,0
                102.282722084,16.3738486280001,0
                102.282921442,16.373775499,0
                102.283086939,16.3736781330001,0
                102.283276255,16.373514739,0
                102.283451113,16.373319012,0
                102.283468659,16.37329937,0
                102.283568054,16.373188111,0
                102.283906973,16.372584067,0
                102.28408537,16.372380224,0
                102.284504855,16.371862821,0
                102.284707177,16.371585602,0
                102.284878346,16.3713521380001,0
                102.28506678,16.371111537,0
                102.285338781,16.370629023,0
                102.285490818,16.3704919050001,0
                102.285667067,16.370365221,0
                102.285917727,16.3702412910001,0
                102.285917783,16.3702412660001,0
                102.286433012,16.3700237100001,0
                102.286543357,16.3699771170001,0
                102.286741166,16.3699246310001,0
                102.286817638,16.3699043410001,0
                102.287212877,16.3698063910001,0
                102.287688048,16.3696735500001,0
                102.288525371,16.3695421240001,0
                102.290186688,16.369361982,0
                102.291578164,16.3691428660001,0
                102.292168151,16.3689874250001,0
                102.292172051,16.3689863980001,0
                102.292177732,16.368984901,0
                102.292181822,16.3689838240001,0
                102.292564675,16.3688829540001,0
                102.29364104,16.368635119,0
                102.29416558,16.368412418,0
                102.294498577,16.368285137,0
                102.295075319,16.3681422070001,0
                102.295495488,16.368053607,0
                102.295854985,16.3679736190001,0
                102.296272537,16.367968509,0
                102.29657013,16.3680142310001,0
                102.296835329,16.368054208,0
                102.297105558,16.368115199,0
                102.29725108,16.368179825,0
                102.297445057,16.36826602,0
                102.297616935,16.368388505,0
                102.297996883,16.3685877950001,0
                102.298300088,16.368730385,0
                102.298518709,16.3688475980001,0
                102.298683819,16.3689183440001,0
                102.298839151,16.368959617,0
                102.298944032,16.368967465,0
                102.299045235,16.3690014520001,0
                102.299095387,16.369051127,0
                102.299162552,16.3690977700001,0
                102.299348271,16.3691395230001,0
                102.299508064,16.3691089760001,0
                102.299837407,16.369034013,0
                102.300167135,16.36893115,0
                102.300331261,16.3688771810001,0
                102.300493671,16.3688584060001,0
                102.30062322,16.3688730690001,0
                102.3007933,16.3688909640001,0
                102.301009344,16.368904119,0
                102.301182447,16.3688984830001,0
                102.301325817,16.3688899370001,0
                102.301463499,16.368902088,0
                102.301641391,16.368940939,0
                102.30183292,16.368964255,0
                102.302000447,16.368971549,0
                102.302165482,16.3689580440001,0
                102.302352837,16.368897869,0
                102.302431664,16.3688650170001,0
                102.302528939,16.368803326,0
                102.302597286,16.3687416270001,0
                102.302690726,16.368633383,0
                102.302881461,16.3685236790001,0
                102.303009063,16.368483597,0
                102.303287738,16.3684636900001,0
                102.303477217,16.3684452590001,0
                102.303655963,16.3684163070001,0
                102.303788285,16.3684257680001,0
                102.303914882,16.368458724,0
                102.303968411,16.3684985090001,0
                102.303965138,16.368540184,0
                102.303946694,16.368547785,0
                102.303936016,16.3685411220001,0
                102.303884003,16.368526955,0
                102.303855156,16.368522985,0
                102.303829915,16.3685280620001,0
                102.303804225,16.368543926,0
                102.303791363,16.368551869,0
                102.303759138,16.3685901590001,0
                102.30373477,16.368667252,0
                102.303720285,16.3687714750001,0
                102.303716449,16.368847031,0
                102.303721648,16.3688759,0
                102.3037324,16.3689075400001,0
                102.303759085,16.368933084,0
                102.303796944,16.36895967,0
                102.30385541,16.368979321,0
                102.304015194,16.3690209710001,0
                102.30405412,16.3690376710001,0
                102.304078953,16.369062291,0
                102.304106448,16.3690968450001,0
                102.304114959,16.3691165170001,0
                102.304117724,16.36912291,0
                102.304129942,16.3691511500001,0
                102.30417334,16.369317317,0
                102.304193006,16.369378774,0
                102.304220278,16.369429527,0
                102.304309885,16.369547051,0
                102.304348489,16.3695976810001,0
                102.30442564,16.369711131,0
                102.304439874,16.369732062,0
                102.304441836,16.3697419700001,0
                102.304446848,16.3697672540001,0
                102.304447976,16.369780807,0
                102.304449249,16.3697960860001,0
                102.304443075,16.369838311,0
                102.304416027,16.369974773,0
                102.304386787,16.370067106,0
                102.304379137,16.370090874,0
                102.304378996,16.370091308,0
                102.304379252,16.370093175,0
                102.304384928,16.3701345870001,0
                102.304397669,16.3701649180001,0
                102.304399372,16.3701689760001,0
                102.304401593,16.3701710350001,0
                102.304417921,16.3701861770001,0
                102.30442791,16.3701954420001,0
                102.304443247,16.370198799,0
                102.304462246,16.3702029560001,0
                102.304471597,16.370205002,0
                102.304518267,16.370201099,0
                102.304684546,16.370173951,0
                102.304692067,16.370172725,0
                102.304719981,16.370176682,0
                102.304779466,16.370190044,0
                102.304829517,16.370211388,0
                102.304846295,16.3702267080001,0
                102.304851305,16.3702312830001,0
                102.304864505,16.370243337,0
                102.304874233,16.3702662200001,0
                102.304912337,16.370355841,0
                102.30492953,16.3703962810001,0
                102.304926276,16.3704295430001,0
                102.304911003,16.3704554490001,0
                102.304899695,16.370462263,0
                102.304884681,16.3704713130001,0
                102.30474445,16.3704992190001,0
                102.304706022,16.3705140270001,0
                102.304681427,16.370539815,0
                102.304672717,16.370563104,0
                102.30467329,16.3705892140001,0
                102.304684129,16.370614554,0
                102.304694916,16.3706267800001,0
                102.304703407,16.370636403,0
                102.304761633,16.3706766550001,0
                102.304922286,16.370787717,0
                102.304948419,16.370807616,0
                102.305001634,16.370848138,0
                102.305077952,16.370925621,0
                102.305086314,16.3709378940001,0
                102.30510406,16.3709639420001,0
                102.305118162,16.3709846400001,0
                102.305122821,16.370996131,0
                102.305137966,16.371033486,0
                102.305139805,16.3710380210001,0
                102.305140994,16.3710474960001,0
                102.305145686,16.3710849,0
                102.305145244,16.3710958610001,0
                102.305144272,16.3711199840001,0
                102.30513458,16.371146862,0
                102.305130182,16.3711535040001,0
                102.305117442,16.371172744,0
                102.305087231,16.371200259,0
                102.305015793,16.371233907,0
                102.304981192,16.371250204,0
                102.30494356,16.371274925,0
                102.304931132,16.371297267,0
                102.304930773,16.371323364,0
                102.304949855,16.371359612,0
                102.304972824,16.3713842080001,0
                102.30501374,16.3713919320001,0
                102.305173921,16.371404785,0
                102.305185796,16.3714080230001,0
                102.305250085,16.371425561,0
                102.305280612,16.3714430540001,0
                102.305299754,16.371474801,0
                102.305307126,16.371506729,0
                102.305307674,16.371509105,0
                102.305307597,16.371514624,0
                102.305307068,16.371553153,0
                102.305306932,16.3715630990001,0
                102.30530376,16.371581387,0
                102.305294782,16.3716331480001,0
                102.305293339,16.3716409840001,0
                102.305273623,16.371748086,0
                102.305270719,16.371823654,0
                102.305280294,16.37187328,0
                102.305303091,16.371910476,0
                102.305349265,16.3719425690001,0
                102.305440575,16.371972703,0
                102.305448573,16.371975343,0
                102.305461328,16.371977821,0
                102.305537837,16.371992687,0
                102.30557455,16.3720097460001,0
                102.305634073,16.3720394370001,0
                102.305698811,16.3720742990001,0
                102.305796778,16.372128305,0
                102.305910255,16.372208035,0
                102.30598,16.372263382,0
                102.305989402,16.3722734190001,0
                102.306025167,16.372311607,0
                102.306190182,16.3724889910001,0
                102.306205904,16.3725079770001,0
                102.306230062,16.372537149,0
                102.306256587,16.372583907,0
                102.306629802,16.3725683690001,0
                102.306718468,16.372605623,0
                102.30674655,16.372655917,0
                102.306762799,16.3727309830001,0
                102.306810403,16.3728259530001,0
                102.306912502,16.372901757,0
                102.307002885,16.372988064,0
                102.307113042,16.3730556620001,0
                102.307190609,16.373058461,0
                102.307382361,16.372981634,0
                102.307649863,16.372899456,0
                102.307822175,16.3728001650001,0
                102.308001814,16.372650311,0
                102.30817093,16.372547819,0
                102.308273634,16.372495225,0
                102.308304695,16.3724522800001,0
                102.30829984,16.372317041,0
                102.308368234,16.3721956530001,0
                102.308482751,16.3721198220001,0
                102.308617587,16.372025019,0
                102.308785566,16.3719434610001,0
                102.308934183,16.371816688,0
                102.308836898,16.371609473,0
                102.308799076,16.3714479880001,0
                102.308793884,16.371207998,0
                102.308799692,16.370930948,0
                102.308821744,16.370482087,0
                102.308832456,16.3700892460001,0
                102.308798439,16.36986424,0
                102.308733563,16.3695775250001,0
                102.30865756,16.3693315740001,0
                102.308608572,16.369045154,0
                102.308587474,16.3687162900001,0
                102.308556619,16.368232709,0
                102.308503216,16.3676946620001,0
                102.308418167,16.366736233,0
                102.308373724,16.366343409,0
                102.308308664,16.3658228210001,0
                102.308282485,16.3655382270001,0
                102.308228765,16.3653051800001,0
                102.308221008,16.3652518980001,0
                102.308034805,16.364652252,0
                102.307949818,16.3644093830001,0
                102.307888298,16.3642335710001,0
                102.307741016,16.363758117,0
                102.3076489,16.363461122,0
                102.307549047,16.3628508740001,0
                102.307477846,16.362339508,0
                102.307435449,16.361921427,0
                102.307396523,16.361688863,0
                102.307335679,16.361305311,0
                102.307322379,16.361032261,0
                102.307324858,16.3608516050001,0
                102.307360097,16.3606669440001,0
                102.307441718,16.360514482,0
                102.307555932,16.3603758900001,0
                102.307768557,16.3602160720001,0
                102.308032638,16.3600614270001,0
                102.308843715,16.359579581,0
                102.309159919,16.359375846,0
                102.309484524,16.359240033,0
                102.309565837,16.3591886080001,0
                102.309711138,16.359106126,0
                102.309927939,16.358978958,0
                102.310161557,16.3588292470001,0
                102.31041286,16.3586555630001,0
                102.310969489,16.358215967,0
                102.311256643,16.357992715,0
                102.311392456,16.35791011,0
                102.311483008,16.3578542880001,0
                102.311609067,16.3577966620001,0
                102.312191172,16.357569316,0
                102.313023893,16.35724602,0
                102.313530148,16.3570314300001,0
                102.313794192,16.3569071160001,0
                102.31402743,16.3567847570001,0
                102.314145428,16.3566848560001,0
                102.314283174,16.3565285010001,0
                102.314474335,16.3562284380001,0
                102.314686833,16.3557389310001,0
                102.314861811,16.355274658,0
                102.314881059,16.3552305000001,0
                102.314906719,16.355172021,0
                102.314922453,16.355112218,0
                102.314932114,16.3550160730001,0
                102.314949791,16.354840144,0
                102.314950263,16.3548241010001,0
                102.31495135,16.354787059,0
                102.314952117,16.3547609680001,0
                102.314945008,16.3546750240001,0
                102.314936117,16.354567549,0
                102.314931622,16.3545326880001,0
                102.314915614,16.3544887510001,0
                102.314905267,16.3544603460001,0
                102.31488544,16.354422061,0
                102.314776427,16.3542115450001,0
                102.314773267,16.3542054430001,0
                102.314762199,16.354188455,0
                102.31462391,16.353976215,0
                102.314180497,16.353433922,0
                102.31368372,16.352826921,0
                102.313421497,16.3525029240001,0
                102.313368198,16.352417276,0
                102.313361588,16.3523990360001,0
                102.313350891,16.3521950090001,0
                102.313384894,16.351457157,0
                102.313394823,16.350983867,0
                102.313409016,16.3503240090001,0
                102.313416375,16.3499828180001,0
                102.313465907,16.3489173080001,0
                102.31347007,16.3488095660001,0
                102.313471593,16.348424838,0
                102.313468221,16.3483940290001,0
                102.313441151,16.3482193200001,0
                102.313378217,16.3479764260001,0
                102.313355361,16.3479139670001,0
                102.313302988,16.3478113040001,0
                102.313260066,16.3477602250001,0
                102.313218684,16.347720005,0
                102.313053705,16.3476165120001,0
                102.313064195,16.347582693,0
                102.313343452,16.347134671,0
                102.313760673,16.3465755350001,0
                102.313787905,16.346011334,0
                102.313727498,16.344850407,0
                102.315115619,16.339100628,0
                102.315397693,16.3357007710001,0
                102.315659893,16.332540253,0
                102.31566036,16.3325346240001,0
                102.315699054,16.3323331170001,0
                102.315703952,16.3321946610001,0
                102.315667492,16.3320123350001,0
                102.3155903,16.331751653,0
                102.315521662,16.331474465,0
                102.315465369,16.331213957,0
                102.315430705,16.331050852,0
                102.315414439,16.3310057050001,0
                102.315356116,16.3308893880001,0
                102.315274463,16.330707063,0
                102.31526487,16.3306780030001,0
                102.315248936,16.3306129220001,0
                102.315241526,16.3305697980001,0
                102.31524622,16.330499053,0
                102.315259614,16.3304284160001,0
                102.315290649,16.330340005,0
                102.31530885,16.33031091,0
                102.315332719,16.3302727540001,0
                102.315338263,16.3302673790001,0
                102.315339216,16.330266609,0
                102.315372647,16.3302395800001,0
                102.315449597,16.3301886840001,0
                102.315602312,16.3301261560001,0
                102.315815636,16.3300702670001,0
                102.316120185,16.3300097600001,0
                102.316436761,16.3299551860001,0
                102.316692654,16.329893968,0
                102.316948306,16.3298503560001,0
                102.317187847,16.3298435950001,0
                102.317265869,16.329835014,0
                102.317279125,16.329833556,0
                102.317286627,16.3298302910001,0
                102.317311326,16.3298195400001,0
                102.317329135,16.3298117900001,0
                102.317340994,16.329792739,0
                102.31735292,16.329768889,0
                102.317344965,16.3297147700001,0
                102.317318044,16.3295316260001,0
                102.317314165,16.3294515690001,0
                102.317321927,16.3293684610001,0
                102.31734082,16.329287129,0
                102.317343052,16.329277523,0
                102.317412641,16.329156798,0
                102.317513556,16.3290476720001,0
                102.317681333,16.328896193,0
                102.317793841,16.328805932,0
                102.317941997,16.328691366,0
                102.318096584,16.3285932810001,0
                102.318282958,16.328488647,0
                102.318129321,16.3277234070001,0
                102.318283741,16.319764863,0
                102.318324329,16.319725169,0
                102.321284907,16.3168298040001,0
                102.322495236,16.315646095,0
                102.32250037,16.315641074,0
                102.323323878,16.314835665,0
                102.32330339,16.3134896720001,0
                102.323297348,16.3127884200001,0
                102.323291506,16.31207805,0
                102.323298126,16.3110240670001,0
                102.323300805,16.310254028,0
                102.323322605,16.3097907980001,0
                102.323657213,16.309689389,0
                102.324169771,16.3094831400001,0
                102.324455524,16.3093732570001,0
                102.324761259,16.3092399650001,0
                102.325072043,16.3090926520001,0
                102.32557059,16.3088389050001,0
                102.32612866,16.308529203,0
                102.326555335,16.3082809530001,0
                102.327621737,16.3077176200001,0
                102.329066475,16.3069097470001,0
                102.329540751,16.30663672,0
                102.330301346,16.306211364,0
                102.330948444,16.3058412770001,0
                102.331476866,16.3055500570001,0
                102.331903202,16.3053316140001,0
                102.331968433,16.3052981910001,0
                102.332031463,16.3052582720001,0
                102.332307419,16.3050972460001,0
                102.332559448,16.3049312140001,0
                102.332864165,16.304728643,0
                102.333230494,16.304472843,0
                102.333307831,16.3044126820001,0
                102.333452023,16.3043005110001,0
                102.333543217,16.304229569,0
                102.333769282,16.3040536070001,0
                102.333769188,16.304044607,0
                102.333769596,16.3040442770001,0
                102.333976807,16.303947653,0
                102.334169099,16.3038649280001,0
                102.334306779,16.30382883,0
                102.334611476,16.303771182,0
                102.335053598,16.3036963930001,0
                102.335397399,16.3036440230001,0
                102.33606492,16.3035815590001,0
                102.336521384,16.303535304,0
                102.336938261,16.3034966750001,0
                102.336886279,16.3031889980001,0
                102.336801241,16.3029079040001,0
                102.336719731,16.3027082150001,0
                102.3366563,16.3025628450001,0
                102.336629639,16.302458663,0
                102.336645869,16.302296326,0
                102.336720902,16.301931466,0
                102.33682554,16.3014586190001,0
                102.336841632,16.3013007050001,0
                102.33678533,16.3009703990001,0
                102.336718175,16.300752742,0
                102.336770457,16.300690189,0
                102.336820505,16.3006547860001,0
                102.337200955,16.300385658,0
                102.337443949,16.3002335950001,0
                102.337621967,16.300118227,0
                102.337891719,16.299927208,0
                102.33814382,16.2997551670001,0
                102.338507503,16.299510125,0
                102.338756971,16.299348851,0
                102.338983783,16.2992088940001,0
                102.339007105,16.299186951,0
                102.339021542,16.299173367,0
                102.339043036,16.299146035,0
                102.339060916,16.2991102560001,0
                102.339065195,16.299069506,0
                102.339064872,16.299043398,0
                102.3390646,16.299021494,0
                102.339063148,16.2990150810001,0
                102.339014174,16.298798837,0
                102.33897009,16.298671235,0
                102.338967534,16.2986638350001,0
                102.338954588,16.298639259,0
                102.338904771,16.2985446860001,0
                102.338904531,16.2985442300001,0
                102.338757566,16.2982927530001,0
                102.338712969,16.298214768,0
                102.338707793,16.298205717,0
                102.338676316,16.298144114,0
                102.338644953,16.2980741120001,0
                102.338616447,16.2979765440001,0
                102.338601458,16.2979227270001,0
                102.338545337,16.2977212210001,0
                102.338535517,16.297685175,0
                102.338469565,16.297443039,0
                102.338377046,16.2971166410001,0
                102.338328836,16.296910971,0
                102.338233596,16.296567544,0
                102.338216431,16.2964362870001,0
                102.338213128,16.2963300700001,0
                102.338245251,16.2960528880001,0
                102.338270992,16.295877035,0
                102.338261229,16.2955607690001,0
                102.338236135,16.2951199770001,0
                102.338216332,16.294867572,0
                102.338196738,16.2945877720001,0
                102.338185498,16.294474585,0
                102.338175497,16.2943738770001,0
                102.338173791,16.2943566980001,0
                102.338127518,16.2940833690001,0
                102.338076419,16.293845646,0
                102.338041508,16.293696246,0
                102.338023094,16.293612092,0
                102.338013895,16.2935350770001,0
                102.338008426,16.293447665,0
                102.338000497,16.2933276640001,0
                102.337991344,16.293237392,0
                102.337979429,16.293119878,0
                102.337977021,16.293104708,0
                102.337959627,16.292995116,0
                102.337928793,16.2928033480001,0
                102.337922774,16.2927439810001,0
                102.337918834,16.2926933310001,0
                102.337917632,16.292614454,0
                102.337910826,16.292515236,0
                102.337893212,16.292411724,0
                102.337886674,16.292373313,0
                102.337873394,16.292270866,0
                102.337865343,16.292143308,0
                102.337852559,16.2918835150001,0
                102.337836375,16.29151353,0
                102.337840329,16.291471131,0
                102.337842091,16.2914522340001,0
                102.337858869,16.2914162550001,0
                102.337883623,16.2913929630001,0
                102.337941167,16.2913543500001,0
                102.338048113,16.2912770190001,0
                102.33808571,16.291240036,0
                102.338129022,16.291189123,0
                102.338151374,16.2911446480001,0
                102.338160352,16.2911217390001,0
                102.338165739,16.2910858120001,0
                102.338168223,16.291069253,0
                102.338159023,16.2909512040001,0
                102.338152124,16.2908626670001,0
                102.338110076,16.290549254,0
                102.338060331,16.290026686,0
                102.338059349,16.2898535910001,0
                102.338059878,16.2898144000001,0
                102.338067662,16.289768383,0
                102.338089682,16.2897272010001,0
                102.338100724,16.289715213,0
                102.338125466,16.289688352,0
                102.338192977,16.289720797,0
                102.338193535,16.289721065,0
                102.338249461,16.2897392400001,0
                102.338319373,16.2897556020001,0
                102.338554364,16.2897795390001,0
                102.338947348,16.2897664270001,0
                102.339283241,16.2897346670001,0
                102.339387693,16.289716277,0
                102.34009583,16.2895506180001,0
                102.340526689,16.289465153,0
                102.340719394,16.2894097920001,0
                102.341236263,16.2892397950001,0
                102.341566677,16.2891098490001,0
                102.341574741,16.2891060430001,0
                102.342549484,16.2885925100001,0
                102.342592624,16.288563218,0
                102.342598169,16.288560154,0
                102.342835147,16.288400304,0
                102.343127846,16.28819981,0
                102.343160279,16.2881775920001,0
                102.343162933,16.2881759840001,0
                102.343438601,16.2880090040001,0
                102.343494166,16.2879753460001,0
                102.34357965,16.287934847,0
                102.34394259,16.287762905,0
                102.344003377,16.287730697,0
                102.344242778,16.2876038470001,0
                102.344503913,16.2874384840001,0
                102.344682481,16.2873296330001,0
                102.344946942,16.28719807,0
                102.344984851,16.287182525,0
                102.34510108,16.2871348630001,0
                102.345358695,16.2870072540001,0
                102.345665018,16.286839548,0
                102.345929005,16.286685849,0
                102.346220433,16.2865063240001,0
                102.346439267,16.2863520560001,0
                102.346678037,16.2861741030001,0
                102.347174081,16.285796458,0
                102.35151108,16.2868289740001,0
                102.353127354,16.287213739,0
                102.353155922,16.287216743,0
                102.353120901,16.287171889,0
                102.353094983,16.2871495310001,0
                102.353075768,16.2871333960001,0
                102.353058392,16.287123787,0
                102.353031564,16.287111893,0
                102.352986676,16.287095257,0
                102.352932315,16.287077961,0
                102.352878575,16.28706013,0
                102.352836679,16.2870447060001,0
                102.352808329,16.287031257,0
                102.352670699,16.286967045,0
                102.352548873,16.286903211,0
                102.352484325,16.2868690820001,0
                102.352448738,16.2868491300001,0
                102.352419923,16.286829988,0
                102.352384561,16.2867989320001,0
                102.352359008,16.286772425,0
                102.352334202,16.2867361730001,0
                102.352265062,16.286607621,0
                102.352214996,16.2865000780001,0
                102.352189295,16.2864329330001,0
                102.352177768,16.2863840250001,0
                102.352170965,16.2863220850001,0
                102.352167616,16.286290165,0
                102.352161444,16.2862559550001,0
                102.352153972,16.286232383,0
                102.352135298,16.2862046060001,0
                102.352119216,16.2861848090001,0
                102.352089745,16.286157169,0
                102.352041203,16.2861142100001,0
                102.351997309,16.2860753730001,0
                102.351912685,16.286014622,0
                102.351865149,16.2859657160001,0
                102.351846806,16.285936228,0
                102.351840751,16.2859220660001,0
                102.351838482,16.285907229,0
                102.35183952,16.2858931530001,0
                102.351845175,16.2858796800001,0
                102.351875561,16.2858334640001,0
                102.35195602,16.2857162670001,0
                102.35199332,16.2856546080001,0
                102.352061507,16.285521003,0
                102.352105882,16.285443629,0
                102.35212921,16.285411955,0
                102.352156105,16.2853843880001,0
                102.35219536,16.2853552610001,0
                102.352239154,16.2853269130001,0
                102.352271,16.2853040140001,0
                102.352300686,16.285281088,0
                102.352321054,16.285263103,0
                102.352332604,16.285252862,0
                102.352340477,16.285240861,0
                102.352347947,16.2852242480001,0
                102.352360576,16.2851910850001,0
                102.352368988,16.285144685,0
                102.352375669,16.2850662060001,0
                102.352369252,16.284975644,0
                102.352346932,16.2847771530001,0
                102.352336931,16.28471806,0
                102.352325096,16.284657682,0
                102.352307042,16.284589549,0
                102.352283631,16.28450681,0
                102.352245633,16.284396348,0
                102.352209142,16.2842943910001,0
                102.352149661,16.2841529570001,0
                102.352115965,16.284083906,0
                102.352092636,16.2840410810001,0
                102.352066035,16.2840065250001,0
                102.351973498,16.283909194,0
                102.351938852,16.283865054,0
                102.351920305,16.283839357,0
                102.351904385,16.283807552,0
                102.351893165,16.2837759870001,0
                102.351887413,16.283733473,0
                102.351888881,16.2836126670001,0
                102.35188792,16.283442979,0
                102.351895096,16.2832933490001,0
                102.351900127,16.283148388,0
                102.351906485,16.2830538320001,0
                102.351907998,16.2829411550001,0
                102.351912958,16.282876199,0
                102.351909823,16.282805184,0
                102.351891046,16.282687557,0
                102.351864023,16.2825695550001,0
                102.351840566,16.2825018070001,0
                102.351823927,16.2824717980001,0
                102.351801541,16.28243919,0
                102.351768655,16.282401844,0
                102.351736597,16.2823716450001,0
                102.351669428,16.282314725,0
                102.351622305,16.2822809050001,0
                102.351603971,16.282268032,0
                102.351590401,16.2822622630001,0
                102.351577399,16.282260024,0
                102.351564374,16.2822595000001,0
                102.351551386,16.282262046,0
                102.351544411,16.282264668,0
                102.35153516,16.2822703310001,0
                102.35150297,16.2822901550001,0
                102.351459736,16.282311286,0
                102.35143502,16.282320097,0
                102.351400919,16.282327165,0
                102.351307692,16.282333131,0
                102.351228415,16.2823337630001,0
                102.351158515,16.2823365890001,0
                102.351111437,16.2823339230001,0
                102.35109103,16.282331952,0
                102.351069716,16.2823228350001,0
                102.351051217,16.2823107740001,0
                102.35104051,16.2822984480001,0
                102.351033703,16.282282832,0
                102.351032102,16.282275768,0
                102.351031173,16.282264469,0
                102.351030767,16.282243152,0
                102.351033325,16.2822249440001,0
                102.351050957,16.2821578900001,0
                102.351062,16.282093552,0
                102.351064409,16.282040486,0
                102.351057491,16.2819986810001,0
                102.351042376,16.2819585780001,0
                102.351023011,16.2819249240001,0
                102.350976545,16.2818537260001,0
                102.350956989,16.2818170890001,0
                102.350944603,16.2817689840001,0
                102.350928618,16.281644439,0
                102.350908574,16.2814891400001,0
                102.350899305,16.2813639570001,0
                102.35088716,16.2812865070001,0
                102.350870394,16.281225884,0
                102.350840614,16.2811523680001,0
                102.350811562,16.2811051370001,0
                102.350708321,16.280949519,0
                102.350660343,16.280870355,0
                102.350638334,16.280821136,0
                102.350624835,16.2807813250001,0
                102.350618646,16.280742689,0
                102.350618924,16.2807220130001,0
                102.350626181,16.280698355,0
                102.35064763,16.2806571740001,0
                102.350688039,16.280599437,0
                102.350709851,16.280565847,0
                102.350723924,16.280534147,0
                102.350732092,16.2805058050001,0
                102.350741371,16.2804465030001,0
                102.3507405,16.280350592,0
                102.350726441,16.2801343240001,0
                102.350717123,16.280007153,0
                102.350706664,16.27990742,0
                102.350697821,16.2798481610001,0
                102.350683861,16.279791006,0
                102.350674297,16.2797625320001,0
                102.350662188,16.2797397140001,0
                102.35064602,16.2797207290001,0
                102.350622496,16.2796981290001,0
                102.350588405,16.2796758490001,0
                102.3505459,16.2796542770001,0
                102.350358359,16.279580679,0
                102.350279271,16.279550069,0
                102.350180165,16.279517223,0
                102.350094166,16.279490229,0
                102.35003968,16.2794708530001,0
                102.349990549,16.279448927,0
                102.349951421,16.2794284780001,0
                102.349897746,16.279388886,0
                102.349845481,16.279347597,0
                102.34981714,16.2793221370001,0
                102.349782237,16.279285579,0
                102.349733098,16.2792241010001,0
                102.349711168,16.2791919490001,0
                102.349676801,16.2791328220001,0
                102.349663208,16.2791057430001,0
                102.349657001,16.2790856180001,0
                102.349656383,16.2790628550001,0
                102.349658032,16.2790433700001,0
                102.349661741,16.2790255360001,0
                102.349676847,16.278997372,0
                102.349755905,16.2789154650001,0
                102.349868552,16.2788069800001,0
                102.349922918,16.2787548360001,0
                102.349961869,16.2787138740001,0
                102.349992012,16.278674069,0
                102.350013873,16.278636777,0
                102.350031378,16.278602231,0
                102.350046249,16.2785627750001,0
                102.350054767,16.278531366,0
                102.350060235,16.2784917930001,0
                102.35005994,16.278467769,0
                102.350055937,16.2784443300001,0
                102.350045794,16.278412959,0
                102.35000023,16.2783206410001,0
                102.349957873,16.278230622,0
                102.349944711,16.2781944270001,0
                102.349938741,16.278173945,0
                102.349932887,16.2781447940001,0
                102.349929449,16.2780792830001,0
                102.349928751,16.2779877080001,0
                102.349923613,16.277910978,0
                102.349913718,16.2778325630001,0
                102.349906049,16.277800681,0
                102.349895682,16.2777745450001,0
                102.349883372,16.277755336,0
                102.349861999,16.277733396,0
                102.349845993,16.277719559,0
                102.349825137,16.277705031,0
                102.349805545,16.27769404,0
                102.349786676,16.277686579,0
                102.349765661,16.2776839680001,0
                102.349746723,16.2776817430001,0
                102.349726138,16.2776814860001,0
                102.349699187,16.277684579,0
                102.349659469,16.2776966330001,0
                102.34955139,16.2777406110001,0
                102.349524507,16.277750026,0
                102.349507145,16.277751073,0
                102.349493124,16.277750084,0
                102.349483846,16.2777462660001,0
                102.349475447,16.2777400200001,0
                102.349466705,16.2777306990001,0
                102.349441077,16.2776925420001,0
                102.34942134,16.2776695380001,0
                102.349404038,16.2776545130001,0
                102.349381696,16.27764159,0
                102.349361646,16.277630232,0
                102.349333038,16.2776188560001,0
                102.349306516,16.277612925,0
                102.349270655,16.2776075990001,0
                102.349238321,16.2776037630001,0
                102.349187275,16.277603846,0
                102.349116651,16.2776034120001,0
                102.349033198,16.2776051650001,0
                102.348977122,16.277606539,0
                102.348936898,16.2776045900001,0
                102.348893105,16.2775985320001,0
                102.348864461,16.277589865,0
                102.348840171,16.277578453,0
                102.348757503,16.277521703,0
                102.348675254,16.2774567380001,0
                102.34852281,16.277324972,0
                102.348445053,16.277247152,0
                102.348406139,16.277216594,0
                102.348349688,16.277188525,0
                102.348303207,16.2771702430001,0
                102.348248506,16.2771553800001,0
                102.348151268,16.277138628,0
                102.34811233,16.277132722,0
                102.348074379,16.2771224040001,0
                102.348043025,16.277103137,0
                102.348011775,16.2770759260001,0
                102.347964407,16.277008961,0
                102.347863559,16.2768591510001,0
                102.347760109,16.276702265,0
                102.347645326,16.2764878940001,0
                102.347522326,16.2762077730001,0
                102.347454598,16.276055037,0
                102.347394471,16.275916212,0
                102.347380725,16.275871882,0
                102.347327039,16.275758603,0
                102.347260998,16.2756295470001,0
                102.347239666,16.275558754,0
                102.34722904,16.275488819,0
                102.347232564,16.275427458,0
                102.347245854,16.275362246,0
                102.347291689,16.2752048850001,0
                102.34729826,16.2751405830001,0
                102.347298926,16.2750910140001,0
                102.347291715,16.2750423420001,0
                102.347280999,16.274996335,0
                102.347268736,16.27495645,0
                102.347249011,16.274892358,0
                102.347207931,16.274782037,0
                102.347191398,16.274744174,0
                102.347176852,16.2747193390001,0
                102.347161132,16.274701352,0
                102.347084439,16.274641967,0
                102.346914755,16.274536805,0
                102.346804196,16.274478618,0
                102.346723234,16.274444191,0
                102.346623317,16.274408894,0
                102.346454424,16.2743824840001,0
                102.346340851,16.274359206,0
                102.346247588,16.2743395250001,0
                102.346195564,16.27432623,0
                102.346162284,16.2743184080001,0
                102.346111731,16.2743047710001,0
                102.346052248,16.274284338,0
                102.346029192,16.274278721,0
                102.346007932,16.2742771000001,0
                102.34598334,16.274276791,0
                102.345957388,16.2742800780001,0
                102.345921653,16.2742884790001,0
                102.345865571,16.2743076410001,0
                102.345838885,16.274313808,0
                102.345794479,16.2743190300001,0
                102.345772037,16.2743193810001,0
                102.345730294,16.2743100980001,0
                102.345703076,16.274298559,0
                102.345668853,16.2742747410001,0
                102.345647697,16.274253888,0
                102.345632231,16.2742343680001,0
                102.345616151,16.2742087930001,0
                102.345587711,16.274156331,0
                102.34553394,16.2740437740001,0
                102.34547245,16.273926062,0
                102.345431904,16.2738106,0
                102.345361988,16.273551282,0
                102.345335054,16.273472833,0
                102.345303916,16.2734087800001,0
                102.345265469,16.2733551100001,0
                102.345228049,16.2733110250001,0
                102.345138647,16.2732219490001,0
                102.345065589,16.273144637,0
                102.344983361,16.273061161,0
                102.344843901,16.272870319,0
                102.344783445,16.272790548,0
                102.34472533,16.2727257940001,0
                102.344697945,16.2726923110001,0
                102.344675472,16.272654824,0
                102.344659543,16.272623831,0
                102.34464607,16.272587904,0
                102.344630757,16.272534072,0
                102.344620214,16.2724924020001,0
                102.344615565,16.2724810610001,0
                102.344608792,16.272464536,0
                102.34459606,16.272442343,0
                102.344565166,16.272411794,0
                102.344487344,16.2723504950001,0
                102.344447517,16.2723248020001,0
                102.344411914,16.2723062040001,0
                102.34437382,16.272289292,0
                102.344334843,16.2722806740001,0
                102.344310502,16.272278925,0
                102.344289044,16.2722806410001,0
                102.344263508,16.272287455,0
                102.34424097,16.2722949390001,0
                102.34418924,16.2723115370001,0
                102.344156456,16.2723183480001,0
                102.34413114,16.272320199,0
                102.344109345,16.2723182990001,0
                102.344092076,16.272312393,0
                102.344073337,16.2723010510001,0
                102.344041685,16.27227537,0
                102.343987379,16.2722255640001,0
                102.343799931,16.2720196710001,0
                102.343725211,16.2719170550001,0
                102.343675753,16.271845005,0
                102.343629992,16.271767584,0
                102.343569486,16.2716515110001,0
                102.343518577,16.2715269780001,0
                102.343445939,16.2713325510001,0
                102.343404847,16.271234781,0
                102.343388676,16.27119322,0
                102.343372326,16.271164841,0
                102.343346653,16.271130204,0
                102.343321951,16.2711037060001,0
                102.343202907,16.2710001720001,0
                102.3430229,16.2708431350001,0
                102.342876727,16.2707273390001,0
                102.342823547,16.2706913650001,0
                102.342794937,16.270674479,0
                102.34277462,16.270665826,0
                102.34275773,16.270660467,0
                102.342742291,16.2706560290001,0
                102.342723371,16.2706525400001,0
                102.342699202,16.2706494380001,0
                102.342665687,16.270647572,0
                102.342613433,16.270645831,0
                102.342591468,16.2706451940001,0
                102.342577963,16.270640239,0
                102.342567267,16.2706329700001,0
                102.342553465,16.2706215100001,0
                102.342512753,16.2705815370001,0
                102.342483647,16.270555706,0
                102.3424404,16.2705206680001,0
                102.3424014,16.270490921,0
                102.342346416,16.2704571800001,0
                102.342294332,16.270425732,0
                102.342250904,16.2703927690001,0
                102.342222919,16.2703637920001,0
                102.342200725,16.2703342570001,0
                102.342182995,16.27029394,0
                102.342166706,16.27023811,0
                102.342159305,16.270203703,0
                102.34215579,16.270172686,0
                102.342159546,16.270134264,0
                102.342169657,16.270070549,0
                102.342178869,16.2700162130001,0
                102.342187099,16.269989136,0
                102.342199919,16.269964644,0
                102.342213837,16.269950281,0
                102.342248149,16.269927324,0
                102.342297895,16.2698976070001,0
                102.342375037,16.26985469,0
                102.342478103,16.269781939,0
                102.342602086,16.2696674590001,0
                102.342739646,16.2695294910001,0
                102.342872673,16.2694189170001,0
                102.342982477,16.269332524,0
                102.343075481,16.269262444,0
                102.343158128,16.26920578,0
                102.343177443,16.2691913940001,0
                102.343185833,16.269181025,0
                102.34319028,16.2691714170001,0
                102.343191298,16.269158879,0
                102.343189063,16.2691472930001,0
                102.343183025,16.2691375540001,0
                102.343155897,16.2691079570001,0
                102.343140024,16.2690957470001,0
                102.343129083,16.2690894690001,0
                102.343113665,16.2690834950001,0
                102.343098934,16.2690781640001,0
                102.343076423,16.2690721920001,0
                102.343042711,16.269067706,0
                102.343006904,16.269058586,0
                102.342977714,16.2690504550001,0
                102.342954252,16.2690405870001,0
                102.342933911,16.2690280510001,0
                102.342912074,16.2690064670001,0
                102.342836314,16.2689066350001,0
                102.342709908,16.2687086440001,0
                102.342609102,16.2685390560001,0
                102.342510814,16.268371668,0
                102.342422325,16.2682150580001,0
                102.342352674,16.268085233,0
                102.342326367,16.268023408,0
                102.34229686,16.2679357160001,0
                102.34227839,16.2678644170001,0
                102.342264996,16.267753993,0
                102.342247037,16.267547338,0
                102.342211454,16.2673611430001,0
                102.342187842,16.2672594380001,0
                102.342156636,16.267126123,0
                102.342152661,16.2670834510001,0
                102.342154619,16.2670584630001,0
                102.342161236,16.267042201,0
                102.342172507,16.267024011,0
                102.342181907,16.2670130220001,0
                102.342198589,16.266999507,0
                102.34222183,16.2669856200001,0
                102.342244927,16.26697661,0
                102.342291219,16.266962925,0
                102.34236601,16.266945622,0
                102.342407435,16.2669326870001,0
                102.342448347,16.26691198,0
                102.342476599,16.2668923790001,0
                102.342498781,16.266871166,0
                102.342522158,16.26684148,0
                102.342537382,16.2668160260001,0
                102.342554773,16.2667784980001,0
                102.342565336,16.266744046,0
                102.342575014,16.2666781570001,0
                102.342588885,16.266558321,0
                102.342593583,16.2664958010001,0
                102.342590452,16.2664476310001,0
                102.34258172,16.2664089630001,0
                102.342564635,16.2663665790001,0
                102.34254105,16.266325738,0
                102.342491886,16.266260736,0
                102.342449734,16.2662131590001,0
                102.34243439,16.2662017690001,0
                102.342413538,16.2661929290001,0
                102.342392024,16.266187331,0
                102.342360964,16.266186399,0
                102.342335474,16.266189872,0
                102.342306086,16.266196456,0
                102.342254413,16.2662204580001,0
                102.342200227,16.2662478610001,0
                102.342110391,16.266288724,0
                102.342026502,16.2663174680001,0
                102.341969123,16.266330023,0
                102.341912942,16.266333741,0
                102.34185927,16.2663286420001,0
                102.341810282,16.26631367,0
                102.341737456,16.2662707650001,0
                102.341659182,16.2662260760001,0
                102.341549876,16.266155531,0
                102.34148739,16.2661292820001,0
                102.341429306,16.2661083250001,0
                102.341374852,16.2660926510001,0
                102.341297566,16.266077593,0
                102.341238419,16.2660725160001,0
                102.341157215,16.2660736620001,0
                102.341056805,16.2660753810001,0
                102.340961168,16.26607761,0
                102.340909605,16.2660761500001,0
                102.340866075,16.2660680180001,0
                102.340840849,16.266057586,0
                102.340812336,16.26603357,0
                102.340783969,16.265998718,0
                102.340739837,16.2659264650001,0
                102.340706509,16.2658764710001,0
                102.340678426,16.2658433390001,0
                102.340643234,16.2658115610001,0
                102.340600104,16.265785103,0
                102.340567795,16.265768172,0
                102.340518726,16.265753379,0
                102.340471706,16.265740959,0
                102.340421351,16.265730122,0
                102.340384152,16.2657213460001,0
                102.340351984,16.2657053200001,0
                102.34032434,16.265685558,0
                102.340289787,16.2656519830001,0
                102.340268643,16.2656304060001,0
                102.340213598,16.265566956,0
                102.34019684,16.265546156,0
                102.340168355,16.2655029050001,0
                102.340148922,16.265468798,0
                102.340113865,16.2654154420001,0
                102.340100199,16.2653939590001,0
                102.3400805,16.2653739350001,0
                102.340038044,16.265343241,0
                102.339991139,16.265316645,0
                102.339944812,16.265292946,0
                102.339868896,16.2652621020001,0
                102.339795049,16.265237966,0
                102.339719626,16.2652105610001,0
                102.339644055,16.26518279,0
                102.339580517,16.2651547200001,0
                102.339545963,16.265138393,0
                102.339517843,16.2651196190001,0
                102.339478984,16.265090957,0
                102.339418381,16.2650452250001,0
                102.339351536,16.264987766,0
                102.339295578,16.264935049,0
                102.339250487,16.2648939380001,0
                102.339204326,16.264857868,0
                102.339146439,16.2648165950001,0
                102.339099319,16.2647887320001,0
                102.339058414,16.2647632050001,0
                102.339006055,16.264740874,0
                102.338924576,16.2647109530001,0
                102.338843263,16.2646858200001,0
                102.338790877,16.2646654770001,0
                102.338745618,16.2646483820001,0
                102.338700469,16.2646287600001,0
                102.338665194,16.264608363,0
                102.338412287,16.2644311020001,0
                102.338221135,16.264376483,0
                102.33811255,16.264332585,0
                102.337971452,16.2642871050001,0
                102.337934169,16.2642730920001,0
                102.33789685,16.264256097,0
                102.337866644,16.264237657,0
                102.337815919,16.264196925,0
                102.337738759,16.264121276,0
                102.337651614,16.2640427010001,0
                102.337576686,16.2639672610001,0
                102.337504169,16.263884536,0
                102.337448394,16.263823965,0
                102.337412266,16.2637986780001,0
                102.337369034,16.2637741140001,0
                102.337319253,16.263755067,0
                102.337279394,16.2637434590001,0
                102.337211225,16.263727159,0
                102.337137682,16.263709077,0
                102.337076652,16.2636894350001,0
                102.336898609,16.2636391560001,0
                102.336720362,16.263586886,0
                102.336357245,16.263504568,0
                102.335993193,16.263434607,0
                102.335758151,16.263380178,0
                102.335632447,16.2633538530001,0
                102.335387718,16.2633145620001,0
                102.335271356,16.263298648,0
                102.335236796,16.2632942400001,0
                102.335220874,16.26329142,0
                102.335201858,16.263283686,0
                102.335187074,16.263276547,0
                102.335168698,16.2632613260001,0
                102.335154427,16.2632447120001,0
                102.335143262,16.263226511,0
                102.335132628,16.263208949,0
                102.335117818,16.263163702,0
                102.335103212,16.263103379,0
                102.335096565,16.2630817130001,0
                102.335089862,16.2630698900001,0
                102.335082697,16.263063839,0
                102.335071214,16.263057734,0
                102.335044695,16.263051712,0
                102.334980229,16.263046746,0
                102.334929071,16.2630440250001,0
                102.3348732,16.263041968,0
                102.334818516,16.263037667,0
                102.334729617,16.263032122,0
                102.334633788,16.26302586,0
                102.334595839,16.263021227,0
                102.334535495,16.2630079150001,0
                102.334476815,16.2629912840001,0
                102.334452196,16.2629816730001,0
                102.334430959,16.262972737,0
                102.334396075,16.262952431,0
                102.334352226,16.262916481,0
                102.334293058,16.262867515,0
                102.334275165,16.2628564550001,0
                102.334251569,16.262845321,0
                102.334223005,16.2628365630001,0
                102.334171587,16.2628302260001,0
                102.33413243,16.262823683,0
                102.334095196,16.2628120160001,0
                102.334063145,16.262798791,0
                102.334031745,16.262783133,0
                102.333987667,16.2627585590001,0
                102.333937781,16.262730119,0
                102.333894181,16.262710154,0
                102.333839819,16.262693396,0
                102.333817382,16.262687785,0
                102.333795763,16.2626842620001,0
                102.333753737,16.2626791280001,0
                102.333726574,16.262675083,0
                102.333707962,16.262671599,0
                102.333688494,16.2626631360001,0
                102.333672556,16.2626501120001,0
                102.333660348,16.2626405670001,0
                102.3336436,16.2626247330001,0
                102.333629329,16.2626082100001,0
                102.333616026,16.262588357,0
                102.333607426,16.2625685630001,0
                102.333600899,16.2625495180001,0
                102.333595109,16.2625215420001,0
                102.333592483,16.2624875560001,0
                102.333589438,16.262387645,0
                102.333588758,16.2623581080001,0
                102.333586542,16.262345167,0
                102.333582889,16.26233591,0
                102.333568916,16.2623143330001,0
                102.33351463,16.262234907,0
                102.333475878,16.262181323,0
                102.333453538,16.2621571120001,0
                102.333434253,16.262140705,0
                102.333417433,16.2621301990001,0
                102.33340096,16.2621224970001,0
                102.333379472,16.262115092,0
                102.333356955,16.2621096610001,0
                102.333323789,16.2621048190001,0
                102.333286625,16.2620992940001,0
                102.333227063,16.262090867,0
                102.33316932,16.262079032,0
                102.333137948,16.2620670790001,0
                102.333110074,16.2620529120001,0
                102.333091376,16.2620387690001,0
                102.333075478,16.2620227670001,0
                102.333059444,16.2619997190001,0
                102.333041627,16.261965993,0
                102.333028834,16.2619312470001,0
                102.333019903,16.2619017870001,0
                102.333012771,16.2618761430001,0
                102.332994647,16.2617908500001,0
                102.33298703,16.261755447,0
                102.332974812,16.261723869,0
                102.332950936,16.2616821190001,0
                102.332930965,16.2616479160001,0
                102.332920499,16.2616293630001,0
                102.332907906,16.2616141240001,0
                102.332893956,16.2616023890001,0
                102.332881288,16.2615926570001,0
                102.332860327,16.2615804750001,0
                102.332839447,16.2615737090001,0
                102.332821992,16.261570238,0
                102.332796453,16.2615659430001,0
                102.332726174,16.261557473,0
                102.3326347,16.261548555,0
                102.332611491,16.261548713,0
                102.332599833,16.26154992,0
                102.332588662,16.2615549270001,0
                102.332581783,16.2615618840001,0
                102.332574836,16.2615738960001,0
                102.332559717,16.2616087430001,0
                102.332523058,16.2616970460001,0
                102.332510793,16.261720279,0
                102.332495498,16.26174537,0
                102.332484506,16.2617599500001,0
                102.332468925,16.261777544,0
                102.33246055,16.2617868290001,0
                102.332455249,16.261791187,0
                102.332447108,16.2617945160001,0
                102.332437544,16.2617947570001,0
                102.332432079,16.2617941460001,0
                102.332425556,16.2617918060001,0
                102.332417458,16.2617862860001,0
                102.332403165,16.2617713870001,0
                102.332389991,16.261753522,0
                102.332380455,16.261740219,0
                102.332361941,16.261706755,0
                102.332348879,16.261680583,0
                102.332318826,16.2615995670001,0
                102.332287217,16.2615309010001,0
                102.332265559,16.2614903530001,0
                102.332238614,16.2614588610001,0
                102.332224473,16.261444054,0
                102.332205899,16.2614320800001,0
                102.332187284,16.261423177,0
                102.332160873,16.2614149880001,0
                102.332140883,16.2614107640001,0
                102.332100621,16.2614062820001,0
                102.332061897,16.261402092,0
                102.331984983,16.261399677,0
                102.331909889,16.261399544,0
                102.331819555,16.26140897,0
                102.33176646,16.261418414,0
                102.331718644,16.261430725,0
                102.331672493,16.2614455840001,0
                102.331640803,16.261457105,0
                102.331599083,16.2614749100001,0
                102.3315461,16.2614988030001,0
                102.33149592,16.261520745,0
                102.331458144,16.261537607,0
                102.331414277,16.2615544830001,0
                102.3313748,16.261566085,0
                102.331309748,16.261581699,0
                102.331227359,16.261602152,0
                102.331177829,16.261615885,0
                102.331089898,16.261641506,0
                102.331023876,16.2616547600001,0
                102.330967184,16.2616677710001,0
                102.330921825,16.261681014,0
                102.330900114,16.261690131,0
                102.330787923,16.2617421750001,0
                102.330766936,16.2617490440001,0
                102.330747472,16.2617516880001,0
                102.330702908,16.261751578,0
                102.330534366,16.2617403310001,0
                102.330296814,16.261729389,0
                102.330229653,16.2617298970001,0
                102.330153941,16.2617240660001,0
                102.330045778,16.2617178250001,0
                102.329919307,16.261719751,0
                102.329833348,16.2617248980001,0
                102.329776971,16.261731862,0
                102.329721625,16.26174236,0
                102.329653341,16.2617574820001,0
                102.329558355,16.261785902,0
                102.329499492,16.2618056580001,0
                102.329463465,16.2618129700001,0
                102.329437177,16.261812638,0
                102.329407972,16.2618058580001,0
                102.32938468,16.2617949990001,0
                102.329349186,16.261768455,0
                102.329126606,16.2615683400001,0
                102.329007132,16.261469128,0
                102.32887199,16.2613654730001,0
                102.328815028,16.2613301690001,0
                102.328786074,16.2613161690001,0
                102.328758761,16.261306162,0
                102.328724787,16.261298509,0
                102.328691539,16.261294117,0
                102.328636576,16.261293423,0
                102.328577539,16.261291865,0
                102.328490816,16.261285082,0
                102.328284831,16.261266047,0
                102.328174222,16.2612582400001,0
                102.32809472,16.2612590430001,0
                102.328035034,16.261265603,0
                102.32796868,16.261274789,0
                102.327875672,16.261293751,0
                102.327799705,16.261318347,0
                102.327583582,16.261364832,0
                102.327473329,16.2613818610001,0
                102.327392902,16.261394121,0
                102.327321638,16.2614072170001,0
                102.327231933,16.2614215250001,0
                102.32714773,16.2614278670001,0
                102.326966195,16.261436772,0
                102.326843797,16.261439651,0
                102.326782578,16.261445559,0
                102.326740476,16.2614516200001,0
                102.326673936,16.2614688400001,0
                102.326598946,16.261489655,0
                102.326425877,16.2615337020001,0
                102.32629209,16.2615635270001,0
                102.325926299,16.261634035,0
                102.325754178,16.261665001,0
                102.325464333,16.2617408940001,0
                102.3253992,16.2617510870001,0
                102.325295463,16.261759618,0
                102.32510296,16.2617698280001,0
                102.324924441,16.2617779560001,0
                102.324785179,16.2617850460001,0
                102.324621395,16.261792547,0
                102.32445392,16.2617935910001,0
                102.324333125,16.2617920640001,0
                102.324264813,16.2617864150001,0
                102.324213275,16.261777726,0
                102.324088081,16.2617480600001,0
                102.323978678,16.2617194060001,0
                102.323891543,16.2616976260001,0
                102.323786953,16.2616779730001,0
                102.323703978,16.2616620250001,0
                102.323583341,16.2616431610001,0
                102.323481435,16.2616303140001,0
                102.323355884,16.261621323,0
                102.3231808,16.261614954,0
                102.322907346,16.261613573,0
                102.322658371,16.2616093400001,0
                102.322413173,16.2616052440001,0
                102.322206052,16.2615961230001,0
                102.322121422,16.261588552,0
                102.322088577,16.261582898,0
                102.322058874,16.2615730410001,0
                102.322036499,16.2615628250001,0
                102.322001987,16.261532319,0
                102.321957444,16.2614852510001,0
                102.321906154,16.2614184120001,0
                102.321824857,16.261290151,0
                102.321775856,16.2612079900001,0
                102.321737537,16.2611682260001,0
                102.321682466,16.261130054,0
                102.321630979,16.2611061060001,0
                102.321564522,16.2610946080001,0
                102.321481343,16.261088138,0
                102.321327417,16.261107683,0
                102.321042873,16.2611452570001,0
                102.320857547,16.261155102,0
                102.320670525,16.2611364810001,0
                102.32020641,16.261026852,0
                102.3200746,16.260984819,0
                102.319979506,16.2609529120001,0
                102.319907076,16.260944049,0
                102.319850264,16.26094333,0
                102.319790269,16.260955573,0
                102.319726993,16.260988002,0
                102.319639013,16.2610682490001,0
                102.319545492,16.261159079,0
                102.3194563,16.2612547520001,0
                102.31934568,16.2613557500001,0
                102.319283443,16.2614025500001,0
                102.319231787,16.261419505,0
                102.319172252,16.2614204650001,0
                102.319126979,16.2614046320001,0
                102.319090552,16.261378887,0
                102.319058084,16.26132276,0
                102.319029337,16.26124808,0
                102.318982949,16.261177962,0
                102.318922363,16.2611315930001,0
                102.318859842,16.261097029,0
                102.31879376,16.261069193,0
                102.318699481,16.2610511120001,0
                102.318580744,16.261034437,0
                102.318418276,16.261018834,0
                102.318021684,16.2609672150001,0
                102.317714833,16.2609272080001,0
                102.317617802,16.2609017770001,0
                102.317579626,16.260885581,0
                102.317459784,16.260785727,0
                102.31735089,16.26068565,0
                102.317177061,16.260541677,0
                102.316959356,16.260386763,0
                102.316836258,16.2603107050001,0
                102.31671302,16.2602395230001,0
                102.316349254,16.2600816720001,0
                102.316225761,16.2600290870001,0
                102.316097248,16.2599601850001,0
                102.315773723,16.2597631140001,0
                102.315499857,16.25959376,0
                102.315247553,16.2594546610001,0
                102.314985437,16.259351194,0
                102.314843231,16.2593028860001,0
                102.314793676,16.259295756,0
                102.314506797,16.259255727,0
                102.314402236,16.259235491,0
                102.314264103,16.259203918,0
                102.313940296,16.2590791210001,0
                102.313861031,16.259052373,0
                102.313460228,16.2589171170001,0
                102.313414058,16.2589015350001,0
                102.313083209,16.2588760100001,0
                102.313062702,16.258874426,0
                102.313036296,16.2588614110001,0
                102.312972087,16.2588297610001,0
                102.312719671,16.258705342,0
                102.312653485,16.2586803020001,0
                102.312049515,16.2584517990001,0
                102.311955428,16.258373045,0
                102.311851315,16.258285901,0
                102.311847181,16.2582824400001,0
                102.311080091,16.2580464810001,0
                102.311002319,16.2580225560001,0
                102.310990142,16.258019532,0
                102.310923714,16.258003027,0
                102.310706547,16.257983795,0
                102.310529734,16.257975371,0
                102.310250094,16.257936773,0
                102.31023399,16.2579345500001,0
                102.310221591,16.257837798,0
                102.31016812,16.257527123,0
                102.310135946,16.2575195200001,0
                102.309497795,16.257557982,0
                102.309401897,16.257455269,0
                102.309267045,16.2573596440001,0
                102.309021764,16.2573678140001,0
                102.308735005,16.25727405,0
                102.308538742,16.257113713,0
                102.308394222,16.256867706,0
                102.308365843,16.25668711,0
                102.308224557,16.2567031680001,0
                102.30812548,16.2567085050001,0
                102.308036755,16.2567057270001,0
                102.307840828,16.2566740550001,0
                102.307837479,16.2566735130001,0
                102.307780743,16.2566661660001,0
                102.30763982,16.2566479160001,0
                102.307549501,16.256636874,0
                102.307464135,16.2566262560001,0
                102.307460889,16.2566258530001,0
                102.307456061,16.256625725,0
                102.307085043,16.256601292,0
                102.30647767,16.2565054350001,0
                102.305852055,16.2564083350001,0
                102.305694882,16.256392971,0
                102.305550525,16.256385731,0
                102.305545538,16.2563854810001,0
                102.305323852,16.25636947,0
                102.304806363,16.2563552120001,0
                102.304609933,16.2563535900001,0
                102.304590053,16.2563551810001,0
                102.304419229,16.2563645490001,0
                102.304016208,16.2563775560001,0
                102.303783153,16.256389073,0
                102.303200048,16.256407897,0
                102.302733582,16.2564288240001,0
                102.302445066,16.256426203,0
                102.301898387,16.25646907,0
                102.301055738,16.256563799,0
                102.299427996,16.2568798560001,0
                102.29857107,16.2570151420001,0
                102.298009208,16.257103843,0
                102.297537744,16.257183969,0
                102.297057746,16.2573132000001,0
                102.296825466,16.257413715,0
                102.296608897,16.257459978,0
                102.296394305,16.257499764,0
                102.296031225,16.257576032,0
                102.295889807,16.257596829,0
                102.295508734,16.257652873,0
                102.295365643,16.2576689680001,0
                102.295300377,16.257676309,0
                102.29500136,16.257697089,0
                102.294983145,16.2576177350001,0
                102.295021664,16.2573552800001,0
                102.295170117,16.256665222,0
                102.295587674,16.255009162,0
                102.295612349,16.254811724,0
                102.295577068,16.254719439,0
                102.295519047,16.2546833930001,0
                102.295109701,16.254664077,0
                102.294934186,16.254661835,0
                102.294840207,16.254582978,0
                102.29476899,16.2544408430001,0
                102.294394525,16.2531410930001,0
                102.294185941,16.252316535,0
                102.294168917,16.2522029040001,0
                102.294208373,16.2511286810001,0
                102.294389705,16.250981734,0
                102.294565929,16.2507630260001,0
                102.294778742,16.2505746750001,0
                102.295091993,16.2502861090001,0
                102.295394741,16.249869185,0
                102.295497065,16.2496197350001,0
                102.295500005,16.2494048630001,0
                102.295399847,16.2490452810001,0
                102.295296834,16.2488887430001,0
                102.29537362,16.2482801210001,0
                102.295500423,16.24725412,0
                102.295513278,16.247150107,0
                102.295581042,16.2467387610001,0
                102.295803614,16.245470203,0
                102.29587197,16.245015906,0
                102.295944494,16.244652467,0
                102.295994355,16.244299615,0
                102.296012007,16.2438321490001,0
                102.296035585,16.243343005,0
                102.296055222,16.2431420390001,0
                102.296056804,16.242614546,0
                102.296026603,16.242353123,0
                102.295952788,16.2419878170001,0
                102.295794195,16.24123531,0
                102.295695288,16.240646713,0
                102.295651524,16.240553705,0
                102.295540073,16.240470708,0
                102.29497932,16.240311279,0
                102.293585672,16.239889998,0
                102.29281443,16.2396855220001,0
                102.292519273,16.23955883,0
                102.292151588,16.2393082900001,0
                102.291595043,16.2389119270001,0
                102.290755212,16.238296829,0
                102.290052219,16.2377551820001,0
                102.289989554,16.237709124,0
                102.289886301,16.2376945300001,0
                102.289594736,16.2377013670001,0
                102.289252781,16.237711802,0
                102.288695535,16.237715419,0
                102.288206898,16.2377134120001,0
                102.287698492,16.237719548,0
                102.287012725,16.237724315,0
                102.286644476,16.2377297150001,0
                102.286264088,16.2377265600001,0
                102.286046677,16.2377156700001,0
                102.286005488,16.237722418,0
                102.285363219,16.23777455,0
                102.28488687,16.2378132150001,0
                102.28036029,16.236520451,0
                102.264423893,16.237512974,0
                102.263903322,16.23751751,0
                102.256965646,16.237577856,0
                102.25312815,16.2376031320001,0
                102.249997566,16.237623699,0
                102.247089607,16.2367276730001,0
                102.246930887,16.2366787660001,0
                102.244294047,16.235886507,0
                102.240351322,16.2347018150001,0
                102.240336222,16.234696732,0
                102.240316888,16.2346902210001,0
                102.238756369,16.234164756,0
                102.237857121,16.233836297,0
                102.237580202,16.233650937,0
                102.235278911,16.231606137,0
                102.234996769,16.2306495190001,0
                102.234853498,16.230040392,0
                102.234649362,16.22874941,0
                102.23373702,16.2269238580001,0
                102.232918581,16.2241274200001,0
                102.232705693,16.2240000370001,0
                102.232602613,16.223935576,0
                102.232341847,16.223737408,0
                102.231991324,16.223426014,0
                102.231593473,16.2230871850001,0
                102.231237262,16.22278041,0
                102.231003249,16.2225929740001,0
                102.230916125,16.2225230330001,0
                102.230695948,16.2223218730001,0
                102.230471889,16.2221282460001,0
                102.230390224,16.222059369,0
                102.230347952,16.222028569,0
                102.230290756,16.2219957670001,0
                102.230196669,16.2219552600001,0
                102.230086623,16.221920504,0
                102.229994906,16.221897998,0
                102.229895155,16.221882158,0
                102.229796937,16.2218780750001,0
                102.229701859,16.2218754800001,0
                102.229589216,16.2218720220001,0
                102.229508944,16.221868896,0
                102.229449378,16.221860481,0
                102.229444864,16.2218598440001,0
                102.229390829,16.221848935,0
                102.229321323,16.221831051,0
                102.22926672,16.221811286,0
                102.229163481,16.2217748140001,0
                102.228955162,16.221690375,0
                102.228783987,16.2216175290001,0
                102.228494103,16.221490128,0
                102.228250358,16.2213650470001,0
                102.228049359,16.2212643620001,0
                102.227943505,16.2212165660001,0
                102.227905363,16.2211936750001,0
                102.227864138,16.2211653260001,0
                102.227823797,16.2211342800001,0
                102.227784264,16.2211006250001,0
                102.227681863,16.2209934630001,0
                102.227536905,16.220842944,0
                102.227263281,16.220578328,0
                102.227118657,16.2204478580001,0
                102.227062313,16.2204038720001,0
                102.227007164,16.2203681170001,0
                102.226790582,16.220257384,0
                102.226658234,16.220197233,0
                102.22654388,16.2201454450001,0
                102.226435372,16.2201111590001,0
                102.226378613,16.220102291,0
                102.226319289,16.220100342,0
                102.226235653,16.220106291,0
                102.226168347,16.220115132,0
                102.226119205,16.2201215870001,0
                102.226113244,16.2201223700001,0
                102.226097131,16.2201244870001,0
                102.225968702,16.2201413550001,0
                102.225815243,16.220163096,0
                102.225692977,16.2201755830001,0
                102.225625423,16.2201834570001,0
                102.225529074,16.2201945680001,0
                102.225369155,16.2202206480001,0
                102.225206553,16.22024579,0
                102.224961787,16.2202874650001,0
                102.224505083,16.220370971,0
                102.224359456,16.2204003960001,0
                102.224153262,16.2204504310001,0
                102.223817347,16.22053362,0
                102.223792961,16.220539289,0
                102.223342851,16.2206509660001,0
                102.223055323,16.2207389050001,0
                102.222945096,16.220772316,0
                102.222790174,16.2208323180001,0
                102.222667986,16.2208775820001,0
                102.22256485,16.22092201,0
                102.222462434,16.2209753880001,0
                102.222341489,16.221041976,0
                102.222177153,16.22114673,0
                102.222010304,16.2212657200001,0
                102.221886136,16.2213619070001,0
                102.221407536,16.2217906220001,0
                102.221022848,16.2221352130001,0
                102.220973356,16.22217268,0
                102.220828103,16.2219391740001,0
                102.220791744,16.221684973,0
                102.220860195,16.221591242,0
                102.220780027,16.2214488830001,0
                102.22052346,16.22115595,0
                102.220356072,16.221000347,0
                102.220245063,16.2208971320001,0
                102.220072305,16.2207397440001,0
                102.219809281,16.2207037920001,0
                102.219569795,16.2206711270001,0
                102.219251431,16.220711739,0
                102.219132245,16.220806699,0
                102.219023028,16.2207955160001,0
                102.218938971,16.220562541,0
                102.218956813,16.2202416010001,0
                102.218958471,16.220211374,0
                102.218781261,16.2198717150001,0
                102.218376199,16.2191706030001,0
                102.218297178,16.2185791380001,0
                102.218105713,16.218173468,0
                102.217161536,16.2169873620001,0
                102.217100495,16.2168980870001,0
                102.217075344,16.2167568290001,0
                102.217060264,16.2165047440001,0
                102.216990529,16.216166479,0
                102.216955,16.216044567,0
                102.21687305,16.21591305,0
                102.216855569,16.2158318580001,0
                102.216845207,16.215575336,0
                102.216833075,16.2154447340001,0
                102.216741016,16.2150387070001,0
                102.216696808,16.214871702,0
                102.21662398,16.2147537980001,0
                102.216546241,16.214653823,0
                102.216501466,16.214527291,0
                102.216338728,16.213850457,0
                102.216245975,16.2134938990001,0
                102.216143598,16.2131597050001,0
                102.21611763,16.2130199260001,0
                102.216088145,16.212799137,0
                102.216080921,16.212650609,0
                102.216059292,16.2125333770001,0
                102.216014832,16.21238436,0
                102.215946973,16.2122440310001,0
                102.215787417,16.2120035450001,0
                102.215549745,16.211690065,0
                102.21521591,16.2112628740001,0
                102.214813714,16.21073133,0
                102.214676736,16.210540618,0
                102.214581017,16.2103954250001,0
                102.213907652,16.20928458,0
                102.213090262,16.2081538510001,0
                102.212656635,16.2075409300001,0
                102.212449845,16.2073492980001,0
                102.212131668,16.207133716,0
                102.211988269,16.207068861,0
                102.211835372,16.207017374,0
                102.211612596,16.2069694680001,0
                102.211505799,16.206950073,0
                102.211195667,16.206824554,0
                102.210843329,16.20672097,0
                102.210778803,16.2066751420001,0
                102.210719625,16.206579907,0
                102.210474018,16.2058390120001,0
                102.210470375,16.205766996,0
                102.210509815,16.205610834,0
                102.210381682,16.2045716170001,0
                102.210245236,16.2036822220001,0
                102.210203567,16.203555732,0
                102.210075527,16.203392122,0
                102.209972899,16.2031868650001,0
                102.209767308,16.202800337,0
                102.20973748,16.2024111000001,0
                102.209735228,16.2024027630001,0
                102.209688447,16.202229555,0
                102.20944119,16.201716536,0
                102.209226903,16.201066011,0
                102.208859038,16.199861716,0
                102.208379817,16.1986319690001,0
                102.208014634,16.1982328720001,0
                102.207909792,16.198187379,0
                102.207873022,16.1981625550001,0
                102.207871867,16.1981617750001,0
                102.207830347,16.198101685,0
                102.207581354,16.1976067730001,0
                102.207427248,16.197321808,0
                102.206758694,16.195984605,0
                102.206428108,16.1953233830001,0
                102.205740023,16.1939321950001,0
                102.205257575,16.1929846890001,0
                102.205107309,16.192669133,0
                102.205093754,16.192675867,0
                102.204495932,16.1928076090001,0
                102.203843446,16.1929735320001,0
                102.203263924,16.19308806,0
                102.203029193,16.19308497,0
                102.202557271,16.1932532660001,0
                102.202047511,16.1935432180001,0
                102.201628525,16.1937994630001,0
                102.20132846,16.193306885,0
                102.201125915,16.1927865100001,0
                102.200747518,16.192112593,0
                102.200672337,16.191978696,0
                102.200513985,16.1917135320001,0
                102.200302582,16.1913595250001,0
                102.200467337,16.191231364,0
                102.200750992,16.1910091880001,0
                102.201063744,16.1908170240001,0
                102.201284471,16.1907062930001,0
                102.201087646,16.1902594750001,0
                102.20085598,16.1898578550001,0
                102.200652547,16.1895051120001,0
                102.200507629,16.189268025,0
                102.200385798,16.189079899,0
                102.200315683,16.1889714330001,0
                102.200241226,16.1888434470001,0
                102.200200417,16.1887733,0
                102.20018116,16.188732149,0
                102.200111632,16.188583581,0
                102.200073542,16.1884740740001,0
                102.199928157,16.1879742720001,0
                102.199796636,16.1877150170001,0
                102.199616702,16.1873603290001,0
                102.199291975,16.18682281,0
                102.199026341,16.186418643,0
                102.1986394,16.186078864,0
                102.198035508,16.185579967,0
                102.197849619,16.1854178620001,0
                102.197556517,16.18516226,0
                102.197226261,16.184956991,0
                102.197181521,16.184627774,0
                102.197180856,16.184622871,0
                102.197164873,16.184465416,0
                102.197159173,16.184448456,0
                102.19715148,16.184434149,0
                102.197133476,16.184411475,0
                102.197094002,16.18436159,0
                102.197083575,16.184346012,0
                102.197079242,16.184329688,0
                102.197076975,16.1843153,0
                102.197076785,16.184303502,0
                102.197080621,16.184289021,0
                102.197089895,16.1842751140001,0
                102.197100558,16.1842631540001,0
                102.197115999,16.184253088,0
                102.197178538,16.1842187120001,0
                102.197205227,16.184202613,0
                102.197230153,16.184177763,0
                102.197239329,16.184160106,0
                102.197245169,16.1841436290001,0
                102.197249825,16.1841261860001,0
                102.197259871,16.1840759200001,0
                102.197312815,16.1837585800001,0
                102.197332095,16.1835487540001,0
                102.1973357,16.1835198540001,0
                102.197342176,16.1835007450001,0
                102.197353421,16.183482876,0
                102.197371406,16.1834622810001,0
                102.197447014,16.183396897,0
                102.197460315,16.183380308,0
                102.197472895,16.1833611060001,0
                102.19747935,16.1833406870001,0
                102.197479086,16.183324301,0
                102.197476755,16.1833059790001,0
                102.197468184,16.183279229,0
                102.19744238,16.1831935180001,0
                102.197406466,16.1830901860001,0
                102.19739614,16.183060476,0
                102.197387908,16.1830127420001,0
                102.197380785,16.182942654,0
                102.197376291,16.1828966090001,0
                102.1973823,16.1828496320001,0
                102.197399343,16.182812396,0
                102.197420425,16.182785896,0
                102.197462061,16.1827335570001,0
                102.197481881,16.1827086430001,0
                102.197488384,16.1827004690001,0
                102.197506806,16.1826708840001,0
                102.197512572,16.1826568870001,0
                102.197522721,16.1826219550001,0
                102.197527057,16.1825963220001,0
                102.197529294,16.1825711550001,0
                102.197526085,16.1824385,0
                102.197525729,16.182423801,0
                102.197526238,16.1823877640001,0
                102.19754223,16.1823482030001,0
                102.197561818,16.1823273320001,0
                102.197604449,16.1822991110001,0
                102.197685156,16.182245686,0
                102.197715064,16.1822224650001,0
                102.197737241,16.182200386,0
                102.197759575,16.1821671220001,0
                102.197782102,16.18212019,0
                102.197787371,16.1821060410001,0
                102.19779163,16.1820830290001,0
                102.197793342,16.1820661250001,0
                102.197793389,16.1820494950001,0
                102.197789164,16.182027836,0
                102.197784932,16.182010855,0
                102.197739361,16.181873705,0
                102.197734379,16.1818487040001,0
                102.197731065,16.181832528,0
                102.197730272,16.181814839,0
                102.197730479,16.1817961520001,0
                102.197733246,16.18177841,0
                102.197743095,16.181758103,0
                102.197755527,16.181740215,0
                102.197770494,16.1817217980001,0
                102.197787075,16.1817087640001,0
                102.19784254,16.1816827710001,0
                102.198156172,16.1815538710001,0
                102.198161163,16.1815516680001,0
                102.19819143,16.181535479,0
                102.198211577,16.18152272,0
                102.198225721,16.1815111170001,0
                102.198234666,16.181501235,0
                102.198240673,16.181491716,0
                102.198246435,16.181480015,0
                102.198251905,16.1814625380001,0
                102.198253321,16.181447791,0
                102.198249843,16.181430575,0
                102.198245974,16.181421594,0
                102.19823655,16.1814108620001,0
                102.198224428,16.181398938,0
                102.198150831,16.181328873,0
                102.198134311,16.181314043,0
                102.198118383,16.1812939590001,0
                102.19810856,16.181273785,0
                102.198104864,16.181254828,0
                102.1981032,16.181235842,0
                102.198102926,16.1812188000001,0
                102.198108087,16.181202333,0
                102.198117276,16.181183183,0
                102.198130387,16.181154796,0
                102.198184694,16.181072687,0
                102.198185849,16.181060213,0
                102.198183562,16.1810445140001,0
                102.19817855,16.1810282000001,0
                102.198166024,16.1810087210001,0
                102.198146119,16.180981564,0
                102.198114694,16.1809386900001,0
                102.198102327,16.180929043,0
                102.198085308,16.1809253650001,0
                102.198063615,16.180926347,0
                102.198043394,16.1809345190001,0
                102.198017165,16.1809486810001,0
                102.197958113,16.1809900640001,0
                102.197823686,16.181062162,0
                102.197788213,16.1810784150001,0
                102.197773814,16.181081901,0
                102.197754516,16.181084159,0
                102.197731132,16.1810854940001,0
                102.197708734,16.181084847,0
                102.197688316,16.181080729,0
                102.197671418,16.1810741,0
                102.197644095,16.1810544690001,0
                102.197621387,16.1810341720001,0
                102.197618691,16.181031762,0
                102.19757192,16.180973974,0
                102.197554806,16.180951065,0
                102.197512425,16.1808943340001,0
                102.19750628,16.180886107,0
                102.197366765,16.1807384590001,0
                102.19735999,16.1807312880001,0
                102.197347767,16.180712982,0
                102.197338326,16.1806900330001,0
                102.197335613,16.180676298,0
                102.197333728,16.180657323,0
                102.19733628,16.1806290760001,0
                102.197344486,16.1805943840001,0
                102.197352745,16.180574435,0
                102.197363014,16.180557343,0
                102.197376071,16.180543189,0
                102.197391673,16.1805316200001,0
                102.197407785,16.180522062,0
                102.197429244,16.1805122280001,0
                102.19745638,16.18050658,0
                102.197498004,16.180500545,0
                102.197524492,16.180497115,0
                102.197729278,16.180491411,0
                102.197747517,16.180486548,0
                102.197761612,16.180477157,0
                102.197776353,16.1804657910001,0
                102.197783528,16.180447982,0
                102.197784642,16.1804328870001,0
                102.197782354,16.180417187,0
                102.197773262,16.1804002800001,0
                102.197760372,16.1803831980001,0
                102.19767068,16.1802643510001,0
                102.197626516,16.180204111,0
                102.197548708,16.180081914,0
                102.197523138,16.180052797,0
                102.197510062,16.1800411940001,0
                102.197498405,16.1800335020001,0
                102.197483378,16.1800271720001,0
                102.197462936,16.180021579,0
                102.19732908,16.1800085150001,0
                102.1973122,16.180006658,0
                102.197284785,16.180001351,0
                102.197267797,16.179994358,0
                102.197248616,16.1799828470001,0
                102.197236143,16.179966644,0
                102.197224286,16.1799465,0
                102.197218512,16.179924952,0
                102.197217232,16.179887604,0
                102.197218282,16.179868576,0
                102.19722414,16.179827442,0
                102.19724323,16.179739743,0
                102.197291016,16.179553394,0
                102.197316151,16.179504008,0
                102.197348893,16.1794621830001,0
                102.19736702,16.1794451380001,0
                102.197384086,16.17942909,0
                102.197512723,16.179336327,0
                102.197538862,16.1793068420001,0
                102.197557338,16.1792735280001,0
                102.197562902,16.1792437720001,0
                102.197562142,16.179206477,0
                102.197555024,16.1791641250001,0
                102.197520422,16.179064238,0
                102.197499281,16.179013002,0
                102.197489468,16.178979315,0
                102.197484815,16.178944453,0
                102.197484003,16.1789108850001,0
                102.197485158,16.1788998010001,0
                102.197486978,16.1788823380001,0
                102.197500171,16.1788588970001,0
                102.197519686,16.1788429960001,0
                102.197560055,16.17881347,0
                102.197584288,16.178801741,0
                102.197808157,16.1786951730001,0
                102.197825003,16.178683967,0
                102.197841096,16.178669503,0
                102.197852986,16.178656459,0
                102.197856771,16.178652308,0
                102.197863563,16.1786373250001,0
                102.197867462,16.1786238620001,0
                102.197867725,16.178605224,0
                102.19786474,16.178591951,0
                102.197856837,16.178575106,0
                102.197850249,16.178567706,0
                102.197835283,16.17856363,0
                102.197823333,16.178561137,0
                102.197729391,16.1785519470001,0
                102.197714799,16.1785462670001,0
                102.197702454,16.178537971,0
                102.197692786,16.178530003,0
                102.197682713,16.1785205670001,0
                102.197667077,16.178501442,0
                102.197654409,16.178473115,0
                102.197637589,16.178434388,0
                102.19762604,16.178399557,0
                102.19761192,16.1783569790001,0
                102.197601508,16.17832829,0
                102.197560652,16.1782313530001,0
                102.197546961,16.178198869,0
                102.197538273,16.178164909,0
                102.197536028,16.178137846,0
                102.197537245,16.1781011150001,0
                102.197546475,16.178056397,0
                102.197564311,16.1780014170001,0
                102.197632297,16.177856295,0
                102.197648662,16.17780535,0
                102.197658909,16.1777676090001,0
                102.197663758,16.177731699,0
                102.197663673,16.1777302630001,0
                102.197658775,16.177646985,0
                102.197643648,16.1775501870001,0
                102.19763742,16.1775004560001,0
                102.197633863,16.177448063,0
                102.197634453,16.1774058770001,0
                102.19766102,16.177224758,0
                102.197662476,16.1772028830001,0
                102.197660217,16.177174945,0
                102.197654214,16.177139197,0
                102.19764636,16.177100855,0
                102.197635962,16.177072718,0
                102.197609354,16.1770167130001,0
                102.19755974,16.1769122850001,0
                102.19754863,16.176885901,0
                102.197544283,16.1768687580001,0
                102.197541423,16.1768491330001,0
                102.197540066,16.1768280110001,0
                102.197543341,16.1768102610001,0
                102.197549732,16.176796398,0
                102.197563213,16.176780461,0
                102.197636838,16.176739528,0
                102.197646845,16.1767290510001,0
                102.197652759,16.176717162,0
                102.197654596,16.176704843,0
                102.197654803,16.1766861560001,0
                102.19765246,16.1766670150001,0
                102.197646015,16.176645969,0
                102.197631419,16.176626002,0
                102.1975015,16.1764383120001,0
                102.197488329,16.176420809,0
                102.197475984,16.176412472,0
                102.197460257,16.1764048420001,0
                102.197437093,16.1763986340001,0
                102.197419416,16.176396278,0
                102.197401761,16.1763952320001,0
                102.197381436,16.1763968500001,0
                102.197274677,16.1764093080001,0
                102.197227159,16.1764074010001,0
                102.19719931,16.1764051970001,0
                102.197149621,16.1763948,0
                102.197103226,16.1763784520001,0
                102.197079977,16.1763670020001,0
                102.197069582,16.1763533910001,0
                102.197063881,16.176336431,0
                102.19706224,16.1763187550001,0
                102.197062581,16.1762977720001,0
                102.197069067,16.1762793180001,0
                102.197082336,16.176260762,0
                102.197110607,16.1762343020001,0
                102.197157296,16.176204989,0
                102.197185136,16.1761829540001,0
                102.197214936,16.1761538750001,0
                102.197228515,16.176133442,0
                102.197236694,16.1761148690001,0
                102.197244337,16.1760924050001,0
                102.197260684,16.176003715,0
                102.197267837,16.175984595,0
                102.197278988,16.175960827,0
                102.197289554,16.175942967,0
                102.197308207,16.175921708,0
                102.197448923,16.1758133880001,0
                102.197500355,16.1757634460001,0
                102.197521709,16.1757414900001,0
                102.197525453,16.175736479,0
                102.197552921,16.175699719,0
                102.197564812,16.175679873,0
                102.197571893,16.1756561660001,0
                102.197575329,16.1756167790001,0
                102.197574938,16.175592528,0
                102.197571845,16.175568974,0
                102.197560124,16.1755338670001,0
                102.197484896,16.175393275,0
                102.197477045,16.175369136,0
                102.197471854,16.1753416810001,0
                102.197470153,16.1753202900001,0
                102.197474563,16.1752992460001,0
                102.19748372,16.175278129,0
                102.197527279,16.1752027380001,0
                102.197538771,16.1751756690001,0
                102.197541524,16.175160566,0
                102.19754125,16.1751435260001,0
                102.197538962,16.1751278260001,0
                102.197531927,16.175112198,0
                102.197518035,16.175092084,0
                102.19750256,16.1750764670001,0
                102.197488439,16.17506565,0
                102.197477502,16.17506057,0
                102.197457172,16.1750522990001,0
                102.197274625,16.175026326,0
                102.197255122,16.175019444,0
                102.197235251,16.17500813,0
                102.197170066,16.1749612840001,0
                102.197152505,16.174937948,0
                102.197142107,16.174910132,0
                102.197140907,16.1748917940001,0
                102.19714242,16.174873415,0
                102.197153668,16.174848662,0
                102.197204276,16.174757491,0
                102.197228163,16.174714458,0
                102.197230581,16.174696065,0
                102.197228229,16.174676434,0
                102.197225221,16.174658122,0
                102.197216829,16.1746425150001,0
                102.197203711,16.17462829,0
                102.197185958,16.1746127060001,0
                102.197118324,16.174569433,0
                102.197106202,16.174561678,0
                102.197093405,16.1745489640001,0
                102.197089436,16.174539435,0
                102.197086599,16.174529152,0
                102.197086713,16.174512556,0
                102.19708734,16.1745040650001,0
                102.197090127,16.1744906540001,0
                102.197156784,16.1743936300001,0
                102.197180389,16.1743592710001,0
                102.197185883,16.1743478870001,0
                102.197189731,16.1743340620001,0
                102.197190589,16.1743242150001,0
                102.197190239,16.1743093170001,0
                102.197187565,16.1742827680001,0
                102.197179086,16.174235518,0
                102.197170903,16.1742074900001,0
                102.197161505,16.174185203,0
                102.197148779,16.1741606210001,0
                102.197143471,16.174152227,0
                102.197134421,16.174137914,0
                102.197124294,16.1741250960001,0
                102.197112507,16.1741145390001,0
                102.197095413,16.1741009460001,0
                102.1970749,16.174090929,0
                102.197057097,16.1740858700001,0
                102.197033306,16.1740829510001,0
                102.197010268,16.174084608,0
                102.19697642,16.1740890510001,0
                102.196947362,16.1740960430001,0
                102.196905448,16.1741061540001,0
                102.19660198,16.1742161180001,0
                102.196485647,16.1742582730001,0
                102.196475033,16.174264781,0
                102.196457882,16.174275299,0
                102.196447241,16.1742885690001,0
                102.196433067,16.1743071390001,0
                102.196422152,16.1743271240001,0
                102.196365408,16.1744823760001,0
                102.196357461,16.1744988310001,0
                102.196345634,16.174515489,0
                102.196163787,16.174716774,0
                102.196134296,16.1747390690001,0
                102.196105499,16.1747482430001,0
                102.196082016,16.1747503450001,0
                102.196056695,16.1747507260001,0
                102.196034894,16.174744934,0
                102.196014845,16.17473562,0
                102.195991872,16.174713239,0
                102.195966865,16.174676903,0
                102.195891275,16.1745455560001,0
                102.195882095,16.1745336930001,0
                102.195861337,16.174506862,0
                102.195831408,16.174476865,0
                102.195810316,16.1744624310001,0
                102.195791305,16.1744509160001,0
                102.195759038,16.1744376340001,0
                102.195688876,16.174409188,0
                102.195651952,16.174391058,0
                102.195631368,16.1743766170001,0
                102.19561688,16.1743615930001,0
                102.195602345,16.1743436190001,0
                102.195589646,16.1743133250001,0
                102.195580564,16.1742864190001,0
                102.195574916,16.1742515940001,0
                102.195572071,16.174217137,0
                102.195569988,16.17418919,0
                102.195570953,16.17415462,0
                102.195576531,16.1741183290001,0
                102.195611171,16.173991029,0
                102.195615359,16.173956221,0
                102.19561498,16.1739326260001,0
                102.195610435,16.1739031920001,0
                102.195603284,16.1738803550001,0
                102.195569952,16.1737903850001,0
                102.195563437,16.173764916,0
                102.195562077,16.1737454880001,0
                102.195562158,16.1737275670001,0
                102.195566589,16.173707833,0
                102.195574484,16.1736926350001,0
                102.195592522,16.17367532,0
                102.195616632,16.1736559450001,0
                102.195732387,16.17357273,0
                102.195819102,16.173476652,0
                102.195896716,16.17337751,0
                102.195949777,16.1732898270001,0
                102.19599069,16.1731990390001,0
                102.196028554,16.1731082090001,0
                102.196145993,16.172771245,0
                102.195716862,16.172786312,0
                102.194681483,16.1728296520001,0
                102.19370412,16.1729411100001,0
                102.193451738,16.1729688680001,0
                102.193397694,16.1729992420001,0
                102.193159767,16.1727629430001,0
                102.192928828,16.1725544170001,0
                102.192914397,16.1725675490001,0
                102.19269567,16.172766591,0
                102.192687826,16.1727722590001,0
                102.19261812,16.1727396950001,0
                102.192278342,16.1725013700001,0
                102.192094874,16.1723726820001,0
                102.191429406,16.1719059110001,0
                102.191407214,16.172011105,0
                102.191373311,16.172081335,0
                102.191248117,16.172214395,0
                102.191133496,16.1723579580001,0
                102.191094362,16.17247143,0
                102.191066241,16.172564322,0
                102.190909029,16.1726865950001,0
                102.190570722,16.1723453440001,0
                102.190486054,16.172266506,0
                102.19039345,16.171990673,0
                102.190284251,16.171750891,0
                102.190139298,16.1717645200001,0
                102.18976833,16.171837338,0
                102.189660681,16.171867004,0
                102.189601278,16.1718973060001,0
                102.18955788,16.171933003,0
                102.18946055,16.172065477,0
                102.189401959,16.172115477,0
                102.189378128,16.172132698,0
                102.189205942,16.172227788,0
                102.189070711,16.1722810150001,0
                102.188865605,16.172348764,0
                102.188678044,16.172389165,0
                102.188433383,16.1724230130001,0
                102.188336797,16.172443931,0
                102.188051481,16.172505728,0
                102.187835023,16.1725361800001,0
                102.187766028,16.1725551930001,0
                102.187733034,16.1725679850001,0
                102.187628726,16.1726225200001,0
                102.187258543,16.17274674,0
                102.18704652,16.1728002200001,0
                102.186768345,16.172840136,0
                102.186575692,16.172853785,0
                102.186094339,16.1728878860001,0
                102.185769389,16.1729243460001,0
                102.185098306,16.1729880030001,0
                102.185102933,16.1730398780001,0
                102.184652949,16.173013197,0
                102.184145142,16.1729702700001,0
                102.184114681,16.1728806560001,0
                102.183245866,16.172710018,0
                102.183230035,16.1727069090001,0
                102.183224438,16.172641711,0
                102.183222187,16.1726154780001,0
                102.182771513,16.172580048,0
                102.18275381,16.172538568,0
                102.182422904,16.17267818,0
                102.182394991,16.1726899560001,0
                102.182288189,16.17269738,0
                102.182205895,16.172696289,0
                102.182159923,16.1726880000001,0
                102.182117715,16.17268039,0
                102.182053751,16.172676596,0
                102.182040764,16.172679836,0
                102.181952793,16.172701773,0
                102.181185843,16.1729593050001,0
                102.180813328,16.1730843880001,0
                102.18066327,16.173132482,0
                102.180568157,16.173175412,0
                102.179650559,16.1736051510001,0
                102.178310587,16.1741530150001,0
                102.178215347,16.17420478,0
                102.178147581,16.1742539630001,0
                102.178095014,16.1743062940001,0
                102.178072967,16.1743560850001,0
                102.178005546,16.1745505380001,0
                102.17771956,16.174317348,0
                102.177586405,16.174348018,0
                102.177514801,16.1743770580001,0
                102.177358478,16.1744673760001,0
                102.177193836,16.174597539,0
                102.177185939,16.174604964,0
                102.176981699,16.1747969890001,0
                102.176787113,16.1750341320001,0
                102.176739191,16.17513338,0
                102.17673073,16.175183211,0
                102.176735081,16.1752407020001,0
                102.176752526,16.175285882,0
                102.176767389,16.175331027,0
                102.17679262,16.1753738140001,0
                102.176797125,16.175393485,0
                102.176805451,16.1754165740001,0
                102.176807955,16.1754386920001,0
                102.176804367,16.1754563750001,0
                102.176783272,16.1754860610001,0
                102.176750711,16.1755146310001,0
                102.176739298,16.1755221400001,0
                102.176702474,16.17553493,0
                102.176666098,16.175549738,0
                102.176663782,16.1755505510001,0
                102.176593682,16.175572399,0
                102.176541076,16.1755887950001,0
                102.17650648,16.1756118660001,0
                102.176494339,16.17563455,0
                102.176491151,16.1756769580001,0
                102.176497979,16.1757419740001,0
                102.176550206,16.1760077650001,0
                102.176573504,16.176107067,0
                102.176587936,16.1761610460001,0
                102.176603118,16.1762054000001,0
                102.176617101,16.1762314150001,0
                102.176695376,16.1763471790001,0
                102.176713765,16.1763766120001,0
                102.176730126,16.176420606,0
                102.176730243,16.1764460860001,0
                102.176728236,16.176449221,0
                102.176723278,16.1764658820001,0
                102.176697356,16.1764817540001,0
                102.176688986,16.17648366,0
                102.176642376,16.1764905320001,0
                102.176509673,16.176470781,0
                102.176470788,16.176471362,0
                102.176447346,16.1764760830001,0
                102.176429357,16.176482471,0
                102.176416002,16.1764957820001,0
                102.176398601,16.1765388740001,0
                102.176393762,16.17657566,0
                102.176395044,16.1765992420001,0
                102.176399025,16.1766219100001,0
                102.17640846,16.176646244,0
                102.176422388,16.1766687630001,0
                102.176467469,16.1767161660001,0
                102.17659006,16.176802621,0
                102.176627485,16.1768330350001,0
                102.176638702,16.1768464740001,0
                102.176648971,16.1768664260001,0
                102.176655762,16.17689517,0
                102.176658755,16.1769126070001,0
                102.176657226,16.176930113,0
                102.176623494,16.17721728,0
                102.176609674,16.1773366240001,0
                102.176601805,16.1773671280001,0
                102.176596046,16.177386386,0
                102.176580191,16.177411147,0
                102.176565638,16.1774244860001,0
                102.176550404,16.177433455,0
                102.176533333,16.177440704,0
                102.176513494,16.1774444960001,0
                102.176488173,16.1774448740001,0
                102.176468195,16.1774399280001,0
                102.176445418,16.177429779,0
                102.176418858,16.1774091980001,0
                102.176360802,16.1773433070001,0
                102.176279747,16.1772513110001,0
                102.17622,16.1771918900001,0
                102.176160184,16.177145867,0
                102.176138579,16.1771345400001,0
                102.17613222,16.1771339270001,0
                102.176115025,16.1771322700001,0
                102.17609154,16.177134369,0
                102.176070825,16.177139923,0
                102.176050152,16.177148099,0
                102.176035029,16.1771640590001,0
                102.176012124,16.1772017930001,0
                102.175982802,16.177348405,0
                102.175967321,16.1773984610001,0
                102.175948973,16.1774389450001,0
                102.175872988,16.177596652,0
                102.175799717,16.1777487250001,0
                102.17575953,16.17780814,0
                102.175547517,16.178017445,0
                102.175519081,16.1780493370001,0
                102.175499012,16.1780764430001,0
                102.175464263,16.178134018,0
                102.175317488,16.178486637,0
                102.175257407,16.178606716,0
                102.175045193,16.1788698230001,0
                102.174867701,16.179036691,0
                102.174773304,16.179100975,0
                102.174601636,16.1791980900001,0
                102.174506217,16.1792414060001,0
                102.174470428,16.179251623,0
                102.174436119,16.179255632,0
                102.17438908,16.17925546,0
                102.174360906,16.17924714,0
                102.174329977,16.179236238,0
                102.174305224,16.1792156290001,0
                102.174287777,16.179199281,0
                102.17427369,16.1791738480001,0
                102.174257846,16.179137665,0
                102.174249821,16.1791075940001,0
                102.174204126,16.178842285,0
                102.174189284,16.1788191970001,0
                102.174166132,16.178804391,0
                102.174134521,16.1787885460001,0
                102.174107864,16.1787807860001,0
                102.174070429,16.178777848,0
                102.174029488,16.178781956,0
                102.173978013,16.178806034,0
                102.173945129,16.1788229700001,0
                102.173532818,16.179083416,0
                102.173505221,16.1791067990001,0
                102.173479048,16.179129334,0
                102.173448298,16.1791628760001,0
                102.173431729,16.1791871500001,0
                102.173412061,16.1792258200001,0
                102.173353308,16.179427689,0
                102.173337928,16.1794588010001,0
                102.173324657,16.1794773560001,0
                102.173303328,16.1795026200001,0
                102.173178288,16.179601044,0
                102.17317033,16.179612526,0
                102.173158839,16.179629307,0
                102.173149495,16.1796504650001,0
                102.173140011,16.179730923,0
                102.17312245,16.179975567,0
                102.173115152,16.1799967630001,0
                102.173105251,16.180013956,0
                102.173092604,16.1800292240001,0
                102.173073854,16.1800445820001,0
                102.17305571,16.180055343,0
                102.173030124,16.1800675260001,0
                102.173001805,16.1800784380001,0
                102.172951561,16.18009396,0
                102.172871178,16.1801187940001,0
                102.172862355,16.1801215200001,0
                102.172844318,16.180131881,0
                102.172830566,16.180145898,0
                102.172821492,16.180161244,0
                102.172816763,16.180173638,0
                102.172814259,16.1801867880001,0
                102.172814448,16.1801985860001,0
                102.172816803,16.1802107770001,0
                102.172832646,16.180234076,0
                102.172892055,16.180321443,0
                102.1729224,16.1803727010001,0
                102.172931323,16.180401277,0
                102.172936208,16.1804239310001,0
                102.172938042,16.180445435,0
                102.172938743,16.180469348,0
                102.172937372,16.1804924690001,0
                102.172916073,16.1805498300001,0
                102.172910422,16.18056505,0
                102.172888456,16.180605588,0
                102.172860034,16.180638355,0
                102.172841469,16.1806507200001,0
                102.172830498,16.180658027,0
                102.172808114,16.180672347,0
                102.172780289,16.1806858730001,0
                102.17274068,16.1806978290001,0
                102.172653933,16.1807129630001,0
                102.172499609,16.1807439880001,0
                102.172381164,16.180767799,0
                102.172347737,16.180789277,0
                102.172316927,16.180823537,0
                102.172298305,16.1808657730001,0
                102.172287253,16.1809288740001,0
                102.172289278,16.1809801270001,0
                102.172297239,16.181025462,0
                102.172409774,16.1812615870001,0
                102.172420784,16.18128469,0
                102.172436017,16.181332248,0
                102.172441473,16.181371794,0
                102.172444909,16.1814358450001,0
                102.172439165,16.18152917,0
                102.172425598,16.18188107,0
                102.172420512,16.181946698,0
                102.172415538,16.1820018120001,0
                102.172402935,16.1820460280001,0
                102.172391324,16.182074173,0
                102.172380811,16.18209805,0
                102.172278468,16.182257857,0
                102.172262309,16.1822933190001,0
                102.172252423,16.1823300360001,0
                102.172248761,16.1823512130001,0
                102.172251734,16.1823783770001,0
                102.172313275,16.1825390610001,0
                102.172325688,16.1825799600001,0
                102.172331602,16.182610466,0
                102.172333093,16.1826471570001,0
                102.172330818,16.1827311070001,0
                102.172324029,16.1827591800001,0
                102.17230493,16.18280929,0
                102.172280405,16.182859482,0
                102.172192642,16.183014203,0
                102.172183893,16.183046625,0
                102.17218242,16.183067626,0
                102.172183156,16.1830946600001,0
                102.172223602,16.183267186,0
                102.172220432,16.183295205,0
                102.172213616,16.183321531,0
                102.172195934,16.183347144,0
                102.17218351,16.18336219,0
                102.172169236,16.1833746410001,0
                102.172143164,16.183384645,0
                102.172119679,16.1833867450001,0
                102.172085285,16.1833855090001,0
                102.172044478,16.183379126,0
                102.171885781,16.183325987,0
                102.171853205,16.1833253080001,0
                102.171825528,16.183329218,0
                102.171799112,16.183336605,0
                102.171772808,16.183350983,0
                102.171743054,16.1833759030001,0
                102.171677629,16.1834586190001,0
                102.171651846,16.183479828,0
                102.171627934,16.183493006,0
                102.171602018,16.1834979060001,0
                102.171564083,16.1834974550001,0
                102.171527096,16.1834888500001,0
                102.171285224,16.183381866,0
                102.171257145,16.183373284,0
                102.171225851,16.1833678510001,0
                102.171196675,16.1833676310001,0
                102.171160747,16.183369478,0
                102.171124195,16.1833746130001,0
                102.171107163,16.183379302,0
                102.171088503,16.1833903830001,0
                102.171065793,16.183413509,0
                102.17105586,16.1834287350001,0
                102.171051291,16.183439949,0
                102.171049475,16.183453743,0
                102.171049674,16.183466197,0
                102.171050604,16.1834819170001,0
                102.171053449,16.1834942460001,0
                102.171123249,16.183612608,0
                102.171142159,16.1836496940001,0
                102.171152011,16.1836718370001,0
                102.171154996,16.183688838,0
                102.171154559,16.1837039230001,0
                102.171150688,16.183716438,0
                102.171142758,16.1837296680001,0
                102.171114771,16.18374929,0
                102.170815576,16.183902382,0
                102.170787393,16.1839218150001,0
                102.170767422,16.1839457140001,0
                102.170756194,16.183964894,0
                102.170752439,16.1839846180001,0
                102.170752763,16.1840049370001,0
                102.170755833,16.184027181,0
                102.17076295,16.1840480540001,0
                102.170774043,16.184062967,0
                102.170787787,16.184073907,0
                102.170802814,16.184080239,0
                102.170817788,16.1840832930001,0
                102.170845649,16.184086156,0
                102.170931751,16.184079426,0
                102.170976618,16.184081033,0
                102.171005641,16.184085844,0
                102.171033774,16.184091543,0
                102.171054741,16.1841017190001,0
                102.171068516,16.1841146260001,0
                102.171078758,16.1841328300001,0
                102.171080887,16.184152903,0
                102.171081194,16.18417213,0
                102.171066309,16.1842240890001,0
                102.170821279,16.1848536480001,0
                102.170777972,16.1849244690001,0
                102.170757902,16.1849515750001,0
                102.170732934,16.1849740910001,0
                102.170694794,16.1850026330001,0
                102.170441754,16.1851136760001,0
                102.170348697,16.185156981,0
                102.170293657,16.185184608,0
                102.170235131,16.1852204470001,0
                102.169929014,16.1854616110001,0
                102.169881358,16.185498452,0
                102.169811923,16.185530957,0
                102.169755455,16.18554462,0
                102.169689172,16.18554794,0
                102.169639677,16.1855451810001,0
                102.169603354,16.1855363980001,0
                102.169575397,16.18552283,0
                102.169536327,16.18549311,0
                102.169336875,16.185314266,0
                102.1693053,16.1853007510001,0
                102.16927751,16.185297669,0
                102.169247346,16.185296953,0
                102.169211246,16.1853021540001,0
                102.169182492,16.185314238,0
                102.169141327,16.1853552650001,0
                102.169106324,16.1854148050001,0
                102.16907446,16.185497668,0
                102.169063072,16.1855397960001,0
                102.169061163,16.1855712930001,0
                102.169061739,16.1856074140001,0
                102.169065369,16.1856495060001,0
                102.169072429,16.1856725230001,0
                102.169082429,16.185694519,0
                102.169120684,16.185748727,0
                102.169183723,16.1858348710001,0
                102.169306833,16.1859735030001,0
                102.169372881,16.186033153,0
                102.169393271,16.186051188,0
                102.169440801,16.186081948,0
                102.169467696,16.186098314,0
                102.169476196,16.186103487,0
                102.169720751,16.186206181,0
                102.169787326,16.186234137,0
                102.169809324,16.186252166,0
                102.169824059,16.186268555,0
                102.169834384,16.1862920020001,0
                102.169836639,16.18631994,0
                102.169833524,16.186351455,0
                102.16982497,16.186382177,0
                102.169810905,16.186407737,0
                102.169777961,16.1864266750001,0
                102.169682147,16.186481756,0
                102.169662521,16.1864988240001,0
                102.169650614,16.1865097790001,0
                102.169634685,16.1865318690001,0
                102.169619757,16.186560064,0
                102.16960771,16.1865987050001,0
                102.169584339,16.1866637860001,0
                102.169569482,16.186697178,0
                102.169550909,16.1867236790001,0
                102.169538498,16.186739598,0
                102.169519787,16.1867573600001,0
                102.16949391,16.1867738190001,0
                102.169431133,16.186813752,0
                102.1693945,16.186842271,0
                102.169377625,16.1868617530001,0
                102.16937064,16.186877592,0
                102.16936548,16.186894277,0
                102.169358731,16.186999443,0
                102.169350255,16.187021669,0
                102.169327618,16.1870566040001,0
                102.169302546,16.187085241,0
                102.169205489,16.187150404,0
                102.169188251,16.187178632,0
                102.169188697,16.1872065970001,0
                102.16919889,16.187240633,0
                102.169223602,16.1872775620001,0
                102.169363033,16.187389167,0
                102.169395105,16.1874149120001,0
                102.169412595,16.1874338810001,0
                102.169466124,16.1875003910001,0
                102.169580394,16.187686494,0
                102.169590577,16.1877030800001,0
                102.169611102,16.1877421090001,0
                102.169617907,16.187771728,0
                102.169620219,16.1878031630001,0
                102.169617118,16.187835551,0
                102.169608521,16.187863651,0
                102.169596348,16.187894428,0
                102.16957324,16.187920122,0
                102.169545595,16.187942924,0
                102.169515041,16.1879577030001,0
                102.169490734,16.1879650590001,0
                102.169470211,16.187966095,0
                102.169444584,16.187963999,0
                102.169419139,16.1879544120001,0
                102.169216863,16.187718042,0
                102.169175184,16.1876820000001,0
                102.169142385,16.187667338,0
                102.169110884,16.1876584840001,0
                102.16908315,16.1876588980001,0
                102.169053041,16.187661678,0
                102.169003704,16.18767261,0
                102.168885005,16.1877355350001,0
                102.16883186,16.187783858,0
                102.168816631,16.187812057,0
                102.168805112,16.1878460290001,0
                102.168793892,16.187898644,0
                102.168794636,16.1879452520001,0
                102.168798905,16.1879859810001,0
                102.168810688,16.188044081,0
                102.168829595,16.188095081,0
                102.168931359,16.188274216,0
                102.168966015,16.188329643,0
                102.168999615,16.1883944100001,0
                102.169016166,16.188448942,0
                102.169030659,16.188525649,0
                102.169036026,16.1885888640001,0
                102.169042869,16.188693712,0
                102.169028554,16.189112557,0
                102.169052763,16.1891692880001,0
                102.169077546,16.189185735,0
                102.169144247,16.1891866240001,0
                102.16952939,16.189078938,0
                102.169603557,16.18906314,0
                102.169667694,16.1890513060001,0
                102.16970465,16.1890492000001,0
                102.169730915,16.189054393,0
                102.169756433,16.1890662500001,0
                102.169775648,16.1890799490001,0
                102.169793545,16.1890967690001,0
                102.169810721,16.1891268140001,0
                102.169840104,16.1892074840001,0
                102.169854161,16.1892600620001,0
                102.169867672,16.189333252,0
                102.169872979,16.189380993,0
                102.169871089,16.1894136560001,0
                102.169860795,16.189448774,0
                102.169847959,16.189475772,0
                102.169831908,16.189502002,0
                102.16975469,16.1896018730001,0
                102.169725102,16.1896372790001,0
                102.169698094,16.189683137,0
                102.169681882,16.189725337,0
                102.169625407,16.189965107,0
                102.16960541,16.189996874,0
                102.169584058,16.190019337,0
                102.169548274,16.190044347,0
                102.169508761,16.1900624190001,0
                102.169457225,16.1900830010001,0
                102.169280762,16.190139329,0
                102.168878022,16.1903112470001,0
                102.168821907,16.190340986,0
                102.168788922,16.190357212,0
                102.168764807,16.190376584,0
                102.168751806,16.1903901490001,0
                102.168745534,16.1904017840001,0
                102.168737604,16.190415015,0
                102.168730753,16.1904367880001,0
                102.168724094,16.190473017,0
                102.168722316,16.190512671,0
                102.168722875,16.190547628,0
                102.168727352,16.190595419,0
                102.168783742,16.190884716,0
                102.168789365,16.1909347490001,0
                102.168783876,16.19096863,0
                102.168771003,16.190993297,0
                102.168737592,16.191015941,0
                102.168692123,16.1910387630001,0
                102.168641167,16.191060555,0
                102.168604767,16.1910820250001,0
                102.168579778,16.1911033760001,0
                102.16855737,16.1911351790001,0
                102.168537373,16.1911669460001,0
                102.168525928,16.1912055780001,0
                102.168519289,16.191242973,0
                102.168515192,16.191288489,0
                102.168512695,16.1915474620001,0
                102.168501967,16.191681267,0
                102.168489527,16.1917078700001,0
                102.168476962,16.1917267060001,0
                102.168456283,16.191741001,0
                102.168432241,16.191746021,0
                102.168401741,16.191749584,0
                102.168353359,16.1917409810001,0
                102.168304217,16.191729024,0
                102.168220972,16.1917087680001,0
                102.168187233,16.1917108260001,0
                102.168158441,16.191720579,0
                102.168126558,16.1917381480001,0
                102.168096506,16.191769677,0
                102.168082606,16.1918056260001,0
                102.168066617,16.19184898,0
                102.167918406,16.1921981300001,0
                102.16788764,16.192285613,0
                102.167850119,16.192352995,0
                102.16776296,16.192464892,0
                102.167676328,16.1925761100001,0
                102.16761735,16.19262157,0
                102.167570725,16.1926476150001,0
                102.167545542,16.192656732,0
                102.167518466,16.1926606320001,0
                102.167488621,16.192661077,0
                102.167449648,16.1926564130001,0
                102.167316017,16.1926155740001,0
                102.167277949,16.1926108970001,0
                102.167238113,16.192608868,0
                102.167196553,16.1926121110001,0
                102.16715509,16.1926214700001,0
                102.167087567,16.1926417080001,0
                102.167051657,16.192658851,0
                102.167026696,16.1926819510001,0
                102.167011754,16.1927092720001,0
                102.166969992,16.19286986,0
                102.166958083,16.19291724,0
                102.166941403,16.192948958,0
                102.166924554,16.1929701880001,0
                102.166899482,16.1929862970001,0
                102.166873408,16.1929963010001,0
                102.166846373,16.193002822,0
                102.166820146,16.193003214,0
                102.166783037,16.1930020190001,0
                102.166724112,16.1929941560001,0
                102.166658786,16.1929820180001,0
                102.16662108,16.192981866,0
                102.166612647,16.192981832,0
                102.166587463,16.192990949,0
                102.166547472,16.1930107760001,0
                102.166491681,16.1930574990001,0
                102.166450573,16.1931016240001,0
                102.16639015,16.193196116,0
                102.166195147,16.1935010720001,0
                102.166174565,16.193542414,0
                102.166162621,16.1935877110001,0
                102.166149317,16.1936609470001,0
                102.166139153,16.1937294750001,0
                102.166132776,16.193833689,0
                102.166129897,16.193954273,0
                102.166132852,16.194027356,0
                102.166137605,16.1940983810001,0
                102.166146995,16.194157681,0
                102.166161413,16.194229728,0
                102.166189308,16.194303583,0
                102.166216439,16.19434269,0
                102.166242306,16.1943763960001,0
                102.166269788,16.194397839,0
                102.166343742,16.1944404430001,0
                102.166427687,16.1944855200001,0
                102.166447807,16.194499207,0
                102.166467107,16.19451815,0
                102.166476542,16.1945424840001,0
                102.166479576,16.1945625440001,0
                102.166476224,16.194579203,0
                102.166466541,16.1945959550001,0
                102.166451542,16.19461978,0
                102.166428335,16.1946393580001,0
                102.166354411,16.194683807,0
                102.166259883,16.1947406460001,0
                102.1660925,16.194854316,0
                102.166079256,16.194872709,0
                102.166074985,16.194888507,0
                102.166073498,16.1949086340001,0
                102.166073763,16.1949252380001,0
                102.16609095,16.194974223,0
                102.166118307,16.1950521970001,0
                102.166128786,16.1950852580001,0
                102.166139153,16.1951113270001,0
                102.166143315,16.1951453560001,0
                102.166146687,16.195179507,0
                102.166143714,16.195205774,0
                102.166138811,16.195238627,0
                102.166130495,16.1952702200001,0
                102.166114792,16.1953065120001,0
                102.166098158,16.1953270830001,0
                102.166079437,16.195344408,0
                102.166051357,16.1953703950001,0
                102.166029255,16.195388426,0
                102.166012443,16.1953978550001,0
                102.165998263,16.1954020000001,0
                102.165984728,16.195404168,0
                102.165965078,16.1954057720001,0
                102.165946085,16.195406055,0
                102.165918159,16.19539926,0
                102.165883908,16.1953787910001,0
                102.165768428,16.195303176,0
                102.165766435,16.195301871,0
                102.165747307,16.1952936340001,0
                102.165721395,16.195285497,0
                102.165701693,16.1952838230001,0
                102.1656719,16.195287546,0
                102.165644277,16.195299759,0
                102.165576457,16.195357308,0
                102.165534114,16.1954115410001,0
                102.165516176,16.195435409,0
                102.165502986,16.1954592070001,0
                102.165491947,16.195490185,0
                102.165488275,16.195515153,0
                102.165488662,16.195539404,0
                102.165488906,16.1955497210001,0
                102.165490742,16.195627223,0
                102.165491993,16.195650056,0
                102.165488245,16.1956779870001,0
                102.165481938,16.1956972580001,0
                102.165472554,16.1957150980001,0
                102.165409772,16.195798639,0
                102.165392914,16.1958264260001,0
                102.165383054,16.19584624,0
                102.165376246,16.19586601,0
                102.165351546,16.196027682,0
                102.16534236,16.1960543700001,0
                102.16532898,16.1960874590001,0
                102.165314037,16.1961147800001,0
                102.165288255,16.196143136,0
                102.165263169,16.19615837,0
                102.165233836,16.196167498,0
                102.165213955,16.1961710140001,0
                102.165196956,16.1961686450001,0
                102.165171732,16.196161154,0
                102.165151205,16.196150314,0
                102.165125689,16.1961244710001,0
                102.16507377,16.196059685,0
                102.165046334,16.196041082,0
                102.165020432,16.1960336000001,0
                102.164998684,16.1960313020001,0
                102.164973587,16.1960316760001,0
                102.164950566,16.196034642,0
                102.164924957,16.1960455130001,0
                102.164867417,16.1960890880001,0
                102.164833117,16.196115064,0
                102.164803533,16.1961318940001,0
                102.164778592,16.1961421,0
                102.164750906,16.1961503800001,0
                102.164725204,16.1961553520001,0
                102.164702872,16.1961589630001,0
                102.164666263,16.19616082,0
                102.164633037,16.19616197,0
                102.16457523,16.196157704,0
                102.164283464,16.196136165,0
                102.164247276,16.1961324380001,0
                102.164228136,16.196123545,0
                102.164213057,16.196113935,0
                102.164199959,16.196101018,0
                102.164189504,16.1960832290001,0
                102.164152964,16.196027553,0
                102.164128305,16.195989979,0
                102.16411312,16.1959738150001,0
                102.164100065,16.1959635210001,0
                102.164085006,16.1959552220001,0
                102.164051622,16.1959465410001,0
                102.16397488,16.195944108,0
                102.163895787,16.195945803,0
                102.163869365,16.1959481640001,0
                102.163849777,16.1959537000001,0
                102.163833602,16.195960497,0
                102.16381414,16.195973899,0
                102.163802098,16.195984568,0
                102.163792143,16.195998484,0
                102.163785355,16.196015994,0
                102.163762769,16.196163149,0
                102.163750664,16.196198295,0
                102.163735791,16.1962299840001,0
                102.163718094,16.196254723,0
                102.163675463,16.1963043100001,0
                102.1636479,16.196334441,0
                102.163613894,16.1963576750001,0
                102.163549291,16.196390981,0
                102.16346578,16.1964298120001,0
                102.163359338,16.1964793010001,0
                102.163287083,16.196512894,0
                102.163268327,16.196528034,0
                102.163240653,16.196551173,0
                102.163209377,16.196589843,0
                102.163133309,16.1966838920001,0
                102.163087699,16.196716914,0
                102.163056268,16.196731368,0
                102.163008473,16.196740822,0
                102.162971447,16.196744869,0
                102.162939737,16.1967418460001,0
                102.162910684,16.196735285,0
                102.162876037,16.1967183190001,0
                102.162825791,16.196687598,0
                102.162763594,16.196644818,0
                102.162703206,16.196602011,0
                102.162682716,16.1965793700001,0
                102.162663655,16.196551754,0
                102.16262883,16.196485839,0
                102.16256638,16.196351571,0
                102.162543874,16.196326658,0
                102.162539367,16.196321669,0
                102.162512651,16.1963104120001,0
                102.162483636,16.1963061820001,0
                102.162453507,16.196307796,0
                102.162412692,16.1963200590001,0
                102.162352011,16.1963889780001,0
                102.162169533,16.196528114,0
                102.162007008,16.1966526150001,0
                102.161810564,16.196786086,0
                102.161767728,16.1968228540001,0
                102.161746411,16.196847647,0
                102.161728825,16.1968793780001,0
                102.161711424,16.1969227610001,0
                102.161660848,16.197091987,0
                102.161598107,16.1973019180001,0
                102.161585464,16.1973442190001,0
                102.161552952,16.19745097,0
                102.161505231,16.197607654,0
                102.161428108,16.197898864,0
                102.161422181,16.197921246,0
                102.161410332,16.198019763,0
                102.161409178,16.1980608640001,0
                102.161410445,16.1980835730001,0
                102.161418154,16.198113178,0
                102.161431304,16.198143578,0
                102.16152616,16.1982488090001,0
                102.161547408,16.198276465,0
                102.161557678,16.1982964170001,0
                102.161571732,16.1983268020001,0
                102.161577506,16.1983485700001,0
                102.161577229,16.1983879100001,0
                102.161571679,16.198436943,0
                102.16156066,16.1984834360001,0
                102.161546817,16.1985229790001,0
                102.161522021,16.198556565,0
                102.161482923,16.1986008540001,0
                102.161455318,16.1986283630001,0
                102.161357989,16.1987084840001,0
                102.161332151,16.1987333440001,0
                102.161318043,16.198756282,0
                102.161300497,16.198790634,0
                102.161284942,16.198836321,0
                102.161279764,16.198857076,0
                102.161262834,16.1989249370001,0
                102.161257339,16.1989774670001,0
                102.161257869,16.1990106760001,0
                102.16126011,16.1990377400001,0
                102.161263324,16.1990691610001,0
                102.161279805,16.1991082210001,0
                102.161284949,16.1991204130001,0
                102.161393069,16.1993198540001,0
                102.161414142,16.199366512,0
                102.161414638,16.19936761,0
                102.161423251,16.199397203,0
                102.161430042,16.1994259480001,0
                102.161431281,16.199446908,0
                102.161429723,16.199462666,0
                102.16142118,16.199494261,0
                102.161408783,16.1995110550001,0
                102.161306027,16.1995912570001,0
                102.16129004,16.199609851,0
                102.161281246,16.1996257170001,0
                102.16127614,16.199645898,0
                102.16127653,16.1996703670001,0
                102.161288582,16.199745363,0
                102.161290823,16.1997724280001,0
                102.16128939,16.1997960510001,0
                102.161285203,16.199817093,0
                102.161278274,16.199836427,0
                102.161260925,16.199857052,0
                102.161245825,16.1998676440001,0
                102.161222105,16.1998772060001,0
                102.161082634,16.1999334280001,0
                102.160985891,16.199954368,0
                102.160899239,16.199966537,0
                102.160757342,16.199979011,0
                102.160704333,16.199991583,0
                102.160624953,16.2000186,0
                102.160547126,16.200054724,0
                102.160498907,16.200078161,0
                102.160361602,16.2001448980001,0
                102.160154679,16.200263357,0
                102.159945638,16.2003830260001,0
                102.1598465,16.200436177,0
                102.159739928,16.2004933150001,0
                102.159688389,16.200513895,0
                102.159640375,16.200528596,0
                102.159599429,16.200532702,0
                102.159553624,16.20053455,0
                102.15950175,16.2005341560001,0
                102.159367596,16.2005175040001,0
                102.159188951,16.2005096730001,0
                102.159185937,16.200509718,0
                102.159074203,16.200499725,0
                102.159059129,16.200496237,0
                102.159022144,16.200487679,0
                102.158999046,16.2004763680001,0
                102.158966152,16.2004558780001,0
                102.15892057,16.2003982840001,0
                102.158896114,16.2003753340001,0
                102.158872941,16.200359361,0
                102.158846226,16.2003481040001,0
                102.158817228,16.200345038,0
                102.158782347,16.200347499,0
                102.158751,16.200356921,0
                102.158719539,16.200368869,0
                102.158702205,16.200379291,0
                102.158688517,16.200393375,0
                102.158676653,16.200409198,0
                102.158662786,16.2004356470001,0
                102.158654991,16.200463352,0
                102.158649517,16.2005065270001,0
                102.158639861,16.200561926,0
                102.158632285,16.200595864,0
                102.158626467,16.2006145670001,0
                102.158613835,16.2006409430001,0
                102.158597417,16.200662664,0
                102.158586182,16.200672264,0
                102.158571209,16.2006791970001,0
                102.158555266,16.200678442,0
                102.158539419,16.2006710960001,0
                102.158521011,16.200659564,0
                102.158447024,16.2006113530001,0
                102.158417226,16.200593348,0
                102.158379558,16.2005760500001,0
                102.1583465,16.200564953,0
                102.158298355,16.200558169,0
                102.158259793,16.200549347,0
                102.158238412,16.2005409340001,0
                102.158221206,16.2005314950001,0
                102.158204817,16.200519087,0
                102.158166537,16.2004797500001,0
                102.158147162,16.2004605290001,0
                102.158120301,16.200431187,0
                102.158089566,16.200403238,0
                102.158071177,16.2003903510001,0
                102.158047295,16.2003790160001,0
                102.158020664,16.2003712550001,0
                102.157989087,16.200364512,0
                102.157960192,16.2003641260001,0
                102.157924095,16.2003715880001,0
                102.157885412,16.200387413,0
                102.157835848,16.2004149200001,0
                102.157827574,16.200422304,0
                102.157822652,16.20043235,0
                102.157821196,16.200442443,0
                102.157822118,16.2004480530001,0
                102.157824795,16.200454861,0
                102.157830446,16.200463875,0
                102.157858527,16.200504881,0
                102.157899831,16.200553558,0
                102.157985158,16.20063858,0
                102.158053139,16.200697184,0
                102.158075443,16.200716444,0
                102.158088529,16.2007282660001,0
                102.158097841,16.200739948,0
                102.15810338,16.200751398,0
                102.158104352,16.200764232,0
                102.158102224,16.2007728720001,0
                102.158097225,16.200782917,0
                102.158068713,16.2008149490001,0
                102.158017905,16.200870249,0
                102.157959112,16.2009233650001,0
                102.157926985,16.200944153,0
                102.157900854,16.2009552700001,0
                102.157878323,16.200962643,0
                102.157859331,16.200964917,0
                102.15781642,16.2009692190001,0
                102.157744166,16.20096148,0
                102.157690567,16.200953267,0
                102.157639249,16.200947344,0
                102.157596516,16.2009445150001,0
                102.157566136,16.2009456440001,0
                102.157546574,16.2009501680001,0
                102.157534555,16.2009552440001,0
                102.157523964,16.2009628660001,0
                102.157517217,16.200971173,0
                102.157510125,16.2009820930001,0
                102.157501433,16.2010024730001,0
                102.157496647,16.2010192020001,0
                102.157495352,16.201055662,0
                102.157495317,16.2011119110001,0
                102.15749657,16.20113739,0
                102.157496339,16.201153458,0
                102.157495255,16.2011699670001,0
                102.157491594,16.201194206,0
                102.157484006,16.2012127940001,0
                102.157470761,16.2012282370001,0
                102.157456508,16.2012386100001,0
                102.157440493,16.201243001,0
                102.157424359,16.2012448610001,0
                102.157413364,16.201242999,0
                102.157402874,16.201238253,0
                102.157393061,16.201229273,0
                102.157383104,16.201214242,0
                102.157374738,16.201195711,0
                102.157349332,16.2011294600001,0
                102.157335044,16.201104709,0
                102.15732313,16.20109173,0
                102.157305873,16.2010805740001,0
                102.157275772,16.2010676200001,0
                102.157251606,16.201059893,0
                102.1572124,16.2010530470001,0
                102.157189082,16.201050749,0
                102.157155606,16.201052739,0
                102.157140544,16.201055065,0
                102.15712728,16.201061118,0
                102.15711753,16.201069203,0
                102.157110285,16.2010800310001,0
                102.157106553,16.201093074,0
                102.157103496,16.2011073890001,0
                102.157100168,16.2011406610001,0
                102.157103599,16.201164724,0
                102.15711288,16.2011838080001,0
                102.157129847,16.201209949,0
                102.157158022,16.201239039,0
                102.157197867,16.2012765000001,0
                102.157206555,16.2012886250001,0
                102.157214255,16.2013053420001,0
                102.15721787,16.2013272400001,0
                102.157220457,16.2013511110001,0
                102.157218463,16.2014042640001,0
                102.157210749,16.201447681,0
                102.157195793,16.201507162,0
                102.157184691,16.201539698,0
                102.15717017,16.20156343,0
                102.157144076,16.2015988360001,0
                102.157112673,16.201628301,0
                102.157062631,16.20166772,0
                102.157014362,16.201696328,0
                102.156971677,16.201717064,0
                102.15692183,16.2017428510001,0
                102.156860528,16.2017667700001,0
                102.156793008,16.20178889,0
                102.156715639,16.2018153020001,0
                102.156670708,16.2018314040001,0
                102.156648904,16.201841766,0
                102.156634868,16.201853226,0
                102.156622108,16.201866959,0
                102.156611004,16.201883604,0
                102.156604102,16.201902653,0
                102.156594776,16.201924198,0
                102.156586605,16.201940521,0
                102.156575857,16.2019536500001,0
                102.156560774,16.2019682550001,0
                102.156543126,16.201984361,0
                102.156515119,16.2020026760001,0
                102.156487393,16.2020174730001,0
                102.156441276,16.202035816,0
                102.156415685,16.202046941,0
                102.156401732,16.202057859,0
                102.156394248,16.202069226,0
                102.156389422,16.202083337,0
                102.156389174,16.2021005780001,0
                102.156392912,16.202130153,0
                102.156402002,16.202151854,0
                102.156418208,16.2021772620001,0
                102.156433877,16.202196975,0
                102.156486477,16.202253387,0
                102.156500465,16.2022721750001,0
                102.156505217,16.202290115,0
                102.156503505,16.202307337,0
                102.156494657,16.202327805,0
                102.156478719,16.202348268,0
                102.156428069,16.2023977910001,0
                102.156405915,16.202421782,0
                102.156373764,16.2024549390001,0
                102.156359159,16.202473884,0
                102.156350075,16.202489202,0
                102.156343188,16.2025072590001,0
                102.15632277,16.202576778,0
                102.156303107,16.2026420660001,0
                102.156287857,16.20267897,0
                102.156279944,16.20269331,0
                102.156266468,16.2027087500001,0
                102.156251827,16.202719299,0
                102.156235593,16.202722782,0
                102.156212248,16.2027222900001,0
                102.156193516,16.2027173440001,0
                102.156172259,16.202705682,0
                102.156144078,16.202687698,0
                102.156099459,16.2026553200001,0
                102.156082838,16.2026427270001,0
                102.156071976,16.202636983,0
                102.156058825,16.202635091,0
                102.156043154,16.202636958,0
                102.156031381,16.2026410450001,0
                102.156020364,16.202646133,0
                102.156010056,16.202655565,0
                102.155999263,16.202666617,0
                102.155992181,16.202676726,0
                102.155968246,16.202717487,0
                102.155954546,16.2027536900001,0
                102.155945685,16.202801966,0
                102.155940208,16.202839904,0
                102.155940217,16.202893085,0
                102.15593833,16.202976216,0
                102.155937841,16.2030103380001,0
                102.155931033,16.203044377,0
                102.155919826,16.203062646,0
                102.155905078,16.203075449,0
                102.155884606,16.203084296,0
                102.155854731,16.203087597,0
                102.155826787,16.2030854170001,0
                102.155794462,16.203077039,0
                102.155695172,16.203035981,0
                102.155649145,16.2030157720001,0
                102.155621889,16.203008545,0
                102.155595238,16.203007556,0
                102.155562239,16.2030084680001,0
                102.155525648,16.2030127630001,0
                102.155470796,16.2030167230001,0
                102.155393912,16.203025444,0
                102.155340728,16.2030313230001,0
                102.155316705,16.203029827,0
                102.155299444,16.2030241780001,0
                102.155288366,16.203017529,0
                102.155283347,16.2030127670001,0
                102.155277994,16.2030044800001,0
                102.155272404,16.202991222,0
                102.155256439,16.202943696,0
                102.155243697,16.202913369,0
                102.155233386,16.2028961660001,0
                102.155221206,16.2028802930001,0
                102.155190737,16.2028499080001,0
                102.155156333,16.202819923,0
                102.155108608,16.2027783830001,0
                102.155090389,16.202764415,0
                102.155069439,16.202752848,0
                102.155051551,16.202748093,0
                102.155028296,16.2027466980001,0
                102.155009836,16.202749521,0
                102.154979073,16.2027557910001,0
                102.154924138,16.2027709440001,0
                102.154875174,16.202778145,0
                102.154842966,16.2027777120001,0
                102.154762526,16.202771037,0
                102.154735403,16.202770673,0
                102.154692245,16.2027707280001,0
                102.154659996,16.202773184,0
                102.154602095,16.2027801730001,0
                102.154508356,16.202797967,0
                102.154429504,16.202814969,0
                102.154297859,16.20284273,0
                102.154227296,16.2028566810001,0
                102.154205952,16.202856395,0
                102.154192846,16.2028513440001,0
                102.154181882,16.2028420770001,0
                102.154175674,16.202828902,0
                102.154174173,16.2028153380001,0
                102.154176644,16.202793522,0
                102.154193098,16.2027532920001,0
                102.154199273,16.2027311640001,0
                102.154203028,16.202695009,0
                102.154201257,16.202668079,0
                102.154195675,16.2026489530001,0
                102.154187358,16.202632409,0
                102.154178611,16.202624256,0
                102.154162167,16.202615548,0
                102.154135086,16.202612296,0
                102.154105543,16.202614157,0
                102.154072986,16.2026166110001,0
                102.154048175,16.2026162780001,0
                102.154029329,16.2026137670001,0
                102.154009465,16.2026070000001,0
                102.153994447,16.2025956030001,0
                102.15398245,16.2025830740001,0
                102.153969553,16.2025634880001,0
                102.153962906,16.202543355,0
                102.153960638,16.20252951,0
                102.153958815,16.2025169350001,0
                102.153958816,16.2025061000001,0
                102.153961772,16.2024935000001,0
                102.153965848,16.2024833520001,0
                102.153973487,16.2024719880001,0
                102.153992235,16.202454452,0
                102.154002785,16.2024442110001,0
                102.154011171,16.202434571,0
                102.154017787,16.202424638,0
                102.154020988,16.2024163740001,0
                102.154023329,16.202403674,0
                102.154022465,16.2023940020001,0
                102.154019596,16.202384484,0
                102.154013858,16.2023708630001,0
                102.153975576,16.2023103070001,0
                102.153928503,16.2022502670001,0
                102.153883677,16.2021946790001,0
                102.15383202,16.202137195,0
                102.153804542,16.202113261,0
                102.15377533,16.20209743,0
                102.15373175,16.2020838440001,0
                102.153698125,16.202080143,0
                102.153670251,16.2020838330001,0
                102.153643943,16.2020911550001,0
                102.153624567,16.2020987490001,0
                102.153608135,16.2021107190001,0
                102.153594599,16.2021248030001,0
                102.153572733,16.2021502420001,0
                102.153528982,16.2022076210001,0
                102.153476618,16.2022852000001,0
                102.153441378,16.2023402560001,0
                102.153428235,16.2023539840001,0
                102.153412266,16.2023604510001,0
                102.15339336,16.202362184,0
                102.153375987,16.202359062,0
                102.153356737,16.202352574,0
                102.153255559,16.2023087810001,0
                102.15320345,16.2022881290001,0
                102.15300466,16.2021959590001,0
                102.152810051,16.202098802,0
                102.152768877,16.202084859,0
                102.152732365,16.202081257,0
                102.152648785,16.2020845700001,0
                102.152539777,16.2021069100001,0
                102.152511547,16.202120001,0
                102.152319715,16.202208962,0
                102.152036908,16.202340113,0
                102.152018971,16.2023494420001,0
                102.152006756,16.2023574950001,0
                102.151999762,16.202366972,0
                102.15199742,16.20237976,0
                102.151999391,16.202392699,0
                102.15200464,16.2024135360001,0
                102.152040611,16.202565162,0
                102.15204478,16.2026128910001,0
                102.152055006,16.2027111730001,0
                102.152062599,16.2027888330001,0
                102.152066695,16.2028523610001,0
                102.15206807,16.202880007,0
                102.15206621,16.2028968660001,0
                102.152059124,16.2029073360001,0
                102.152050936,16.202913907,0
                102.152038718,16.2029169030001,0
                102.152013136,16.2029165610001,0
                102.151974995,16.2029160490001,0
                102.151944404,16.202915729,0
                102.151928199,16.2029171360001,0
                102.151915485,16.2029224730001,0
                102.151903632,16.2029320670001,0
                102.151897783,16.202942191,0
                102.151893526,16.202954232,0
                102.151892932,16.202968761,0
                102.151890382,16.2030067380001,0
                102.151886221,16.203044242,0
                102.151882073,16.203064683,0
                102.151877437,16.2030762680001,0
                102.151870999,16.2030845780001,0
                102.151858639,16.2030919970001,0
                102.151841264,16.203094472,0
                102.151823959,16.2030918930001,0
                102.151808631,16.2030859980001,0
                102.151797342,16.203077901,0
                102.151773965,16.2030581760001,0
                102.151745613,16.2030307090001,0
                102.151726498,16.2030148320001,0
                102.151704817,16.203000457,0
                102.151681762,16.202990577,0
                102.15165915,16.202982057,0
                102.151632548,16.202977547,0
                102.151616308,16.202976065,0
                102.151589649,16.2029757070001,0
                102.151564738,16.2029769980001,0
                102.151547413,16.2029812800001,0
                102.151534985,16.202988066,0
                102.151526425,16.2029937300001,0
                102.151518213,16.2030021960001,0
                102.151512127,16.203012679,0
                102.151508128,16.203028154,0
                102.151504303,16.20305835,0
                102.151500589,16.2030862,0
                102.151495569,16.2031031080001,0
                102.151488983,16.2031162910001,0
                102.151475342,16.203137688,0
                102.151463971,16.2031513490001,0
                102.151446805,16.2031660160001,0
                102.151413437,16.203192745,0
                102.151366664,16.2032244420001,0
                102.151293474,16.203265625,0
                102.151250177,16.203286081,0
                102.151199838,16.2033031020001,0
                102.151144477,16.2033103050001,0
                102.151055423,16.203313173,0
                102.151000814,16.203316323,0
                102.150952511,16.203325787,0
                102.150910615,16.2033345250001,0
                102.15086787,16.203348668,0
                102.150803908,16.203375167,0
                102.150768286,16.203392476,0
                102.15073832,16.2034130210001,0
                102.150689786,16.2034492070001,0
                102.150669277,16.2034713240001,0
                102.150653769,16.2034992860001,0
                102.150646276,16.2035273560001,0
                102.150646786,16.2035614910001,0
                102.150647076,16.203611064,0
                102.150646737,16.203661531,0
                102.150640801,16.203693775,0
                102.150627982,16.2037169880001,0
                102.150612939,16.2037341220001,0
                102.150592414,16.2037519040001,0
                102.150560572,16.203774321,0
                102.150494658,16.203813343,0
                102.150401342,16.2038552490001,0
                102.150233314,16.203942469,0
                102.150177049,16.203975031,0
                102.150131789,16.2040086430001,0
                102.150089546,16.20404681,0
                102.149958842,16.204191414,0
                102.149897315,16.2042897260001,0
                102.149839503,16.2044030750001,0
                102.149795701,16.2045067710001,0
                102.149754454,16.2045776360001,0
                102.149721673,16.20462243,0
                102.149696619,16.204649633,0
                102.149654771,16.204687173,0
                102.149608326,16.204722754,0
                102.14916235,16.205075304,0
                102.149130016,16.2051050260001,0
                102.149101431,16.205136694,0
                102.149078679,16.205175393,0
                102.149069296,16.2052008200001,0
                102.149063408,16.2052298130001,0
                102.149060524,16.205258847,0
                102.149057403,16.2052721690001,0
                102.149052811,16.205280685,0
                102.149044302,16.2052882450001,0
                102.149032856,16.20529098,0
                102.149017068,16.205290226,0
                102.149004822,16.205284373,0
                102.148988257,16.205267899,0
                102.14894735,16.205218594,0
                102.148931411,16.205201586,0
                102.148915568,16.205188553,0
                102.148904705,16.2051829000001,0
                102.148891002,16.205181813,0
                102.148873901,16.205186638,0
                102.148826274,16.205207939,0
                102.14881128,16.205216405,0
                102.148802842,16.205224328,0
                102.148796351,16.2052362490001,0
                102.148792393,16.2052542530001,0
                102.148790772,16.205281229,0
                102.148790072,16.2053297950001,0
                102.148794788,16.205382405,0
                102.148801989,16.205428188,0
                102.148804135,16.2054611730001,0
                102.148803143,16.2054820160001,0
                102.148799027,16.2054948730001,0
                102.148792518,16.205502731,0
                102.148778134,16.205511476,0
                102.148761453,16.205519198,0
                102.148730004,16.205530331,0
                102.148715222,16.2055345580001,0
                102.148696274,16.205539179,0
                102.148683483,16.205539007,0
                102.148663114,16.205535302,0
                102.148654153,16.205531389,0
                102.148634503,16.205520472,0
                102.148619552,16.205509798,0
                102.148602841,16.2054927790001,0
                102.148589881,16.205477618,0
                102.148579899,16.2054643010001,0
                102.148567794,16.205443282,0
                102.148561335,16.205426131,0
                102.14855734,16.205403866,0
                102.148557885,16.205365952,0
                102.148560586,16.2053282480001,0
                102.148559332,16.205308276,0
                102.148556556,16.205292258,0
                102.14855255,16.2052815500001,0
                102.148544096,16.205269157,0
                102.148529546,16.2052573140001,0
                102.14851571,16.2052494540001,0
                102.148505981,16.205245351,0
                102.148486846,16.2052414820001,0
                102.148470665,16.205241265,0
                102.148445042,16.2052438100001,0
                102.148425805,16.2052471640001,0
                102.148404399,16.205256536,0
                102.148393045,16.2052636080001,0
                102.148376703,16.2052745840001,0
                102.148361084,16.2052888200001,0
                102.148352331,16.205302607,0
                102.148338178,16.2053275170001,0
                102.148319585,16.2053502910001,0
                102.148306744,16.2053589660001,0
                102.148291453,16.205366526,0
                102.148273561,16.205372696,0
                102.148246151,16.205376211,0
                102.148223335,16.2053764460001,0
                102.14819239,16.2053740430001,0
                102.148142926,16.205362274,0
                102.148108631,16.20535161,0
                102.148039328,16.205326121,0
                102.147994573,16.205308546,0
                102.147977865,16.205296764,0
                102.147960453,16.205280279,0
                102.147953666,16.2052645680001,0
                102.147951165,16.2052455730001,0
                102.147952447,16.205226087,0
                102.14795798,16.2052111740001,0
                102.147969843,16.205195443,0
                102.148034655,16.2051420490001,0
                102.148066569,16.2051147600001,0
                102.148077622,16.205101816,0
                102.148085339,16.2050903630001,0
                102.148088094,16.2050809190001,0
                102.148089767,16.2050664970001,0
                102.148088615,16.20504472,0
                102.148082752,16.205002297,0
                102.148081772,16.204974023,0
                102.148084574,16.2049453490001,0
                102.148084817,16.204928468,0
                102.148083182,16.204918875,0
                102.148077776,16.2049089610001,0
                102.148071157,16.2049030040001,0
                102.148063374,16.204897572,0
                102.148049812,16.204892063,0
                102.148041119,16.204891043,0
                102.148028867,16.2048908780001,0
                102.148012872,16.2048937340001,0
                102.147998857,16.204898331,0
                102.14798946,16.204903261,0
                102.147978264,16.204910152,0
                102.147958788,16.2049246990001,0
                102.147943262,16.2049378520001,0
                102.147925804,16.2049566690001,0
                102.147913566,16.204971673,0
                102.147898547,16.204997835,0
                102.147879845,16.20503361,0
                102.147864733,16.2050661810001,0
                102.147849438,16.2051007370001,0
                102.147841053,16.2051157930001,0
                102.147832303,16.205123982,0
                102.147820047,16.205129506,0
                102.147800855,16.205129608,0
                102.147785137,16.2051293970001,0
                102.147774998,16.2051270040001,0
                102.147766804,16.205123373,0
                102.147758729,16.205116854,0
                102.147749865,16.2051061710001,0
                102.147746218,16.205097273,0
                102.147744074,16.205085507,0
                102.147742475,16.20506815,0
                102.147746002,16.205047973,0
                102.147752227,16.205027833,0
                102.147763036,16.2050049540001,0
                102.147803165,16.204953034,0
                102.147819468,16.204928696,0
                102.147826942,16.204918143,0
                102.147829354,16.2049111320001,0
                102.147829751,16.2049049980001,0
                102.147828999,16.2048983060001,0
                102.147826156,16.204892488,0
                102.147794158,16.204866688,0
                102.147763344,16.204844334,0
                102.147722912,16.204815621,0
                102.147708766,16.2048078460001,0
                102.14769671,16.204804795,0
                102.147681968,16.2048063120001,0
                102.147665454,16.204813132,0
                102.147654963,16.204819222,0
                102.147642252,16.204829525,0
                102.147631249,16.204844366,0
                102.14762429,16.204856641,0
                102.147617867,16.2048746130001,0
                102.147614295,16.204897859,0
                102.147613118,16.204920687,0
                102.147611263,16.2049371840001,0
                102.14760887,16.204948168,0
                102.147605554,16.204953631,0
                102.147599686,16.2049597820001,0
                102.147593149,16.204964208,0
                102.147578771,16.204967174,0
                102.147559075,16.2049648340001,0
                102.147547629,16.2049622430001,0
                102.147523866,16.204953436,0
                102.147505046,16.204943793,0
                102.14748903,16.2049374380001,0
                102.14747743,16.204934844,0
                102.147464475,16.2049353030001,0
                102.14745843,16.2049376580001,0
                102.147453284,16.2049418340001,0
                102.14744686,16.20494906,0
                102.147442967,16.2049572240001,0
                102.147432006,16.2049851570001,0
                102.147422588,16.2050022760001,0
                102.147413744,16.205011728,0
                102.147404939,16.2050184720001,0
                102.147382152,16.2050327010001,0
                102.147365795,16.2050393440001,0
                102.147340279,16.20504514,0
                102.147298193,16.2050509850001,0
                102.147265666,16.205056687,0
                102.147241356,16.2050643970001,0
                102.147228699,16.205070909,0
                102.14722135,16.205078212,0
                102.147217852,16.2050856600001,0
                102.147216727,16.2050942220001,0
                102.147216562,16.2051055960001,0
                102.1472207,16.205123348,0
                102.147230914,16.2051473220001,0
                102.147244677,16.2051656560001,0
                102.14726683,16.2051846420001,0
                102.147299962,16.205206576,0
                102.147358231,16.205238239,0
                102.147391666,16.2052552110001,0
                102.147413917,16.2052674280001,0
                102.14743073,16.2052826410001,0
                102.147442298,16.205298236,0
                102.14744647,16.2053082240001,0
                102.147447422,16.205316995,0
                102.147446141,16.2053310630001,0
                102.147440862,16.205349772,0
                102.147433303,16.205360866,0
                102.147421404,16.205373708,0
                102.147407264,16.2053869700001,0
                102.147393204,16.205394637,0
                102.147380114,16.2053992470001,0
                102.147360286,16.205400696,0
                102.147323563,16.2053980360001,0
                102.147276783,16.205392621,0
                102.147247204,16.2053862650001,0
                102.147222201,16.2053778920001,0
                102.147195079,16.205361367,0
                102.147155115,16.2053322080001,0
                102.147123564,16.205307497,0
                102.147100145,16.205296167,0
                102.147070454,16.2052921550001,0
                102.147037794,16.205290995,0
                102.146972788,16.2052989700001,0
                102.146946792,16.205306024,0
                102.146922478,16.2053193310001,0
                102.146903449,16.2053349650001,0
                102.146890804,16.2053514090001,0
                102.14688289,16.2053711670001,0
                102.146882538,16.2053956300001,0
                102.146883383,16.205417219,0
                102.146893396,16.205455006,0
                102.146898301,16.205478365,0
                102.146897284,16.205500924,0
                102.146895167,16.205514078,0
                102.146885839,16.2055302950001,0
                102.146871944,16.2055426590001,0
                102.146845653,16.2055593700001,0
                102.146819988,16.2055702210001,0
                102.146717092,16.2056138020001,0
                102.146685921,16.205626926,0
                102.146676187,16.205633838,0
                102.146671464,16.205640816,0
                102.146669645,16.2056493690001,0
                102.146671566,16.2056604100001,0
                102.146677357,16.20567033,0
                102.146691123,16.205688482,0
                102.146717,16.2057218750001,0
                102.146726863,16.2057380790001,0
                102.146733868,16.205754606,0
                102.146735896,16.20576899,0
                102.146735413,16.2057811710001,0
                102.146729667,16.2058002360001,0
                102.146721642,16.2058115940001,0
                102.146693421,16.205839296,0
                102.146676303,16.205850712,0
                102.146646957,16.2058709040001,0
                102.146579636,16.205911171,0
                102.14656586,16.205915229,0
                102.146551146,16.205914761,0
                102.146537418,16.2059101520001,0
                102.146527612,16.20590072,0
                102.146515073,16.205888363,0
                102.146477395,16.2058449680001,0
                102.146453206,16.205822794,0
                102.146426293,16.2058025690001,0
                102.146402282,16.205789425,0
                102.146388719,16.205784006,0
                102.146373118,16.205780998,0
                102.146352299,16.2057817100001,0
                102.146338044,16.205786936,0
                102.146329716,16.2057926030001,0
                102.146320326,16.2058024990001,0
                102.146313465,16.205813241,0
                102.146299467,16.205837972,0
                102.146288562,16.2058674410001,0
                102.146276254,16.205897973,0
                102.146264906,16.205920754,0
                102.146254221,16.2059402040001,0
                102.14623759,16.205965893,0
                102.146219122,16.2059853260001,0
                102.146195559,16.205999999,0
                102.146169311,16.2060084940001,0
                102.146132447,16.2060209100001,0
                102.14610405,16.206028744,0
                102.146062558,16.2060468760001,0
                102.146037975,16.2060628880001,0
                102.146021577,16.2060776550001,0
                102.146016462,16.20608499,0
                102.146013269,16.2060926230001,0
                102.146011851,16.2061055140001,0
                102.146010598,16.2061496480001,0
                102.146006359,16.2061764970001,0
                102.146000085,16.206194651,0
                102.14599427,16.206207846,0
                102.145985941,16.20621893,0
                102.145972847,16.206234463,0
                102.145960309,16.206243414,0
                102.145942492,16.2062551830001,0
                102.145910561,16.2062729030001,0
                102.14589147,16.2062821260001,0
                102.145881983,16.206288047,0
                102.145875641,16.2062949150001,0
                102.14587368,16.206302652,0
                102.145876597,16.2063194850001,0
                102.145883452,16.2063412470001,0
                102.145899715,16.2063784850001,0
                102.145906669,16.2064040390001,0
                102.145908068,16.2064247340001,0
                102.145905512,16.2064469100001,0
                102.145896247,16.2064641210001,0
                102.145884826,16.2064758860001,0
                102.145869646,16.206481099,0
                102.145852755,16.2064819560001,0
                102.145838177,16.206477426,0
                102.145827677,16.206468075,0
                102.145811676,16.2064445660001,0
                102.14578165,16.206383578,0
                102.145763589,16.2063480320001,0
                102.145751496,16.2063315280001,0
                102.145742234,16.2063218330001,0
                102.145728004,16.206314508,0
                102.145709728,16.206309929,0
                102.145687515,16.206311074,0
                102.145669641,16.2063160700001,0
                102.14565564,16.206325002,0
                102.145642931,16.2063404510001,0
                102.145632888,16.206369028,0
                102.145628748,16.206410234,0
                102.145632388,16.20646256,0
                102.145634506,16.2064974410001,0
                102.145634565,16.206525431,0
                102.14563008,16.206542524,0
                102.145621339,16.206555409,0
                102.145605802,16.2065693760001,0
                102.145589567,16.2065782770001,0
                102.145562258,16.206585493,0
                102.145531051,16.206590401,0
                102.14548258,16.206595437,0
                102.145442625,16.206603026,0
                102.145417027,16.2066091830001,0
                102.145393729,16.2066161830001,0
                102.14536729,16.206621876,0
                102.145353863,16.2066229590001,0
                102.145339622,16.2066219550001,0
                102.145330245,16.206620114,0
                102.145321736,16.2066169290001,0
                102.145313438,16.2066098660001,0
                102.145306941,16.2066007500001,0
                102.145302205,16.20659247,0
                102.14529905,16.206581413,0
                102.145296889,16.2065655820001,0
                102.145297924,16.2065365240001,0
                102.145299398,16.2065145130001,0
                102.145303135,16.206474385,0
                102.145306934,16.206408616,0
                102.145307116,16.2063959770001,0
                102.145305576,16.206385213,0
                102.145300181,16.2063744860001,0
                102.145293351,16.2063670800001,0
                102.145285936,16.206362918,0
                102.14527848,16.206361644,0
                102.145269993,16.2063622520001,0
                102.145262867,16.206364685,0
                102.145253435,16.2063720510001,0
                102.145238917,16.2063847680001,0
                102.145221074,16.2063983410001,0
                102.145198663,16.2064133000001,0
                102.145180257,16.206422983,0
                102.145166563,16.206426681,0
                102.145153457,16.206427047,0
                102.145142207,16.206426896,0
                102.145135065,16.206425084,0
                102.14513056,16.2064222240001,0
                102.145126069,16.206418372,0
                102.145122588,16.2064138100001,0
                102.145117154,16.2064058820001,0
                102.145107892,16.206385443,0
                102.145088496,16.2063409400001,0
                102.145082212,16.2063330020001,0
                102.145077191,16.20632851,0
                102.14506795,16.2063226970001,0
                102.145050165,16.2063160480001,0
                102.145036038,16.206312337,0
                102.144952326,16.206297486,0
                102.144906758,16.2062935330001,0
                102.144819858,16.2062858640001,0
                102.144786393,16.206287038,0
                102.144770015,16.2062897980001,0
                102.144756758,16.206295218,0
                102.1447492,16.2063009840001,0
                102.144742943,16.206307311,0
                102.14473665,16.206316164,0
                102.14473208,16.206328383,0
                102.144729581,16.2063414410001,0
                102.144728965,16.206357504,0
                102.144730269,16.2063739550001,0
                102.144733497,16.2063905200001,0
                102.144738422,16.2064017820001,0
                102.144744452,16.2064112530001,0
                102.144752506,16.2064192170001,0
                102.144761672,16.2064249380001,0
                102.144779021,16.206429686,0
                102.144807944,16.206433415,0
                102.144832832,16.20643375,0
                102.144846764,16.206434931,0
                102.144852922,16.206435556,0
                102.144859593,16.2064379020001,0
                102.144866937,16.2064417030001,0
                102.144872269,16.2064460180001,0
                102.144876438,16.206450859,0
                102.144881335,16.20645869,0
                102.144910177,16.206510903,0
                102.14492896,16.206555216,0
                102.144933715,16.206572887,0
                102.144934859,16.206584369,0
                102.1449324,16.206594538,0
                102.14492683,16.2066014160001,0
                102.144920293,16.206605842,0
                102.144912926,16.2066089950001,0
                102.144902743,16.20660967,0
                102.14489381,16.2066091890001,0
                102.144877204,16.206606347,0
                102.144831537,16.2065932720001,0
                102.144784554,16.206580542,0
                102.144748928,16.2065713050001,0
                102.144722755,16.206569147,0
                102.144703535,16.2065712360001,0
                102.144691614,16.206574867,0
                102.14467924,16.206583279,0
                102.144665241,16.206597356,0
                102.144624512,16.2066320210001,0
                102.144588,16.2066628600001,0
                102.144559281,16.2066876650001,0
                102.144551286,16.206696946,0
                102.144547391,16.2067052,0
                102.144547224,16.2067168450001,0
                102.144549651,16.2067302410001,0
                102.144562158,16.206771491,0
                102.144565476,16.206792573,0
                102.144564373,16.2068050180001,0
                102.144558918,16.2068144240001,0
                102.14454899,16.206824222,0
                102.144540415,16.2068309690001,0
                102.144483766,16.2068686710001,0
                102.144455748,16.206882288,0
                102.14444792,16.2068854340001,0
                102.144439422,16.2068867630001,0
                102.14443065,16.2068858330001,0
                102.144420693,16.206881545,0
                102.14437526,16.2068575500001,0
                102.144332699,16.206837475,0
                102.144306814,16.2068261110001,0
                102.144277046,16.2068167730001,0
                102.144247255,16.206809058,0
                102.144205482,16.206803801,0
                102.144174492,16.206804377,0
                102.144126482,16.2068095110001,0
                102.144093781,16.2068164730001,0
                102.144072502,16.2068224170001,0
                102.14405442,16.2068311130001,0
                102.144042325,16.2068414230001,0
                102.144035722,16.2068504530001,0
                102.144029416,16.20686012,0
                102.144025722,16.206870543,0
                102.144024468,16.206882626,0
                102.144025986,16.206905579,0
                102.144030355,16.2069233350001,0
                102.144041469,16.2069542720001,0
                102.144052005,16.2069719300001,0
                102.144065829,16.2069859310001,0
                102.144075736,16.2069937380001,0
                102.144084322,16.2069969240001,0
                102.144097939,16.2069985520001,0
                102.144116299,16.2069973540001,0
                102.144137014,16.2069931190001,0
                102.144157719,16.2069842770001,0
                102.14417928,16.2069748170001,0
                102.144203457,16.2069656620001,0
                102.144216996,16.2069621410001,0
                102.144231713,16.206962339,0
                102.144244779,16.2069648630001,0
                102.144257789,16.2069711780001,0
                102.144269137,16.206980539,0
                102.144277298,16.206991755,0
                102.144283882,16.2070055680001,0
                102.144286819,16.207021046,0
                102.144286202,16.2070371090001,0
                102.144285129,16.207052805,0
                102.144279595,16.2070784640001,0
                102.144275013,16.2070915840001,0
                102.144268529,16.2071029630001,0
                102.144262147,16.2071126280001,0
                102.144255033,16.207119575,0
                102.144242343,16.2071285230001,0
                102.144227923,16.207134378,0
                102.144210787,16.2071362250001,0
                102.144194077,16.2071352780001,0
                102.144167245,16.2071308540001,0
                102.144123243,16.207119789,0
                102.144095641,16.207115263,0
                102.144073604,16.2071149670001,0
                102.144054144,16.2071175940001,0
                102.144039968,16.2071226410001,0
                102.14403318,16.207128418,0
                102.144028533,16.207135308,0
                102.144025722,16.207143215,0
                102.144024938,16.207154852,0
                102.144025927,16.2071718390001,0
                102.144031814,16.207196477,0
                102.144041875,16.207231012,0
                102.144048897,16.2072571100001,0
                102.144050653,16.2072742890001,0
                102.144049682,16.20728827,0
                102.144045004,16.207297327,0
                102.144037816,16.207304091,0
                102.144025804,16.2073087150001,0
                102.144010436,16.207310856,0
                102.143987227,16.207311718,0
                102.143967813,16.207311095,0
                102.143959528,16.207308546,0
                102.143952953,16.2073047550001,0
                102.143948944,16.2072995560001,0
                102.143945748,16.2072913860001,0
                102.143935992,16.207257036,0
                102.143929761,16.207245576,0
                102.143921894,16.207235267,0
                102.143914596,16.207228307,0
                102.143897515,16.207215708,0
                102.143842279,16.2071766830001,0
                102.14382885,16.207167381,0
                102.143820426,16.2071635670001,0
                102.143809821,16.207161527,0
                102.143799087,16.2071630090001,0
                102.143790234,16.207167584,0
                102.143782214,16.207173346,0
                102.143768393,16.2071858,0
                102.143751169,16.2072044390001,0
                102.143743487,16.2072187810001,0
                102.143740711,16.2072295790001,0
                102.143737863,16.207245431,0
                102.143737628,16.20726168,0
                102.143737972,16.2072858820001,0
                102.143737499,16.2073401390001,0
                102.143735463,16.2073798390001,0
                102.143731337,16.207420143,0
                102.143726431,16.2074343420001,0
                102.143717372,16.207447944,0
                102.143706542,16.2074614320001,0
                102.143673046,16.2074968250001,0
                102.143653707,16.207512546,0
                102.143631664,16.207528682,0
                102.143608557,16.2075438110001,0
                102.143584652,16.207555407,0
                102.14355962,16.207565092,0
                102.14353376,16.207573322,0
                102.143509511,16.207582024,0
                102.143495759,16.207589784,0
                102.143488675,16.207599982,0
                102.143486298,16.207609882,0
                102.143486118,16.2076223400001,0
                102.143488056,16.2076429520001,0
                102.143490635,16.2076565290001,0
                102.14349589,16.207671588,0
                102.143504284,16.2076934610001,0
                102.143509964,16.207711053,0
                102.143510585,16.2077214450001,0
                102.143508976,16.207731444,0
                102.143504923,16.2077399670001,0
                102.143497101,16.207747898,0
                102.143485933,16.2077528030001,0
                102.143469517,16.20775818,0
                102.14343027,16.2077702030001,0
                102.143390294,16.207784652,0
                102.14336918,16.207795112,0
                102.143344559,16.207808325,0
                102.143310632,16.2078308920001,0
                102.143287349,16.2078474620001,0
                102.143267507,16.2078660660001,0
                102.143255406,16.2078821540001,0
                102.143243239,16.2079028470001,0
                102.143227048,16.2079354040001,0
                102.14321549,16.207967211,0
                102.143205107,16.208008604,0
                102.143183617,16.208087859,0
                102.143147518,16.208239689,0
                102.143136526,16.208307168,0
                102.143130154,16.2083322720001,0
                102.143121205,16.2083489460001,0
                102.143095116,16.2083944610001,0
                102.143070362,16.208438189,0
                102.143058502,16.2084696310001,0
                102.143045885,16.208510812,0
                102.143023038,16.2085828260001,0
                102.143012587,16.208639476,0
                102.14300478,16.208683794,0
                102.142998134,16.2087172010001,0
                102.142993238,16.208741423,0
                102.142994359,16.2087705110001,0
                102.142997691,16.208785273,0
                102.143004133,16.20879818,0
                102.143014659,16.208811143,0
                102.143033254,16.208831076,0
                102.143071099,16.208862825,0
                102.14308393,16.2088762700001,0
                102.143089724,16.2088860100001,0
                102.143093016,16.2089035700001,0
                102.143090858,16.208914195,0
                102.143085982,16.2089263180001,0
                102.143060951,16.208962639,0
                102.143027849,16.209018804,0
                102.142984934,16.20908215,0
                102.142969241,16.2091014420001,0
                102.142955777,16.2091104690001,0
                102.142932775,16.209118376,0
                102.142909874,16.209119151,0
                102.142893378,16.2091193800001,0
                102.142867281,16.209122641,0
                102.142851327,16.209128025,0
                102.142839435,16.209134997,0
                102.142830632,16.209141559,0
                102.142823532,16.2091528400001,0
                102.142820694,16.2091679700001,0
                102.142818484,16.209198368,0
                102.142819009,16.209226094,0
                102.142820842,16.209237946,0
                102.142825512,16.209250739,0
                102.142839583,16.209274314,0
                102.142848415,16.2092872540001,0
                102.142852804,16.209298238,0
                102.142851886,16.209308428,0
                102.142848406,16.209314611,0
                102.142841904,16.2093218380001,0
                102.142828911,16.2093304200001,0
                102.142815282,16.209334932,0
                102.142802397,16.209335841,0
                102.142787685,16.209335283,0
                102.142770023,16.209330892,0
                102.142757712,16.209324135,0
                102.142722841,16.209299919,0
                102.142708402,16.209291057,0
                102.142693094,16.2092838090001,0
                102.14267612,16.209279698,0
                102.142657288,16.20928152,0
                102.142641015,16.209287712,0
                102.142632852,16.209297985,0
                102.142627726,16.20931137,0
                102.142626571,16.209327334,0
                102.142627733,16.2093428800001,0
                102.142632459,16.2093572100001,0
                102.142640754,16.209369961,0
                102.1426632,16.209390037,0
                102.142678824,16.2094021660001,0
                102.142688557,16.2094113250001,0
                102.142692894,16.2094205020001,0
                102.142696189,16.209432464,0
                102.142695529,16.2094462700001,0
                102.142692289,16.209462478,0
                102.142681493,16.209489601,0
                102.142653078,16.2095360770001,0
                102.142638603,16.2095564680001,0
                102.142627246,16.2095637190001,0
                102.14260716,16.209567061,0
                102.142588371,16.209565995,0
                102.142570551,16.209561873,0
                102.142553693,16.2095550540001,0
                102.142537045,16.209544447,0
                102.142526014,16.209534456,0
                102.142516313,16.20952304,0
                102.142498967,16.209496713,0
                102.142451299,16.209387184,0
                102.142428238,16.2093243940001,0
                102.142418233,16.209301958,0
                102.142414232,16.209296126,0
                102.142407743,16.209291885,0
                102.142397377,16.209289217,0
                102.142387895,16.2092893600001,0
                102.142375519,16.209292535,0
                102.142367145,16.209296034,0
                102.142354638,16.209302817,0
                102.142337507,16.2093150470001,0
                102.142297211,16.209346285,0
                102.142263927,16.209377709,0
                102.142245791,16.2093954320001,0
                102.142232322,16.209415565,0
                102.142225967,16.209428663,0
                102.142221985,16.2094482910001,0
                102.142220936,16.209478253,0
                102.142220384,16.209516529,0
                102.142219015,16.2095686970001,0
                102.142219296,16.209591995,0
                102.142217442,16.2096083120001,0
                102.142212924,16.2096170090001,0
                102.142208069,16.2096223610001,0
                102.14219713,16.2096272700001,0
                102.142182388,16.209628787,0
                102.142165905,16.2096281140001,0
                102.142142908,16.2096249140001,0
                102.142120422,16.209618291,0
                102.142101801,16.209610909,0
                102.142079346,16.2095967010001,0
                102.142061632,16.20957994,0
                102.142040419,16.2095544650001,0
                102.142022063,16.2095340820001,0
                102.142002325,16.2095132310001,0
                102.141990497,16.2095050350001,0
                102.141977706,16.2094995360001,0
                102.141959771,16.2094980310001,0
                102.14194779,16.2095004880001,0
                102.141933991,16.209506081,0
                102.14192601,16.20951437,0
                102.141916174,16.209528413,0
                102.141910499,16.2095425110001,0
                102.141902029,16.209568672,0
                102.14189693,16.209590905,0
                102.141886466,16.2096431310001,0
                102.141873667,16.2096916240001,0
                102.14186588,16.209707861,0
                102.141855114,16.2097168350001,0
                102.141844969,16.20972031,0
                102.141823615,16.209720654,0
                102.141800483,16.2097161,0
                102.14175807,16.2097017140001,0
                102.141731981,16.209693869,0
                102.141715688,16.20969067,0
                102.141698038,16.209690703,0
                102.141689149,16.2096925700001,0
                102.141680197,16.20969868,0
                102.141675334,16.2097045730001,0
                102.141671141,16.209712101,0
                102.141668302,16.209721904,0
                102.14166702,16.209735971,0
                102.141669256,16.20975722,0
                102.141676373,16.209787471,0
                102.141685951,16.2098234440001,0
                102.141688534,16.209841989,0
                102.141688113,16.209849929,0
                102.141684109,16.209860258,0
                102.141676708,16.209871084,0
                102.141660676,16.20988721,0
                102.141642517,16.2099012300001,0
                102.141631003,16.2099087500001,0
                102.141617137,16.2099136200001,0
                102.141600527,16.209916375,0
                102.141584731,16.2099161620001,0
                102.141566137,16.20991221,0
                102.141548461,16.2099087230001,0
                102.141519141,16.2099057090001,0
                102.141500109,16.209905452,0
                102.141468167,16.2099079110001,0
                102.141428662,16.209916408,0
                102.141392797,16.209929018,0
                102.141382371,16.209935828,0
                102.141374391,16.2099440280001,0
                102.1413708,16.2099525560001,0
                102.141371666,16.2099727030001,0
                102.14137182,16.209988686,0
                102.141368939,16.210001377,0
                102.141362636,16.2100109530001,0
                102.14135524,16.2100160910001,0
                102.141342358,16.210022238,0
                102.141271892,16.2100399780001,0
                102.141245484,16.210048742,0
                102.141227673,16.2100600580001,0
                102.141214426,16.2100755000001,0
                102.14120585,16.2100929010001,0
                102.141198482,16.210106796,0
                102.141190382,16.210128807,0
                102.141182832,16.2101445960001,0
                102.141178094,16.2101524780001,0
                102.141170646,16.210161226,0
                102.141158627,16.210171627,0
                102.141149368,16.210177733,0
                102.14113422,16.2101805990001,0
                102.141103078,16.2101810820001,0
                102.14107295,16.2101806750001,0
                102.140939118,16.2101726440001,0
                102.140866915,16.2101665230001,0
                102.140809842,16.2101641300001,0
                102.140787931,16.2101656400001,0
                102.140767801,16.210172051,0
                102.140756446,16.2101791210001,0
                102.14074247,16.210191664,0
                102.140729745,16.2102083770001,0
                102.140718666,16.2102390150001,0
                102.140707406,16.210282292,0
                102.140698908,16.210326418,0
                102.140696783,16.2103615130001,0
                102.140699346,16.210376173,0
                102.140706957,16.2103881940001,0
                102.140716999,16.2103972680001,0
                102.14072899,16.210404833,0
                102.140748724,16.210409794,0
                102.140768638,16.210413132,0
                102.140797025,16.2104114370001,0
                102.140824384,16.210406118,0
                102.140857254,16.2103927480001,0
                102.140874896,16.210387929,0
                102.14089253,16.2103888880001,0
                102.140902181,16.210392992,0
                102.140909953,16.2103992360001,0
                102.140919234,16.210407667,0
                102.140927249,16.2104183380001,0
                102.140935188,16.2104450800001,0
                102.140940894,16.210471522,0
                102.140943758,16.210481402,0
                102.140948834,16.2104874290001,0
                102.140956245,16.2104918630001,0
                102.140965306,16.210494152,0
                102.140975713,16.210494022,0
                102.140988079,16.2104916600001,0
                102.141016121,16.210481745,0
                102.141075334,16.2104533790001,0
                102.141098121,16.2104444770001,0
                102.141115811,16.2104416440001,0
                102.141135035,16.210444613,0
                102.141146652,16.210451361,0
                102.141154952,16.210458424,0
                102.141160826,16.210467894,0
                102.14116428,16.2104795870001,0
                102.141168118,16.210496704,0
                102.141168156,16.21052072,0
                102.141169407,16.2105461990001,0
                102.141171034,16.210556243,0
                102.141174634,16.210563243,0
                102.141177749,16.210566264,0
                102.141181873,16.210568939,0
                102.141189854,16.2105713030001,0
                102.141203569,16.210571488,0
                102.141217843,16.2105704150001,0
                102.141232293,16.210567812,0
                102.141249257,16.2105618100001,0
                102.141266551,16.210554368,0
                102.141308336,16.2105320900001,0
                102.141345297,16.2105129940001,0
                102.141364354,16.210506208,0
                102.141378176,16.2105043180001,0
                102.141393719,16.2105061520001,0
                102.141407013,16.2105088600001,0
                102.141420704,16.210516087,0
                102.141432195,16.2105262640001,0
                102.141440626,16.2105401000001,0
                102.141445656,16.2105547960001,0
                102.141447988,16.210569363,0
                102.141447364,16.210585967,0
                102.141443187,16.210603066,0
                102.141433974,16.2106219030001,0
                102.141424554,16.210639112,0
                102.141410273,16.210651469,0
                102.14139283,16.210658547,0
                102.141364036,16.2106617700001,0
                102.141331588,16.210661875,0
                102.14129569,16.2106661770001,0
                102.141281299,16.2106699560001,0
                102.141272406,16.21067742,0
                102.141266696,16.21068854,0
                102.141265527,16.210705497,0
                102.141265167,16.210730503,0
                102.141261189,16.210781823,0
                102.141248075,16.2108627260001,0
                102.141235417,16.2109121230001,0
                102.141216415,16.210957825,0
                102.141187974,16.211022088,0
                102.141158813,16.211077403,0
                102.141119633,16.211132854,0
                102.141099131,16.211154337,0
                102.141080502,16.211163476,0
                102.141058685,16.211163904,0
                102.141029823,16.211155751,0
                102.141007267,16.2111433490001,0
                102.140990194,16.2111302070001,0
                102.140972412,16.211112633,0
                102.140959085,16.211096201,0
                102.140950601,16.2110806470001,0
                102.140946055,16.211059188,0
                102.140946016,16.2110298440001,0
                102.140941254,16.211007388,0
                102.140934319,16.2109913140001,0
                102.140927591,16.210982195,0
                102.140920021,16.210978029,0
                102.140901818,16.2109737210001,0
                102.140881884,16.210971736,0
                102.140868281,16.2109744430001,0
                102.140848592,16.210982394,0
                102.140831497,16.210992006,0
                102.140792093,16.2110148580001,0
                102.140726571,16.211058488,0
                102.140673748,16.2110978650001,0
                102.140650008,16.211119485,0
                102.140637854,16.211133857,0
                102.14063087,16.2111478480001,0
                102.1406222,16.211177166,0
                102.140618233,16.2112011290001,0
                102.140612335,16.211214593,0
                102.140604445,16.2112219800001,0
                102.140591377,16.211230292,0
                102.140575214,16.2112340460001,0
                102.14054383,16.211240576,0
                102.140496363,16.211245353,0
                102.140441759,16.2112480480001,0
                102.140404139,16.2112487150001,0
                102.140371911,16.2112549620001,0
                102.140341634,16.211270174,0
                102.140306416,16.211291278,0
                102.140271228,16.211310397,0
                102.140241675,16.2113234510001,0
                102.140222007,16.2113298680001,0
                102.140198205,16.211334332,0
                102.140175176,16.211333299,0
                102.140140637,16.2113287720001,0
                102.140103299,16.211320593,0
                102.140041459,16.2113013420001,0
                102.140010788,16.2112924680001,0
                102.139736571,16.2112532620001,0
                102.139711958,16.211247788,0
                102.139690083,16.2112376220001,0
                102.139675417,16.211225601,0
                102.139662381,16.211202191,0
                102.13965747,16.211177788,0
                102.139656234,16.211156827,0
                102.139657779,16.211140195,0
                102.139673759,16.211107,0
                102.139771967,16.2109811600001,0
                102.139777966,16.2109600910001,0
                102.139779388,16.210935594,0
                102.139776397,16.2109181550001,0
                102.13976798,16.210900797,0
                102.139754232,16.210889636,0
                102.139738745,16.2108828730001,0
                102.139711595,16.210882401,0
                102.139675429,16.21088381,0
                102.139636605,16.210888755,0
                102.139566599,16.2109030010001,0
                102.139307939,16.210979213,0
                102.139202006,16.211010426,0
                102.139122616,16.2110197980001,0
                102.139111702,16.2110210860001,0
                102.138923866,16.211033335,0
                102.138885069,16.2110400280001,0
                102.138855359,16.2110492090001,0
                102.138836572,16.2110625990001,0
                102.138824143,16.2110776430001,0
                102.138805564,16.2111041430001,0
                102.138770094,16.2111867020001,0
                102.138662532,16.211354994,0
                102.13865143,16.2113686660001,0
                102.138635306,16.2113768290001,0
                102.138619033,16.2113796360001,0
                102.138600025,16.211379042,0
                102.138580029,16.2113732190001,0
                102.138559093,16.2113625270001,0
                102.138464287,16.2112630400001,0
                102.138445127,16.211252834,0
                102.138419704,16.2112470910001,0
                102.138383413,16.211240634,0
                102.138320166,16.211238231,0
                102.138260343,16.2112389590001,0
                102.138226069,16.211245584,0
                102.138207199,16.2112537310001,0
                102.138188413,16.2112671200001,0
                102.138162685,16.2113030720001,0
                102.138086698,16.2114798540001,0
                102.138071273,16.211502038,0
                102.138045795,16.211521105,0
                102.138002266,16.2115360490001,0
                102.137930738,16.2115418550001,0
                102.137847223,16.211539826,0
                102.137664122,16.2115333840001,0
                102.137625435,16.211533224,0
                102.137593798,16.2115357770001,0
                102.137521397,16.211560707,0
                102.137318788,16.211630472,0
                102.137280365,16.2116455010001,0
                102.136998105,16.211755898,0
                102.136951576,16.2117757670001,0
                102.136910773,16.211799323,0
                102.136891214,16.211819555,0
                102.13687734,16.211846274,0
                102.136855354,16.21190647,0
                102.136836646,16.211947659,0
                102.136813203,16.211980569,0
                102.136780266,16.212019851,0
                102.136759825,16.2120370910001,0
                102.13672997,16.2120497810001,0
                102.136695397,16.212058343,0
                102.136656916,16.21205981,0
                102.136623749,16.212056293,0
                102.136593627,16.212050198,0
                102.136568883,16.2120397520001,0
                102.136557063,16.212031106,0
                102.13654874,16.2120204300001,0
                102.136542937,16.212005995,0
                102.136515984,16.2119245530001,0
                102.136503813,16.2118920660001,0
                102.136488009,16.211860432,0
                102.136473575,16.2118406450001,0
                102.136445589,16.211809298,0
                102.13643055,16.211799344,0
                102.136406385,16.211786289,0
                102.136381147,16.211778092,0
                102.136353245,16.211778257,0
                102.136335914,16.2117828990001,0
                102.136322639,16.2117895820001,0
                102.136306463,16.211804983,0
                102.136296681,16.2118205620001,0
                102.136289705,16.2118393380001,0
                102.136287196,16.2118582640001,0
                102.136288016,16.2118814790001,0
                102.136288117,16.211911818,0
                102.136285241,16.2119561110001,0
                102.136282139,16.211984149,0
                102.136276553,16.2120027620001,0
                102.136270367,16.212014777,0
                102.136259796,16.212026372,0
                102.136251442,16.2120337540001,0
                102.136234339,16.212043996,0
                102.136173909,16.212065753,0
                102.13613464,16.2120792170001,0
                102.136092354,16.212093453,0
                102.136018596,16.212120267,0
                102.135967633,16.2121429640001,0
                102.135930005,16.212160152,0
                102.135864202,16.2121911360001,0
                102.135834691,16.2122013010001,0
                102.135810474,16.2122024190001,0
                102.135785539,16.212200006,0
                102.135770136,16.212193929,0
                102.135755371,16.2121863260001,0
                102.135726971,16.2121677050001,0
                102.135684027,16.2121421160001,0
                102.135665429,16.2121331070001,0
                102.135643715,16.2121264030001,0
                102.135619415,16.212122644,0
                102.135584958,16.2121231730001,0
                102.135566219,16.212123913,0
                102.135546948,16.2121295220001,0
                102.135513557,16.2121415300001,0
                102.135486282,16.2121569620001,0
                102.135460335,16.212176566,0
                102.135445879,16.2121901840001,0
                102.135402644,16.2122327600001,0
                102.135370911,16.21226339,0
                102.135343601,16.212286496,0
                102.135274081,16.212329347,0
                102.135226729,16.212352814,0
                102.135172649,16.2123724900001,0
                102.135118652,16.2123865680001,0
                102.135048397,16.2123949190001,0
                102.134993702,16.212393188,0
                102.134915997,16.2123838310001,0
                102.134835846,16.212367763,0
                102.134760205,16.212343536,0
                102.134712805,16.212322311,0
                102.134683376,16.212305481,0
                102.134626644,16.212268781,0
                102.134543596,16.2122024720001,0
                102.134486365,16.212152401,0
                102.134458899,16.2121277430001,0
                102.134450059,16.212120762,0
                102.134440648,16.2121160300001,0
                102.134429416,16.212114704,0
                102.134419467,16.212115112,0
                102.134410639,16.212118063,0
                102.134404341,16.21212186,0
                102.134393979,16.2121295750001,0
                102.134368132,16.2121475540001,0
                102.134188804,16.212263862,0
                102.134111143,16.212315361,0
                102.134053059,16.2123454540001,0
                102.134011528,16.212360694,0
                102.133990041,16.2123650090001,0
                102.133962975,16.2123713240001,0
                102.133932538,16.212370913,0
                102.133891499,16.2123681910001,0
                102.133865704,16.212361253,0
                102.133832244,16.212346084,0
                102.133803474,16.21233161,0
                102.133747929,16.212298177,0
                102.133716819,16.2122856570001,0
                102.133675139,16.212273989,0
                102.133602949,16.212272292,0
                102.133544551,16.21227078,0
                102.133513458,16.2122731600001,0
                102.133493159,16.2122805590001,0
                102.133474875,16.2122977380001,0
                102.133457936,16.212323242,0
                102.133446726,16.212341689,0
                102.133427375,16.212363458,0
                102.13341398,16.2123730280001,0
                102.13339734,16.2123831870001,0
                102.133369912,16.2123932000001,0
                102.133344252,16.2123982700001,0
                102.133316743,16.2123978980001,0
                102.133292369,16.2123939570001,0
                102.133261936,16.2123826210001,0
                102.133233191,16.2123665230001,0
                102.133203843,16.212349514,0
                102.133169571,16.2123318050001,0
                102.133153013,16.212325623,0
                102.133125317,16.2123222700001,0
                102.13310309,16.2123244060001,0
                102.133069682,16.2123322630001,0
                102.133042985,16.212344994,0
                102.133030887,16.2123554840001,0
                102.133021022,16.2123715120001,0
                102.133008686,16.2123985220001,0
                102.132995648,16.212431301,0
                102.132974554,16.212477694,0
                102.132958206,16.2125049220001,0
                102.132941383,16.2125277170001,0
                102.132924943,16.2125506990001,0
                102.13291263,16.21256543,0
                102.132896465,16.212580019,0
                102.13288315,16.2125894100001,0
                102.132865998,16.212597665,0
                102.132848915,16.212601136,0
                102.132832266,16.212601362,0
                102.132821743,16.2125988720001,0
                102.132814401,16.212594892,0
                102.132810384,16.2125902330001,0
                102.132807419,16.212582066,0
                102.132805591,16.2125699430001,0
                102.132805946,16.2125453900001,0
                102.132803738,16.2124903750001,0
                102.132801683,16.2124459250001,0
                102.132797376,16.212424017,0
                102.132789259,16.212409732,0
                102.132778106,16.2123974830001,0
                102.13277017,16.212392139,0
                102.132763971,16.212389076,0
                102.132753682,16.212386409,0
                102.132738283,16.2123853890001,0
                102.132729004,16.212387429,0
                102.132719229,16.212391902,0
                102.132713616,16.212396341,0
                102.132709689,16.2124014350001,0
                102.132704794,16.212409494,0
                102.132693974,16.212432823,0
                102.13268458,16.212464206,0
                102.132674175,16.2125015340001,0
                102.132666815,16.212514888,0
                102.132659054,16.212523903,0
                102.132648203,16.21252809,0
                102.132631104,16.212527408,0
                102.132617213,16.2125233370001,0
                102.132606994,16.212515796,0
                102.132596402,16.2125022000001,0
                102.132589969,16.212488751,0
                102.13258479,16.2124737820001,0
                102.132582279,16.212455511,0
                102.132579834,16.212427489,0
                102.132575749,16.212406124,0
                102.132571401,16.21239776,0
                102.132564336,16.2123907120001,0
                102.132553799,16.212383888,0
                102.132540144,16.2123794610001,0
                102.132525369,16.212377523,0
                102.132478759,16.212371408,0
                102.132423716,16.2123671430001,0
                102.132381882,16.212366036,0
                102.13234059,16.2123701730001,0
                102.132312604,16.212376206,0
                102.13229615,16.2123842,0
                102.132286271,16.212395714,0
                102.132275565,16.212421932,0
                102.132232648,16.2125223850001,0
                102.132188265,16.212616751,0
                102.132187879,16.212617574,0
                102.132187372,16.212618204,0
                102.132153975,16.2126597330001,0
                102.132133626,16.212676845,0
                102.132123859,16.212685057,0
                102.132117901,16.2126865700001,0
                102.132070175,16.2126986870001,0
                102.132003347,16.2126992290001,0
                102.131920272,16.212688085,0
                102.131816346,16.212685234,0
                102.131710149,16.2126848830001,0
                102.131650271,16.212689853,0
                102.131601279,16.21269876,0
                102.131532295,16.212715254,0
                102.131476152,16.2127337260001,0
                102.131418039,16.2127551520001,0
                102.131389754,16.2127711110001,0
                102.131362563,16.212791329,0
                102.131346545,16.2128064610001,0
                102.131320703,16.2128346430001,0
                102.131288477,16.212867343,0
                102.131247257,16.2129037130001,0
                102.131204892,16.2129341090001,0
                102.131157655,16.212954869,0
                102.131104538,16.2129612840001,0
                102.131044092,16.2129629040001,0
                102.130904768,16.212956235,0
                102.130735466,16.2129547590001,0
                102.1305999,16.2129653850001,0
                102.13050721,16.2129848980001,0
                102.130418956,16.2129961640001,0
                102.13032444,16.2129928100001,0
                102.130223859,16.2129665300001,0
                102.130076322,16.212909731,0
                102.129987897,16.2128795520001,0
                102.129882837,16.212859171,0
                102.129791108,16.2128550410001,0
                102.12969909,16.212865444,0
                102.129527229,16.212886322,0
                102.129413034,16.2129059960001,0
                102.129284759,16.21291347,0
                102.129137628,16.2129137370001,0
                102.128900861,16.212903671,0
                102.128774368,16.212894466,0
                102.128603811,16.2128945960001,0
                102.128528654,16.212906128,0
                102.128460854,16.212952522,0
                102.128408137,16.2130216910001,0
                102.128346849,16.2131505150001,0
                102.128270644,16.213340712,0
                102.128235797,16.2135062790001,0
                102.128216453,16.2137189150001,0
                102.128173921,16.21392546,0
                102.128136772,16.2140531650001,0
                102.128111631,16.2140861410001,0
                102.128076775,16.2141141990001,0
                102.128016121,16.2141300810001,0
                102.127955649,16.214138744,0
                102.127820229,16.2141817840001,0
                102.127716732,16.214260919,0
                102.127632431,16.2143183750001,0
                102.127513331,16.2144265520001,0
                102.127390854,16.2145017280001,0
                102.127295704,16.214526081,0
                102.127098519,16.2145234110001,0
                102.126916834,16.2144989220001,0
                102.126398147,16.214440704,0
                102.125920593,16.214415909,0
                102.125439444,16.214383839,0
                102.124628587,16.214314889,0
                102.124280935,16.214319387,0
                102.123656287,16.2142977390001,0
                102.123270805,16.2143332320001,0
                102.122866712,16.2143713620001,0
                102.122843074,16.214380523,0
                102.110573592,16.213162858,0
                102.110573174,16.21311008,0
                102.11056206,16.2130674060001,0
                102.110543386,16.213040219,0
                102.110496967,16.2130041520001,0
                102.110419809,16.2129634130001,0
                102.110409602,16.212956863,0
                102.110346785,16.2129254390001,0
                102.110275684,16.2128793960001,0
                102.11014541,16.212707724,0
                102.109882236,16.212298466,0
                102.109798301,16.21214823,0
                102.109790176,16.212077445,0
                102.109793753,16.2120273350001,0
                102.109837803,16.2118321410001,0
                102.109901531,16.211568561,0
                102.109972433,16.2112674270001,0
                102.109996233,16.2111416220001,0
                102.110003124,16.211097115,0
                102.110002531,16.211084918,0
                102.109997493,16.2110763630001,0
                102.109988583,16.211069018,0
                102.109980855,16.2110652110001,0
                102.109968033,16.2110617870001,0
                102.109949824,16.211063344,0
                102.109933498,16.2110677260001,0
                102.109900837,16.2110819930001,0
                102.1097967,16.211122012,0
                102.109773792,16.211127802,0
                102.109738005,16.211128468,0
                102.109704292,16.211126591,0
                102.109659029,16.2111118,0
                102.10961542,16.2110842750001,0
                102.109550162,16.2110323580001,0
                102.109532914,16.211008027,0
                102.109524383,16.210989484,0
                102.109524941,16.2109512210001,0
                102.109532729,16.2109201430001,0
                102.109546883,16.210882111,0
                102.10955336,16.210874844,0
                102.109570998,16.210859736,0
                102.109595561,16.2108453540001,0
                102.109616655,16.2108363410001,0
                102.109658456,16.2108289660001,0
                102.109706326,16.2108230270001,0
                102.109753577,16.210811843,0
                102.109784379,16.2108030530001,0
                102.109814005,16.210784948,0
                102.109837689,16.210762156,0
                102.109856508,16.210734786,0
                102.109868177,16.2107009960001,0
                102.10987052,16.2106618440001,0
                102.109867645,16.2106158510001,0
                102.109858596,16.210570584,0
                102.109843097,16.210534167,0
                102.1098252,16.210508824,0
                102.109803658,16.2104852370001,0
                102.109777998,16.210463851,0
                102.10974805,16.2104458370001,0
                102.109719458,16.210435245,0
                102.109670301,16.2104291590001,0
                102.109638016,16.210428719,0
                102.109542836,16.210434105,0
                102.109402793,16.210441405,0
                102.109383079,16.2104446550001,0
                102.10930435,16.210448394,0
                102.109295857,16.210448797,0
                102.109263395,16.210450339,0
                102.109228754,16.210438165,0
                102.109209269,16.2104247350001,0
                102.10918699,16.2103951760001,0
                102.109179892,16.210362898,0
                102.10917614,16.2103087250001,0
                102.10918468,16.210256674,0
                102.109203172,16.210205489,0
                102.109230985,16.210107309,0
                102.109238252,16.210081659,0
                102.109248185,16.2100089260001,0
                102.10924566,16.209993621,0
                102.109240034,16.209959521,0
                102.109202989,16.2099140080001,0
                102.1091413,16.209885307,0
                102.109079609,16.209856604,0
                102.108870207,16.2097658800001,0
                102.108542152,16.2096296010001,0
                102.108539487,16.2096284950001,0
                102.108272831,16.209509128,0
                102.108235157,16.2094923720001,0
                102.108204645,16.209469621,0
                102.108186503,16.209444558,0
                102.108177268,16.209426434,0
                102.108170193,16.2093984250001,0
                102.108167445,16.209370845,0
                102.108166696,16.2093340820001,0
                102.108169523,16.2093131570001,0
                102.108178441,16.209289233,0
                102.108281738,16.2092027690001,0
                102.108317722,16.209168967,0
                102.108336152,16.2091220680001,0
                102.108340702,16.2090707190001,0
                102.108341463,16.2090621290001,0
                102.108324161,16.2089883240001,0
                102.108320388,16.2089722270001,0
                102.108306782,16.2089370260001,0
                102.108274458,16.208886477,0
                102.108241912,16.208845855,0
                102.10817441,16.208771262,0
                102.108116351,16.2087115050001,0
                102.108088604,16.2086792060001,0
                102.10799921,16.2085848580001,0
                102.107927907,16.208533253,0
                102.107867489,16.2085053050001,0
                102.107858825,16.208503008,0
                102.107818106,16.208492215,0
                102.107764941,16.208487081,0
                102.107680698,16.2084837890001,0
                102.107587588,16.2084803760001,0
                102.107545607,16.2084690890001,0
                102.107521493,16.2084494710001,0
                102.107521313,16.2084492550001,0
                102.107510593,16.2084364630001,0
                102.107502129,16.208408487,0
                102.107507158,16.2083678340001,0
                102.107519417,16.208339391,0
                102.107525526,16.2083252200001,0
                102.107566508,16.2082529090001,0
                102.107638663,16.2081724500001,0
                102.1076448,16.208165798,0
                102.107697261,16.208108952,0
                102.107726873,16.2080557740001,0
                102.107743147,16.2080045590001,0
                102.107741649,16.2079552450001,0
                102.107716068,16.2078841700001,0
                102.107712564,16.2078783870001,0
                102.107651528,16.207798527,0
                102.107547235,16.2076574330001,0
                102.107495994,16.207572409,0
                102.107429651,16.20748185,0
                102.107360701,16.207374553,0
                102.107344402,16.2073349670001,0
                102.107335869,16.207307042,0
                102.107331504,16.207262923,0
                102.107335502,16.207194901,0
                102.107341745,16.207115716,0
                102.107345164,16.2070187040001,0
                102.107344289,16.206941407,0
                102.107332843,16.2068881380001,0
                102.107320578,16.2068547010001,0
                102.107319754,16.2068528780001,0
                102.107279484,16.206763725,0
                102.107217377,16.2066592,0
                102.107098329,16.20652376,0
                102.107047409,16.206457803,0
                102.107014295,16.206402597,0
                102.107009913,16.206391492,0
                102.107009474,16.206390072,0
                102.106997651,16.2063453060001,0
                102.106999391,16.206311574,0
                102.107006157,16.2062754990001,0
                102.10716534,16.2059745600001,0
                102.10720147,16.2059108230001,0
                102.107227476,16.205877984,0
                102.107269256,16.205836372,0
                102.107293708,16.2058172220001,0
                102.107309799,16.205808274,0
                102.10733889,16.205792097,0
                102.107416433,16.205769957,0
                102.107565637,16.20572736,0
                102.107652133,16.2056996040001,0
                102.107727455,16.2056680800001,0
                102.10777788,16.2056326000001,0
                102.107803695,16.2056019890001,0
                102.107850251,16.2055467860001,0
                102.107943107,16.2054250840001,0
                102.107944871,16.2054229940001,0
                102.10794439,16.205422691,0
                102.108039953,16.2052865580001,0
                102.108147078,16.2051276780001,0
                102.108233416,16.20493958,0
                102.108253341,16.2048566670001,0
                102.108259632,16.2047675430001,0
                102.108259721,16.204675921,0
                102.108234703,16.204594807,0
                102.108211016,16.204550828,0
                102.108203862,16.2045399510001,0
                102.108146969,16.204471169,0
                102.108024839,16.2043556580001,0
                102.107959709,16.2042872600001,0
                102.107906546,16.204253986,0
                102.107853187,16.204233969,0
                102.107814534,16.204232238,0
                102.10776945,16.2042436790001,0
                102.107744609,16.2042580740001,0
                102.107716601,16.204274303,0
                102.107708958,16.2042850500001,0
                102.10769622,16.2043029590001,0
                102.10768251,16.2043317170001,0
                102.107674379,16.2043460620001,0
                102.107619122,16.204456222,0
                102.107603506,16.2044878410001,0
                102.107573004,16.204527897,0
                102.107558033,16.204538572,0
                102.107526635,16.2045526110001,0
                102.107502811,16.204560725,0
                102.107479091,16.2045616080001,0
                102.107454196,16.2045576520001,0
                102.10743313,16.204547721,0
                102.10740595,16.2045292670001,0
                102.107359216,16.2044828190001,0
                102.107258019,16.2043211000001,0
                102.107236322,16.204268965,0
                102.107235391,16.2042472530001,0
                102.107238202,16.2042255910001,0
                102.107249782,16.204201637,0
                102.107270251,16.2041669560001,0
                102.107294123,16.2041397850001,0
                102.107306092,16.204126162,0
                102.107326398,16.2041013940001,0
                102.107348086,16.2040674720001,0
                102.107360405,16.2040418180001,0
                102.107369344,16.2040102490001,0
                102.107376105,16.2039746780001,0
                102.10738321,16.203920784,0
                102.107388996,16.2038757080001,0
                102.107389064,16.203875597,0
                102.107393645,16.2038334920001,0
                102.107400204,16.203812634,0
                102.107413272,16.203771069,0
                102.107443896,16.2037244690001,0
                102.107460751,16.2037094290001,0
                102.107469179,16.203701908,0
                102.107482944,16.2036990820001,0
                102.107524242,16.203690603,0
                102.107584154,16.203689008,0
                102.107614109,16.2036882100001,0
                102.107646791,16.2036815880001,0
                102.107675426,16.203675784,0
                102.107714344,16.2036594370001,0
                102.107729184,16.203648828,0
                102.107740821,16.203640508,0
                102.10777295,16.2036141890001,0
                102.107819393,16.20355719,0
                102.107931996,16.2034502230001,0
                102.108029352,16.20335369,0
                102.108063892,16.2033037350001,0
                102.108081936,16.2032641980001,0
                102.108082464,16.2032280380001,0
                102.108066722,16.2031952740001,0
                102.108047185,16.203166074,0
                102.108013804,16.203145125,0
                102.107976521,16.203134972,0
                102.107940346,16.2031344800001,0
                102.107918567,16.203135445,0
                102.107877923,16.203137246,0
                102.107853876,16.203141986,0
                102.10780269,16.2031627430001,0
                102.107683445,16.2032117530001,0
                102.107551551,16.203272644,0
                102.107398081,16.20335856,0
                102.107380814,16.203370578,0
                102.107321288,16.203403994,0
                102.107198823,16.2034808810001,0
                102.107124827,16.2035252320001,0
                102.107107014,16.2035359070001,0
                102.107044799,16.2035585100001,0
                102.10700104,16.2035637750001,0
                102.106931938,16.203559317,0
                102.106919333,16.2035546330001,0
                102.106904489,16.203544498,0
                102.10689117,16.203525932,0
                102.106879712,16.203502009,0
                102.106877039,16.2034964270001,0
                102.106881905,16.2034745340001,0
                102.106883849,16.203470585,0
                102.106919314,16.203400915,0
                102.106921143,16.2033964830001,0
                102.106924663,16.2033927270001,0
                102.10694727,16.2033402750001,0
                102.106955113,16.20330169,0
                102.10695514,16.2033010540001,0
                102.106957012,16.2032548180001,0
                102.10695245,16.203234824,0
                102.106937574,16.203210611,0
                102.106929929,16.2031981700001,0
                102.10688788,16.203169459,0
                102.106824026,16.2031381040001,0
                102.106767263,16.2031197430001,0
                102.106763495,16.203119369,0
                102.106719133,16.2031149470001,0
                102.106687175,16.2031198240001,0
                102.106654282,16.2031287560001,0
                102.106600475,16.2031573350001,0
                102.106568779,16.203167455,0
                102.106551776,16.203168396,0
                102.106524062,16.2031551200001,0
                102.106509778,16.203136166,0
                102.106499065,16.2031219510001,0
                102.106499288,16.203106711,0
                102.106505797,16.2030763170001,0
                102.106527887,16.203042397,0
                102.106536828,16.2030286680001,0
                102.106548379,16.2030131930001,0
                102.106552484,16.202998226,0
                102.106548448,16.202980756,0
                102.106522186,16.2029510850001,0
                102.106499203,16.202937429,0
                102.106465646,16.202917487,0
                102.106382331,16.202889385,0
                102.10625898,16.202860737,0
                102.106198629,16.2028388100001,0
                102.106149414,16.202811995,0
                102.106119175,16.2027955190001,0
                102.106061542,16.2027536960001,0
                102.106029368,16.2027150820001,0
                102.106026958,16.2027121900001,0
                102.105995195,16.2026437530001,0
                102.10598045,16.202573205,0
                102.10597032,16.2025191330001,0
                102.105950329,16.20247548,0
                102.105918052,16.2024422110001,0
                102.10586633,16.202411022,0
                102.105803484,16.2023824840001,0
                102.105802443,16.202382012,0
                102.105719094,16.2023562540001,0
                102.105631967,16.202339824,0
                102.105473007,16.202340002,0
                102.105372841,16.2023487050001,0
                102.105233772,16.202353155,0
                102.105043099,16.202364625,0
                102.104993187,16.202375669,0
                102.104959047,16.2023869270001,0
                102.104905206,16.2024178510001,0
                102.104882558,16.2024348570001,0
                102.104776385,16.2025145800001,0
                102.104701473,16.2025757000001,0
                102.104648878,16.202604294,0
                102.104579369,16.2026279680001,0
                102.104555895,16.202636195,0
                102.104503998,16.2026374930001,0
                102.104492818,16.2026378300001,0
                102.104458301,16.2026285490001,0
                102.104439652,16.202618972,0
                102.104432728,16.2026154160001,0
                102.104429409,16.2026124240001,0
                102.104406007,16.2025913270001,0
                102.104364794,16.202531245,0
                102.104339251,16.2024523420001,0
                102.1043357,16.2023631870001,0
                102.104346226,16.202307052,0
                102.104366408,16.202254566,0
                102.104433803,16.202126514,0
                102.104467637,16.2020531110001,0
                102.104476523,16.202026265,0
                102.104476865,16.2020028210001,0
                102.10446388,16.201978022,0
                102.104430339,16.2019482540001,0
                102.104372813,16.2019217270001,0
                102.104371138,16.201920955,0
                102.104370074,16.2019204640001,0
                102.104367927,16.2019201030001,0
                102.104222569,16.2018815660001,0
                102.104127776,16.2018667730001,0
                102.103996546,16.201859584,0
                102.103924263,16.2018342970001,0
                102.103835373,16.2017979840001,0
                102.10373051,16.2017074510001,0
                102.103589839,16.2015813300001,0
                102.103472166,16.2014643850001,0
                102.103451312,16.2014489650001,0
                102.10342436,16.2014361350001,0
                102.103404978,16.2014288510001,0
                102.103363236,16.201420012,0
                102.103184823,16.2013787000001,0
                102.103134333,16.201366982,0
                102.103062408,16.201341928,0
                102.102835351,16.201241945,0
                102.10276186,16.201222812,0
                102.102549351,16.201194394,0
                102.102423804,16.2011733740001,0
                102.102318617,16.201140803,0
                102.102213581,16.201094504,0
                102.102130588,16.201048407,0
                102.101920549,16.2008889370001,0
                102.10178635,16.200779389,0
                102.101735536,16.2007379080001,0
                102.101683321,16.200677795,0
                102.101656292,16.200615323,0
                102.101635125,16.2005340330001,0
                102.101609042,16.200406775,0
                102.101592295,16.2003707010001,0
                102.10157786,16.20035212,0
                102.101557104,16.2003277630001,0
                102.101460585,16.2002400440001,0
                102.101259441,16.2000455940001,0
                102.101179328,16.1999823990001,0
                102.101132861,16.1999115630001,0
                102.101117282,16.199830349,0
                102.101116279,16.199816325,0
                102.101110322,16.1997330520001,0
                102.101106273,16.1996276950001,0
                102.101069322,16.199494653,0
                102.101050489,16.1994555520001,0
                102.101026049,16.1994194650001,0
                102.101009588,16.1993962170001,0
                102.100994178,16.1993802980001,0
                102.100972089,16.1993625700001,0
                102.100939196,16.1993458700001,0
                102.100894735,16.199334971,0
                102.100838627,16.1993302330001,0
                102.100793592,16.1993216720001,0
                102.100765653,16.19930874,0
                102.100744639,16.1992965360001,0
                102.10072301,16.19927376,0
                102.100701611,16.199240423,0
                102.100660577,16.1991691690001,0
                102.100629302,16.1991155640001,0
                102.100600284,16.199044745,0
                102.100584741,16.1989903620001,0
                102.100561977,16.1989397610001,0
                102.100538172,16.198897092,0
                102.10050711,16.198855317,0
                102.10047092,16.1988163620001,0
                102.100414543,16.198770519,0
                102.10039524,16.198759368,0
                102.100376413,16.198747198,0
                102.100292819,16.198693168,0
                102.100186656,16.198631236,0
                102.100112724,16.1985881050001,0
                102.100021438,16.1985247580001,0
                102.099950065,16.1984373820001,0
                102.099882792,16.198335866,0
                102.099817356,16.198149363,0
                102.099764758,16.19792454,0
                102.099673284,16.1976829860001,0
                102.099605258,16.197557854,0
                102.099555641,16.1975112750001,0
                102.099486114,16.1974887260001,0
                102.099332892,16.197456932,0
                102.09904665,16.19741609,0
                102.098594061,16.197424186,0
                102.098438891,16.1974301660001,0
                102.09832897,16.197432549,0
                102.098208823,16.197425878,0
                102.09810385,16.1974114130001,0
                102.097980553,16.197387452,0
                102.097911794,16.1973601870001,0
                102.097793043,16.197311988,0
                102.097686627,16.1972801590001,0
                102.097594523,16.197272824,0
                102.097522676,16.1972695650001,0
                102.0974596,16.1972719180001,0
                102.097386071,16.1972758740001,0
                102.097305655,16.197284735,0
                102.097244177,16.1972962020001,0
                102.097140312,16.197325984,0
                102.097063592,16.197362378,0
                102.097005844,16.197389887,0
                102.096794577,16.197501555,0
                102.096723996,16.1975388600001,0
                102.096698778,16.197547876,0
                102.096677175,16.1975496320001,0
                102.09664433,16.1975479490001,0
                102.096613623,16.197539749,0
                102.096579875,16.197527988,0
                102.096555754,16.1975117640001,0
                102.096492502,16.1974739350001,0
                102.096470166,16.1974640550001,0
                102.096468476,16.1974633070001,0
                102.096454252,16.1974599110001,0
                102.096431881,16.197460237,0
                102.096408798,16.197462736,0
                102.096380631,16.197473958,0
                102.09623944,16.197552612,0
                102.09612362,16.197608114,0
                102.096045845,16.197637435,0
                102.095986349,16.197648553,0
                102.095922796,16.197654604,0
                102.095615357,16.197666774,0
                102.095581106,16.1976679270001,0
                102.095413914,16.1976735540001,0
                102.095339615,16.197670794,0
                102.095253206,16.197656678,0
                102.095126806,16.197629051,0
                102.094889304,16.197561717,0
                102.094781923,16.1975064850001,0
                102.094626111,16.197413226,0
                102.094384253,16.1971851380001,0
                102.094326268,16.1971377690001,0
                102.094216257,16.1970653880001,0
                102.09415585,16.197040261,0
                102.094091221,16.197017101,0
                102.093988611,16.1970116480001,0
                102.093906895,16.1970105290001,0
                102.093825268,16.1970033370001,0
                102.093714811,16.1969613260001,0
                102.093610551,16.196925473,0
                102.093487077,16.196913658,0
                102.093401408,16.196896286,0
                102.09327233,16.1968378180001,0
                102.093078923,16.1967359440001,0
                102.09297502,16.196675796,0
                102.092931732,16.196626603,0
                102.092872332,16.1965326380001,0
                102.092869059,16.1965223620001,0
                102.092784177,16.1962560270001,0
                102.092762228,16.196180801,0
                102.09271463,16.196139649,0
                102.092552296,16.1960625,0
                102.092509918,16.196044909,0
                102.092229425,16.1959284870001,0
                102.09222904,16.195928307,0
                102.092155815,16.1958874900001,0
                102.092071924,16.1958382190001,0
                102.092008707,16.195792752,0
                102.091986933,16.1957746680001,0
                102.091961002,16.1957510190001,0
                102.091933161,16.1957156980001,0
                102.091907462,16.195676253,0
                102.09188428,16.1956279940001,0
                102.091848196,16.1955522490001,0
                102.091814868,16.1954732450001,0
                102.091771651,16.19537186,0
                102.091766245,16.1953591770001,0
                102.091741666,16.195320365,0
                102.091714724,16.195299747,0
                102.091681409,16.195285115,0
                102.0916313,16.1952722780001,0
                102.091589335,16.195275754,0
                102.091551324,16.195295484,0
                102.091466207,16.19538342,0
                102.091397484,16.195468738,0
                102.091331125,16.195551123,0
                102.091310431,16.195573665,0
                102.091255716,16.1955891160001,0
                102.091222163,16.195590682,0
                102.091176336,16.195590054,0
                102.091169781,16.1955899640001,0
                102.091115363,16.195585168,0
                102.091069505,16.19556834,0
                102.091048794,16.1955610160001,0
                102.091008645,16.195535814,0
                102.091000894,16.19553095,0
                102.090970031,16.195492051,0
                102.090945868,16.195424894,0
                102.090915864,16.1953272820001,0
                102.090915581,16.1953262660001,0
                102.090904522,16.195302552,0
                102.090900774,16.1952951760001,0
                102.090861683,16.1952394,0
                102.090823207,16.195210396,0
                102.090762204,16.195190197,0
                102.090671905,16.1951582040001,0
                102.090597043,16.1951184500001,0
                102.090545703,16.1950824360001,0
                102.090531118,16.1950670730001,0
                102.090448189,16.1949797230001,0
                102.090347105,16.1948792380001,0
                102.090292389,16.194803144,0
                102.090280101,16.1947860540001,0
                102.09025851,16.194731083,0
                102.09024822,16.1947092990001,0
                102.090245002,16.194687613,0
                102.09024542,16.194659142,0
                102.090255266,16.194630799,0
                102.090257082,16.1946285270001,0
                102.090280484,16.1945992510001,0
                102.090295723,16.1945918960001,0
                102.090333721,16.194586311,0
                102.090386723,16.194589315,0
                102.090487714,16.194615759,0
                102.090574594,16.1946397300001,0
                102.090601753,16.194636685,0
                102.090620727,16.194628971,0
                102.090642225,16.194609901,0
                102.090654262,16.194592979,0
                102.090657003,16.1945668180001,0
                102.090657674,16.1945546970001,0
                102.090658892,16.194532645,0
                102.090653665,16.194468494,0
                102.090635102,16.194432073,0
                102.090602738,16.1943685700001,0
                102.090378247,16.194100217,0
                102.090237818,16.193958567,0
                102.090145605,16.193894463,0
                102.09013413,16.193890595,0
                102.090088697,16.1938778750001,0
                102.090060871,16.1938731600001,0
                102.090039953,16.1938703650001,0
                102.089869523,16.1938322730001,0
                102.089854394,16.193822025,0
                102.089830616,16.193805921,0
                102.089815103,16.1937920390001,0
                102.089798218,16.1937644700001,0
                102.089782993,16.193730848,0
                102.089758564,16.193681913,0
                102.089718263,16.1936433920001,0
                102.089701839,16.1936315830001,0
                102.089606279,16.193562881,0
                102.089556506,16.193527267,0
                102.089536432,16.193502693,0
                102.089534345,16.1934974340001,0
                102.089527338,16.1934797860001,0
                102.089527717,16.193453972,0
                102.089537547,16.193426769,0
                102.089554235,16.19340749,0
                102.08955997,16.1933982190001,0
                102.089618893,16.193345869,0
                102.089644004,16.193321629,0
                102.089737163,16.1932123190001,0
                102.089745487,16.193180539,0
                102.089745843,16.193156243,0
                102.089730418,16.1931362880001,0
                102.089723067,16.1931305420001,0
                102.089708664,16.193119284,0
                102.089661721,16.1931049720001,0
                102.089619293,16.19310439,0
                102.089551654,16.1931080200001,0
                102.089476204,16.1931085050001,0
                102.089435502,16.193097316,0
                102.089432733,16.1930958500001,0
                102.089383241,16.193069657,0
                102.089382475,16.1930692510001,0
                102.089345251,16.1930353280001,0
                102.089314202,16.193009084,0
                102.089301089,16.19300537,0
                102.089286027,16.1930011050001,0
                102.089246653,16.19300664,0
                102.089223693,16.1930173430001,0
                102.089221331,16.1930184440001,0
                102.089186025,16.1930667140001,0
                102.089182836,16.1930710720001,0
                102.089143277,16.1931200720001,0
                102.089102795,16.1931702150001,0
                102.089069504,16.193189503,0
                102.089042657,16.193198248,0
                102.089009635,16.193199313,0
                102.088976701,16.1931943070001,0
                102.088955215,16.193182289,0
                102.088949391,16.193179032,0
                102.088937727,16.193172509,0
                102.088935997,16.193169336,0
                102.088919972,16.1931399640001,0
                102.088919361,16.193138844,0
                102.088920763,16.1931320680001,0
                102.088923548,16.1931186030001,0
                102.088926185,16.193109964,0
                102.088934797,16.1930955460001,0
                102.088953607,16.193063572,0
                102.088973626,16.193027913,0
                102.088992724,16.192986734,0
                102.089001983,16.1929596850001,0
                102.089003785,16.1929314500001,0
                102.088997295,16.192901116,0
                102.088974823,16.1928623470001,0
                102.088948131,16.192827492,0
                102.088916303,16.19278774,0
                102.088907388,16.1927587340001,0
                102.088905768,16.192726312,0
                102.088916719,16.192694062,0
                102.088937198,16.1926412610001,0
                102.088939414,16.192635551,0
                102.08896145,16.1925787370001,0
                102.088988595,16.1925087440001,0
                102.089011076,16.19246029,0
                102.089036206,16.19240612,0
                102.089047634,16.192341475,0
                102.089037573,16.192312988,0
                102.089000364,16.1922780520001,0
                102.08898433,16.1922746160001,0
                102.088939781,16.1922650710001,0
                102.088818362,16.19225815,0
                102.08879949,16.1922570730001,0
                102.088762897,16.192258001,0
                102.08822926,16.192271534,0
                102.087776334,16.192289627,0
                102.087533258,16.19228832,0
                102.08746208,16.192283294,0
                102.087426865,16.1922674520001,0
                102.087409259,16.192254415,0
                102.08738946,16.1922336970001,0
                102.087368895,16.192207089,0
                102.08734665,16.1921521090001,0
                102.08734512,16.1921136120001,0
                102.087346658,16.192094238,0
                102.08734769,16.192081247,0
                102.087362982,16.1920389320001,0
                102.087414188,16.191976858,0
                102.087686838,16.191676844,0
                102.087728407,16.1916321150001,0
                102.087767265,16.191583039,0
                102.087785238,16.1915577720001,0
                102.087797491,16.191522504,0
                102.087796523,16.191488474,0
                102.087794305,16.191485282,0
                102.087783595,16.1914698680001,0
                102.087760547,16.191441206,0
                102.087578112,16.1912615370001,0
                102.087445333,16.19113522,0
                102.087399297,16.191100573,0
                102.087324836,16.191055578,0
                102.087324756,16.19105553,0
                102.087246043,16.1910205890001,0
                102.08719863,16.191002589,0
                102.087153796,16.190991259,0
                102.087059656,16.190980735,0
                102.087019213,16.1909699710001,0
                102.086988786,16.1909558190001,0
                102.086971196,16.190939858,0
                102.086958065,16.1909227520001,0
                102.086947619,16.1908985790001,0
                102.086941271,16.1908757850001,0
                102.086896672,16.190715643,0
                102.086733929,16.1908663990001,0
                102.086715207,16.1908785960001,0
                102.086537815,16.1910129830001,0
                102.08645873,16.1910805860001,0
                102.086440185,16.191096439,0
                102.086423233,16.191119148,0
                102.086327743,16.1912470620001,0
                102.086281194,16.191333921,0
                102.086268548,16.19139081,0
                102.08626644,16.19140029,0
                102.086271758,16.191440308,0
                102.086290794,16.1914843160001,0
                102.086331621,16.1915191140001,0
                102.086524861,16.191630183,0
                102.086690781,16.191710023,0
                102.086724231,16.1917261190001,0
                102.086778638,16.191774417,0
                102.086818905,16.191847249,0
                102.086837468,16.191923586,0
                102.08683857,16.191982566,0
                102.086825897,16.1920413570001,0
                102.086785697,16.1920978690001,0
                102.086740188,16.192150358,0
                102.086715617,16.192178697,0
                102.086633221,16.1922232950001,0
                102.086511736,16.1922557890001,0
                102.086436052,16.1922720420001,0
                102.086203692,16.192321941,0
                102.085898588,16.1924179650001,0
                102.085739263,16.1924681090001,0
                102.085550245,16.1925426390001,0
                102.085518495,16.1925882690001,0
                102.085508233,16.1926224800001,0
                102.085515994,16.1927063960001,0
                102.085524537,16.19272728,0
                102.085574839,16.192786934,0
                102.085597231,16.1928044840001,0
                102.085664446,16.1928509320001,0
                102.085712271,16.192894725,0
                102.085738254,16.1929185170001,0
                102.085802289,16.192999727,0
                102.085853682,16.193100798,0
                102.085893688,16.1932140930001,0
                102.08590237,16.1933268280001,0
                102.085894895,16.1933771660001,0
                102.085884468,16.193416966,0
                102.085864312,16.1934490250001,0
                102.085814833,16.193467368,0
                102.085765492,16.1934762010001,0
                102.08572831,16.1934769740001,0
                102.085647661,16.193457466,0
                102.085514478,16.193411891,0
                102.085256262,16.193301832,0
                102.08522524,16.193287513,0
                102.085133087,16.1932449810001,0
                102.085051268,16.1931867960001,0
                102.084919905,16.193087916,0
                102.084919633,16.19308779,0
                102.084851634,16.193064845,0
                102.084808916,16.193064259,0
                102.084755548,16.193083829,0
                102.084709753,16.1931193410001,0
                102.084671521,16.193175879,0
                102.084657215,16.193211822,0
                102.084652636,16.1932555060001,0
                102.08465798,16.1932936220001,0
                102.084667122,16.1933412990001,0
                102.084767113,16.193502446,0
                102.084830967,16.193577503,0
                102.084904186,16.193685025,0
                102.084915521,16.193717516,0
                102.084909056,16.1937554690001,0
                102.084873045,16.193794919,0
                102.084797394,16.193852845,0
                102.084650837,16.1939136020001,0
                102.084575296,16.193963922,0
                102.084515052,16.194044885,0
                102.084443047,16.1941663640001,0
                102.084443273,16.194166721,0
                102.084442387,16.194167522,0
                102.084340144,16.194293558,0
                102.084188784,16.1944132140001,0
                102.084045519,16.194517763,0
                102.083826909,16.1946593210001,0
                102.08367982,16.19475621,0
                102.08361384,16.1948256810001,0
                102.083581513,16.194882299,0
                102.083576318,16.194967822,0
                102.083601035,16.1950271260001,0
                102.083633878,16.1950694220001,0
                102.083670767,16.195104166,0
                102.083737597,16.1951107900001,0
                102.083779205,16.19509234,0
                102.083840689,16.1950608490001,0
                102.083898331,16.1950374190001,0
                102.08390406,16.195035089,0
                102.08394938,16.195031908,0
                102.083978733,16.195043723,0
                102.084009802,16.1950726810001,0
                102.084038708,16.1951149240001,0
                102.084067385,16.195170865,0
                102.084113337,16.1952605060001,0
                102.084131814,16.1953425500001,0
                102.084138215,16.1954321110001,0
                102.084134326,16.195448502,0
                102.084121594,16.195502183,0
                102.084071079,16.195590888,0
                102.084000388,16.1956910390001,0
                102.083902211,16.1958301350001,0
                102.083787011,16.1960339780001,0
                102.083718476,16.1961433560001,0
                102.08367774,16.196229789,0
                102.083647444,16.196342212,0
                102.083638281,16.196376211,0
                102.083636324,16.19650933,0
                102.083658403,16.1966142480001,0
                102.083673617,16.196650596,0
                102.083710562,16.196681536,0
                102.083759484,16.196701229,0
                102.083810569,16.196707637,0
                102.083922944,16.196695865,0
                102.083972202,16.196692737,0
                102.084067201,16.196657902,0
                102.084156155,16.196632494,0
                102.084231165,16.1966183070001,0
                102.084329569,16.196619658,0
                102.084504501,16.196637276,0
                102.084571061,16.196636498,0
                102.084712224,16.196634847,0
                102.084803759,16.1966337750001,0
                102.084923531,16.196654439,0
                102.084939199,16.1966598860001,0
                102.084989915,16.1966823990001,0
                102.084997237,16.1966945790001,0
                102.085004746,16.1967034840001,0
                102.085012348,16.1967204470001,0
                102.085014884,16.196733679,0
                102.085014465,16.196762205,0
                102.084997994,16.1968114330001,0
                102.084961731,16.1968679980001,0
                102.084891785,16.196939317,0
                102.08475282,16.1970448980001,0
                102.084724567,16.197066364,0
                102.084455114,16.1972808260001,0
                102.08440593,16.1973246950001,0
                102.084198063,16.1975308520001,0
                102.084135823,16.197613688,0
                102.084117764,16.197644073,0
                102.084110798,16.197671454,0
                102.084103189,16.1977241760001,0
                102.08410713,16.19776605,0
                102.084110776,16.1977830440001,0
                102.084112443,16.197790807,0
                102.084136487,16.1978362410001,0
                102.084249153,16.1979385980001,0
                102.084434218,16.1980704800001,0
                102.084549105,16.198155749,0
                102.084614901,16.198232736,0
                102.084670494,16.1983343090001,0
                102.084834866,16.1988025750001,0
                102.084921829,16.199214543,0
                102.084926569,16.199250652,0
                102.084935275,16.19933946,0
                102.084951268,16.199566466,0
                102.084962298,16.199723066,0
                102.08495098,16.199858169,0
                102.084892083,16.20005574,0
                102.084761418,16.2003740590001,0
                102.08465618,16.200601867,0
                102.084645848,16.200632655,0
                102.084609928,16.2007543780001,0
                102.084605092,16.200770763,0
                102.084603892,16.2007784510001,0
                102.084597548,16.200819084,0
                102.084597119,16.2008482680001,0
                102.084647083,16.2013198670001,0
                102.084652441,16.201357676,0
                102.084692603,16.2015633950001,0
                102.084828314,16.201853811,0
                102.084980965,16.2022616840001,0
                102.085042963,16.202487966,0
                102.085089706,16.202799704,0
                102.085129078,16.203255514,0
                102.085128213,16.203363735,0
                102.085103899,16.203525912,0
                102.08500602,16.203802819,0
                102.084914909,16.203974658,0
                102.084796785,16.2042431300001,0
                102.084765669,16.204351122,0
                102.084764069,16.20435439,0
                102.084722929,16.204627358,0
                102.084711766,16.2050690510001,0
                102.08471482,16.2058130180001,0
                102.084685881,16.2065114590001,0
                102.084666581,16.2068718850001,0
                102.084676597,16.2071425400001,0
                102.084655151,16.2073316080001,0
                102.084595255,16.207596795,0
                102.084544851,16.2076979030001,0
                102.084536085,16.2077490390001,0
                102.084530559,16.2078004270001,0
                102.084526172,16.2078430440001,0
                102.084535794,16.207927118,0
                102.084554133,16.2080092140001,0
                102.084564041,16.2080305120001,0
                102.084581892,16.208068886,0
                102.084583607,16.2080725750001,0
                102.084634458,16.208159315,0
                102.084653662,16.2081826630001,0
                102.084696011,16.208256695,0
                102.084719219,16.2083031820001,0
                102.084724722,16.2083213770001,0
                102.084790447,16.208666522,0
                102.084791465,16.208707098,0
                102.084791104,16.208713733,0
                102.084752658,16.208985623,0
                102.084667001,16.2093901970001,0
                102.084629944,16.209541432,0
                102.084622461,16.2095651880001,0
                102.084610524,16.2095958510001,0
                102.084589555,16.2096320650001,0
                102.084562317,16.2096671910001,0
                102.08436388,16.2098952700001,0
                102.084189789,16.2100643690001,0
                102.084152424,16.2101072080001,0
                102.084114463,16.210139511,0
                102.084037348,16.2102139990001,0
                102.083990943,16.210267924,0
                102.083968703,16.210303293,0
                102.083948203,16.210368068,0
                102.083943764,16.210410714,0
                102.083938087,16.210505728,0
                102.083937955,16.210507933,0
                102.083939626,16.210519278,0
                102.083936116,16.2105873900001,0
                102.083919348,16.210683752,0
                102.083915,16.210705481,0
                102.083880915,16.2108078410001,0
                102.083853653,16.21088931,0
                102.083811127,16.210974768,0
                102.083751169,16.211064181,0
                102.083611521,16.21125533,0
                102.083464839,16.2114212110001,0
                102.083450779,16.2114352130001,0
                102.083126968,16.211757671,0
                102.082954537,16.211914386,0
                102.082845199,16.2120149620001,0
                102.082798275,16.212056294,0
                102.082679714,16.212142805,0
                102.082620557,16.212177667,0
                102.082537453,16.2122163970001,0
                102.082485771,16.212241394,0
                102.08241079,16.212265228,0
                102.082393137,16.212272281,0
                102.082360509,16.212285315,0
                102.082277465,16.212319849,0
                102.082231461,16.212346498,0
                102.082211383,16.2123640040001,0
                102.082159412,16.2124278580001,0
                102.082146238,16.2124440430001,0
                102.082134339,16.2124586620001,0
                102.082053951,16.212620164,0
                102.082007767,16.2127546890001,0
                102.081982695,16.2128475390001,0
                102.081964394,16.212927672,0
                102.081958167,16.21295494,0
                102.081935671,16.2131119330001,0
                102.081931363,16.213365906,0
                102.081927964,16.2133769330001,0
                102.081923304,16.2134345600001,0
                102.081904077,16.213560208,0
                102.081885314,16.213654385,0
                102.081844897,16.213744068,0
                102.08178686,16.213850296,0
                102.081785402,16.2138522880001,0
                102.081655219,16.214152111,0
                102.081567312,16.214369156,0
                102.081411,16.214755095,0
                102.081342328,16.2148804720001,0
                102.081226188,16.215072567,0
                102.081078449,16.2152503360001,0
                102.080974772,16.215375088,0
                102.080964793,16.215389805,0
                102.080855974,16.2155503020001,0
                102.080764725,16.2156304540001,0
                102.080697543,16.215654794,0
                102.080633388,16.2156707550001,0
                102.080540352,16.2156750890001,0
                102.080432958,16.215667997,0
                102.080230738,16.2155894210001,0
                102.080222069,16.2155878410001,0
                102.080201867,16.215580785,0
                102.080184546,16.215575249,0
                102.080100143,16.215556301,0
                102.080004781,16.215542398,0
                102.079933026,16.2155477060001,0
                102.079878633,16.215561402,0
                102.079868858,16.215568245,0
                102.07986855,16.215568461,0
                102.079853446,16.2155790360001,0
                102.079816158,16.215636472,0
                102.079804596,16.2156637570001,0
                102.079769793,16.2158145490001,0
                102.079754136,16.215895701,0
                102.07974439,16.21594621,0
                102.079741451,16.215967123,0
                102.079693694,16.21630692,0
                102.079686291,16.2163680680001,0
                102.079645477,16.2165840590001,0
                102.079583265,16.216865829,0
                102.079557528,16.216982391,0
                102.079498202,16.2171523690001,0
                102.079384367,16.2173795480001,0
                102.07917432,16.2177090980001,0
                102.079093665,16.2178269350001,0
                102.079089834,16.217872631,0
                102.07910485,16.217924687,0
                102.079145159,16.217974041,0
                102.079182371,16.2180096110001,0
                102.079226094,16.2180514030001,0
                102.07927258,16.2181099920001,0
                102.079290347,16.2181895360001,0
                102.079295673,16.2182796180001,0
                102.079295406,16.218281737,0
                102.079274995,16.2183402160001,0
                102.079268202,16.21835901,0
                102.079254187,16.2183862200001,0
                102.079158664,16.2184826650001,0
                102.079105997,16.2185358410001,0
                102.078970672,16.218672472,0
                102.078926495,16.2187047050001,0
                102.078900635,16.2187148580001,0
                102.078789812,16.218737731,0
                102.078716953,16.218755027,0
                102.07866916,16.2187848680001,0
                102.078614743,16.2188359680001,0
                102.078598737,16.2188509970001,0
                102.07856459,16.218896924,0
                102.078473311,16.219007865,0
                102.078357082,16.219183161,0
                102.07835035,16.2192041650001,0
                102.078338431,16.219241352,0
                102.078290901,16.219389645,0
                102.078273807,16.219487669,0
                102.078213451,16.219717969,0
                102.078065712,16.220103275,0
                102.077864184,16.2204969900001,0
                102.077632263,16.220810988,0
                102.077257191,16.22119926,0
                102.0770433,16.221361008,0
                102.076868003,16.22147449,0
                102.076702803,16.22154541,0
                102.076532484,16.2216049080001,0
                102.076417221,16.221645172,0
                102.076315459,16.2216956190001,0
                102.076244899,16.221770893,0
                102.076229006,16.221817674,0
                102.076233224,16.2219201780001,0
                102.076237116,16.2219981980001,0
                102.076240531,16.2220666760001,0
                102.076214021,16.2221517080001,0
                102.07613913,16.2222243740001,0
                102.076117941,16.222244931,0
                102.075952516,16.222331099,0
                102.075727993,16.2224089320001,0
                102.075724059,16.2224102970001,0
                102.075580682,16.222499817,0
                102.07541751,16.2226470140001,0
                102.07536667,16.2227392610001,0
                102.075359124,16.222752955,0
                102.075337349,16.2227941080001,0
                102.075315203,16.222850882,0
                102.075287166,16.222922759,0
                102.075261011,16.2230072560001,0
                102.075224181,16.2231262350001,0
                102.075184707,16.223197966,0
                102.075162548,16.223238232,0
                102.075095322,16.2233013540001,0
                102.074980754,16.2233638210001,0
                102.074876195,16.223389829,0
                102.074550212,16.2234463300001,0
                102.074276583,16.2235098840001,0
                102.074265123,16.2235125460001,0
                102.074160069,16.2235720950001,0
                102.07410231,16.223635346,0
                102.074073185,16.223683744,0
                102.074059653,16.223846866,0
                102.074047215,16.2239456780001,0
                102.07401597,16.224137392,0
                102.073989594,16.2242132760001,0
                102.073952094,16.22427463,0
                102.073950774,16.2242767880001,0
                102.073931187,16.2242956270001,0
                102.073906622,16.2243192550001,0
                102.073819478,16.2244030730001,0
                102.073755701,16.224444351,0
                102.073335008,16.2247166290001,0
                102.073012583,16.2249592220001,0
                102.072669912,16.225289983,0
                102.072433064,16.225509357,0
                102.072349199,16.2256301950001,0
                102.072287608,16.2257391420001,0
                102.072186473,16.2259603900001,0
                102.072040972,16.226193224,0
                102.071714801,16.226475411,0
                102.071542517,16.2265980780001,0
                102.071420687,16.2267244930001,0
                102.071410774,16.2267369570001,0
                102.071279152,16.2269024820001,0
                102.071235578,16.2269929070001,0
                102.071194474,16.227078207,0
                102.071107046,16.2272264440001,0
                102.071066336,16.227285867,0
                102.071037811,16.2273186670001,0
                102.070697501,16.227595926,0
                102.070284572,16.227980609,0
                102.070098488,16.2281823810001,0
                102.070043286,16.2282576960001,0
                102.069879395,16.2284812940001,0
                102.06962725,16.2288803970001,0
                102.06949919,16.229076956,0
                102.069388994,16.229194294,0
                102.069270814,16.2292872090001,0
                102.06917545,16.2293316380001,0
                102.069068504,16.2294156830001,0
                102.069023638,16.2295421040001,0
                102.068995998,16.2296099160001,0
                102.068959132,16.2296711660001,0
                102.068928324,16.229711702,0
                102.068925607,16.2297143370001,0
                102.068880269,16.2297625690001,0
                102.068875951,16.2297671640001,0
                102.068847557,16.229808727,0
                102.068807192,16.229867814,0
                102.068800984,16.229884242,0
                102.068791459,16.2299702020001,0
                102.068775493,16.230170824,0
                102.0687742,16.2302581070001,0
                102.068773156,16.230328596,0
                102.068766242,16.230381778,0
                102.068752209,16.230489698,0
                102.06870149,16.2306557690001,0
                102.068654228,16.2307677050001,0
                102.0685803,16.2309428030001,0
                102.068503466,16.231117478,0
                102.068402453,16.231295404,0
                102.068174532,16.2315199920001,0
                102.068010849,16.2316683610001,0
                102.067891969,16.2317994160001,0
                102.067827012,16.231924044,0
                102.067768549,16.2321115250001,0
                102.067698978,16.2322970590001,0
                102.067583593,16.2325680340001,0
                102.067501983,16.2328143720001,0
                102.067388877,16.2330527500001,0
                102.067358281,16.233117233,0
                102.067303613,16.23317386,0
                102.067256874,16.233196525,0
                102.067139587,16.233220008,0
                102.066903504,16.233243639,0
                102.066682134,16.2332764400001,0
                102.066649246,16.2332864050001,0
                102.066601914,16.233305655,0
                102.066543546,16.233333916,0
                102.066504507,16.233357475,0
                102.066425465,16.2334157240001,0
                102.066342999,16.233494776,0
                102.066341155,16.2334968650001,0
                102.066335832,16.2335062510001,0
                102.066058044,16.2337699400001,0
                102.066001092,16.233815056,0
                102.065984173,16.233825048,0
                102.065887762,16.233868842,0
                102.065835447,16.2338807100001,0
                102.065738767,16.233902643,0
                102.065456297,16.233925034,0
                102.065245656,16.233943636,0
                102.065031866,16.234007623,0
                102.064859749,16.234098488,0
                102.06481349,16.2341188350001,0
                102.064722737,16.2341587560001,0
                102.064627054,16.2341976290001,0
                102.064603221,16.234207311,0
                102.064290315,16.234279488,0
                102.064160902,16.234327907,0
                102.064081047,16.234372229,0
                102.063998621,16.234449608,0
                102.063985672,16.2344617640001,0
                102.063915113,16.2345468620001,0
                102.063891114,16.2345706420001,0
                102.063779472,16.234681268,0
                102.0634738,16.2349328670001,0
                102.063180996,16.2351511700001,0
                102.063058296,16.2352475000001,0
                102.062943563,16.23534857,0
                102.062895296,16.2353910900001,0
                102.062827137,16.2354810030001,0
                102.062793013,16.2355701650001,0
                102.062737019,16.2357164590001,0
                102.062728695,16.2357401240001,0
                102.062677588,16.235885395,0
                102.062619185,16.2359850070001,0
                102.062545866,16.2360891930001,0
                102.062403121,16.23620198,0
                102.06230817,16.23626283,0
                102.062094342,16.236329203,0
                102.0617961,16.2364135340001,0
                102.061662127,16.236435586,0
                102.061555762,16.236431721,0
                102.061407796,16.236396196,0
                102.061143264,16.236334486,0
                102.061092404,16.2364024130001,0
                102.061051993,16.2365071080001,0
                102.061035832,16.2365504900001,0
                102.061035576,16.236551736,0
                102.061020837,16.2366235440001,0
                102.061021091,16.2366350200001,0
                102.060992801,16.236780991,0
                102.060928293,16.236905807,0
                102.060842623,16.236995409,0
                102.060735407,16.2370754,0
                102.060618728,16.237143621,0
                102.060357149,16.237233111,0
                102.060268921,16.2372657930001,0
                102.060099339,16.2373286110001,0
                102.060088831,16.2373343240001,0
                102.059976413,16.237395442,0
                102.059905578,16.237459641,0
                102.059851607,16.2375240750001,0
                102.059803998,16.237646796,0
                102.059780447,16.237772179,0
                102.059758416,16.237860998,0
                102.059752249,16.237885858,0
                102.059721782,16.237990193,0
                102.059669701,16.238089573,0
                102.059581585,16.2381814680001,0
                102.059431002,16.2382608570001,0
                102.059187071,16.238460004,0
                102.059117801,16.2385305330001,0
                102.059030414,16.2386299190001,0
                102.058970836,16.238741013,0
                102.058928495,16.238833545,0
                102.058908608,16.238965324,0
                102.05890711,16.238975253,0
                102.058901042,16.2390932180001,0
                102.058886403,16.239233368,0
                102.058879304,16.239325884,0
                102.058873829,16.239345186,0
                102.058867322,16.239382092,0
                102.05885947,16.2394072700001,0
                102.058831897,16.2394956700001,0
                102.058754824,16.2396552280001,0
                102.058655823,16.239830779,0
                102.058584223,16.239946182,0
                102.058539472,16.2400386800001,0
                102.058514099,16.240124462,0
                102.058471847,16.2403729660001,0
                102.058348827,16.2410535830001,0
                102.058339206,16.2411313150001,0
                102.058332876,16.241192336,0
                102.058310024,16.241270587,0
                102.058276434,16.2413417060001,0
                102.058190001,16.241441771,0
                102.058136567,16.241521968,0
                102.058092027,16.241588818,0
                102.057959148,16.2417737910001,0
                102.057853945,16.2419207360001,0
                102.05776586,16.242010303,0
                102.057670118,16.242116067,0
                102.057620696,16.242170662,0
                102.057587469,16.2422173410001,0
                102.057566866,16.2422659430001,0
                102.057547523,16.242351226,0
                102.057511622,16.2425096640001,0
                102.057506902,16.242530496,0
                102.057460677,16.2427219090001,0
                102.057394619,16.242886888,0
                102.057348052,16.24300319,0
                102.05731531,16.243079559,0
                102.057304397,16.2431050120001,0
                102.057303048,16.243112562,0
                102.057309704,16.2431510660001,0
                102.057321936,16.2431791710001,0
                102.057345003,16.2432085020001,0
                102.057353865,16.243219771,0
                102.057383933,16.2432638380001,0
                102.05739601,16.2433024170001,0
                102.057393658,16.243339049,0
                102.057350513,16.243444954,0
                102.0573337,16.243479585,0
                102.057272204,16.2436062410001,0
                102.057195697,16.243739071,0
                102.057106229,16.243841101,0
                102.056952128,16.2440389330001,0
                102.056754536,16.244274724,0
                102.056637749,16.244398162,0
                102.056587946,16.2444604250001,0
                102.056551423,16.2445060850001,0
                102.0565364,16.244528793,0
                102.05653101,16.2445374700001,0
                102.056529082,16.244541273,0
                102.056520745,16.2445577120001,0
                102.056492106,16.2446489820001,0
                102.056481254,16.244696075,0
                102.05645952,16.244842669,0
                102.056457959,16.244947573,0
                102.056469678,16.2450358730001,0
                102.056483227,16.2450934710001,0
                102.056496013,16.2451258790001,0
                102.056547207,16.245204062,0
                102.056641067,16.245321168,0
                102.056659543,16.2453417460001,0
                102.056669535,16.245356687,0
                102.056689293,16.245386228,0
                102.056691229,16.245397434,0
                102.056697293,16.245432507,0
                102.056687106,16.245533095,0
                102.05664281,16.245728953,0
                102.056607607,16.245884598,0
                102.056576984,16.246021344,0
                102.056556328,16.2461461410001,0
                102.056542642,16.24619002,0
                102.056516368,16.2462329910001,0
                102.056203295,16.2465717850001,0
                102.055590604,16.247264375,0
                102.055535117,16.247330235,0
                102.055042723,16.2480448630001,0
                102.055019309,16.2480979580001,0
                102.054975282,16.2482018050001,0
                102.054924649,16.2483375470001,0
                102.054699775,16.2489576400001,0
                102.054662103,16.2490225780001,0
                102.054305723,16.2495170190001,0
                102.054296129,16.2495315790001,0
                102.054281918,16.2495554490001,0
                102.054028386,16.2500252130001,0
                102.053862335,16.250291587,0
                102.053120611,16.251481429,0
                102.053771237,16.251855048,0
                102.055324341,16.2525459230001,0
                102.055426618,16.2525692130001,0
                102.05553538,16.2525762600001,0
                102.055710421,16.252586052,0
                102.057030561,16.252567019,0
                102.05829331,16.252416731,0
                102.05941433,16.2519385470001,0
                102.060831172,16.251357297,0
                102.064279869,16.251014303,0
                102.067888231,16.251067586,0
                102.068617908,16.251078353,0
                102.07002587,16.2510991230001,0
                102.0704283,16.251090074,0
                102.070753833,16.251082754,0
                102.075129219,16.250984322,0
                102.079313305,16.251385602,0
                102.084262971,16.2521944280001,0
                102.084881366,16.252413113,0
                102.088013159,16.2539049110001,0
                102.089729043,16.255097961,0
                102.091419179,16.2562514360001,0
                102.091485214,16.256296504,0
                102.091551043,16.2563707150001,0
                102.091569617,16.256488258,0
                102.091580055,16.256554319,0
                102.091508219,16.2567946630001,0
                102.091443258,16.25694624,0
                102.091419052,16.2570027190001,0
                102.091193349,16.2572846420001,0
                102.091192416,16.2572858070001,0
                102.090962037,16.2576397170001,0
                102.090737119,16.2580363160001,0
                102.090650882,16.2581971020001,0
                102.090683328,16.258391208,0
                102.090627456,16.258578593,0
                102.09055088,16.2587108010001,0
                102.090537444,16.2587340000001,0
                102.090399975,16.258808942,0
                102.09027055,16.2588618030001,0
                102.090245568,16.258872006,0
                102.090104163,16.2592141370001,0
                102.0900086,16.259620548,0
                102.089766212,16.259889604,0
                102.08970226,16.259960592,0
                102.089290944,16.260111308,0
                102.08896231,16.260185517,0
                102.08893924,16.2603805200001,0
                102.088935982,16.260408066,0
                102.089003246,16.2604938590001,0
                102.089025402,16.2605221170001,0
                102.089070512,16.260579652,0
                102.089100392,16.260709707,0
                102.089147731,16.2609157590001,0
                102.089224493,16.261212804,0
                102.089326476,16.26160745,0
                102.089287284,16.261787391,0
                102.089263872,16.261796793,0
                102.089063176,16.261877392,0
                102.088590707,16.261903756,0
                102.088500762,16.2619287140001,0
                102.088231811,16.262003344,0
                102.088088204,16.2620431930001,0
                102.087936596,16.262193966,0
                102.087869357,16.2622608360001,0
                102.087767991,16.2623616440001,0
                102.087686595,16.26262546,0
                102.087678453,16.2626518500001,0
                102.087527328,16.262993845,0
                102.087329082,16.26313873,0
                102.087222154,16.263220469,0
                102.087101108,16.2633130020001,0
                102.087050071,16.263385452,0
                102.086978908,16.26348647,0
                102.086839555,16.2635529880001,0
                102.086801967,16.2635489480001,0
                102.086671302,16.263534903,0
                102.086628593,16.2635303120001,0
                102.086580389,16.2635133970001,0
                102.086231185,16.263390858,0
                102.085994905,16.263275546,0
                102.085859406,16.263239845,0
                102.08572409,16.2632102430001,0
                102.085627358,16.263211369,0
                102.085624871,16.2632113980001,0
                102.085588463,16.2632232490001,0
                102.085491086,16.2632549460001,0
                102.085406434,16.2632930020001,0
                102.085324789,16.263378742,0
                102.085301616,16.2634107920001,0
                102.085268825,16.263456143,0
                102.085234909,16.2635520970001,0
                102.085230683,16.263564053,0
                102.085229763,16.2635877450001,0
                102.085226473,16.2636724280001,0
                102.085240371,16.263760728,0
                102.085240793,16.263763408,0
                102.085243533,16.2637675030001,0
                102.085271444,16.26380922,0
                102.085321484,16.263842449,0
                102.085325734,16.263845272,0
                102.085366293,16.2638606040001,0
                102.085408812,16.2638766760001,0
                102.085415716,16.263880639,0
                102.085512358,16.2639361020001,0
                102.08558481,16.26397997,0
                102.085593778,16.264007249,0
                102.085604797,16.2640407660001,0
                102.085605056,16.2640655390001,0
                102.085605246,16.2640835350001,0
                102.085605881,16.2641441700001,0
                102.085590858,16.264277615,0
                102.085547235,16.2644031,0
                102.085488362,16.264500635,0
                102.085408979,16.264572672,0
                102.085330154,16.26460689,0
                102.085235931,16.2646232450001,0
                102.085129028,16.264614207,0
                102.085035512,16.264582659,0
                102.084921858,16.2645003970001,0
                102.084903804,16.2644874590001,0
                102.084857276,16.2644541170001,0
                102.084818236,16.264446014,0
                102.084758204,16.264445187,0
                102.084708048,16.264465365,0
                102.084679418,16.264476883,0
                102.084586985,16.2645487400001,0
                102.084528557,16.2646160210001,0
                102.084518095,16.2646384620001,0
                102.084493509,16.2646911900001,0
                102.084492429,16.264764304,0
                102.084492153,16.2647690850001,0
                102.084478377,16.2650087170001,0
                102.084465665,16.265162366,0
                102.084435353,16.265270382,0
                102.084368165,16.2654005850001,0
                102.084314809,16.2654780230001,0
                102.084245865,16.265550203,0
                102.084174536,16.2656072190001,0
                102.084030946,16.265784281,0
                102.084019756,16.2657971530001,0
                102.083948618,16.265878973,0
                102.083871301,16.265943473,0
                102.083853463,16.2659583560001,0
                102.083827548,16.2659743470001,0
                102.083737537,16.266029888,0
                102.083687237,16.2660771070001,0
                102.083668586,16.2661195160001,0
                102.08367486,16.2662080650001,0
                102.08369742,16.2662714190001,0
                102.083716333,16.266311237,0
                102.083722739,16.2663247240001,0
                102.08375025,16.2663549530001,0
                102.083771549,16.2663783520001,0
                102.083833634,16.266417033,0
                102.08388222,16.26648579,0
                102.083928085,16.266562074,0
                102.083935039,16.26658194,0
                102.083958979,16.266650339,0
                102.083957775,16.2666642990001,0
                102.083955936,16.266685614,0
                102.083950578,16.266747729,0
                102.083928655,16.266818034,0
                102.083876185,16.266910551,0
                102.083864323,16.2669314660001,0
                102.083808832,16.267024785,0
                102.083775084,16.2670815380001,0
                102.083675206,16.2672449140001,0
                102.083613758,16.2673987310001,0
                102.083532824,16.267693497,0
                102.083513685,16.2678109130001,0
                102.083523082,16.2678816490001,0
                102.083557139,16.267932554,0
                102.083611879,16.2679971920001,0
                102.083642157,16.2680682170001,0
                102.083657571,16.26820292,0
                102.083639376,16.268256466,0
                102.083614418,16.2682964690001,0
                102.083558338,16.268322595,0
                102.083467356,16.268354963,0
                102.083319798,16.2684470730001,0
                102.08320255,16.2685115350001,0
                102.083200477,16.268512674,0
                102.08313807,16.2685357940001,0
                102.083077975,16.2685580560001,0
                102.082914206,16.2685692480001,0
                102.082746864,16.268572089,0
                102.082592073,16.26857941,0
                102.082507728,16.268589596,0
                102.082418965,16.268633762,0
                102.082301592,16.2687162890001,0
                102.082300251,16.268717232,0
                102.082234531,16.268791976,0
                102.082204299,16.268850189,0
                102.08220242,16.26889585,0
                102.08220872,16.2689485970001,0
                102.082217698,16.2690035680001,0
                102.082223797,16.26903065,0
                102.082236072,16.2690851460001,0
                102.082244657,16.2691665900001,0
                102.082235597,16.2692496810001,0
                102.082211155,16.269313648,0
                102.082165486,16.2693565170001,0
                102.082110171,16.269389796,0
                102.082048022,16.269405251,0
                102.082045318,16.2694059250001,0
                102.081955128,16.2694141370001,0
                102.081928817,16.269423364,0
                102.081906548,16.269431173,0
                102.081898049,16.2694341530001,0
                102.081893774,16.269438167,0
                102.081870251,16.269460247,0
                102.081862669,16.269500629,0
                102.08186175,16.269505521,0
                102.081866895,16.2695547660001,0
                102.08188197,16.2695946900001,0
                102.081895453,16.2696209690001,0
                102.081918129,16.269665167,0
                102.081930771,16.2697372110001,0
                102.081918187,16.269793774,0
                102.081882111,16.269850015,0
                102.081842343,16.269891074,0
                102.08177324,16.2699298380001,0
                102.081645322,16.269973464,0
                102.081529487,16.269994561,0
                102.081481631,16.2699890270001,0
                102.081475364,16.269988303,0
                102.08145521,16.269985972,0
                102.081392958,16.269958635,0
                102.081338816,16.2699124970001,0
                102.081300418,16.2698609030001,0
                102.081296245,16.2698495600001,0
                102.081285367,16.2698199820001,0
                102.081251477,16.269727839,0
                102.081195737,16.2696628580001,0
                102.081195657,16.269662764,0
                102.081194998,16.269662456,0
                102.081112735,16.269623869,0
                102.081104264,16.2696198950001,0
                102.081098113,16.269618844,0
                102.081032001,16.26960755,0
                102.081016999,16.269607201,0
                102.080832352,16.2696029040001,0
                102.080803688,16.269603074,0
                102.080640449,16.2696040390001,0
                102.080444575,16.269608901,0
                102.080234803,16.26962681,0
                102.080113249,16.2696284150001,0
                102.080105866,16.269628513,0
                102.079954752,16.269630508,0
                102.079864897,16.2696160300001,0
                102.079790984,16.269582858,0
                102.079672407,16.2695027720001,0
                102.079622322,16.269468944,0
                102.079604965,16.269463522,0
                102.079546311,16.2694452000001,0
                102.079481821,16.2694367440001,0
                102.079442669,16.2694362030001,0
                102.079407181,16.2694527350001,0
                102.079373341,16.2694900930001,0
                102.079353827,16.2695370860001,0
                102.079353038,16.269538986,0
                102.079328621,16.26973345,0
                102.079315543,16.2698533780001,0
                102.079310498,16.269899632,0
                102.079278169,16.269967272,0
                102.079248245,16.2700046850001,0
                102.079241351,16.270010158,0
                102.079222489,16.270025133,0
                102.079221976,16.2700254440001,0
                102.079188901,16.270045474,0
                102.079139764,16.2700580330001,0
                102.079086439,16.270060514,0
                102.079045715,16.270062409,0
                102.078984973,16.2700653530001,0
                102.0789692,16.2700735340001,0
                102.078949456,16.270083775,0
                102.078899704,16.270137936,0
                102.07886978,16.2701753470001,0
                102.078836277,16.270190015,0
                102.07882874,16.270190913,0
                102.078779393,16.2701967940001,0
                102.078656008,16.270198873,0
                102.078598806,16.270208236,0
                102.078506836,16.270223291,0
                102.078341669,16.270270182,0
                102.078232661,16.270318489,0
                102.0782175,16.270325207,0
                102.078160169,16.2703622400001,0
                102.078136145,16.270397842,0
                102.078135558,16.2704375500001,0
                102.078161873,16.270511674,0
                102.078171252,16.270576738,0
                102.078172526,16.270585581,0
                102.078172371,16.2705880070001,0
                102.0781714,16.270603146,0
                102.078167435,16.270664943,0
                102.078143406,16.27073139,0
                102.078138853,16.270743983,0
                102.078094498,16.2708303680001,0
                102.07807973,16.270902032,0
                102.078078191,16.2710060310001,0
                102.078099134,16.2711784270001,0
                102.078116053,16.2712259420001,0
                102.078139069,16.2712584120001,0
                102.078177829,16.271285425,0
                102.078226325,16.271312934,0
                102.078263264,16.271333887,0
                102.078297373,16.271374166,0
                102.078324846,16.271406606,0
                102.078373076,16.271478222,0
                102.078422557,16.271551693,0
                102.078483437,16.2716716840001,0
                102.078517219,16.271770497,0
                102.0785345,16.27192582,0
                102.078527396,16.272008939,0
                102.078516796,16.2720636380001,0
                102.078494479,16.272095614,0
                102.078453143,16.272130847,0
                102.078399531,16.2721811710001,0
                102.078332132,16.272236977,0
                102.078258943,16.2722870310001,0
                102.077801663,16.2724906450001,0
                102.077732781,16.2725142800001,0
                102.077691671,16.272513712,0
                102.077641108,16.2724903180001,0
                102.077606679,16.2724534600001,0
                102.077590994,16.2724366690001,0
                102.077533694,16.2723394230001,0
                102.077496918,16.272310546,0
                102.077491837,16.2723082800001,0
                102.077444398,16.272287125,0
                102.077356359,16.2722821260001,0
                102.077256492,16.272282637,0
                102.077168147,16.2722984380001,0
                102.07712657,16.2723104900001,0
                102.07709342,16.272320101,0
                102.07703016,16.272360834,0
                102.077002066,16.2723901320001,0
                102.076976463,16.2724168300001,0
                102.076965097,16.2724630980001,0
                102.076963962,16.2724677210001,0
                102.076972965,16.272520802,0
                102.076984347,16.2725455460001,0
                102.07702118,16.272575514,0
                102.077026911,16.2725801770001,0
                102.077098924,16.2726095410001,0
                102.077105696,16.272612709,0
                102.077215597,16.2726641090001,0
                102.077296865,16.2727295350001,0
                102.07731991,16.2727601130001,0
                102.07733104,16.2728018760001,0
                102.077338003,16.272860602,0
                102.077351285,16.272889154,0
                102.077374441,16.2729121690001,0
                102.077406065,16.27292742,0
                102.077426933,16.272937482,0
                102.077465778,16.2729588220001,0
                102.077480991,16.272989292,0
                102.077485562,16.273006445,0
                102.077497686,16.2730519350001,0
                102.077510353,16.273180547,0
                102.077511302,16.273190186,0
                102.07750073,16.2732429970001,0
                102.077496367,16.2732495290001,0
                102.077480705,16.2732729800001,0
                102.07745892,16.2732897000001,0
                102.077409558,16.2733173870001,0
                102.077374776,16.2733240850001,0
                102.077354576,16.273327975,0
                102.077339977,16.273325889,0
                102.07726665,16.273315413,0
                102.077256794,16.273314794,0
                102.077112108,16.273305712,0
                102.077005563,16.273312273,0
                102.076986679,16.273313435,0
                102.076876771,16.273330829,0
                102.076770581,16.2733615120001,0
                102.076622777,16.2734256640001,0
                102.07658095,16.2734536570001,0
                102.076548113,16.273475633,0
                102.076539715,16.273481254,0
                102.076522462,16.2735040800001,0
                102.076505763,16.2735261760001,0
                102.076484688,16.273592907,0
                102.076483164,16.273597732,0
                102.076483662,16.273612691,0
                102.076484234,16.273629815,0
                102.076485875,16.2736790930001,0
                102.07649593,16.2737463300001,0
                102.076498346,16.2737624820001,0
                102.076527038,16.273808268,0
                102.076540845,16.2738234650001,0
                102.076580984,16.2738676440001,0
                102.076631322,16.273906164,0
                102.076726848,16.2739580520001,0
                102.07677707,16.2739903660001,0
                102.076884859,16.27404354,0
                102.076931919,16.2740667570001,0
                102.076999948,16.274087826,0
                102.07703762,16.2740975200001,0
                102.077062912,16.27409794,0
                102.077088958,16.27409441,0
                102.077107148,16.2740849840001,0
                102.077114318,16.2740802880001,0
                102.077132491,16.2740614740001,0
                102.077167769,16.274022357,0
                102.077191951,16.2740038850001,0
                102.077216219,16.2739909260001,0
                102.077247097,16.2739833860001,0
                102.077293481,16.2739764080001,0
                102.077395318,16.2739686240001,0
                102.077424675,16.2739681960001,0
                102.077441071,16.2739734730001,0
                102.077457564,16.27398505,0
                102.077470796,16.273996675,0
                102.077480889,16.274016224,0
                102.077483705,16.2740398190001,0
                102.077483442,16.2740752760001,0
                102.077477533,16.274114754,0
                102.077455198,16.274199379,0
                102.07741499,16.274291808,0
                102.077413465,16.2742953160001,0
                102.077323792,16.274507763,0
                102.077307675,16.274560953,0
                102.077297417,16.2745948100001,0
                102.077288209,16.2746319720001,0
                102.077285512,16.2746682530001,0
                102.077284569,16.274712386,0
                102.077287581,16.2747485840001,0
                102.077295522,16.274787072,0
                102.077306639,16.2748244750001,0
                102.077306713,16.2748247260001,0
                102.077330407,16.2748795300001,0
                102.077351531,16.2749264940001,0
                102.077362685,16.274961784,0
                102.077367328,16.274997958,0
                102.077368733,16.275035754,0
                102.077369311,16.2750727750001,0
                102.077352115,16.275173081,0
                102.077334243,16.2752300660001,0
                102.077314434,16.275267383,0
                102.077287187,16.2752985060001,0
                102.077255763,16.275323386,0
                102.077208055,16.2753500800001,0
                102.077143222,16.275377022,0
                102.077096206,16.275395826,0
                102.077064647,16.275412042,0
                102.077040453,16.2754297280001,0
                102.077021201,16.2754504910001,0
                102.077019362,16.2754540380001,0
                102.077010907,16.2754703370001,0
                102.077004739,16.275493275,0
                102.077001129,16.2755232650001,0
                102.077000854,16.2755579350001,0
                102.077003866,16.275594131,0
                102.077008704,16.2756429080001,0
                102.077013384,16.275681444,0
                102.077013085,16.275714538,0
                102.077008855,16.2757571440001,0
                102.077004761,16.275808413,0
                102.077004678,16.2758161030001,0
                102.077004345,16.2758471220001,0
                102.077008384,16.2758706990001,0
                102.07701359,16.275890713,0
                102.077025579,16.275914174,0
                102.077038143,16.2759352630001,0
                102.077058083,16.2759586080001,0
                102.07708414,16.2759818650001,0
                102.077121826,16.2760055420001,0
                102.077144686,16.276019982,0
                102.077183761,16.276054275,0
                102.077226627,16.276096195,0
                102.077257186,16.276133567,0
                102.077273047,16.276156873,0
                102.077285648,16.276180325,0
                102.07729327,16.2761983340001,0
                102.077298729,16.276234496,0
                102.077300307,16.2763356620001,0
                102.077300351,16.2763384680001,0
                102.077302424,16.2763668000001,0
                102.077311849,16.276395813,0
                102.077323634,16.2764192770001,0
                102.077326037,16.276424293,0
                102.077337125,16.2764474430001,0
                102.077422804,16.2765541310001,0
                102.07743538,16.2765760080001,0
                102.077451145,16.2765931110001,0
                102.077471778,16.276608568,0
                102.077521989,16.276637775,0
                102.077540102,16.276648542,0
                102.077551728,16.276661765,0
                102.077570902,16.276688273,0
                102.07758695,16.2767234930001,0
                102.077600784,16.2767737140001,0
                102.077607897,16.276811427,0
                102.07762335,16.276860836,0
                102.077631023,16.276881996,0
                102.077645217,16.276903061,0
                102.077662601,16.276919353,0
                102.077681529,16.2769301070001,0
                102.077709403,16.276939156,0
                102.077737983,16.2769411030001,0
                102.077780327,16.276936548,0
                102.077890988,16.27691918,0
                102.07796909,16.2769062250001,0
                102.077989478,16.2769059290001,0
                102.078014832,16.276910286,0
                102.078043497,16.2769177480001,0
                102.078074695,16.2769306860001,0
                102.078104384,16.2769515270001,0
                102.078136779,16.2769888720001,0
                102.078158951,16.277025961,0
                102.078205479,16.2771037960001,0
                102.078210519,16.277112228,0
                102.07821802,16.2771247740001,0
                102.078243234,16.277172466,0
                102.078246816,16.2771928970001,0
                102.078247951,16.277213365,0
                102.078244292,16.2772402050001,0
                102.078235862,16.277274993,0
                102.078209315,16.277351013,0
                102.078161575,16.2774498580001,0
                102.078120028,16.2775358800001,0
                102.078080581,16.2776215420001,0
                102.078067075,16.2776445860001,0
                102.077982554,16.277716723,0
                102.07796319,16.277730397,0
                102.077943754,16.277739347,0
                102.077657641,16.277856174,0
                102.077571801,16.277896028,0
                102.077544283,16.277909822,0
                102.077475581,16.277950214,0
                102.077425567,16.277983249,0
                102.07741674,16.2779895150001,0
                102.077392026,16.278008782,0
                102.077369553,16.2780322200001,0
                102.077353603,16.2780555630001,0
                102.077339877,16.2780820240001,0
                102.077331979,16.278107687,0
                102.077323315,16.278135838,0
                102.077310628,16.278159133,0
                102.077297826,16.2781750770001,0
                102.077225827,16.2782307480001,0
                102.077191344,16.2782512090001,0
                102.077154653,16.278269601,0
                102.077067054,16.2783013390001,0
                102.077019845,16.278315562,0
                102.077019425,16.2783156890001,0
                102.076995766,16.2783328400001,0
                102.076977625,16.2783551640001,0
                102.076975235,16.2783617650001,0
                102.076970198,16.2783756790001,0
                102.076966156,16.2783868450001,0
                102.076965887,16.278389481,0
                102.076964444,16.2784036460001,0
                102.076964914,16.2784337640001,0
                102.076974312,16.2784784470001,0
                102.077024514,16.278628983,0
                102.077030794,16.2786597050001,0
                102.077034305,16.2786988710001,0
                102.077014683,16.2788266150001,0
                102.077009293,16.278861706,0
                102.076995473,16.278905326,0
                102.076977238,16.2789448090001,0
                102.076955883,16.278970331,0
                102.076924317,16.2789918,0
                102.076891168,16.279004888,0
                102.076846422,16.2790181450001,0
                102.076800116,16.279024421,0
                102.076752229,16.2790223160001,0
                102.076685321,16.279009284,0
                102.076609113,16.2789832760001,0
                102.076527871,16.278955551,0
                102.076430058,16.278913555,0
                102.076386303,16.2788973850001,0
                102.0763485,16.278890932,0
                102.076302063,16.2788888060001,0
                102.076239723,16.2788897130001,0
                102.076168836,16.2789005490001,0
                102.076108207,16.2789182380001,0
                102.07605788,16.2789455820001,0
                102.076029865,16.2789628630001,0
                102.075996318,16.278989677,0
                102.075953444,16.279036741,0
                102.075912404,16.279101767,0
                102.075877624,16.2791961140001,0
                102.075762851,16.2796473810001,0
                102.075690642,16.279945363,0
                102.075630521,16.280181541,0
                102.075573569,16.280342041,0
                102.075555379,16.280379236,0
                102.075535626,16.2804196270001,0
                102.075500363,16.280483168,0
                102.07546352,16.280538327,0
                102.075405192,16.280610607,0
                102.075309432,16.2807002390001,0
                102.075235003,16.2807629490001,0
                102.075150339,16.280820206,0
                102.075044059,16.28088618,0
                102.074941887,16.2809366880001,0
                102.074858345,16.280972918,0
                102.07452218,16.281082854,0
                102.074373549,16.281129836,0
                102.074302836,16.2811518730001,0
                102.074268503,16.2811662300001,0
                102.073903751,16.281318749,0
                102.073455962,16.281524147,0
                102.073409874,16.281544426,0
                102.073408064,16.2815448650001,0
                102.073360756,16.2815563450001,0
                102.073304257,16.2815599680001,0
                102.073253491,16.281559305,0
                102.073206989,16.281552978,0
                102.073145835,16.2815370600001,0
                102.073096237,16.2815181720001,0
                102.072876737,16.2813911060001,0
                102.07281978,16.2813653220001,0
                102.072784854,16.2813574260001,0
                102.072748499,16.281350951,0
                102.072713726,16.2813528570001,0
                102.072677611,16.281361786,0
                102.072651799,16.28138037,0
                102.072643449,16.2814029,0
                102.072643995,16.281437908,0
                102.072701216,16.281666778,0
                102.072707953,16.2817269060001,0
                102.07270997,16.281763293,0
                102.072699026,16.281805472,0
                102.072673585,16.281847859,0
                102.072630636,16.2818835,0
                102.072587512,16.281907937,0
                102.072537032,16.2819254780001,0
                102.072504185,16.2819337780001,0
                102.072454698,16.281946283,0
                102.072380954,16.281959961,0
                102.072265122,16.281971449,0
                102.072147876,16.281976188,0
                102.072102808,16.2819780090001,0
                102.071965142,16.2819842120001,0
                102.071686888,16.281995259,0
                102.071381305,16.2820207090001,0
                102.071300247,16.28203029,0
                102.071232303,16.282043883,0
                102.071187598,16.2820599390001,0
                102.071140081,16.2820816400001,0
                102.071097002,16.282108877,0
                102.071054096,16.2821473170001,0
                102.071012968,16.282206741,0
                102.070952413,16.282322471,0
                102.070922884,16.282381726,0
                102.07090021,16.282415671,0
                102.070863038,16.2824498260001,0
                102.070801682,16.2824960900001,0
                102.070756973,16.2825298010001,0
                102.070653786,16.2826083350001,0
                102.07057797,16.2826752660001,0
                102.070517177,16.282739013,0
                102.070391054,16.282871266,0
                102.070330107,16.282961791,0
                102.070318857,16.2829843650001,0
                102.07031925,16.283009571,0
                102.070326891,16.2830346710001,0
                102.070341826,16.283062466,0
                102.07038314,16.2831080870001,0
                102.07045235,16.2831757120001,0
                102.070489098,16.2832073930001,0
                102.070508512,16.283243526,0
                102.070514965,16.283285452,0
                102.070511183,16.2833219230001,0
                102.070507269,16.2833499920001,0
                102.070489032,16.283389474,0
                102.070454869,16.283430589,0
                102.070383338,16.2834932550001,0
                102.070319033,16.2835544160001,0
                102.070289088,16.2835870650001,0
                102.070260659,16.2836238950001,0
                102.070236775,16.283673263,0
                102.070218274,16.283738901,0
                102.070195548,16.283819527,0
                102.070148435,16.283942543,0
                102.070145382,16.283950514,0
                102.070124114,16.283981636,0
                102.070105615,16.2840043150001,0
                102.07008413,16.2840214340001,0
                102.070059635,16.284031595,0
                102.07003077,16.2840404180001,0
                102.069997467,16.2840437020001,0
                102.069949669,16.2840362690001,0
                102.069948042,16.2840360170001,0
                102.069879573,16.284016002,0
                102.069812402,16.2839861640001,0
                102.069679291,16.283912464,0
                102.069467169,16.28379369,0
                102.069421919,16.283774739,0
                102.069379656,16.2837613450001,0
                102.069323048,16.2837579660001,0
                102.069291101,16.283759495,0
                102.069281024,16.283759977,0
                102.069244888,16.2837675050001,0
                102.069210419,16.283789014,0
                102.069186077,16.283808976,0
                102.069166216,16.283837278,0
                102.069147847,16.2838683580001,0
                102.069139519,16.2838922890001,0
                102.069133032,16.2839414060001,0
                102.069129599,16.284000281,0
                102.069129043,16.2840577160001,0
                102.069135626,16.2841080420001,0
                102.069152447,16.284163823,0
                102.069197947,16.2842920200001,0
                102.069214702,16.2843436000001,0
                102.069222539,16.284381303,0
                102.069219149,16.2844429790001,0
                102.069214926,16.2844645640001,0
                102.069207059,16.2845047820001,0
                102.069156784,16.2846287670001,0
                102.069092667,16.2847495730001,0
                102.069072524,16.2847875250001,0
                102.069084914,16.2848083210001,0
                102.069143394,16.284912085,0
                102.069151999,16.2849307000001,0
                102.069156004,16.284939363,0
                102.069182679,16.2850004370001,0
                102.069190201,16.2850487110001,0
                102.069186689,16.285084069,0
                102.069172329,16.285118277,0
                102.069151016,16.2851408170001,0
                102.069126856,16.2851542450001,0
                102.06909447,16.2851612530001,0
                102.069068711,16.2851590110001,0
                102.069012846,16.285136285,0
                102.068991335,16.2851269380001,0
                102.068948778,16.285108447,0
                102.068920189,16.2850984,0
                102.068879581,16.2850989900001,0
                102.06884857,16.285107286,0
                102.06881766,16.28512212,0
                102.068718388,16.2851810980001,0
                102.068629965,16.285241227,0
                102.068546733,16.285286897,0
                102.068499642,16.285305888,0
                102.068460529,16.2853156090001,0
                102.068425315,16.2853148130001,0
                102.068388666,16.285308807,0
                102.068370932,16.28529869,0
                102.068358353,16.2852828320001,0
                102.068352881,16.2852714040001,0
                102.068341604,16.2852427990001,0
                102.068339803,16.2852140570001,0
                102.068344799,16.2851973030001,0
                102.06836004,16.285172942,0
                102.068471678,16.285064516,0
                102.068514197,16.28502322,0
                102.068550154,16.284984776,0
                102.068568637,16.28495443,0
                102.068580209,16.2849150320001,0
                102.06858083,16.2848679470001,0
                102.068562355,16.2847842480001,0
                102.068557524,16.2847623640001,0
                102.068537657,16.2847038080001,0
                102.068524159,16.284684095,0
                102.06850198,16.284663628,0
                102.068486801,16.284654855,0
                102.068471418,16.2846473170001,0
                102.068452268,16.2846425990001,0
                102.068425705,16.284643972,0
                102.06839875,16.2846539650001,0
                102.068369931,16.284672222,0
                102.068345241,16.284693524,0
                102.068082852,16.2849138760001,0
                102.068077939,16.2849173450001,0
                102.0680581,16.284931354,0
                102.067991918,16.284970674,0
                102.067968285,16.2849785170001,0
                102.067936593,16.2849890360001,0
                102.06788563,16.285000961,0
                102.067883472,16.2850012530001,0
                102.06780997,16.2850112130001,0
                102.06774635,16.285012136,0
                102.067700344,16.2850064680001,0
                102.067689377,16.285005117,0
                102.067623915,16.2849746840001,0
                102.067611783,16.2849649410001,0
                102.067575928,16.28493615,0
                102.067515168,16.2848598790001,0
                102.067388572,16.2846420280001,0
                102.067334683,16.2845721950001,0
                102.067293362,16.284527026,0
                102.067252306,16.2844988530001,0
                102.067171731,16.284454254,0
                102.067088673,16.2844240750001,0
                102.067039719,16.2844104010001,0
                102.066942076,16.28440005,0
                102.066828372,16.2844016990001,0
                102.066694751,16.284428484,0
                102.066503412,16.2844874900001,0
                102.066414542,16.284518856,0
                102.066378136,16.2845285380001,0
                102.066355084,16.284526257,0
                102.066330556,16.284516151,0
                102.066310008,16.284500758,0
                102.066292024,16.284476173,0
                102.066290183,16.284444815,0
                102.066296361,16.284406803,0
                102.066349419,16.284249113,0
                102.066361797,16.284174395,0
                102.06636254,16.2841351550001,0
                102.066358266,16.284112486,0
                102.066340906,16.2840813620001,0
                102.066333098,16.2840701980001,0
                102.066304164,16.284037927,0
                102.06626721,16.284012309,0
                102.066229146,16.2840024000001,0
                102.066191204,16.284000334,0
                102.066157546,16.2840125920001,0
                102.066130739,16.2840299800001,0
                102.066109407,16.2840512130001,0
                102.066067046,16.2841132880001,0
                102.066032625,16.284163479,0
                102.066011252,16.284182097,0
                102.065975049,16.2842048520001,0
                102.065914544,16.2842318830001,0
                102.065841794,16.2842551690001,0
                102.065813531,16.284265433,0
                102.06579959,16.284270497,0
                102.065789288,16.284274238,0
                102.065778162,16.284281075,0
                102.065759817,16.2842923490001,0
                102.065754419,16.284295667,0
                102.065731814,16.2843221480001,0
                102.065710745,16.2843603760001,0
                102.065692766,16.284418574,0
                102.065689997,16.2844275360001,0
                102.065688832,16.2844313090001,0
                102.065680211,16.2844863560001,0
                102.065678501,16.284505433,0
                102.065673288,16.284563609,0
                102.065685209,16.28483091,0
                102.06568576,16.2848432700001,0
                102.06568653,16.2848465340001,0
                102.065695907,16.2848862760001,0
                102.065708475,16.28491094,0
                102.065721693,16.284922442,0
                102.06572769,16.2849276600001,0
                102.065738257,16.28492965,0
                102.06575349,16.2849325170001,0
                102.065785978,16.2849320460001,0
                102.065803929,16.2849271420001,0
                102.065826423,16.2849209980001,0
                102.06586402,16.2849008370001,0
                102.065901555,16.284876754,0
                102.065947009,16.2848394800001,0
                102.065997775,16.28479559,0
                102.066025978,16.2847807970001,0
                102.066050221,16.2847726000001,0
                102.066073293,16.284776188,0
                102.066088366,16.284787738,0
                102.066094146,16.2848111920001,0
                102.066094838,16.2848556430001,0
                102.066083184,16.284889811,0
                102.06606068,16.28492283,0
                102.066016702,16.2849679290001,0
                102.065965834,16.285005282,0
                102.065862683,16.2850760850001,0
                102.065833127,16.285090898,0
                102.065813047,16.2851055740001,0
                102.065803917,16.285127936,0
                102.065796242,16.285156817,0
                102.065791051,16.285202085,0
                102.065777166,16.285323168,0
                102.065757899,16.2853901390001,0
                102.065733055,16.2854467290001,0
                102.065709218,16.2854810740001,0
                102.065674512,16.285512962,0
                102.065661019,16.2855215320001,0
                102.065630269,16.2855410650001,0
                102.06558453,16.285560036,0
                102.065532547,16.2855740140001,0
                102.06552229,16.285575604,0
                102.065468464,16.28558395,0
                102.065427937,16.285589768,0
                102.065390177,16.28559947,0
                102.06535053,16.2856128760001,0
                102.065322483,16.2856254710001,0
                102.065315177,16.28562944,0
                102.065274031,16.285649,0
                102.065243547,16.2856604420001,0
                102.065200435,16.285674144,0
                102.065154533,16.2856826560001,0
                102.065069458,16.285696967,0
                102.06497216,16.2857088390001,0
                102.064918137,16.285717468,0
                102.064870922,16.285728615,0
                102.064821123,16.285747644,0
                102.064775425,16.28576923,0
                102.064740678,16.285798503,0
                102.064715426,16.285828945,0
                102.064694398,16.2858697880001,0
                102.064686833,16.2859056950001,0
                102.06468561,16.2859230020001,0
                102.064677354,16.286039868,0
                102.064668522,16.2861648800001,0
                102.064670943,16.2864512250001,0
                102.064677644,16.286490359,0
                102.064684299,16.2865265500001,0
                102.064694924,16.2865568,0
                102.064705518,16.286585088,0
                102.064727417,16.2866220390001,0
                102.064784444,16.286697711,0
                102.064793993,16.2867240530001,0
                102.064798327,16.286741643,0
                102.064796602,16.286761283,0
                102.064788846,16.286784934,0
                102.064775938,16.286803756,0
                102.064757892,16.2868187290001,0
                102.06473774,16.2868288290001,0
                102.064699268,16.2868362520001,0
                102.064666782,16.286836723,0
                102.064624065,16.286832439,0
                102.064594532,16.286826983,0
                102.064502812,16.286793082,0
                102.064497507,16.286791121,0
                102.064458702,16.2867743690001,0
                102.064365866,16.2867440860001,0
                102.064356613,16.2867421650001,0
                102.064288334,16.2867264820001,0
                102.064236374,16.286715466,0
                102.064190644,16.286713188,0
                102.064125608,16.2867102070001,0
                102.064047561,16.286714831,0
                102.06401604,16.2867167000001,0
                102.063940036,16.286726629,0
                102.063897518,16.286735091,0
                102.06387429,16.2867432740001,0
                102.063858199,16.2867533150001,0
                102.063845229,16.2867682140001,0
                102.063837367,16.2867850010001,0
                102.063837298,16.28678638,0
                102.063836596,16.286800704,0
                102.0638389,16.286818324,0
                102.063846265,16.28683489,0
                102.063862769,16.2868513240001,0
                102.063909911,16.286879082,0
                102.063972236,16.286903679,0
                102.063979859,16.2869059930001,0
                102.064093518,16.286940508,0
                102.064138821,16.286959392,0
                102.064170945,16.2869795030001,0
                102.064192314,16.286992879,0
                102.064261836,16.2870459910001,0
                102.064331305,16.28710274,0
                102.064370966,16.2871444200001,0
                102.064374574,16.287148211,0
                102.064387985,16.287175077,0
                102.064397614,16.287203102,0
                102.064405103,16.287234729,0
                102.064409426,16.287252987,0
                102.064410302,16.2872820750001,0
                102.064411106,16.2873087940001,0
                102.064409987,16.2873203030001,0
                102.064397754,16.287385434,0
                102.064349648,16.2876005910001,0
                102.064298612,16.287801405,0
                102.064273767,16.287857995,0
                102.06424997,16.2878949550001,0
                102.064223487,16.287933262,0
                102.064195589,16.287967666,0
                102.064166236,16.287995553,0
                102.064130054,16.288019616,0
                102.06410585,16.2880304280001,0
                102.064055867,16.2880376910001,0
                102.063996368,16.288042477,0
                102.063794614,16.2880414790001,0
                102.063676868,16.2880444950001,0
                102.063636299,16.2880476980001,0
                102.063603954,16.2880573200001,0
                102.063552799,16.2880763700001,0
                102.063509748,16.2880939930001,0
                102.063469484,16.288116808,0
                102.063368029,16.2882098160001,0
                102.063280212,16.2883091640001,0
                102.063252151,16.2883331090001,0
                102.063209302,16.2883638070001,0
                102.063167646,16.2883849250001,0
                102.063095115,16.288421692,0
                102.063054831,16.288443199,0
                102.063026648,16.2884593000001,0
                102.062994527,16.2884833040001,0
                102.062967921,16.2885137660001,0
                102.062946791,16.288548071,0
                102.062943514,16.2885709230001,0
                102.062946713,16.2885969500001,0
                102.062957541,16.2886286300001,0
                102.062974809,16.2886494850001,0
                102.062992303,16.2886591270001,0
                102.063000039,16.2886633910001,0
                102.063026803,16.2886721740001,0
                102.063043611,16.2886751190001,0
                102.063048495,16.288675977,0
                102.063073396,16.2886763230001,0
                102.063077712,16.2886763830001,0
                102.06313101,16.2886725010001,0
                102.063172975,16.288664367,0
                102.063195144,16.2886577100001,0
                102.063300362,16.288626118,0
                102.063341983,16.2886169020001,0
                102.063378991,16.2886149060001,0
                102.063408485,16.2886167070001,0
                102.063453515,16.288628246,0
                102.06347593,16.2886406850001,0
                102.063481993,16.288649138,0
                102.063488231,16.288657834,0
                102.063494182,16.288679745,0
                102.063494844,16.288706308,0
                102.063480509,16.288739102,0
                102.063460611,16.2887655430001,0
                102.063402046,16.2888304680001,0
                102.063356693,16.288874279,0
                102.063328794,16.288908684,0
                102.063309282,16.2889599650001,0
                102.063296538,16.28901115,0
                102.063283976,16.2890741000001,0
                102.063280708,16.289125147,0
                102.063276817,16.2892232790001,0
                102.063278268,16.2894037180001,0
                102.063272028,16.2894378080001,0
                102.063259162,16.2894811470001,0
                102.063230438,16.289549563,0
                102.063182141,16.2896653380001,0
                102.063171698,16.289690336,0
                102.063170608,16.2897073520001,0
                102.063179157,16.2897346880001,0
                102.063197202,16.289763195,0
                102.063219144,16.289781185,0
                102.063249148,16.289795134,0
                102.063277636,16.2897986450001,0
                102.063290143,16.2897974110001,0
                102.063291801,16.289797247,0
                102.063308729,16.2897955780001,0
                102.063315046,16.289793838,0
                102.063343782,16.289785916,0
                102.063365278,16.289775143,0
                102.063439062,16.289736077,0
                102.06350874,16.2896981690001,0
                102.06352516,16.2896892360001,0
                102.063548014,16.28968488,0
                102.063568339,16.289685892,0
                102.06359414,16.289690749,0
                102.063636387,16.289708444,0
                102.063658864,16.289720538,0
                102.063955886,16.2898803470001,0
                102.06398876,16.289904716,0
                102.064010764,16.289926628,0
                102.064027435,16.289953847,0
                102.064042874,16.289988931,0
                102.064071113,16.290150673,0
                102.06407324,16.2902003340001,0
                102.064066857,16.290225272,0
                102.064056374,16.290247655,0
                102.064037666,16.290263618,0
                102.06401615,16.290273084,0
                102.063990451,16.2902747640001,0
                102.063959276,16.290272601,0
                102.063922544,16.2902613640001,0
                102.063742487,16.29017923,0
                102.06371711,16.2901676540001,0
                102.063700273,16.2901599730001,0
                102.063663622,16.290153966,0
                102.063637902,16.290154339,0
                102.063612305,16.290162557,0
                102.06359491,16.2901758850001,0
                102.063583073,16.2901982880001,0
                102.063574004,16.290224573,0
                102.06356924,16.2902664870001,0
                102.063578073,16.290312128,0
                102.063605853,16.2903722230001,0
                102.063606766,16.290374199,0
                102.063611699,16.29038487,0
                102.063640474,16.290440919,0
                102.06365211,16.290468237,0
                102.063656758,16.2904898260001,0
                102.063656181,16.2905081590001,0
                102.06365299,16.2905248640001,0
                102.063646261,16.290535791,0
                102.063632825,16.290544391,0
                102.06362488,16.2905480160001,0
                102.063568459,16.290564648,0
                102.063470007,16.2905896140001,0
                102.06332721,16.2906361460001,0
                102.063263994,16.290663216,0
                102.063226417,16.2906846830001,0
                102.063195628,16.2907073600001,0
                102.06316769,16.29073915,0
                102.063146746,16.290768518,0
                102.063134329,16.290785929,0
                102.063131982,16.2907892210001,0
                102.063120845,16.290811564,0
                102.063104563,16.290859063,0
                102.063094342,16.2908984420001,0
                102.063085903,16.2909652550001,0
                102.063069357,16.2912074160001,0
                102.063072736,16.2912505200001,0
                102.063080093,16.291288336,0
                102.063098423,16.291335147,0
                102.063131764,16.291389585,0
                102.063186131,16.2914559860001,0
                102.063195252,16.2914671250001,0
                102.063211963,16.2914969600001,0
                102.063223158,16.2915203360001,0
                102.063227646,16.291547731,0
                102.063225447,16.291580455,0
                102.0632165,16.2916145840001,0
                102.063216219,16.29161506,0
                102.063199349,16.291643602,0
                102.063178399,16.291665892,0
                102.063069588,16.291744867,0
                102.063029364,16.291770296,0
                102.063001119,16.2917824740001,0
                102.062970067,16.2917881560001,0
                102.062947034,16.2917871810001,0
                102.062922485,16.291775768,0
                102.062903396,16.291751318,0
                102.062891112,16.2917271420001,0
                102.062861612,16.291640757,0
                102.062859355,16.291634147,0
                102.062845269,16.2915990440001,0
                102.062827071,16.2915759260001,0
                102.062825932,16.2915744790001,0
                102.06280409,16.2915630260001,0
                102.062779684,16.291560765,0
                102.06274457,16.2915665040001,0
                102.062714952,16.291577395,0
                102.062686829,16.291597418,0
                102.062682123,16.2916023350001,0
                102.062660183,16.2916252650001,0
                102.062540689,16.29177738,0
                102.062518225,16.291813013,0
                102.062501155,16.2918472600001,0
                102.062490753,16.2918748720001,0
                102.062483037,16.2919011380001,0
                102.062477968,16.2919234410001,0
                102.062478476,16.2919561260001,0
                102.062488775,16.292038356,0
                102.062495479,16.2920918770001,0
                102.062504577,16.2921545140001,0
                102.062504366,16.2921686400001,0
                102.062501893,16.292206347,0
                102.062492381,16.292240997,0
                102.062468766,16.292289725,0
                102.062437173,16.2923477200001,0
                102.062410708,16.2923873340001,0
                102.062381455,16.292421758,0
                102.062327898,16.2924604570001,0
                102.062259388,16.2924954490001,0
                102.06218101,16.2925175940001,0
                102.062156936,16.292524396,0
                102.06208,16.2925398950001,0
                102.062069745,16.292541451,0
                102.061908448,16.292565919,0
                102.061863362,16.2925735900001,0
                102.061823967,16.2925838460001,0
                102.061804643,16.292594885,0
                102.061798896,16.2925982350001,0
                102.061778847,16.292616504,0
                102.061768621,16.292629407,0
                102.061720945,16.292698097,0
                102.061690829,16.292745353,0
                102.061675131,16.2927653730001,0
                102.061630642,16.292811866,0
                102.061587873,16.292847793,0
                102.061538315,16.2928825110001,0
                102.061528878,16.2928874670001,0
                102.06145639,16.2929255440001,0
                102.061410785,16.2929450890001,0
                102.061383759,16.292956673,0
                102.061359616,16.292971407,0
                102.061345051,16.292992542,0
                102.06133592,16.2930149040001,0
                102.061329557,16.29304115,0
                102.061331358,16.2930698930001,0
                102.06134409,16.293105015,0
                102.061363508,16.29313481,0
                102.061393777,16.2931657560001,0
                102.061429298,16.2931861640001,0
                102.061483892,16.2932141420001,0
                102.061528929,16.293237027,0
                102.061582312,16.2932741760001,0
                102.061629068,16.2933205750001,0
                102.061664975,16.293365823,0
                102.06169052,16.293412312,0
                102.061705136,16.293444606,0
                102.061718906,16.293482328,0
                102.061728297,16.2935198660001,0
                102.061736925,16.293610406,0
                102.061733136,16.293715075,0
                102.061716885,16.2939472050001,0
                102.061692698,16.2940810100001,0
                102.061651735,16.2944326030001,0
                102.061652964,16.294462744,0
                102.061659399,16.294484717,0
                102.061668038,16.29450151,0
                102.061681996,16.294517491,0
                102.061703556,16.294532625,0
                102.061835485,16.2945925,0
                102.06190003,16.2946290780001,0
                102.061920818,16.2946434890001,0
                102.06193706,16.2946594360001,0
                102.061951939,16.2946857000001,0
                102.06196459,16.2947156750001,0
                102.061972822,16.294755276,0
                102.061973371,16.294790576,0
                102.061973037,16.2948670800001,0
                102.061972892,16.2949068030001,0
                102.061975565,16.294931773,0
                102.061980244,16.294958799,0
                102.0619893,16.294999352,0
                102.061989946,16.2950022470001,0
                102.062003231,16.2950439000001,0
                102.062029205,16.2950888570001,0
                102.062136463,16.2952529410001,0
                102.062223354,16.295384192,0
                102.062273713,16.2954880770001,0
                102.062302277,16.295583558,0
                102.062317908,16.295660049,0
                102.062321041,16.295745438,0
                102.06232201,16.2960400870001,0
                102.062318248,16.296146499,0
                102.062320703,16.29618831,0
                102.062332183,16.296229989,0
                102.062403319,16.2963928520001,0
                102.062435086,16.2964621350001,0
                102.062455943,16.2965263450001,0
                102.062460339,16.2965768450001,0
                102.062459951,16.2965823380001,0
                102.062457105,16.2966226250001,0
                102.062456571,16.296626239,0
                102.062451563,16.296652464,0
                102.062421505,16.2967222070001,0
                102.062321029,16.2969655840001,0
                102.062297943,16.2970483020001,0
                102.062293016,16.2970797580001,0
                102.062294877,16.2971124220001,0
                102.062304882,16.2971462780001,0
                102.062314866,16.2971788240001,0
                102.062337236,16.297224269,0
                102.062344473,16.29725424,0
                102.062346192,16.2972777530001,0
                102.062341265,16.29730921,0
                102.062310036,16.2973907370001,0
                102.06228297,16.297478745,0
                102.062279356,16.297507566,0
                102.062282408,16.2975297520001,0
                102.062293604,16.2975531280001,0
                102.062318499,16.2975867660001,0
                102.062360306,16.2976304200001,0
                102.062366672,16.297637067,0
                102.062379241,16.2976617310001,0
                102.062383668,16.2976852050001,0
                102.062384447,16.297700391,0
                102.062380309,16.297742812,0
                102.062375371,16.297761171,0
                102.062361212,16.297808452,0
                102.062340366,16.297861062,0
                102.06226946,16.298003319,0
                102.062233784,16.2980600660001,0
                102.06221251,16.2980852200001,0
                102.062178973,16.298105322,0
                102.062141251,16.2981176370001,0
                102.062104844,16.2981273190001,0
                102.062061565,16.298130562,0
                102.062022348,16.2981337460001,0
                102.061995376,16.2981406760001,0
                102.061972606,16.2981566980001,0
                102.061951333,16.298181852,0
                102.061923677,16.2982319450001,0
                102.061917416,16.2982647270001,0
                102.06191655,16.298296124,0
                102.061918371,16.2983261740001,0
                102.061925608,16.2983561460001,0
                102.061943714,16.298388575,0
                102.061972487,16.298410389,0
                102.062010636,16.2984255270001,0
                102.062049954,16.2984288810001,0
                102.062101273,16.29842029,0
                102.062129254,16.2984106230001,0
                102.062160532,16.298399816,0
                102.06223967,16.2983515930001,0
                102.062315856,16.298287719,0
                102.062350829,16.2982728270001,0
                102.062402006,16.298255086,0
                102.06245191,16.2982425930001,0
                102.062496501,16.298236715,0
                102.062543902,16.2982373360001,0
                102.062588676,16.298243225,0
                102.062626702,16.2982505200001,0
                102.062666244,16.2982682530001,0
                102.062771558,16.2983360330001,0
                102.06281686,16.2983759140001,0
                102.062817873,16.2983774900001,0
                102.062837674,16.2984083040001,0
                102.062844931,16.2984395840001,0
                102.06284054,16.298454726,0
                102.062833194,16.2984685230001,0
                102.062823881,16.298479119,0
                102.062802466,16.298495121,0
                102.062771554,16.2985099540001,0
                102.062716397,16.2985329850001,0
                102.062642389,16.2985628270001,0
                102.062602083,16.2985830270001,0
                102.062549373,16.298618666,0
                102.062364914,16.2987433870001,0
                102.062334165,16.298768679,0
                102.062316871,16.298788545,0
                102.062302326,16.298810985,0
                102.062295944,16.2988359240001,0
                102.062294283,16.298865678,0
                102.062293826,16.2988738780001,0
                102.062295843,16.29888062,0
                102.062302395,16.298902522,0
                102.062319026,16.2989271270001,0
                102.062335514,16.2989425800001,0
                102.062362813,16.2989565680001,0
                102.062408961,16.298963746,0
                102.06259327,16.2989741490001,0
                102.062647459,16.298975979,0
                102.062677363,16.298983391,0
                102.062708661,16.298993399,0
                102.062750973,16.2990150150001,0
                102.062798921,16.299050935,0
                102.062847804,16.299088802,0
                102.062884581,16.2991318580001,0
                102.062928822,16.299190498,0
                102.062962442,16.2992567370001,0
                102.062975383,16.2992822310001,0
                102.063015357,16.299365988,0
                102.063020977,16.299382295,0
                102.063040003,16.2994537050001,0
                102.063055884,16.2996237030001,0
                102.063062423,16.299746681,0
                102.063071726,16.2998058320001,0
                102.063082485,16.2998557170001,0
                102.063083682,16.299861268,0
                102.063204053,16.3001716210001,0
                102.063265813,16.3003119540001,0
                102.063301355,16.3003916430001,0
                102.063344116,16.3004712260001,0
                102.063414359,16.300576565,0
                102.063557804,16.300745353,0
                102.063592966,16.3008006370001,0
                102.063633814,16.300873274,0
                102.063680691,16.300986199,0
                102.063732821,16.3012608710001,0
                102.063747912,16.301314834,0
                102.06382315,16.3015838640001,0
                102.063824727,16.3015869770001,0
                102.063842732,16.301653103,0
                102.063867228,16.3017190040001,0
                102.063883852,16.301743173,0
                102.063916776,16.301770591,0
                102.06395312,16.3017857570001,0
                102.063989247,16.3017869760001,0
                102.064063197,16.301782416,0
                102.064529348,16.3017016750001,0
                102.064547016,16.3017010200001,0
                102.06457749,16.301701559,0
                102.064614163,16.3017088730001,0
                102.06464179,16.3017222020001,0
                102.064669569,16.3017453370001,0
                102.064696607,16.301786136,0
                102.064726058,16.30185142,0
                102.064748432,16.3019187670001,0
                102.064763806,16.301993081,0
                102.06477186,16.302053771,0
                102.064773699,16.302106705,0
                102.064769675,16.302174435,0
                102.064763073,16.3022175140001,0
                102.064746628,16.3023248260001,0
                102.064744235,16.3023358670001,0
                102.064721045,16.302442887,0
                102.064713518,16.3024812460001,0
                102.064709945,16.302512682,0
                102.064709495,16.302548976,0
                102.064711385,16.30258344,0
                102.064721512,16.3026251370001,0
                102.064800496,16.302827988,0
                102.064824568,16.3028956380001,0
                102.064826953,16.302907852,0
                102.064837809,16.3029634440001,0
                102.064838141,16.302984785,0
                102.064838623,16.30301574,0
                102.064829635,16.303047255,0
                102.064805797,16.3030816,0
                102.064780381,16.303101584,0
                102.064742741,16.30311913,0
                102.064702331,16.303132793,0
                102.064557867,16.3031597360001,0
                102.064544663,16.3031637240001,0
                102.064521479,16.303170725,0
                102.064490608,16.303188173,0
                102.064474688,16.303209327,0
                102.064457496,16.30323573,0
                102.064398102,16.3035085880001,0
                102.064382569,16.3035545820001,0
                102.064362996,16.303601943,0
                102.064335401,16.303655958,0
                102.064267926,16.303757628,0
                102.064220025,16.303811937,0
                102.064206772,16.303830437,0
                102.064197744,16.3038593370001,0
                102.064195464,16.303886832,0
                102.06419585,16.303911672,0
                102.064203208,16.3039494880001,0
                102.06421465,16.3039885520001,0
                102.064232695,16.304017059,0
                102.064256076,16.3040402570001,0
                102.064287415,16.304052879,0
                102.064326776,16.304058846,0
                102.064370076,16.30405691,0
                102.064406444,16.304044613,0
                102.064438609,16.304023224,0
                102.064481338,16.303984681,0
                102.064525157,16.3039291220001,0
                102.064615036,16.3037878970001,0
                102.064724887,16.303619494,0
                102.064726126,16.3036175940001,0
                102.064748834,16.30359765,0
                102.064779849,16.3035893530001,0
                102.064809631,16.303588921,0
                102.064840889,16.3035963130001,0
                102.064876371,16.3036141060001,0
                102.064950288,16.3036653400001,0
                102.064976426,16.3036886090001,0
                102.064977749,16.3036897870001,0
                102.064994482,16.3037209280001,0
                102.065004427,16.30375086,0
                102.065009876,16.3037819470001,0
                102.065008831,16.303830782,0
                102.064998624,16.3038710320001,0
                102.06497083,16.303941179,0
                102.064897447,16.304061162,0
                102.064894783,16.304064904,0
                102.06483984,16.3041284130001,0
                102.064707177,16.304267242,0
                102.064664837,16.3043174520001,0
                102.064620252,16.304370326,0
                102.064547674,16.304461673,0
                102.064530671,16.304483073,0
                102.064463924,16.3045803740001,0
                102.06444286,16.304645567,0
                102.064440375,16.304664657,0
                102.064435775,16.304699998,0
                102.064434351,16.3047109340001,0
                102.064433465,16.3047703440001,0
                102.064437293,16.3047972310001,0
                102.064438016,16.304802313,0
                102.064441423,16.304826239,0
                102.064453435,16.304862787,0
                102.064470632,16.304888492,0
                102.064499344,16.304899806,0
                102.064524027,16.3049012340001,0
                102.064528992,16.3049004490001,0
                102.064552064,16.3048910590001,0
                102.064576017,16.3048672210001,0
                102.064617961,16.304778271,0
                102.064631515,16.3047381390001,0
                102.064650321,16.304692076,0
                102.064691332,16.3046358610001,0
                102.064692746,16.3046339220001,0
                102.064735497,16.3045966880001,0
                102.064762382,16.3045840930001,0
                102.064777541,16.304585592,0
                102.064817047,16.3046164260001,0
                102.064870152,16.304664475,0
                102.064935626,16.304742762,0
                102.064978792,16.3048006390001,0
                102.065025425,16.304870094,0
                102.065045503,16.3048999970001,0
                102.065076144,16.304946267,0
                102.065102309,16.3050034250001,0
                102.065122978,16.3050554320001,0
                102.065134596,16.305105826,0
                102.06514662,16.305182368,0
                102.065148275,16.305288702,0
                102.065140037,16.305339384,0
                102.065126139,16.305374457,0
                102.065104968,16.3054061490001,0
                102.065067551,16.305438076,0
                102.06492262,16.3055221280001,0
                102.064877766,16.3055402150001,0
                102.064830971,16.305549612,0
                102.064790729,16.305555968,0
                102.064686516,16.305548222,0
                102.064653972,16.305545207,0
                102.064637753,16.3055471860001,0
                102.064598315,16.3055651940001,0
                102.064572431,16.305586669,0
                102.064555537,16.305600687,0
                102.064525177,16.3056220500001,0
                102.064501874,16.3056328500001,0
                102.064476713,16.305640189,0
                102.064453193,16.305637043,0
                102.064436129,16.305628374,0
                102.064428581,16.3056236150001,0
                102.064336839,16.305565781,0
                102.064318374,16.3055587970001,0
                102.064278609,16.305555887,0
                102.064235371,16.305561745,0
                102.064190489,16.3055780880001,0
                102.063875329,16.305744814,0
                102.063819943,16.3057822330001,0
                102.063764937,16.3058440560001,0
                102.063698082,16.3059566150001,0
                102.063649251,16.306067168,0
                102.063604517,16.306209046,0
                102.063582517,16.306303518,0
                102.063569269,16.306380427,0
                102.063564966,16.3064519750001,0
                102.063570285,16.306561743,0
                102.063589285,16.306622492,0
                102.063617066,16.306667421,0
                102.063655541,16.306703478,0
                102.063693799,16.3067255890001,0
                102.063749972,16.306738722,0
                102.063899799,16.306753712,0
                102.063932605,16.3067569950001,0
                102.064004969,16.3067664050001,0
                102.064037677,16.306779879,0
                102.064052443,16.3068005870001,0
                102.064059988,16.306821401,0
                102.064060531,16.306856264,0
                102.064054314,16.306920866,0
                102.064046265,16.3069752820001,0
                102.064046611,16.306981143,0
                102.064015579,16.3072160900001,0
                102.064014696,16.307275384,0
                102.06402421,16.3073066310001,0
                102.064035664,16.307346567,0
                102.064105028,16.307511199,0
                102.064130868,16.307547438,0
                102.064158215,16.307564476,0
                102.064185399,16.3075710570001,0
                102.064208865,16.307570716,0
                102.064230447,16.3075676170001,0
                102.064231452,16.3075674730001,0
                102.064235886,16.307566837,0
                102.06425542,16.3075576850001,0
                102.064262772,16.307554241,0
                102.064264732,16.307552989,0
                102.064307463,16.307525695,0
                102.064408845,16.3074561130001,0
                102.064445013,16.307431289,0
                102.064471979,16.307423924,0
                102.064490657,16.30742494,0
                102.064511935,16.3074390360001,0
                102.064515599,16.307442469,0
                102.064530446,16.307468408,0
                102.064533038,16.307518934,0
                102.064535277,16.307546798,0
                102.064550124,16.3075727360001,0
                102.064566642,16.307589932,0
                102.06460609,16.3076167360001,0
                102.064609194,16.307618846,0
                102.064616436,16.3076237660001,0
                102.064675467,16.307663877,0
                102.064723611,16.307699241,0
                102.064756672,16.307735376,0
                102.064784425,16.3077785610001,0
                102.064803534,16.3078462830001,0
                102.064819603,16.307950663,0
                102.064834638,16.3080137800001,0
                102.06484605,16.308037089,0
                102.064868406,16.3080702610001,0
                102.064905048,16.308103223,0
                102.064925761,16.3081155510001,0
                102.064961386,16.308128192,0
                102.065013977,16.3081431210001,0
                102.065070069,16.308151024,0
                102.065128074,16.3081658740001,0
                102.065208038,16.308199584,0
                102.065347494,16.308257769,0
                102.065377764,16.308270398,0
                102.065439594,16.308289029,0
                102.06553612,16.3083000730001,0
                102.065600078,16.3083058130001,0
                102.065625034,16.30830689,0
                102.065707305,16.3083193950001,0
                102.065736752,16.308328401,0
                102.065764125,16.3083431800001,0
                102.065779645,16.308356266,0
                102.065796319,16.308383486,0
                102.065803474,16.308408227,0
                102.065802793,16.3084513900001,0
                102.065800451,16.308474962,0
                102.065800096,16.30847576,0
                102.065787143,16.308498512,0
                102.065784236,16.308503617,0
                102.065744664,16.3085467240001,0
                102.065650448,16.3086176100001,0
                102.065644339,16.30862369,0
                102.065628399,16.308643536,0
                102.065598014,16.308702103,0
                102.065597456,16.3087031760001,0
                102.065594219,16.3087094150001,0
                102.06558563,16.308723948,0
                102.065572837,16.308745592,0
                102.065559917,16.3087674510001,0
                102.06554854,16.308781959,0
                102.065541591,16.3087908200001,0
                102.065526724,16.3088097790001,0
                102.065483911,16.3088430930001,0
                102.065446352,16.308865869,0
                102.065423582,16.308881892,0
                102.065404975,16.308904392,0
                102.065342863,16.3090101970001,0
                102.065298128,16.309086402,0
                102.065267663,16.3091299980001,0
                102.065250328,16.30914725,0
                102.06524453,16.3091527,0
                102.065204006,16.309181552,0
                102.065172582,16.30919807,0
                102.065125566,16.309222291,0
                102.065065012,16.309246709,0
                102.064993648,16.309272591,0
                102.064933074,16.3092957010001,0
                102.064892847,16.309321131,0
                102.064808352,16.309373356,0
                102.064763541,16.3094159030001,0
                102.064593073,16.3095777550001,0
                102.064576172,16.3095938020001,0
                102.064540189,16.309630939,0
                102.064529685,16.309652015,0
                102.064521969,16.3096782800001,0
                102.064522458,16.309709657,0
                102.064529654,16.3097370130001,0
                102.064544993,16.309765559,0
                102.064569748,16.309790046,0
                102.064621722,16.309823291,0
                102.064702308,16.309867889,0
                102.06474735,16.3098907730001,0
                102.064797969,16.309924037,0
                102.064833677,16.309956211,0
                102.064872234,16.309997497,0
                102.064891777,16.3100351360001,0
                102.064911219,16.3100662370001,0
                102.064924014,16.3101052810001,0
                102.064947503,16.3102223440001,0
                102.064949797,16.310233775,0
                102.064961925,16.310286977,0
                102.064980015,16.31033695,0
                102.064980828,16.3103386550001,0
                102.065008375,16.3103964810001,0
                102.065033346,16.3104306110001,0
                102.065057857,16.310455577,0
                102.065073845,16.3104665760001,0
                102.065109973,16.3104818050001,0
                102.065145255,16.3104905500001,0
                102.065154831,16.310492923,0
                102.065192737,16.310492373,0
                102.065271155,16.3104846950001,0
                102.065318518,16.3104827,0
                102.065349757,16.3104887850001,0
                102.065377098,16.310505387,0
                102.065393649,16.3105247620001,0
                102.065407615,16.31055202,0
                102.065412939,16.310599537,0
                102.065401109,16.3106459790001,0
                102.065393825,16.3106653030001,0
                102.065385498,16.310687393,0
                102.065354498,16.3107350010001,0
                102.065200895,16.310935455,0
                102.06513072,16.311019103,0
                102.065055397,16.3111148030001,0
                102.065027609,16.311156398,0
                102.065001034,16.3112107260001,0
                102.064994594,16.311234068,0
                102.064988537,16.3112560220001,0
                102.064988099,16.311261245,0
                102.064984627,16.311302643,0
                102.064984254,16.3113070840001,0
                102.064984261,16.311307534,0
                102.064984746,16.3113386640001,0
                102.064995117,16.3114045940001,0
                102.064997008,16.3114166190001,0
                102.065011061,16.3114744760001,0
                102.065028609,16.311546724,0
                102.065031976,16.3115672710001,0
                102.065031404,16.3115957210001,0
                102.065028647,16.311614396,0
                102.065017876,16.311640051,0
                102.065001012,16.3116657960001,0
                102.06494119,16.3117372790001,0
                102.06469149,16.31200669,0
                102.064669473,16.312027605,0
                102.06464744,16.31204754,0
                102.064587426,16.312089961,0
                102.064536942,16.312125644,0
                102.06449274,16.3121566890001,0
                102.064479815,16.31217453,0
                102.064470043,16.312199191,0
                102.064470486,16.312227627,0
                102.064477061,16.3122538050001,0
                102.064494491,16.312302258,0
                102.064494695,16.312302822,0
                102.064501534,16.3123301540001,0
                102.064503069,16.3123634780001,0
                102.064501283,16.312379197,0
                102.064494541,16.312402832,0
                102.064484693,16.312422591,0
                102.064464874,16.3124542620001,0
                102.06444001,16.3124879690001,0
                102.064430161,16.312507727,0
                102.064424527,16.312537231,0
                102.064425001,16.3125676280001,0
                102.064428996,16.3126376860001,0
                102.064424799,16.312706115,0
                102.064405098,16.3127640490001,0
                102.064366796,16.312845612,0
                102.064306253,16.3129631150001,0
                102.064282602,16.3129976170001,0
                102.064280414,16.3130002780001,0
                102.064255412,16.3130251600001,0
                102.064233365,16.313044115,0
                102.064208225,16.3130601730001,0
                102.064178978,16.3130733460001,0
                102.064142547,16.313081722,0
                102.064028964,16.313092198,0
                102.064010727,16.3130940660001,0
                102.063973195,16.313097912,0
                102.063938278,16.313105669,0
                102.063912677,16.31311492,0
                102.063905457,16.3131175300001,0
                102.063900836,16.313120434,0
                102.063878301,16.3131345960001,0
                102.063861315,16.313152497,0
                102.063840389,16.3131783000001,0
                102.063830632,16.313203941,0
                102.063825869,16.313215137,0
                102.063818107,16.3132447420001,0
                102.063817272,16.313259058,0
                102.063820761,16.313287449,0
                102.063821977,16.313300199,0
                102.063828864,16.3133181810001,0
                102.063848451,16.3133577520001,0
                102.063884667,16.313408533,0
                102.063905144,16.3134312600001,0
                102.063923816,16.313448758,0
                102.063948475,16.313467034,0
                102.063983287,16.3134851620001,0
                102.064078189,16.3135141880001,0
                102.064103695,16.3135216640001,0
                102.064127232,16.3135330910001,0
                102.064145692,16.313544592,0
                102.064158136,16.3135610840001,0
                102.064162549,16.3135835780001,0
                102.064161854,16.313604184,0
                102.064146233,16.313644621,0
                102.064111719,16.3137108330001,0
                102.064100875,16.3137368980001,0
                102.064098993,16.313741421,0
                102.064094343,16.3137689500001,0
                102.064093648,16.3137895560001,0
                102.064097924,16.313803224,0
                102.064113368,16.313816731,0
                102.064134766,16.3138213240001,0
                102.064157105,16.313820999,0
                102.064180397,16.3138167380001,0
                102.06420969,16.3138065050001,0
                102.064251722,16.3137858370001,0
                102.064314509,16.313754965,0
                102.064345772,16.31374078,0
                102.064374141,16.3137364450001,0
                102.064397495,16.313736106,0
                102.064417909,16.313742674,0
                102.064446567,16.31375697,0
                102.06446174,16.3137659880001,0
                102.064473433,16.313776137,0
                102.06448364,16.3137897770001,0
                102.064495267,16.313819031,0
                102.064500863,16.3138522960001,0
                102.064502474,16.3138905220001,0
                102.064493007,16.313934793,0
                102.064476357,16.3139742650001,0
                102.064455461,16.3140020290001,0
                102.064409595,16.314056637,0
                102.064383638,16.314085456,0
                102.064372713,16.3141013060001,0
                102.064366865,16.314117083,0
                102.06436411,16.314135757,0
                102.06436343,16.314157344,0
                102.06436798,16.314188662,0
                102.064379622,16.314218897,0
                102.064401602,16.314260749,0
                102.064422551,16.314301637,0
                102.064447156,16.314381702,0
                102.064448806,16.3143897370001,0
                102.064464382,16.314465634,0
                102.064471548,16.31453915,0
                102.064480305,16.314793938,0
                102.064482921,16.314824803,0
                102.064488849,16.314894711,0
                102.064497249,16.314923508,0
                102.064509532,16.3149513540001,0
                102.064521823,16.3149702440001,0
                102.064531453,16.314985043,0
                102.064562275,16.315016735,0
                102.064584758,16.3150338040001,0
                102.06461456,16.3150541100001,0
                102.064700542,16.3151093270001,0
                102.064747341,16.3151364450001,0
                102.064785245,16.3151574710001,0
                102.06483435,16.3151802960001,0
                102.064910037,16.315214504,0
                102.064938305,16.3152293540001,0
                102.064966356,16.315244089,0
                102.065003261,16.315266111,0
                102.065010604,16.315271878,0
                102.06505114,16.3153090540001,0
                102.065072344,16.3153327790001,0
                102.065103493,16.31537646,0
                102.065119197,16.315406635,0
                102.065128747,16.3154329770001,0
                102.065132267,16.3154633290001,0
                102.06512671,16.3154977360001,0
                102.065116045,16.315530256,0
                102.06509815,16.315555035,0
                102.065065116,16.3155859190001,0
                102.065017791,16.3156121060001,0
                102.06493829,16.315647697,0
                102.064928739,16.3156524020001,0
                102.064920433,16.3156564920001,0
                102.064862814,16.3156960060001,0
                102.064687849,16.315815991,0
                102.064627582,16.315859039,0
                102.064603549,16.3158809650001,0
                102.064586579,16.315899846,0
                102.064571715,16.315923599,0
                102.064560912,16.3159472940001,0
                102.064544592,16.3160279790001,0
                102.064515648,16.3161710740001,0
                102.064507912,16.3161960320001,0
                102.064492175,16.3162289520001,0
                102.064465526,16.3162568010001,0
                102.064433401,16.316280804,0
                102.064366116,16.316307936,0
                102.064360732,16.316309948,0
                102.064332483,16.3163205070001,0
                102.064283823,16.316338694,0
                102.064257343,16.316355215,0
                102.064226777,16.3163838940001,0
                102.064195957,16.316429548,0
                102.064171891,16.3164909560001,0
                102.064163797,16.316533341,0
                102.06416127,16.316566724,0
                102.064162743,16.316596125,0
                102.064165293,16.316629434,0
                102.064177287,16.3166822200001,0
                102.064195526,16.3167447230001,0
                102.064206673,16.316808311,0
                102.064208161,16.316838693,0
                102.064199496,16.316869222,0
                102.064186708,16.316895888,0
                102.064167782,16.3169197010001,0
                102.064148689,16.316932728,0
                102.064127518,16.316942843,0
                102.0641086,16.316948446,0
                102.064088241,16.31695224,0
                102.06405861,16.31695267,0
                102.064025314,16.316948634,0
                102.063986366,16.3169439120001,0
                102.063946735,16.316942526,0
                102.063927443,16.316942807,0
                102.063895027,16.316948181,0
                102.063857626,16.316959512,0
                102.063765852,16.317001057,0
                102.06373565,16.3170181680001,0
                102.063713587,16.3170361420001,0
                102.063687645,16.3170659410001,0
                102.063662779,16.3170996480001,0
                102.063622218,16.3171688890001,0
                102.063602292,16.317193698,0
                102.063579213,16.3172116870001,0
                102.063555088,16.317227729,0
                102.063526794,16.3172369660001,0
                102.063501425,16.3172383150001,0
                102.063475949,16.317232801,0
                102.063456428,16.3172183730001,0
                102.063421187,16.317172789,0
                102.063357399,16.3170732470001,0
                102.063341739,16.31705486,0
                102.063328772,16.3170427100001,0
                102.06330819,16.3170253550001,0
                102.063282592,16.3170119960001,0
                102.063281325,16.3170114800001,0
                102.06324462,16.317000127,0
                102.063234655,16.316998961,0
                102.063206179,16.316996433,0
                102.063159471,16.316997111,0
                102.063111794,16.317000745,0
                102.06307027,16.3170082140001,0
                102.063031899,16.317022502,0
                102.062991574,16.3170417220001,0
                102.062952386,16.31706877,0
                102.062916382,16.317104601,0
                102.062890517,16.317139303,0
                102.062869758,16.317175892,0
                102.062860001,16.3172015330001,0
                102.062844503,16.317249815,0
                102.062826859,16.317355993,0
                102.062822454,16.3173992100001,0
                102.062815682,16.317420885,0
                102.062806864,16.317441608,0
                102.062789908,16.3174614700001,0
                102.062775892,16.317474423,0
                102.062749659,16.317485592,0
                102.062717243,16.317490966,0
                102.062626981,16.3174991430001,0
                102.062587381,16.317499717,0
                102.062555965,16.317504097,0
                102.062527656,16.317512353,0
                102.062501454,16.3175254830001,0
                102.062470329,16.3175484930001,0
                102.062448417,16.3175762720001,0
                102.06243166,16.31760888,0
                102.06242698,16.317634447,0
                102.062426529,16.3176707420001,0
                102.062432201,16.317708909,0
                102.062447363,16.317769496,0
                102.062452546,16.317782558,0
                102.062490703,16.317878712,0
                102.06250878,16.3179199520001,0
                102.062535983,16.3179820140001,0
                102.062549503,16.318002414,0
                102.062562932,16.318016931,0
                102.062583415,16.318029473,0
                102.062655383,16.318073543,0
                102.062695122,16.3180978780001,0
                102.062707552,16.3181080030001,0
                102.062723104,16.318128372,0
                102.062737686,16.3181516990001,0
                102.062747267,16.3181800020001,0
                102.06275036,16.3182005,0
                102.062748893,16.3182192080001,0
                102.062744365,16.3182545820001,0
                102.062734624,16.318281203,0
                102.062722835,16.318306874,0
                102.062710941,16.318325681,0
                102.062695955,16.318341591,0
                102.062666798,16.3183606490001,0
                102.062628549,16.31838278,0
                102.062587805,16.3184012400001,0
                102.062558222,16.3184169790001,0
                102.062550944,16.3184211760001,0
                102.062526788,16.318435257,0
                102.06250274,16.318456202,0
                102.062484738,16.3184741170001,0
                102.062461872,16.3185058330001,0
                102.062436868,16.318546983,0
                102.062425402,16.3185769770001,0
                102.062407497,16.318637633,0
                102.062403179,16.318667485,0
                102.062395201,16.318781367,0
                102.062396597,16.318854145,0
                102.062414596,16.319040908,0
                102.062426503,16.319140711,0
                102.062435621,16.319217139,0
                102.062437545,16.319242855,0
                102.062435638,16.3192671570001,0
                102.0624338,16.3192958710001,0
                102.062427404,16.319325387,0
                102.06241637,16.3193505560001,0
                102.062399313,16.3193802260001,0
                102.062376129,16.3194077790001,0
                102.062349079,16.3194317100001,0
                102.062303867,16.319463259,0
                102.062263791,16.3194822310001,0
                102.06221235,16.319505044,0
                102.062160827,16.3195227100001,0
                102.06212208,16.319529158,0
                102.062080229,16.319531972,0
                102.062040595,16.3195303410001,0
                102.062000868,16.319522825,0
                102.061945088,16.319504253,0
                102.061916092,16.319490119,0
                102.061813723,16.319440217,0
                102.061788432,16.3194302860001,0
                102.061753206,16.319418292,0
                102.061717321,16.3194129280001,0
                102.061683791,16.319411944,0
                102.061644156,16.3194103120001,0
                102.061601509,16.319410931,0
                102.061572525,16.3194084090001,0
                102.06154113,16.319397832,0
                102.061496928,16.3193766480001,0
                102.06143633,16.3193471970001,0
                102.061396498,16.319327839,0
                102.061385357,16.319324329,0
                102.061356361,16.319321072,0
                102.061319045,16.319321614,0
                102.061263475,16.3193238910001,0
                102.061222443,16.319330371,0
                102.061165544,16.319345173,0
                102.0611299,16.319355252,0
                102.061101895,16.3193666920001,0
                102.061065627,16.3193856080001,0
                102.061026416,16.319411186,0
                102.060984965,16.3194397390001,0
                102.060958528,16.3194540980001,0
                102.060932842,16.3194677110001,0
                102.060888981,16.3194882080001,0
                102.060837517,16.3195095510001,0
                102.060782301,16.3195346250001,0
                102.060766468,16.319545153,0
                102.060753717,16.3195578420001,0
                102.060742511,16.319571981,0
                102.06072917,16.3195957130001,0
                102.060722625,16.319615668,0
                102.060721433,16.319637017,0
                102.060728893,16.3196758940001,0
                102.060792584,16.319943675,0
                102.060794324,16.319956964,0
                102.060795918,16.319969148,0
                102.060796204,16.3199875340001,0
                102.060792001,16.320011133,0
                102.060783978,16.320034052,0
                102.060770591,16.320054842,0
                102.060757066,16.320066807,0
                102.060740438,16.32007514,0
                102.060723729,16.3200783240001,0
                102.060702406,16.320078633,0
                102.060535942,16.3200523620001,0
                102.060519176,16.3200518690001,0
                102.060503218,16.3200543070001,0
                102.06049601,16.320058852,0
                102.060487592,16.3200661280001,0
                102.060482459,16.320077182,0
                102.060479366,16.3200910690001,0
                102.060483323,16.3202463490001,0
                102.060481225,16.320457038,0
                102.060480812,16.320498555,0
                102.060471956,16.320586957,0
                102.060468034,16.3206051670001,0
                102.060459609,16.320644283,0
                102.060448466,16.320671986,0
                102.060440029,16.3206929620001,0
                102.060414766,16.3207337850001,0
                102.060392423,16.320766473,0
                102.060381285,16.3207850250001,0
                102.06035683,16.320828777,0
                102.0603443,16.320860171,0
                102.060334083,16.3209051870001,0
                102.060332067,16.320956091,0
                102.060335727,16.3209820380001,0
                102.060339021,16.321005389,0
                102.06035365,16.321061303,0
                102.060368976,16.3211198860001,0
                102.060384144,16.321164536,0
                102.060392159,16.3211901650001,0
                102.060394927,16.3212118330001,0
                102.060393974,16.3212251730001,0
                102.060389244,16.321247581,0
                102.060383872,16.321260787,0
                102.060377505,16.321276438,0
                102.06036891,16.3212873690001,0
                102.060307292,16.3213657250001,0
                102.060258718,16.321426011,0
                102.060231668,16.321449941,0
                102.060201607,16.321476122,0
                102.060172942,16.321494192,0
                102.060145709,16.321506356,0
                102.060119976,16.321517027,0
                102.060097221,16.3215232430001,0
                102.060036434,16.3215329500001,0
                102.059970496,16.321542532,0
                102.059944946,16.321547154,0
                102.05991794,16.3215545300001,0
                102.059879249,16.321564654,0
                102.059856444,16.321575336,0
                102.05984522,16.3215805940001,0
                102.059824932,16.3215985420001,0
                102.059802463,16.3216231430001,0
                102.05979891,16.321628101,0
                102.059768914,16.3216699700001,0
                102.059747503,16.321713678,0
                102.059732175,16.3217565640001,0
                102.059720756,16.3218060130001,0
                102.059713926,16.3218589860001,0
                102.059719992,16.3221651040001,0
                102.0597095,16.322278951,0
                102.059693908,16.3223407080001,0
                102.059677998,16.3224037200001,0
                102.05966372,16.3224563840001,0
                102.059648086,16.3225140490001,0
                102.059647656,16.3225156340001,0
                102.059633926,16.3225899170001,0
                102.059632861,16.322619355,0
                102.059633135,16.322637005,0
                102.059633238,16.322643623,0
                102.059633319,16.32264402,0
                102.059638807,16.322670868,0
                102.059639834,16.3226758920001,0
                102.059641826,16.322680694,0
                102.059658036,16.3227197630001,0
                102.059696787,16.322808535,0
                102.059722127,16.322862431,0
                102.0597794,16.322970556,0
                102.059814644,16.3230303830001,0
                102.059862459,16.32309258,0
                102.059880667,16.323118557,0
                102.059890438,16.323129894,0
                102.059898583,16.3231378450001,0
                102.059955193,16.3231778480001,0
                102.059963779,16.3231858940001,0
                102.059969713,16.3231934560001,0
                102.059973814,16.323199645,0
                102.059987951,16.3232270230001,0
                102.060033334,16.32335325,0
                102.060049537,16.3234032180001,0
                102.060067711,16.3234697070001,0
                102.06007282,16.3235043880001,0
                102.060076174,16.3235363360001,0
                102.060077157,16.3235628030001,0
                102.060074288,16.3235987030001,0
                102.060071001,16.323615175,0
                102.060068989,16.3236252610001,0
                102.060059622,16.323647463,0
                102.060047382,16.323668605,0
                102.060028885,16.323691492,0
                102.060008061,16.323711654,0
                102.060005141,16.323713744,0
                102.059986025,16.3237274210001,0
                102.059941851,16.323752336,0
                102.059867005,16.3237887290001,0
                102.059836974,16.3238046120001,0
                102.059816626,16.323818698,0
                102.0597969,16.3238360870001,0
                102.059777253,16.323858439,0
                102.059753267,16.323895749,0
                102.059735624,16.323936829,0
                102.059688821,16.324086461,0
                102.059683514,16.3241125590001,0
                102.059679323,16.3241368930001,0
                102.059678927,16.324160437,0
                102.059677088,16.324189151,0
                102.05968065,16.3242221990001,0
                102.059694317,16.324268342,0
                102.059710985,16.324311499,0
                102.059727504,16.3243450950001,0
                102.059779106,16.3244304080001,0
                102.059798013,16.32447059,0
                102.059812317,16.3245086320001,0
                102.059818013,16.324532087,0
                102.05981913,16.3245548740001,0
                102.05982185,16.3245827860001,0
                102.059817704,16.324610063,0
                102.059809704,16.3246344520001,0
                102.059794827,16.32465747,0
                102.059764175,16.3246946940001,0
                102.059718612,16.3247527290001,0
                102.059701485,16.3247779870001,0
                102.059692603,16.324796183,0
                102.059691636,16.3247981660001,0
                102.05968841,16.324810155,0
                102.059686298,16.324830064,0
                102.059686407,16.324837051,0
                102.059689035,16.3248590800001,0
                102.059697063,16.3248854440001,0
                102.059702424,16.3249032040001,0
                102.059706318,16.324913883,0
                102.05974241,16.32501827,0
                102.059829337,16.3252696820001,0
                102.059852005,16.3253458680001,0
                102.059863411,16.325393514,0
                102.059866915,16.3254228860001,0
                102.059866657,16.3254552550001,0
                102.059865431,16.325474398,0
                102.059858239,16.3255017180001,0
                102.059850228,16.3255253720001,0
                102.059786472,16.3256381030001,0
                102.059777631,16.3256573570001,0
                102.059775674,16.3256647920001,0
                102.059770438,16.325684677,0
                102.059768286,16.3257009710001,0
                102.059768426,16.325719801,0
                102.059770432,16.325733224,0
                102.059776232,16.3257632990001,0
                102.059797848,16.325830657,0
                102.059805864,16.325856286,0
                102.059812391,16.3258841430001,0
                102.059815294,16.3259238210001,0
                102.059812447,16.3259856500001,0
                102.059808461,16.3260232220001,0
                102.059802076,16.3260534730001,0
                102.059790407,16.3260867430001,0
                102.059772724,16.326125249,0
                102.059714252,16.3262349610001,0
                102.059703922,16.326256443,0
                102.059697389,16.3262771340001,0
                102.059692378,16.3262978020001,0
                102.059689618,16.3263162310001,0
                102.059690838,16.326345636,0
                102.059695853,16.3263742510001,0
                102.059696676,16.326376469,0
                102.059706984,16.3264042480001,0
                102.059719455,16.326422456,0
                102.059738031,16.3264413110001,0
                102.059764279,16.326463733,0
                102.059781944,16.3264730390001,0
                102.059807964,16.3264807530001,0
                102.059836983,16.32648548,0
                102.059876597,16.326485641,0
                102.059910845,16.326483673,0
                102.059940524,16.326481771,0
                102.059970168,16.326477663,0
                102.060016647,16.3264690030001,0
                102.06001726,16.3264688890001,0
                102.060017729,16.326468882,0
                102.060018226,16.326468875,0
                102.060040107,16.3264685570001,0
                102.060056158,16.3264720020001,0
                102.060069968,16.326478421,0
                102.060083121,16.3264914710001,0
                102.060093343,16.3265119180001,0
                102.060100609,16.326538294,0
                102.060104421,16.326587521,0
                102.060109089,16.32679691,0
                102.06010947,16.326814003,0
                102.060112917,16.3268396980001,0
                102.060117852,16.326863164,0
                102.060128881,16.3268865420001,0
                102.060141398,16.3269076920001,0
                102.060157712,16.326928052,0
                102.060179345,16.3269475970001,0
                102.0601914,16.326957587,0
                102.060219474,16.326980851,0
                102.060232626,16.326993901,0
                102.060246621,16.327012086,0
                102.060259946,16.3270361670001,0
                102.060280479,16.3270829460001,0
                102.060286384,16.327100247,0
                102.060313204,16.327178829,0
                102.06035626,16.327333293,0
                102.060362418,16.3273553870001,0
                102.060369868,16.327393284,0
                102.060375273,16.327420778,0
                102.060378136,16.3274353360001,0
                102.060379309,16.3274618,0
                102.060378026,16.327477265,0
                102.060372197,16.3274942670001,0
                102.06036331,16.327510579,0
                102.060351331,16.3275239930001,0
                102.06033626,16.3275345100001,0
                102.060305298,16.3275518780001,0
                102.060257192,16.3275753090001,0
                102.060225916,16.327590543,0
                102.060207845,16.327604046,0
                102.060192,16.327613838,0
                102.06018002,16.3276272520001,0
                102.06017426,16.3276486670001,0
                102.06017233,16.327671498,0
                102.060176664,16.3277052710001,0
                102.060190299,16.3277492070001,0
                102.060210059,16.3277952610001,0
                102.060270372,16.3279017790001,0
                102.060314085,16.3279695520001,0
                102.060339663,16.3279978680001,0
                102.060354363,16.3280123660001,0
                102.060370527,16.328023165,0
                102.060391989,16.32803168,0
                102.060422457,16.3280398250001,0
                102.060436356,16.3280435410001,0
                102.060525007,16.328062115,0
                102.060559428,16.328071177,0
                102.060573274,16.328079803,0
                102.060584222,16.3280980330001,0
                102.060589032,16.3281134100001,0
                102.060585464,16.328128909,0
                102.060574384,16.328151136,0
                102.060566891,16.328160665,0
                102.060504169,16.3282404240001,0
                102.060497544,16.3282552320001,0
                102.060494727,16.328269984,0
                102.060495751,16.328286887,0
                102.060500584,16.3283037350001,0
                102.060509282,16.3283242040001,0
                102.060524902,16.328348987,0
                102.060552938,16.3283883010001,0
                102.060564728,16.3284116680001,0
                102.060575018,16.3284365280001,0
                102.060584592,16.328464341,0
                102.060591325,16.328505434,0
                102.060596622,16.328600981,0
                102.060597664,16.3286679030001,0
                102.060594285,16.32874445,0
                102.060585936,16.328795326,0
                102.060579379,16.328814546,0
                102.060570446,16.328827915,0
                102.060500106,16.3289091130001,0
                102.060478386,16.3289329670001,0
                102.060455996,16.328962715,0
                102.060370589,16.3291037120001,0
                102.060358851,16.3291325700001,0
                102.060352385,16.3291576730001,0
                102.060351377,16.3291907880001,0
                102.060355598,16.3292172070001,0
                102.060362194,16.329249476,0
                102.060374167,16.3292846090001,0
                102.060413282,16.3293708200001,0
                102.059611382,16.3300002450001,0
                102.05944311,16.3302328520001,0
                102.059335557,16.330952785,0
                102.059321194,16.331016886,0
                102.059300938,16.3310691720001,0
                102.059278272,16.3311169720001,0
                102.059245956,16.3311552660001,0
                102.05923507,16.3311697280001,0
                102.059216779,16.331184299,0
                102.059200298,16.3311934550001,0
                102.059192113,16.331196435,0
                102.059019079,16.3312365190001,0
                102.058957769,16.331247422,0
                102.058920068,16.33125226,0
                102.058883052,16.331253513,0
                102.058839281,16.3312491410001,0
                102.058778606,16.331238565,0
                102.058725643,16.3312293330001,0
                102.05869391,16.331223145,0
                102.058582249,16.3312013730001,0
                102.058497571,16.3311861510001,0
                102.05839043,16.331155519,0
                102.05838681,16.3312085000001,0
                102.058386326,16.3312249570001,0
                102.058385975,16.3312499960001,0
                102.058388546,16.3312924000001,0
                102.058388964,16.331299304,0
                102.058391057,16.3313386130001,0
                102.058395271,16.331371453,0
                102.058404074,16.331413524,0
                102.05842051,16.3314928940001,0
                102.058467246,16.3317185770001,0
                102.05847215,16.3317422650001,0
                102.058474433,16.331793729,0
                102.058474845,16.3318201870001,0
                102.058471554,16.331846699,0
                102.058462327,16.3318725820001,0
                102.058446625,16.3319107180001,0
                102.058425008,16.331949654,0
                102.058389511,16.332000952,0
                102.058380455,16.33201153,0
                102.058334949,16.332064684,0
                102.058280309,16.332123412,0
                102.058243219,16.33216758,0
                102.058227271,16.332189984,0
                102.058209944,16.3322188450001,0
                102.058176394,16.3323001540001,0
                102.05813403,16.3324338040001,0
                102.058121079,16.332458311,0
                102.058111045,16.332479913,0
                102.058094368,16.332503043,0
                102.058071756,16.332525543,0
                102.058042545,16.3325524320001,0
                102.058022895,16.3325748890001,0
                102.058005533,16.332601605,0
                102.057994837,16.3326282250001,0
                102.057970534,16.3327458960001,0
                102.057966838,16.3327637890001,0
                102.057955574,16.332818334,0
                102.057899109,16.333093091,0
                102.057890878,16.3331354110001,0
                102.05787879,16.333167771,0
                102.057867296,16.3331908260001,0
                102.057849835,16.3332111070001,0
                102.057829399,16.3332307150001,0
                102.0577979,16.3332533440001,0
                102.057476868,16.3334246530001,0
                102.057223945,16.33356344,0
                102.057114044,16.333623747,0
                102.057037684,16.3336670890001,0
                102.057027403,16.333672924,0
                102.057009123,16.3336882090001,0
                102.05699165,16.3337077740001,0
                102.056980068,16.3337251090001,0
                102.056923321,16.3338548950001,0
                102.056909255,16.3338870650001,0
                102.056897751,16.333909405,0
                102.056879559,16.333930411,0
                102.056856891,16.3339493350001,0
                102.056831968,16.3339661480001,0
                102.056793748,16.3339852990001,0
                102.056566238,16.3340737120001,0
                102.056532341,16.3340863820001,0
                102.056438832,16.3341213350001,0
                102.05641079,16.3341281790001,0
                102.056388607,16.3341306470001,0
                102.05637081,16.3341294740001,0
                102.056357381,16.334123231,0
                102.056342302,16.3341062850001,0
                102.056307286,16.3339980750001,0
                102.056295004,16.333970358,0
                102.056280744,16.333958406,0
                102.05626434,16.3339514910001,0
                102.056240643,16.3339518350001,0
                102.056196353,16.333961775,0
                102.056132168,16.3339784410001,0
                102.056104857,16.333984559,0
                102.056088565,16.333984795,0
                102.056076649,16.3339806760001,0
                102.056066115,16.3339701,0
                102.055991086,16.333861041,0
                102.055974527,16.333844115,0
                102.055961926,16.333843583,0
                102.055953824,16.333846561,0
                102.055939402,16.333871803,0
                102.055912951,16.333980904,0
                102.055907572,16.3340160290001,0
                102.055901992,16.334038283,0
                102.055891991,16.334062031,0
                102.055876165,16.3340923000001,0
                102.055844999,16.3341363820001,0
                102.055785618,16.334223788,0
                102.05576619,16.334260547,0
                102.055753349,16.3342922040001,0
                102.055745007,16.3343273720001,0
                102.055735106,16.334357556,0
                102.055727439,16.3343884230001,0
                102.05571746,16.3344136010001,0
                102.055658268,16.3345131620001,0
                102.05563737,16.3345506590001,0
                102.055633137,16.3345643100001,0
                102.055631104,16.334576498,0
                102.055632145,16.334595795,0
                102.055635597,16.3346272150001,0
                102.055642101,16.3346578590001,0
                102.055661174,16.334747722,0
                102.055665254,16.3347719810001,0
                102.055665621,16.3347955780001,0
                102.055663138,16.33482637,0
                102.055654907,16.3348686890001,0
                102.055648317,16.334885495,0
                102.055628218,16.3349367610001,0
                102.055627833,16.334937745,0
                102.055627573,16.3349382640001,0
                102.055595906,16.335001785,0
                102.055586486,16.3350164560001,0
                102.055571014,16.335040071,0
                102.055555402,16.335054691,0
                102.055536022,16.335066668,0
                102.055512889,16.3350768990001,0
                102.055480399,16.3350845680001,0
                102.055245034,16.3351145230001,0
                102.055177262,16.335123148,0
                102.055126212,16.3351355840001,0
                102.055097475,16.3351449960001,0
                102.055077164,16.3351569860001,0
                102.055059773,16.3351770300001,0
                102.055048917,16.3351978800001,0
                102.055033697,16.335237685,0
                102.055022343,16.3352864300001,0
                102.055017717,16.3353005320001,0
                102.055009068,16.3353189260001,0
                102.055002507,16.335329001,0
                102.054977762,16.3353554500001,0
                102.054951042,16.3353747300001,0
                102.054874412,16.3354199230001,0
                102.054833692,16.335437606,0
                102.054801272,16.3354497720001,0
                102.054774371,16.335457359,0
                102.054725085,16.335463471,0
                102.054697725,16.3354662730001,0
                102.05456419,16.335479949,0
                102.054561365,16.3354802380001,0
                102.054533504,16.33548604,0
                102.054512233,16.3354962440001,0
                102.054495662,16.3355090790001,0
                102.05447638,16.3355273510001,0
                102.054460866,16.335548268,0
                102.054451928,16.3355726880001,0
                102.054447662,16.3355979400001,0
                102.05444437,16.335625877,0
                102.054446792,16.335661827,0
                102.054454985,16.33570939,0
                102.054473523,16.3357631000001,0
                102.054502526,16.335836494,0
                102.054511347,16.3358588130001,0
                102.054523154,16.3358991270001,0
                102.054526466,16.3359323660001,0
                102.05453003,16.3359817950001,0
                102.054523626,16.3360493610001,0
                102.054470733,16.3363029280001,0
                102.054461115,16.336343551,0
                102.054449439,16.336371609,0
                102.054432048,16.3363916530001,0
                102.054408998,16.336407282,0
                102.054368348,16.3364294620001,0
                102.054296308,16.336462743,0
                102.054217562,16.336499121,0
                102.054008677,16.336607406,0
                102.053959699,16.3366333070001,0
                102.053925568,16.3366553920001,0
                102.053913048,16.336664248,0
                102.053887358,16.3366887600001,0
                102.053876288,16.336700982,0
                102.053873228,16.3367047310001,0
                102.053847775,16.3367455850001,0
                102.053823309,16.3367900220001,0
                102.053818193,16.3368048030001,0
                102.053777701,16.336921773,0
                102.053746624,16.337011546,0
                102.053743417,16.3370229020001,0
                102.053725693,16.3370650410001,0
                102.05371507,16.337079477,0
                102.053681275,16.33712315,0
                102.05365431,16.3371484900001,0
                102.053642838,16.3371592710001,0
                102.053604462,16.337186149,0
                102.053573533,16.337204779,0
                102.053516241,16.3372352980001,0
                102.053468985,16.337252176,0
                102.053430057,16.337265335,0
                102.05337339,16.337276052,0
                102.053312967,16.337285025,0
                102.053202548,16.3372997600001,0
                102.053199533,16.3373001620001,0
                102.053108385,16.33731048,0
                102.053067539,16.3373200680001,0
                102.053034185,16.3373322470001,0
                102.052986959,16.3373509240001,0
                102.052927817,16.337382368,0
                102.052865145,16.337426459,0
                102.052618371,16.337603476,0
                102.05258226,16.3376293790001,0
                102.052548017,16.3376442690001,0
                102.052520212,16.337653668,0
                102.052492406,16.337663068,0
                102.052472844,16.3376633510001,0
                102.052446762,16.337663729,0
                102.052425239,16.337657743,0
                102.052399908,16.3376464140001,0
                102.052365814,16.3376109230001,0
                102.052340388,16.3375627830001,0
                102.052312057,16.3375091410001,0
                102.05229971,16.3374940260001,0
                102.052283748,16.33748616,0
                102.052258584,16.3374856250001,0
                102.052223284,16.3374924340001,0
                102.052191656,16.3375015730001,0
                102.052174123,16.3375066410001,0
                102.05214444,16.337515167,0
                102.052120222,16.337515518,0
                102.052097851,16.337514943,0
                102.052069001,16.33750831,0
                102.052038943,16.3375014010001,0
                102.051999749,16.3374974700001,0
                102.051968967,16.337495217,0
                102.051935461,16.3374975020001,0
                102.051888122,16.3375089830001,0
                102.051849291,16.337528438,0
                102.051820666,16.337545047,0
                102.051796768,16.3375660840001,0
                102.051784006,16.3375842620001,0
                102.051774165,16.337610494,0
                102.05177279,16.3376420020001,0
                102.051785335,16.33775552,0
                102.051468572,16.337789742,0
                102.051114282,16.337858936,0
                102.050535999,16.338013974,0
                102.050119284,16.338149028,0
                102.049849226,16.338234229,0
                102.049708621,16.338275513,0
                102.04965507,16.338296449,0
                102.049583073,16.3383221570001,0
                102.049509316,16.338347308,0
                102.049467392,16.3383510520001,0
                102.04943349,16.338350577,0
                102.049408144,16.338344766,0
                102.049386648,16.3383335510001,0
                102.049378064,16.3383274460001,0
                102.049354029,16.338310356,0
                102.0493158,16.3382843540001,0
                102.049287752,16.3382703190001,0
                102.049267048,16.3382691200001,0
                102.049236871,16.3382714260001,0
                102.049181481,16.33828464,0
                102.048947977,16.3383617600001,0
                102.04873739,16.3384506520001,0
                102.048229349,16.338621969,0
                102.047882557,16.338732567,0
                102.047633891,16.3388235480001,0
                102.047385861,16.3389312790001,0
                102.046906713,16.338283281,0
                102.046712761,16.3382335640001,0
                102.046289066,16.3380866300001,0
                102.045856637,16.3379253950001,0
                102.045151182,16.3376822710001,0
                102.044738579,16.3375169350001,0
                102.044285635,16.3373354340001,0
                102.043976351,16.337209697,0
                102.043956091,16.3372014620001,0
                102.043796392,16.3371313120001,0
                102.04379144,16.3371294620001,0
                102.043717963,16.3371020060001,0
                102.043661512,16.337080912,0
                102.043580917,16.337060251,0
                102.043414631,16.3370176230001,0
                102.043164209,16.3369672210001,0
                102.04308151,16.3369594370001,0
                102.042881612,16.3369406190001,0
                102.04282249,16.3369289570001,0
                102.042758063,16.3369162500001,0
                102.042609864,16.3368608120001,0
                102.042493523,16.3368025880001,0
                102.042387226,16.3367445050001,0
                102.042266131,16.3366684280001,0
                102.042212473,16.336640883,0
                102.042154177,16.3366109560001,0
                102.042139842,16.3366035970001,0
                102.04193875,16.3365021440001,0
                102.041840534,16.3364635770001,0
                102.041778673,16.336438792,0
                102.041770981,16.33643571,0
                102.041505971,16.336329528,0
                102.041486685,16.3363223010001,0
                102.041457538,16.336311375,0
                102.041084692,16.3361716270001,0
                102.04094501,16.336106606,0
                102.04083692,16.336056582,0
                102.040625954,16.3359436710001,0
                102.040500291,16.3358607210001,0
                102.040493312,16.335856114,0
                102.040465019,16.33583365,0
                102.040304671,16.3357063280001,0
                102.040226958,16.3356405600001,0
                102.040157837,16.335560362,0
                102.040113477,16.3354974820001,0
                102.040072582,16.3354395150001,0
                102.040039927,16.33538408,0
                102.040015492,16.335322203,0
                102.039974911,16.3352194400001,0
                102.039973793,16.3352166120001,0
                102.039973122,16.3352153220001,0
                102.039934733,16.335141687,0
                102.039898632,16.3350926730001,0
                102.039890144,16.335085481,0
                102.039853991,16.335054857,0
                102.039726711,16.3349447370001,0
                102.039640872,16.3348626870001,0
                102.039486106,16.334687505,0
                102.039375983,16.33455014,0
                102.039169423,16.3342561960001,0
                102.039025142,16.334052059,0
                102.038926339,16.333909227,0
                102.038885937,16.3338508210001,0
                102.038857983,16.3338104100001,0
                102.038778914,16.3337236030001,0
                102.038668548,16.333602403,0
                102.038583125,16.33349287,0
                102.03856695,16.3334866270001,0
                102.038553578,16.333481465,0
                102.038348385,16.3334022600001,0
                102.038173573,16.333335129,0
                102.037802217,16.333170657,0
                102.037769629,16.333158424,0
                102.037701458,16.3331328350001,0
                102.036895872,16.332768732,0
                102.036605516,16.332641177,0
                102.036464391,16.332550999,0
                102.036341848,16.3324399140001,0
                102.036213009,16.332261713,0
                102.035811726,16.331737484,0
                102.03573603,16.331669391,0
                102.035627353,16.331607891,0
                102.035486442,16.331503603,0
                102.035356773,16.3313197040001,0
                102.035330508,16.331255223,0
                102.035244921,16.3310451200001,0
                102.035138533,16.3308319560001,0
                102.035038809,16.3308324060001,0
                102.035031253,16.3308324390001,0
                102.034948542,16.330832812,0
                102.034641291,16.3308567130001,0
                102.034274642,16.3309432780001,0
                102.033988882,16.330995704,0
                102.033787293,16.3310387290001,0
                102.033640069,16.331110741,0
                102.033423124,16.331202939,0
                102.033081829,16.3313039710001,0
                102.032813469,16.3309297750001,0
                102.032360422,16.330447146,0
                102.031919015,16.330645545,0
                102.0314783,16.33079809,0
                102.030878453,16.330984958,0
                102.030806561,16.3310073540001,0
                102.031846803,16.333243752,0
                102.031894391,16.3333785880001,0
                102.031906905,16.3334272230001,0
                102.031963984,16.333649049,0
                102.031994375,16.3338542820001,0
                102.03201324,16.334096953,0
                102.032020548,16.3341909640001,0
                102.032058788,16.3344656350001,0
                102.032102152,16.3347771090001,0
                102.032125188,16.3348756250001,0
                102.032163062,16.334993765,0
                102.032272948,16.3353365250001,0
                102.032320426,16.335479616,0
                102.032347691,16.3355617870001,0
                102.032385951,16.3356895200001,0
                102.032410588,16.3358321530001,0
                102.032436287,16.336052411,0
                102.032419057,16.3365528350001,0
                102.032416403,16.3366298990001,0
                102.032359306,16.3373060320001,0
                102.032300295,16.337665228,0
                102.03218374,16.3382866270001,0
                102.032120033,16.338617496,0
                102.03203595,16.3390541840001,0
                102.031918154,16.339757487,0
                102.031800878,16.3404263030001,0
                102.03175472,16.340673576,0
                102.031659242,16.3410818420001,0
                102.031602151,16.34131387,0
                102.031545807,16.3414963230001,0
                102.031468462,16.341738843,0
                102.031388402,16.3420154720001,0
                102.031104157,16.342997602,0
                102.030842709,16.3439009580001,0
                102.030860093,16.3439087260001,0
                102.031604395,16.344241272,0
                102.032030629,16.344459494,0
                102.032288685,16.3445868210001,0
                102.03244318,16.3446690320001,0
                102.032571379,16.3447460240001,0
                102.032724306,16.3448488290001,0
                102.033054763,16.3450887400001,0
                102.033321932,16.345278041,0
                102.033594271,16.345457712,0
                102.033678869,16.345511049,0
                102.033712297,16.345543048,0
                102.033769088,16.3456081190001,0
                102.033843544,16.345690887,0
                102.033986171,16.34585674,0
                102.034142159,16.346024936,0
                102.034252409,16.346117034,0
                102.034387248,16.346207323,0
                102.034508887,16.3462844900001,0
                102.034739195,16.346410615,0
                102.035063023,16.3465491740001,0
                102.035472603,16.346706521,0
                102.035765914,16.346828278,0
                102.035766367,16.346856695,0
                102.035767435,16.346923852,0
                102.035766574,16.346980898,0
                102.035746917,16.3471570560001,0
                102.035719515,16.3472996900001,0
                102.03569304,16.347426512,0
                102.03561813,16.347745473,0
                102.035682855,16.348101151,0
                102.035711799,16.348254624,0
                102.035805435,16.348559917,0
                102.035849711,16.3487330080001,0
                102.035868468,16.348821662,0
                102.035862537,16.3490883710001,0
                102.035724598,16.3491569280001,0
                102.035382716,16.349434107,0
                102.034709272,16.349909299,0
                102.034780785,16.3501391410001,0
                102.034794012,16.3501781320001,0
                102.034837066,16.3502381590001,0
                102.03489657,16.350289929,0
                102.034966037,16.350332096,0
                102.034978331,16.350349368,0
                102.035139617,16.3505759820001,0
                102.035378023,16.3508830160001,0
                102.035415107,16.350972298,0
                102.03542352,16.3509925540001,0
                102.035644698,16.3515250510001,0
                102.035670803,16.3515706920001,0
                102.03571535,16.3516149750001,0
                102.036132088,16.351788707,0
                102.036214873,16.351916279,0
                102.036260385,16.352007465,0
                102.036345595,16.352131549,0
                102.036383927,16.3521877810001,0
                102.036404577,16.3522180750001,0
                102.036436939,16.352292907,0
                102.03654531,16.352719081,0
                102.036484885,16.352743818,0
                102.036434878,16.352779212,0
                102.036394392,16.352831069,0
                102.036362284,16.3528779100001,0
                102.036342131,16.352920082,0
                102.036332959,16.3529392770001,0
                102.036305031,16.353014339,0
                102.036284763,16.3531735870001,0
                102.036294936,16.3533871600001,0
                102.03626113,16.353703593,0
                102.036254946,16.353776532,0
                102.036225237,16.3538626220001,0
                102.036156667,16.354037464,0
                102.0361277,16.354111328,0
                102.036103868,16.354172384,0
                102.036013884,16.3544029220001,0
                102.036004331,16.354435478,0
                102.035969157,16.354555357,0
                102.035945764,16.354636736,0
                102.035917309,16.3547357190001,0
                102.035885078,16.3547999410001,0
                102.035742508,16.3549995070001,0
                102.035577997,16.3552472690001,0
                102.035377352,16.3555808410001,0
                102.035284821,16.3557346750001,0
                102.035083676,16.356042286,0
                102.034956359,16.3561928390001,0
                102.034917732,16.35622906,0
                102.034709334,16.356438428,0
                102.034556439,16.356823541,0
                102.034544949,16.356847353,0
                102.034406607,16.3571340300001,0
                102.034187736,16.3577352890001,0
                102.034515053,16.3578192100001,0
                102.035408809,16.3578670470001,0
                102.035503751,16.358117458,0
                102.035941841,16.3588351080001,0
                102.035965706,16.3588742000001,0
                102.03603775,16.3589830060001,0
                102.036063661,16.3590415800001,0
                102.036076014,16.3591107410001,0
                102.036075102,16.3591710920001,0
                102.036058238,16.3592527760001,0
                102.036036615,16.359353797,0
                102.036037805,16.3594228010001,0
                102.036046076,16.359445081,0
                102.036078732,16.359533062,0
                102.036090135,16.3595637880001,0
                102.03615587,16.359679693,0
                102.036194355,16.3597271960001,0
                102.036298363,16.3598555720001,0
                102.036580558,16.3601146180001,0
                102.03685768,16.359753515,0
                102.036934135,16.359883428,0
                102.036956833,16.3599219980001,0
                102.037066755,16.360364739,0
                102.037128941,16.3607012840001,0
                102.037202881,16.360883308,0
                102.037699716,16.360709317,0
                102.038372825,16.362405231,0
                102.038069155,16.3624832240001,0
                102.038245114,16.36296284,0
                102.038455288,16.3639982280001,0
                102.038000105,16.3642747050001,0
                102.038027792,16.364281976,0
                102.038041257,16.36428633,0
                102.038186934,16.364360237,0
                102.038209919,16.364371899,0
                102.038322015,16.364438996,0
                102.038371797,16.364471242,0
                102.038411491,16.3645057750001,0
                102.038438585,16.3645425560001,0
                102.038528695,16.3647549780001,0
                102.038587027,16.3649314470001,0
                102.03861573,16.365073679,0
                102.038639858,16.36524759,0
                102.038641277,16.3652617340001,0
                102.038704875,16.3655509330001,0
                102.038770234,16.365716865,0
                102.038843792,16.365839233,0
                102.038952422,16.365969374,0
                102.039117096,16.3661761500001,0
                102.039196284,16.3662965620001,0
                102.039289341,16.3664618710001,0
                102.039362827,16.3665890890001,0
                102.039399472,16.366653625,0
                102.039406852,16.366669787,0
                102.039513651,16.366869453,0
                102.03952023,16.366883151,0
                102.039522234,16.3668865940001,0
                102.039568279,16.366965684,0
                102.039647757,16.3670805630001,0
                102.039706225,16.3671520500001,0
                102.03974348,16.3671816930001,0
                102.039828118,16.367236271,0
                102.039900481,16.367271261,0
                102.039932519,16.3672812730001,0
                102.040058252,16.3673098800001,0
                102.040268906,16.367341964,0
                102.040404352,16.3673608550001,0
                102.040540092,16.367360338,0
                102.040608838,16.367360153,0
                102.040614861,16.367359364,0
                102.040752503,16.367350537,0
                102.041086259,16.3673122060001,0
                102.041126576,16.3673054920001,0
                102.0411392,16.367291967,0
                102.04114457,16.3672790530001,0
                102.041139007,16.367147935,0
                102.041149243,16.3671359460001,0
                102.041333168,16.3671069860001,0
                102.04144163,16.367081817,0
                102.041535234,16.367041882,0
                102.041715195,16.3669424920001,0
                102.041760722,16.3669237180001,0
                102.041834038,16.3668956290001,0
                102.042186665,16.3668472000001,0
                102.042252003,16.3668481190001,0
                102.042274607,16.3668475810001,0
                102.042313548,16.366845778,0
                102.042293282,16.3671297820001,0
                102.042298437,16.367203326,0
                102.042304829,16.367284238,0
                102.042309074,16.367308549,0
                102.042322849,16.367354086,0
                102.042345669,16.3674021900001,0
                102.042382533,16.367450091,0
                102.042443563,16.367503454,0
                102.042528728,16.367560343,0
                102.042539525,16.3675662740001,0
                102.042664627,16.3676350010001,0
                102.043040194,16.3678028640001,0
                102.043205505,16.3678645520001,0
                102.04327191,16.3678893310001,0
                102.043287263,16.3678973630001,0
                102.043307108,16.3679129560001,0
                102.043333755,16.3679513380001,0
                102.043348081,16.367998576,0
                102.043350924,16.368055672,0
                102.043345236,16.368132426,0
                102.043305925,16.368374413,0
                102.043250653,16.368591023,0
                102.043216319,16.3686779340001,0
                102.043173563,16.3687676710001,0
                102.043140238,16.3688185240001,0
                102.043108769,16.368859663,0
                102.043051488,16.3689186120001,0
                102.042972379,16.3689933750001,0
                102.042464358,16.36936107,0
                102.042176421,16.3695570310001,0
                102.042163692,16.369562714,0
                102.042140547,16.3695730480001,0
                102.042098625,16.3695872160001,0
                102.04205862,16.369595544,0
                102.041850114,16.3696082450001,0
                102.041651401,16.369605306,0
                102.041574981,16.369594788,0
                102.041522577,16.3695800460001,0
                102.041471879,16.369545907,0
                102.041425103,16.369505899,0
                102.04139851,16.369473348,0
                102.041373534,16.369415589,0
                102.041348406,16.3693481450001,0
                102.041330343,16.369218604,0
                102.041319043,16.3690075960001,0
                102.041310327,16.368963163,0
                102.041295502,16.3689130060001,0
                102.041262383,16.3688710750001,0
                102.041260704,16.368868951,0
                102.041211983,16.368832845,0
                102.041129184,16.36879917,0
                102.04096195,16.3687395530001,0
                102.040951608,16.3687358670001,0
                102.040816677,16.368704882,0
                102.040715725,16.3686984720001,0
                102.040656309,16.368694701,0
                102.040600824,16.368696619,0
                102.040537738,16.3687047970001,0
                102.040437237,16.368726591,0
                102.040260379,16.3687741900001,0
                102.040158485,16.3688032690001,0
                102.040105339,16.3688265550001,0
                102.040100184,16.3688288130001,0
                102.040064476,16.3688554840001,0
                102.040034855,16.368886424,0
                102.040018776,16.36891717,0
                102.040005842,16.368956589,0
                102.039997691,16.3690133740001,0
                102.039997608,16.3690165620001,0
                102.039994866,16.36912239,0
                102.03999505,16.3692313650001,0
                102.040011228,16.3694011330001,0
                102.04001166,16.3695260860001,0
                102.040006474,16.3695799220001,0
                102.039981796,16.3696383990001,0
                102.039952331,16.36967951,0
                102.039925584,16.369701691,0
                102.039865868,16.3697330680001,0
                102.039828475,16.369748138,0
                102.039772912,16.369756206,0
                102.039709759,16.3697600240001,0
                102.039634523,16.3697611110001,0
                102.03957401,16.369756775,0
                102.039550146,16.369755065,0
                102.03942642,16.3697350580001,0
                102.039343367,16.3697173680001,0
                102.039310037,16.36970332,0
                102.039250881,16.369673662,0
                102.03919444,16.3696250740001,0
                102.039005608,16.3694137090001,0
                102.038817658,16.3692033310001,0
                102.038745765,16.369128812,0
                102.03870161,16.369096031,0
                102.038648562,16.369072095,0
                102.038574448,16.3690484640001,0
                102.038433946,16.369014169,0
                102.038216567,16.368972264,0
                102.038088284,16.3689494160001,0
                102.038014169,16.368925785,0
                102.03795508,16.3689004830001,0
                102.037909533,16.368874987,0
                102.037874429,16.368843527,0
                102.037846804,16.3688090540001,0
                102.037826523,16.3687628500001,0
                102.037807588,16.368706456,0
                102.037803908,16.3686853200001,0
                102.037791901,16.3686163720001,0
                102.037789416,16.368602101,0
                102.037790361,16.3685913580001,0
                102.03779577,16.368529859,0
                102.037797206,16.3685220720001,0
                102.037808502,16.3684739600001,0
                102.037830195,16.3684169790001,0
                102.037853595,16.368373051,0
                102.037886069,16.3683318970001,0
                102.037936599,16.3682904830001,0
                102.038027307,16.3682194290001,0
                102.038410215,16.3679683400001,0
                102.038485988,16.367904766,0
                102.038524548,16.3678678840001,0
                102.038564432,16.3678193590001,0
                102.038600024,16.3677639900001,0
                102.038620875,16.3677390760001,0
                102.038636845,16.367713119,0
                102.038645514,16.3676855260001,0
                102.038652823,16.3676357030001,0
                102.038652505,16.36760058,0
                102.038651901,16.367594551,0
                102.038626731,16.3674690080001,0
                102.038574834,16.367357391,0
                102.038547095,16.367307582,0
                102.038517037,16.367253609,0
                102.038481394,16.3672059830001,0
                102.038466269,16.367189852,0
                102.038429297,16.367159945,0
                102.038392793,16.3671352870001,0
                102.03835647,16.36712225,0
                102.038316285,16.3671189560001,0
                102.038272146,16.367119593,0
                102.038224175,16.3671319100001,0
                102.038172282,16.367150096,0
                102.038134493,16.367171952,0
                102.038107068,16.367191916,0
                102.0380829,16.367209507,0
                102.037810429,16.367479223,0
                102.037763467,16.3675257090001,0
                102.037730262,16.3675553260001,0
                102.037670338,16.3675926990001,0
                102.037628326,16.3676122370001,0
                102.037591732,16.3676292550001,0
                102.03749597,16.3676655100001,0
                102.037418085,16.367689883,0
                102.037350112,16.367706363,0
                102.037282018,16.3677150950001,0
                102.037211948,16.367725793,0
                102.037069621,16.367735598,0
                102.036955293,16.3677391850001,0
                102.036846773,16.3677291270001,0
                102.036768348,16.3677186350001,0
                102.03670193,16.3677060320001,0
                102.036633386,16.367685711,0
                102.036576731,16.367655531,0
                102.036509893,16.3676158110001,0
                102.036437832,16.367544916,0
                102.036414008,16.367514515,0
                102.036299166,16.367355371,0
                102.036171479,16.367144104,0
                102.036006508,16.366857818,0
                102.035934219,16.366725183,0
                102.035909586,16.3666745570001,0
                102.035869655,16.366573064,0
                102.035846384,16.3665287000001,0
                102.035828301,16.3664942290001,0
                102.035813526,16.3664688100001,0
                102.035810244,16.366463164,0
                102.035790562,16.3664387260001,0
                102.035789798,16.3664380700001,0
                102.035780792,16.3664303360001,0
                102.035752689,16.3664062010001,0
                102.035731444,16.366394884,0
                102.035713531,16.3663853410001,0
                102.035671809,16.366366683,0
                102.035621411,16.366351912,0
                102.035567093,16.366343009,0
                102.035518972,16.3663456400001,0
                102.035518651,16.366345645,0
                102.035492708,16.366346019,0
                102.035396777,16.3663600090001,0
                102.035348989,16.3663710480001,0
                102.03526693,16.3663977100001,0
                102.035177216,16.3664358140001,0
                102.03512733,16.3664539700001,0
                102.035075346,16.3664663430001,0
                102.035011325,16.366478891,0
                102.034937296,16.3664827650001,0
                102.034909065,16.366484241,0
                102.034851092,16.366498639,0
                102.034807165,16.366512834,0
                102.034767368,16.3665347190001,0
                102.034735807,16.366570046,0
                102.034727257,16.3665833790001,0
                102.034717892,16.366597982,0
                102.034704456,16.366618933,0
                102.034685472,16.3666889510001,0
                102.034682906,16.366710443,0
                102.034680414,16.366731314,0
                102.034680032,16.3667535120001,0
                102.034682928,16.3667839180001,0
                102.034695566,16.3668224840001,0
                102.034712425,16.36687455,0
                102.034731124,16.366934338,0
                102.034760762,16.3670381050001,0
                102.034765768,16.367079721,0
                102.034766149,16.3671043210001,0
                102.034760999,16.367160578,0
                102.034746028,16.367230539,0
                102.034707761,16.3673512070001,0
                102.034645627,16.367485781,0
                102.034579212,16.3676029810001,0
                102.034502945,16.367731947,0
                102.034434373,16.3678394900001,0
                102.034186675,16.368172413,0
                102.034141608,16.368242809,0
                102.034122294,16.3682915210001,0
                102.03410918,16.368351768,0
                102.034100167,16.3684177690001,0
                102.034090142,16.368937126,0
                102.034094336,16.369078492,0
                102.034108262,16.369200345,0
                102.034129794,16.3692949650001,0
                102.034156895,16.369360445,0
                102.034179564,16.3693988650001,0
                102.034204056,16.369419109,0
                102.034225831,16.3694293470001,0
                102.034268441,16.369436331,0
                102.034322612,16.3694355490001,0
                102.034378728,16.369430865,0
                102.034454729,16.36941427,0
                102.034580377,16.369364024,0
                102.034685382,16.369332555,0
                102.034738345,16.369316682,0
                102.034784121,16.369302964,0
                102.034821274,16.3692949960001,0
                102.03486639,16.3692853200001,0
                102.034903319,16.369279288,0
                102.034983558,16.369266183,0
                102.035119747,16.369248719,0
                102.035256096,16.369241587,0
                102.035360545,16.3692478290001,0
                102.035467747,16.3692591980001,0
                102.035511246,16.369265856,0
                102.035591121,16.369278083,0
                102.035667078,16.36930004,0
                102.035730584,16.369325496,0
                102.035782211,16.369350237,0
                102.035844417,16.3693932530001,0
                102.035914928,16.3694542310001,0
                102.03598029,16.3695281990001,0
                102.036051482,16.36963308,0
                102.036083804,16.369695323,0
                102.036158693,16.3698844210001,0
                102.036161107,16.3698928490001,0
                102.036221496,16.370103596,0
                102.036307528,16.370487311,0
                102.036322943,16.3705593060001,0
                102.036363772,16.37074998,0
                102.036372997,16.3708273410001,0
                102.036373687,16.37087189,0
                102.036364465,16.3709243320001,0
                102.036345271,16.3709807920001,0
                102.03631386,16.371025805,0
                102.036268285,16.3710632730001,0
                102.036228489,16.371085158,0
                102.036162639,16.371109356,0
                102.036076577,16.37112416,0
                102.035954401,16.3711394850001,0
                102.035856151,16.371144777,0
                102.035795871,16.3711398350001,0
                102.035733376,16.371121364,0
                102.035672647,16.3710873680001,0
                102.03557122,16.3710171490001,0
                102.035522551,16.3709784060001,0
                102.035489948,16.370952452,0
                102.035447485,16.370931753,0
                102.03539526,16.3709286320001,0
                102.035337047,16.3709275350001,0
                102.035270928,16.370934301,0
                102.035194957,16.370952833,0
                102.035117071,16.370977205,0
                102.035033255,16.3710074750001,0
                102.034947702,16.3710552060001,0
                102.034856341,16.3711165820001,0
                102.034786929,16.3711698920001,0
                102.034733777,16.371236529,0
                102.03467338,16.371353641,0
                102.034609359,16.3714959930001,0
                102.034570972,16.371608913,0
                102.03453483,16.3717373010001,0
                102.034517943,16.371813101,0
                102.03450902,16.371884912,0
                102.034499857,16.371941228,0
                102.034500697,16.371995461,0
                102.034517647,16.3720533380001,0
                102.034540586,16.3721091900001,0
                102.034586075,16.372195715,0
                102.034643631,16.3722840040001,0
                102.034700919,16.37235486,0
                102.034749731,16.3723967770001,0
                102.034802555,16.3724386370001,0
                102.03484921,16.3724708980001,0
                102.034930094,16.3725104160001,0
                102.035008911,16.372546089,0
                102.035125908,16.372585085,0
                102.03522464,16.3726107840001,0
                102.03532328,16.372630671,0
                102.035407696,16.37263914,0
                102.035461957,16.3726441690001,0
                102.035520141,16.372643329,0
                102.035582278,16.3726385580001,0
                102.035640342,16.37262997,0
                102.035700322,16.3726155430001,0
                102.03577809,16.372583423,0
                102.035880646,16.372529602,0
                102.035994891,16.3724582410001,0
                102.036040587,16.37242852,0
                102.036076461,16.3724125040001,0
                102.036102453,16.3724063170001,0
                102.036154498,16.372397816,0
                102.036234885,16.372397719,0
                102.036300991,16.372397639,0
                102.036361211,16.3723987070001,0
                102.036413496,16.372405702,0
                102.036457755,16.3724128120001,0
                102.036512226,16.372431399,0
                102.036566758,16.3724538610001,0
                102.036637549,16.372489649,0
                102.036690435,16.372535382,0
                102.036701096,16.372548512,0
                102.036743112,16.372616871,0
                102.036752244,16.3726391060001,0
                102.036763086,16.372691258,0
                102.036762011,16.3727513320001,0
                102.036740961,16.372817506,0
                102.036708083,16.372897412,0
                102.036675116,16.372971507,0
                102.03664601,16.3730358610001,0
                102.036626967,16.3731020060001,0
                102.036621818,16.3731582630001,0
                102.036614753,16.3732203610001,0
                102.036615863,16.373292027,0
                102.036623142,16.3733732910001,0
                102.036638026,16.3734273220001,0
                102.036667286,16.373502457,0
                102.036787855,16.373771946,0
                102.03687317,16.3739728510001,0
                102.036905699,16.374045923,0
                102.036919699,16.3740891840001,0
                102.036925118,16.374133769,0
                102.036924992,16.3741931710001,0
                102.036919575,16.3742453670001,0
                102.036905265,16.3743246120001,0
                102.036886407,16.374383299,0
                102.03686301,16.374431089,0
                102.036818489,16.3745088250001,0
                102.036734095,16.374647571,0
                102.036727117,16.3746583020001,0
                102.03661543,16.374818669,0
                102.036335785,16.3752063310001,0
                102.036128203,16.3754940920001,0
                102.035896162,16.375801606,0
                102.035829085,16.3758761940001,0
                102.035767758,16.375933263,0
                102.035720115,16.375966885,0
                102.035664326,16.3759928760001,0
                102.035610484,16.376014964,0
                102.035552479,16.3760274260001,0
                102.035482256,16.37602844,0
                102.035419908,16.3760196530001,0
                102.035361453,16.3760030600001,0
                102.035306831,16.3759747880001,0
                102.035265983,16.375928881,0
                102.035237055,16.3758750530001,0
                102.035215971,16.375809486,0
                102.035202883,16.375741868,0
                102.035189585,16.3756606910001,0
                102.035190632,16.375598681,0
                102.035203746,16.3755384340001,0
                102.035212875,16.375502043,0
                102.035218867,16.375478157,0
                102.035237911,16.375412012,0
                102.035265221,16.3753612460001,0
                102.035300285,16.375292933,0
                102.03533568,16.3752459250001,0
                102.035371075,16.375198918,0
                102.035424527,16.3751516500001,0
                102.035481902,16.3750985130001,0
                102.035531341,16.3750513030001,0
                102.035574581,16.374992558,0
                102.035587338,16.374957049,0
                102.035596058,16.3749327730001,0
                102.03562845,16.374842604,0
                102.035652553,16.3747143900001,0
                102.035653988,16.37470009,0
                102.035672417,16.3745164580001,0
                102.035686678,16.3740286350001,0
                102.0356876,16.373997063,0
                102.035686095,16.373951794,0
                102.035679708,16.373759727,0
                102.035670463,16.373667959,0
                102.035657195,16.3735887190001,0
                102.035640425,16.3735424650001,0
                102.035618051,16.37350229,0
                102.035598294,16.373476871,0
                102.035572775,16.373450448,0
                102.035517974,16.373410554,0
                102.03545919,16.373372655,0
                102.035390524,16.373344586,0
                102.03527161,16.3733114300001,0
                102.034959695,16.3732558730001,0
                102.034665869,16.373201991,0
                102.034581303,16.3731838370001,0
                102.03451686,16.373169268,0
                102.034438223,16.3731452170001,0
                102.034403338,16.373133221,0
                102.034353624,16.373120022,0
                102.034213685,16.373062486,0
                102.03416971,16.373041325,0
                102.034127127,16.3730128780001,0
                102.03409355,16.37298285,0
                102.03405986,16.372945557,0
                102.034030573,16.3729009350001,0
                102.033994794,16.3728258950001,0
                102.03386026,16.372496547,0
                102.033791008,16.372307291,0
                102.033782811,16.3722848890001,0
                102.033757177,16.372223553,0
                102.033729807,16.372173038,0
                102.03371344,16.372151392,0
                102.033678246,16.372114122,0
                102.033637056,16.3720783900001,0
                102.033588319,16.372041315,0
                102.033529026,16.372002938,0
                102.033471396,16.371974709,0
                102.033389601,16.3719410150001,0
                102.033330622,16.3719229770001,0
                102.033268725,16.3719107920001,0
                102.033185806,16.371901816,0
                102.033097004,16.371901644,0
                102.033050656,16.3719071580001,0
                102.033041418,16.3719082580001,0
                102.032993535,16.3719263840001,0
                102.032956298,16.371951623,0
                102.03292964,16.3719796140001,0
                102.032907585,16.3720133520001,0
                102.032896064,16.3720469370001,0
                102.032892269,16.3720934890001,0
                102.032892898,16.372134164,0
                102.032901096,16.372177637,0
                102.032916863,16.372223906,0
                102.032946375,16.372283054,0
                102.033026442,16.372399595,0
                102.033146353,16.372562057,0
                102.033195629,16.372633998,0
                102.033233002,16.372714828,0
                102.033268915,16.372798586,0
                102.033289287,16.3728506,0
                102.033302089,16.3728998190001,0
                102.033307481,16.372935274,0
                102.033310467,16.3729549120001,0
                102.033313051,16.37302462,0
                102.033309571,16.3730915090001,0
                102.033287631,16.3733272150001,0
                102.033287026,16.373385345,0
                102.033287947,16.373444905,0
                102.033315867,16.373692969,0
                102.03332355,16.373800381,0
                102.03332354,16.3738470070001,0
                102.033323529,16.373896282,0
                102.033322187,16.373935928,0
                102.033318703,16.373953305,0
                102.033314208,16.373968764,0
                102.033301138,16.373999466,0
                102.033284697,16.3740313060001,0
                102.033246192,16.374096158,0
                102.033200006,16.3741752870001,0
                102.033103508,16.374320002,0
                102.033046656,16.3744052590001,0
                102.032972407,16.374494601,0
                102.032931273,16.374535516,0
                102.032890022,16.374568803,0
                102.032854294,16.374594383,0
                102.032825222,16.374612239,0
                102.032790489,16.374629086,0
                102.032745564,16.3746439010001,0
                102.032708405,16.374649886,0
                102.032685324,16.374651613,0
                102.032655906,16.3746507930001,0
                102.032628225,16.3746477720001,0
                102.032587461,16.374639642,0
                102.032546664,16.374629333,0
                102.032508507,16.374613616,0
                102.032501953,16.374609257,0
                102.03248498,16.3745970790001,0
                102.032467091,16.374581334,0
                102.032393671,16.374505383,0
                102.03230578,16.3744061190001,0
                102.032273716,16.374358359,0
                102.032251038,16.3743153680001,0
                102.032229511,16.3742372150001,0
                102.032193403,16.374037491,0
                102.032192509,16.374032519,0
                102.032155425,16.373826351,0
                102.032137232,16.373635359,0
                102.032132493,16.373577615,0
                102.032129929,16.373546376,0
                102.032118331,16.3735081300001,0
                102.032105937,16.373473163,0
                102.032086659,16.37343094,0
                102.032046687,16.373364496,0
                102.032014623,16.373316736,0
                102.031991767,16.3732905630001,0
                102.031877734,16.373183714,0
                102.031764395,16.373094693,0
                102.031621029,16.3729820890001,0
                102.031467412,16.3728718400001,0
                102.031161103,16.3726541820001,0
                102.031130709,16.372632584,0
                102.030959284,16.372496654,0
                102.0308849,16.37243125,0
                102.030836792,16.3723861730001,0
                102.030790942,16.372341063,0
                102.030700151,16.3722366640001,0
                102.030649837,16.372194888,0
                102.030604172,16.3721617630001,0
                102.030555323,16.372141761,0
                102.030512303,16.3721336630001,0
                102.030463774,16.3721343620001,0
                102.030372562,16.372148753,0
                102.030313783,16.372165432,0
                102.029927501,16.372275039,0
                102.029498121,16.3723934700001,0
                102.029421681,16.3724141870001,0
                102.029355448,16.3724380260001,0
                102.029306195,16.3724648900001,0
                102.029291917,16.3724772410001,0
                102.029254954,16.3725092180001,0
                102.029205078,16.3725687830001,0
                102.029165375,16.3726292920001,0
                102.029132461,16.3726907930001,0
                102.029116491,16.37275314,0
                102.029106991,16.3727957780001,0
                102.029102981,16.3728285290001,0
                102.029099006,16.3728634600001,0
                102.029096109,16.3728951040001,0
                102.02909562,16.372936523,0
                102.029097489,16.372984446,0
                102.029104866,16.373023571,0
                102.029119217,16.3730756730001,0
                102.02913687,16.373122279,0
                102.029159003,16.3731666410001,0
                102.029201788,16.3732325010001,0
                102.029249545,16.3733081870001,0
                102.029276136,16.373345983,0
                102.029379376,16.373475141,0
                102.029760194,16.373939346,0
                102.029784161,16.373972882,0
                102.029933437,16.3741817540001,0
                102.029934416,16.3741831240001,0
                102.029966976,16.3742447720001,0
                102.029982119,16.374275067,0
                102.0300055,16.374327039,0
                102.030024533,16.3743899720001,0
                102.030045,16.374472499,0
                102.030065094,16.3746040720001,0
                102.030096004,16.374851004,0
                102.030100723,16.374909976,0
                102.030114833,16.37508631,0
                102.030111904,16.3752223860001,0
                102.030108755,16.375310702,0
                102.030105031,16.375361975,0
                102.030095531,16.3754046130001,0
                102.030078366,16.375462618,0
                102.03005,16.3755262330001,0
                102.030043495,16.375534213,0
                102.030016654,16.3755671440001,0
                102.029998978,16.3755847250001,0
                102.029978949,16.37560354,0
                102.029949909,16.375623574,0
                102.029918544,16.3756392830001,0
                102.029884872,16.375651756,0
                102.029841008,16.3756621950001,0
                102.029772315,16.3756729940001,0
                102.02962132,16.3756904250001,0
                102.029399174,16.375705612,0
                102.029343906,16.3757085880001,0
                102.029280638,16.375705141,0
                102.029209435,16.3756996270001,0
                102.029148323,16.3756896100001,0
                102.028958956,16.3756345800001,0
                102.028844084,16.3756005330001,0
                102.0286539,16.375544163,0
                102.028622131,16.375533723,0
                102.028581198,16.375514697,0
                102.028537908,16.375489165,0
                102.028495713,16.375461439,0
                102.028462528,16.3754324930001,0
                102.028428183,16.375401384,0
                102.028426478,16.375399493,0
                102.028397172,16.375366958,0
                102.028374062,16.375332418,0
                102.028242761,16.375017185,0
                102.028222902,16.3749738810001,0
                102.028202049,16.3749393090001,0
                102.028172116,16.3749015980001,0
                102.028131908,16.374856407,0
                102.028097546,16.3748242080001,0
                102.028060977,16.3747953110001,0
                102.028012044,16.3747698610001,0
                102.027981269,16.3747506870001,0
                102.027951706,16.374736946,0
                102.027906378,16.374725611,0
                102.027862228,16.3747175290001,0
                102.027820053,16.3747181360001,0
                102.027807232,16.374718321,0
                102.027795642,16.3747184870001,0
                102.027791256,16.374719258,0
                102.027748359,16.3747267960001,0
                102.027719151,16.374735935,0
                102.027694523,16.374749367,0
                102.027669947,16.3747660670001,0
                102.027649902,16.3747837920001,0
                102.027617846,16.374827844,0
                102.027542583,16.374941113,0
                102.027533929,16.374956765,0
                102.027454459,16.3751004810001,0
                102.027245346,16.3754786540001,0
                102.027220505,16.375526961,0
                102.027207612,16.3755692840001,0
                102.027197684,16.375608659,0
                102.027192159,16.375640704,0
                102.027191215,16.375677044,0
                102.02719501,16.375727845,0
                102.027228255,16.3758742050001,0
                102.027230539,16.3758842610001,0
                102.027268269,16.375988336,0
                102.027292289,16.376032223,0
                102.027310088,16.3760647450001,0
                102.027365629,16.3761525800001,0
                102.027399363,16.3761927790001,0
                102.027429975,16.376225758,0
                102.027466517,16.3762528390001,0
                102.027507527,16.376276951,0
                102.027551503,16.3762981130001,0
                102.027614952,16.376313182,0
                102.027682891,16.376326734,0
                102.027878903,16.376349267,0
                102.027907555,16.376352561,0
                102.028057604,16.3763666720001,0
                102.028123643,16.376375361,0
                102.028344974,16.376412859,0
                102.028506025,16.3764454130001,0
                102.028681594,16.3764840530001,0
                102.028885185,16.3765288610001,0
                102.029067844,16.376569062,0
                102.02913642,16.3765913230001,0
                102.029172895,16.376614046,0
                102.029201433,16.376642695,0
                102.02922,16.3766753640001,0
                102.029232697,16.376717802,0
                102.029241146,16.376768166,0
                102.029245484,16.376817433,0
                102.029248358,16.3769331230001,0
                102.029238005,16.377117417,0
                102.029227111,16.3771797370001,0
                102.029208839,16.377240328,0
                102.029176838,16.377300905,0
                102.029162428,16.3773257510001,0
                102.029106451,16.377393709,0
                102.029037409,16.377452229,0
                102.028957253,16.377504011,0
                102.028886643,16.3775382220001,0
                102.028863872,16.3775487250001,0
                102.028823256,16.3775619640001,0
                102.028727606,16.3775931120001,0
                102.028579798,16.377630563,0
                102.028095816,16.377741599,0
                102.027942603,16.3777767490001,0
                102.027671184,16.3778365960001,0
                102.027660597,16.3778389300001,0
                102.027596691,16.3778592240001,0
                102.027510924,16.3778933940001,0
                102.027433302,16.3779351960001,0
                102.027197936,16.3780831020001,0
                102.027180882,16.3780938200001,0
                102.027109219,16.3781316610001,0
                102.027045403,16.3781577660001,0
                102.026987456,16.378174099,0
                102.026917351,16.3781828570001,0
                102.026853116,16.378181845,0
                102.026790738,16.3781711180001,0
                102.026730366,16.3781603630001,0
                102.026659722,16.3781342570001,0
                102.02656671,16.378089099,0
                102.026487562,16.378032117,0
                102.026410211,16.377961547,0
                102.026352895,16.3778887510001,0
                102.026313966,16.377837003,0
                102.026270754,16.377767879,0
                102.026210804,16.377654438,0
                102.026208749,16.3776493340001,0
                102.026096025,16.3773693580001,0
                102.026018923,16.3770852000001,0
                102.026001523,16.376970687,0
                102.025996253,16.3768864510001,0
                102.025991104,16.3768129050001,0
                102.025995628,16.3767159710001,0
                102.026013988,16.3766052770001,0
                102.026034982,16.3765352290001,0
                102.026082889,16.3764235190001,0
                102.026173451,16.3762449970001,0
                102.02628816,16.3759890040001,0
                102.026312682,16.3759105190001,0
                102.026316815,16.375830336,0
                102.026312118,16.375780659,0
                102.026297387,16.37572357,0
                102.02624034,16.37550571,0
                102.026228144,16.3754654860001,0
                102.02621411,16.3754192000001,0
                102.026199107,16.375369719,0
                102.026191068,16.375336415,0
                102.02618606,16.37530452,0
                102.026189924,16.375262327,0
                102.026198392,16.375225878,0
                102.026212744,16.3751806290001,0
                102.026257935,16.3750855320001,0
                102.026266862,16.3750660370001,0
                102.026303576,16.3749728380001,0
                102.026319287,16.37489845,0
                102.026334501,16.3747607070001,0
                102.026332945,16.3745748640001,0
                102.026326835,16.3745196300001,0
                102.02631138,16.3744526950001,0
                102.02629083,16.374389057,0
                102.026256491,16.374309634,0
                102.026214854,16.374244848,0
                102.026182535,16.374198816,0
                102.026164674,16.3741761800001,0
                102.026116186,16.3741234710001,0
                102.026036106,16.3740547520001,0
                102.026013197,16.374037473,0
                102.025997766,16.374027111,0
                102.025940091,16.373995974,0
                102.025909726,16.3739789750001,0
                102.025685493,16.3738833940001,0
                102.025399328,16.3737912290001,0
                102.025387505,16.373787421,0
                102.025286258,16.37376127,0
                102.025239476,16.373753225,0
                102.02521125,16.373748371,0
                102.025171565,16.373744883,0
                102.025141509,16.373744462,0
                102.025097914,16.3737479960001,0
                102.025052883,16.3737559090001,0
                102.025009447,16.3737696110001,0
                102.02497962,16.3737874760001,0
                102.024952938,16.3738140140001,0
                102.024912981,16.3738581800001,0
                102.024908014,16.3738654430001,0
                102.024881169,16.3739046960001,0
                102.024858001,16.373948682,0
                102.024839588,16.374008953,0
                102.02483683,16.3740252750001,0
                102.02482677,16.37408479,0
                102.02482276,16.374163556,0
                102.024822999,16.3741718750001,0
                102.024830475,16.374266215,0
                102.024841006,16.3743634160001,0
                102.024885088,16.374593749,0
                102.024891757,16.374628591,0
                102.024931699,16.374850398,0
                102.024932941,16.37485903,0
                102.024955557,16.375105767,0
                102.024983616,16.3754119060001,0
                102.02500019,16.3755104730001,0
                102.02502258,16.37559588,0
                102.025035492,16.375652363,0
                102.02506215,16.3757217250001,0
                102.025096354,16.375792431,0
                102.025126413,16.3758431420001,0
                102.025184051,16.375912629,0
                102.025196228,16.375924673,0
                102.025239103,16.375972006,0
                102.025268344,16.376013723,0
                102.025288534,16.3760541180001,0
                102.025301357,16.3761047900001,0
                102.025304019,16.376125938,0
                102.025318513,16.3762411270001,0
                102.025320711,16.376383493,0
                102.02532246,16.3764968040001,0
                102.025305594,16.3766534160001,0
                102.025302713,16.37668017,0
                102.025284743,16.3767835940001,0
                102.025274792,16.3768215150001,0
                102.025257474,16.3768697150001,0
                102.025240134,16.3769164610001,0
                102.025218258,16.3769618200001,0
                102.025190405,16.3770101700001,0
                102.025128572,16.377099694,0
                102.025081338,16.377159948,0
                102.025020605,16.3772233030001,0
                102.024973012,16.377260313,0
                102.024928315,16.3772900160001,0
                102.024880565,16.377316857,0
                102.024817722,16.3773410100001,0
                102.024745895,16.3773681980001,0
                102.024667982,16.377391114,0
                102.024595974,16.37740668,0
                102.024522419,16.3774193620001,0
                102.024456296,16.3774261250001,0
                102.024378114,16.3774316080001,0
                102.024314889,16.3774310650001,0
                102.024247083,16.377426228,0
                102.024186667,16.377412566,0
                102.024138177,16.377391468,0
                102.024098603,16.377362976,0
                102.024063454,16.3773286090001,0
                102.024029474,16.3772724300001,0
                102.024010431,16.37720877,0
                102.024006345,16.3771390840001,0
                102.02401596,16.377079371,0
                102.024025865,16.3770385440001,0
                102.024052078,16.3769814990001,0
                102.024097674,16.37691255,0
                102.024146323,16.376846465,0
                102.024230707,16.376755163,0
                102.024285421,16.3766918960001,0
                102.024326457,16.3766201070001,0
                102.024371941,16.3765438950001,0
                102.024420142,16.3764487550001,0
                102.024443166,16.3763801320001,0
                102.024453049,16.3763378520001,0
                102.024456846,16.3762913,0
                102.024454243,16.3762201390001,0
                102.024442364,16.376133128,0
                102.024421367,16.376040437,0
                102.024390295,16.3759421190001,0
                102.024380225,16.3759102550001,0
                102.024371901,16.375897535,0
                102.02434325,16.375853755,0
                102.024343217,16.375853717,0
                102.024340844,16.3758509620001,0
                102.024319837,16.375826589,0
                102.024286856,16.3758001100001,0
                102.024241741,16.375771564,0
                102.024174874,16.375737875,0
                102.024058265,16.3756916020001,0
                102.023917646,16.3756500330001,0
                102.023804339,16.375622602,0
                102.023709156,16.3755992690001,0
                102.023617071,16.375581703,0
                102.02350547,16.3755673250001,0
                102.023345895,16.375565259,0
                102.023210463,16.375567206,0
                102.023124824,16.375577155,0
                102.023033234,16.375591549,0
                102.022926773,16.3756177810001,0
                102.022835339,16.375642343,0
                102.022770947,16.375663611,0
                102.022721625,16.3756861160001,0
                102.022676839,16.3757100080001,0
                102.02261276,16.375751614,0
                102.022554857,16.3758033030001,0
                102.022458546,16.37590204,0
                102.022415083,16.375953397,0
                102.022411244,16.375957935,0
                102.022301793,16.3760830160001,0
                102.02225002,16.376141881,0
                102.022196609,16.376192052,0
                102.022126757,16.376249724,0
                102.022050773,16.376300218,0
                102.021973151,16.376342019,0
                102.021920014,16.376371184,0
                102.021897033,16.3763837980001,0
                102.021841669,16.376404936,0
                102.021781767,16.3764246860001,0
                102.02172773,16.376434181,0
                102.021669109,16.3764393820001,0
                102.02160584,16.376435932,0
                102.021550005,16.3764265630001,0
                102.021492487,16.3764055940001,0
                102.021433306,16.3763744770001,0
                102.021372331,16.376324497,0
                102.02130646,16.376249885,0
                102.021248023,16.3761693550001,0
                102.021201468,16.3760784830001,0
                102.0211747,16.3760018560001,0
                102.021151053,16.375932451,0
                102.021136726,16.3758818000001,0
                102.021123635,16.375813695,0
                102.021115103,16.375748431,0
                102.021112681,16.375688892,0
                102.021108776,16.3756308270001,0
                102.021112663,16.375590086,0
                102.02112385,16.3755347100001,0
                102.021142607,16.3754821310001,0
                102.021180455,16.3753987650001,0
                102.021182595,16.3753938200001,0
                102.021219696,16.3753081130001,0
                102.021252041,16.3752582450001,0
                102.021272638,16.3752274350001,0
                102.021305273,16.3751964530001,0
                102.021336493,16.3751713030001,0
                102.021367758,16.375149058,0
                102.021403604,16.375131106,0
                102.021453016,16.3751144140001,0
                102.021651651,16.375076345,0
                102.021666115,16.3750735730001,0
                102.021864546,16.375057644,0
                102.021935114,16.37504646,0
                102.021990657,16.375036944,0
                102.022029603,16.37502476,0
                102.022047482,16.3750128780001,0
                102.022080251,16.374990612,0
                102.022109944,16.374964031,0
                102.022136538,16.3749316820001,0
                102.022165894,16.37488331,0
                102.022195206,16.3748320330001,0
                102.022210975,16.3747809500001,0
                102.022220612,16.3747226900001,0
                102.022217983,16.374646715,0
                102.022217898,16.374644265,0
                102.022216768,16.374639679,0
                102.022209645,16.374610773,0
                102.022193117,16.3745663990001,0
                102.022155778,16.3744875040001,0
                102.022099903,16.374377877,0
                102.021758155,16.373819009,0
                102.021727282,16.373769081,0
                102.021710574,16.373726699,0
                102.021705725,16.373672522,0
                102.021706807,16.373612447,0
                102.021719448,16.373521209,0
                102.021772566,16.373215531,0
                102.021775159,16.373198949,0
                102.021813217,16.3729555620001,0
                102.021839627,16.372725157,0
                102.021839148,16.372694069,0
                102.021827545,16.372636802,0
                102.021826155,16.372632357,0
                102.021807442,16.372590003,0
                102.021772378,16.372528511,0
                102.021715125,16.372459588,0
                102.021640357,16.372389523,0
                102.0214205,16.372223585,0
                102.021365731,16.3721856240001,0
                102.021321054,16.372151393,0
                102.021276258,16.372109413,0
                102.020959803,16.3717876110001,0
                102.020880994,16.37172374,0
                102.020872909,16.3717173630001,0
                102.020768392,16.3716419690001,0
                102.020726839,16.37161746,0
                102.020619667,16.371564753,0
                102.020508571,16.371517913,0
                102.020421909,16.3714939710001,0
                102.020303147,16.371470491,0
                102.020192528,16.371454643,0
                102.020017766,16.3714435900001,0
                102.0198893,16.3714415590001,0
                102.01979509,16.3714487240001,0
                102.019712979,16.37145959,0
                102.019632993,16.371478175,0
                102.019563068,16.371498552,0
                102.019495299,16.371528585,0
                102.019425734,16.371572207,0
                102.019372248,16.3716175340001,0
                102.019316484,16.3716855650001,0
                102.019311184,16.3716920310001,0
                102.019299637,16.3717147560001,0
                102.019219302,16.3718539600001,0
                102.019094677,16.3721224760001,0
                102.018977589,16.372390072,0
                102.018969795,16.3724078830001,0
                102.018866064,16.3726094570001,0
                102.018842443,16.3726486900001,0
                102.01873972,16.372803118,0
                102.018582835,16.372998733,0
                102.018482346,16.3731240280001,0
                102.018419096,16.3731869320001,0
                102.018383369,16.3732126310001,0
                102.018349499,16.3732286160001,0
                102.018315599,16.373242664,0
                102.018269542,16.3732491370001,0
                102.0182154,16.3732518510001,0
                102.018159102,16.3732449090001,0
                102.018104661,16.373228254,0
                102.018065658,16.373203183,0
                102.018032424,16.3731818200001,0
                102.018007371,16.3731657160001,0
                102.018000788,16.373158726,0
                102.01793015,16.373083717,0
                102.017890962,16.373032639,0
                102.017830144,16.3729421470001,0
                102.017755249,16.3728225420001,0
                102.017570099,16.3724282700001,0
                102.017495027,16.372291827,0
                102.017439274,16.3721960610001,0
                102.017407623,16.372141694,0
                102.017340072,16.3720554810001,0
                102.017291174,16.372007748,0
                102.017240418,16.3719697280001,0
                102.017197867,16.371943215,0
                102.017157561,16.371932169,0
                102.017093178,16.371921468,0
                102.017039036,16.371924182,0
                102.016989026,16.3719345860001,0
                102.01697819,16.3719389520001,0
                102.016954647,16.3719484370001,0
                102.016949137,16.3719506580001,0
                102.016944091,16.371953849,0
                102.016867651,16.3720021980001,0
                102.0167382,16.372098411,0
                102.016445267,16.3723401840001,0
                102.016218758,16.372532176,0
                102.015778145,16.372867532,0
                102.015649245,16.37296229,0
                102.015548937,16.3730304850001,0
                102.01523895,16.373230606,0
                102.015175371,16.3732722020001,0
                102.015108018,16.373329352,0
                102.015049787,16.3734008270001,0
                102.014972828,16.3735130270001,0
                102.014947039,16.3735622090001,0
                102.014685083,16.374145243,0
                102.01462341,16.3743108050001,0
                102.014602769,16.374404095,0
                102.014522292,16.374912845,0
                102.014503241,16.3749789890001,0
                102.014489822,16.3750198660001,0
                102.014468228,16.3750511740001,0
                102.014448462,16.3750708310001,0
                102.014426571,16.3750827700001,0
                102.014404589,16.3750888970001,0
                102.014364431,16.375087535,0
                102.014326191,16.3750803340001,0
                102.014283817,16.3750654420001,0
                102.014227072,16.3750294450001,0
                102.014169893,16.374969913,0
                102.014155512,16.374949659,0
                102.014099786,16.3748433420001,0
                102.014072811,16.3747878230001,0
                102.014068866,16.374779704,0
                102.013967645,16.374571372,0
                102.013911491,16.3744557950001,0
                102.013868654,16.374373377,0
                102.013824595,16.3743048160001,0
                102.013777495,16.374243495,0
                102.013773348,16.374239785,0
                102.013732729,16.374203451,0
                102.013681946,16.37416309,0
                102.013446908,16.374017682,0
                102.013417143,16.3739985620001,0
                102.013226551,16.37387613,0
                102.013130147,16.3738075630001,0
                102.012983901,16.373703548,0
                102.012916023,16.373649664,0
                102.012740733,16.373510514,0
                102.012628108,16.373412994,0
                102.01255146,16.3733466260001,0
                102.0122587,16.373093129,0
                102.012043055,16.372880061,0
                102.011808355,16.372648166,0
                102.011732839,16.372565939,0
                102.011726375,16.3725566730001,0
                102.011702059,16.372521819,0
                102.011677268,16.3724756770001,0
                102.011664634,16.372437109,0
                102.011662003,16.372396462,0
                102.011667487,16.3723615100001,0
                102.011674293,16.372327829,0
                102.01168993,16.3723002880001,0
                102.011706275,16.372273772,0
                102.01173412,16.3722344660001,0
                102.011773189,16.3721895670001,0
                102.011773456,16.37218933,0
                102.011813914,16.3721531950001,0
                102.01187565,16.3721068,0
                102.011915096,16.3720771590001,0
                102.011999534,16.372023579,0
                102.012142218,16.371952643,0
                102.012260247,16.3719001170001,0
                102.012429223,16.371837912,0
                102.012660752,16.3717588050001,0
                102.012904538,16.3716755090001,0
                102.012996714,16.371640385,0
                102.01306672,16.3716091380001,0
                102.0130878,16.371595131,0
                102.013102478,16.3715853780001,0
                102.013114996,16.3715706580001,0
                102.013124161,16.3715598810001,0
                102.013141909,16.3715320530001,0
                102.01316812,16.3714760170001,0
                102.013226819,16.37132726,0
                102.013312068,16.3711112130001,0
                102.013364655,16.3709779440001,0
                102.013373516,16.370940218,0
                102.013375698,16.370913988,0
                102.013373253,16.3708890080001,0
                102.013360109,16.3708512910001,0
                102.013335348,16.370807085,0
                102.013292589,16.370767012,0
                102.01323797,16.370738734,0
                102.013165384,16.370716525,0
                102.013004577,16.370699454,0
                102.01276151,16.3706835610001,0
                102.012538803,16.3706867510001,0
                102.012322205,16.370695665,0
                102.012189963,16.370709183,0
                102.012111894,16.3707219250001,0
                102.0120299,16.370740535,0
                102.011746216,16.3708240300001,0
                102.01171252,16.370835593,0
                102.011269033,16.3709877680001,0
                102.011165428,16.3710233190001,0
                102.011139344,16.3710322690001,0
                102.011064615,16.3710561240001,0
                102.011044853,16.371062432,0
                102.010999553,16.3710768920001,0
                102.010919476,16.3710896630001,0
                102.010821373,16.3711046290001,0
                102.010715094,16.3711100250001,0
                102.010572582,16.371108189,0
                102.010476038,16.3710940720001,0
                102.010389348,16.371068189,0
                102.010284422,16.3710309430001,0
                102.010207525,16.370989421,0
                102.010130362,16.3709304650001,0
                102.010124067,16.370924566,0
                102.010050953,16.3708560430001,0
                102.009961007,16.370748835,0
                102.009860915,16.370579777,0
                102.009851815,16.3705644080001,0
                102.009584721,16.3700402640001,0
                102.009572482,16.370016246,0
                102.0095173,16.369951164,0
                102.009470529,16.369911147,0
                102.0094219,16.3698808450001,0
                102.009371415,16.369860256,0
                102.009260678,16.369836654,0
                102.00922179,16.369829366,0
                102.009049356,16.3697970530001,0
                102.008615149,16.3697490170001,0
                102.008384269,16.3697426300001,0
                102.008308116,16.3697495320001,0
                102.008250021,16.3697561750001,0
                102.008190039,16.369770595,0
                102.008120172,16.369794842,0
                102.007856596,16.369941398,0
                102.007855524,16.369941994,0
                102.007500217,16.370196998,0
                102.007345307,16.3702960640001,0
                102.007440919,16.3705019990001,0
                102.007513895,16.370701991,0
                102.007559201,16.3708435030001,0
                102.00757677,16.3709222300001,0
                102.007588237,16.370990992,0
                102.0075897,16.3710247430001,0
                102.007590538,16.3710440900001,0
                102.007589536,16.371075696,0
                102.007578234,16.371114629,0
                102.00755801,16.371153688,0
                102.007534723,16.371187048,0
                102.007489284,16.3712307770001,0
                102.007449616,16.3712629360001,0
                102.007405488,16.3712951580001,0
                102.007343471,16.3713247640001,0
                102.007288801,16.3713485210001,0
                102.007235705,16.3713779980001,0
                102.00717837,16.3714218970001,0
                102.007061334,16.3715237540001,0
                102.007013973,16.371564972,0
                102.006892371,16.371685896,0
                102.006843892,16.371725359,0
                102.006796943,16.3717676740001,0
                102.006752881,16.3718042020001,0
                102.006723492,16.371827598,0
                102.006720485,16.371830888,0
                102.006694234,16.371859608,0
                102.006675474,16.371897211,0
                102.006665659,16.371936122,0
                102.006657551,16.3719893690001,0
                102.006663461,16.3720692100001,0
                102.00669132,16.3724455230001,0
                102.006697893,16.372552544,0
                102.006701773,16.372615723,0
                102.006703215,16.3726392080001,0
                102.006711378,16.372686479,0
                102.006724067,16.3727379920001,0
                102.00674883,16.3728008200001,0
                102.006770354,16.3728464640001,0
                102.006821277,16.3729197010001,0
                102.006948308,16.3731023940001,0
                102.007355662,16.373670955,0
                102.007396894,16.3737407290001,0
                102.007413802,16.373776386,0
                102.007421767,16.3738107350001,0
                102.007419387,16.37384954,0
                102.007410927,16.3738798160001,0
                102.007398807,16.3739051470001,0
                102.007393632,16.3739159630001,0
                102.007371788,16.37394643,0
                102.007351343,16.373971134,0
                102.007326392,16.3739930300001,0
                102.007273517,16.3740368650001,0
                102.007174982,16.3741100720001,0
                102.007169865,16.3741142150001,0
                102.007111806,16.374161234,0
                102.007070784,16.374202027,0
                102.007041724,16.3742469580001,0
                102.007012819,16.374301938,0
                102.006992968,16.374365405,0
                102.006977491,16.374423064,0
                102.006937976,16.3746591280001,0
                102.006924272,16.3747354290001,0
                102.006917806,16.3747987040001,0
                102.006909764,16.374856258,0
                102.006907693,16.374915162,0
                102.006907439,16.374995579,0
                102.006911625,16.3750744980001,0
                102.006918806,16.375154809,0
                102.006931804,16.375226422,0
                102.00695399,16.3753151340001,0
                102.006968286,16.3753520430001,0
                102.006984965,16.3753951050001,0
                102.007092063,16.375617651,0
                102.007076128,16.37563307,0
                102.007040131,16.3756863560001,0
                102.00700886,16.375756806,0
                102.006968781,16.375834922,0
                102.006926274,16.375900148,0
                102.006902149,16.3759274170001,0
                102.006863673,16.375964584,0
                102.006817526,16.375995247,0
                102.006817292,16.375995403,0
                102.00675736,16.3760156450001,0
                102.006618355,16.3760445570001,0
                102.006616023,16.3760410780001,0
                102.006553277,16.3759474830001,0
                102.006517283,16.3758872560001,0
                102.006514348,16.375882344,0
                102.00651215,16.3758741890001,0
                102.006510479,16.375867989,0
                102.006501335,16.375834066,0
                102.006497428,16.375797505,0
                102.006497842,16.3757928050001,0
                102.006501229,16.375754371,0
                102.00652685,16.375606459,0
                102.006625152,16.375178573,0
                102.006635562,16.37512996,0
                102.006634852,16.37508366,0
                102.006629812,16.3750460380001,0
                102.00661357,16.375005346,0
                102.006592932,16.3749690230001,0
                102.006563405,16.3749349820001,0
                102.006530582,16.374904219,0
                102.006494494,16.3748788880001,0
                102.006456325,16.3748632780001,0
                102.006409249,16.3748488740001,0
                102.006358943,16.3748420540001,0
                102.006293089,16.374839765,0
                102.006203927,16.3748453470001,0
                102.006137123,16.3748538410001,0
                102.006088213,16.374865309,0
                102.006026002,16.374882353,0
                102.005962725,16.374902643,0
                102.005902876,16.3749282680001,0
                102.00580437,16.374979218,0
                102.005724841,16.3750309710001,0
                102.005669636,16.375068378,0
                102.005629979,16.3751012540001,0
                102.005588174,16.3751395460001,0
                102.005561867,16.3751700770001,0
                102.005522639,16.375230948,0
                102.005493549,16.375298136,0
                102.005478545,16.3753381990001,0
                102.005469697,16.3753917940001,0
                102.005467317,16.3754062080001,0
                102.005462449,16.375452588,0
                102.005461028,16.37550538,0
                102.005466167,16.375549463,0
                102.005484497,16.3756536670001,0
                102.005510547,16.375758155,0
                102.005578405,16.376030343,0
                102.005608064,16.376181912,0
                102.005608666,16.3761849950001,0
                102.005610674,16.3762431230001,0
                102.005612268,16.376274332,0
                102.00560289,16.3763175450001,0
                102.005586755,16.3763565470001,0
                102.005558317,16.3763935700001,0
                102.005526533,16.3764306420001,0
                102.005515005,16.3764410320001,0
                102.005491321,16.376462378,0
                102.005457158,16.3764897900001,0
                102.005429621,16.3765128000001,0
                102.00538214,16.3765447110001,0
                102.005336773,16.376569053,0
                102.005283632,16.3765956600001,0
                102.005196081,16.3766335280001,0
                102.005066262,16.3766795390001,0
                102.004835341,16.376752842,0
                102.004739999,16.376791898,0
                102.00468794,16.3768163350001,0
                102.004640459,16.3768482460001,0
                102.004588599,16.3768856040001,0
                102.004543431,16.3769228670001,0
                102.004519289,16.376949059,0
                102.004496378,16.3769827730001,0
                102.004462826,16.377050024,0
                102.004447954,16.377098701,0
                102.00444084,16.3771440360001,0
                102.004439104,16.37717637,0
                102.004445209,16.3772107460001,0
                102.00445233,16.377238645,0
                102.00446378,16.377257867,0
                102.004482056,16.377285607,0
                102.004511435,16.3773099580001,0
                102.00457011,16.3773532760001,0
                102.004577435,16.3773574410001,0
                102.004728267,16.377443192,0
                102.004869469,16.377523469,0
                102.004930326,16.377563524,0
                102.004972072,16.3775941600001,0
                102.005008209,16.3776227220001,0
                102.005043298,16.3776556070001,0
                102.005115406,16.377751188,0
                102.005124352,16.3777650690001,0
                102.005147407,16.377805729,0
                102.005148271,16.3778081140001,0
                102.005163299,16.377842362,0
                102.005181037,16.3779078040001,0
                102.005227797,16.378192534,0
                102.005242286,16.3782644840001,0
                102.005255117,16.378300919,0
                102.005265469,16.3783212330001,0
                102.005288173,16.378346756,0
                102.005330168,16.378393542,0
                102.005362075,16.3784372430001,0
                102.005380366,16.3784660590001,0
                102.005389735,16.3784950040001,0
                102.005391726,16.3785520550001,0
                102.00538202,16.3787808390001,0
                102.005378449,16.3788030160001,0
                102.005361508,16.378861898,0
                102.005349541,16.3788827180001,0
                102.005334158,16.3789066410001,0
                102.005316189,16.378927434,0
                102.005280837,16.3789596600001,0
                102.005198192,16.379026536,0
                102.005064802,16.3791307550001,0
                102.004984288,16.37919114,0
                102.004929015,16.3792242380001,0
                102.004883665,16.3792496570001,0
                102.004839364,16.3792707530001,0
                102.004792783,16.37928865,0
                102.004712856,16.379314563,0
                102.004607408,16.3793494550001,0
                102.004549739,16.379371818,0
                102.00450985,16.37938962,0
                102.004473389,16.3794127580001,0
                102.00443353,16.3794481140001,0
                102.004432666,16.37944888,0
                102.004358326,16.37952197,0
                102.00433485,16.379545051,0
                102.004265738,16.3796214270001,0
                102.004228393,16.3796596550001,0
                102.004194196,16.3796849140001,0
                102.004154324,16.379703792,0
                102.004119846,16.379710747,0
                102.004077478,16.3797124290001,0
                102.004037177,16.3797033120001,0
                102.004007946,16.379688652,0
                102.003978616,16.379667532,0
                102.00393772,16.379619651,0
                102.003654547,16.379268295,0
                102.003520442,16.379107587,0
                102.003479595,16.3790629380001,0
                102.003450232,16.3790396640001,0
                102.003426546,16.3790227700001,0
                102.003397266,16.37900488,0
                102.003363591,16.37899136,0
                102.003327766,16.378983256,0
                102.003278591,16.3789774960001,0
                102.003217246,16.3789783720001,0
                102.003171632,16.3789865630001,0
                102.003135023,16.379000009,0
                102.003101825,16.379017715,0
                102.003077584,16.379037447,0
                102.003055657,16.3790625300001,0
                102.003040454,16.3790896720001,0
                102.003028696,16.379123227,0
                102.003021483,16.3791621010001,0
                102.00301973,16.3791933570001,0
                102.003021589,16.3792103100001,0
                102.003024918,16.379240671,0
                102.003055072,16.379340326,0
                102.003068398,16.379384365,0
                102.003127856,16.379551524,0
                102.003137357,16.3795890820001,0
                102.003141247,16.3796245670001,0
                102.00313961,16.379663361,0
                102.003132331,16.379697929,0
                102.003118376,16.379733668,0
                102.003095415,16.3797641510001,0
                102.003066811,16.379790407,0
                102.003024807,16.379815778,0
                102.002980489,16.3798357960001,0
                102.002930478,16.3798483570001,0
                102.002872595,16.379856723,0
                102.0027957,16.3798621290001,0
                102.002722166,16.3798640040001,0
                102.002699794,16.3798645750001,0
                102.002644335,16.379858471,0
                102.002595867,16.3798531360001,0
                102.002487461,16.3798406830001,0
                102.00237338,16.37982185,0
                102.002100291,16.379767181,0
                102.001971641,16.3797414270001,0
                102.001874855,16.3797282150001,0
                102.001843076,16.3797238770001,0
                102.001749237,16.3797155240001,0
                102.001500377,16.3797104610001,0
                102.001391053,16.3797109440001,0
                102.00132423,16.37971836,0
                102.001265264,16.379728894,0
                102.001067454,16.3797791050001,0
                102.000878615,16.379832418,0
                102.000860134,16.379839034,0
                102.000790402,16.379864002,0
                102.000772099,16.379870555,0
                102.000762805,16.379875143,0
                102.00074807,16.3798824150001,0
                102.000695699,16.3799082630001,0
                102.000652661,16.379939033,0
                102.000621925,16.3799717800001,0
                102.000601277,16.3800076150001,0
                102.000590684,16.380044384,0
                102.000586833,16.380084287,0
                102.000587443,16.380124127,0
                102.00059463,16.380156334,0
                102.000610888,16.380198104,0
                102.000631427,16.3802279660001,0
                102.00065741,16.3802491340001,0
                102.000686624,16.380262719,0
                102.000928625,16.3803010140001,0
                102.001104879,16.380328907,0
                102.001621959,16.3803646050001,0
                102.001718063,16.38037508,0
                102.001788545,16.3803880740001,0
                102.001818826,16.380398411,0
                102.001845875,16.380416333,0
                102.001874188,16.3804439310001,0
                102.001897041,16.380479145,0
                102.00190536,16.380512412,0
                102.001902458,16.380541533,0
                102.001893932,16.380567501,0
                102.001875448,16.380598998,0
                102.00184929,16.38063922,0
                102.001775896,16.3807275020001,0
                102.00173855,16.3807657300001,0
                102.001717177,16.3807853170001,0
                102.001682441,16.3808171490001,0
                102.001614129,16.38087305,0
                102.001450768,16.3809873880001,0
                102.001305841,16.381066999,0
                102.001232687,16.3810981990001,0
                102.001191617,16.381111708,0
                102.001148232,16.3811198670001,0
                102.001112557,16.381121453,0
                102.001084573,16.38111539,0
                102.001049831,16.3811051170001,0
                102.001013875,16.381088398,0
                102.00098566,16.3810672610001,0
                102.000948292,16.3810311770001,0
                102.000771913,16.3808053760001,0
                102.000729967,16.3807618180001,0
                102.000705099,16.3807406340001,0
                102.000677083,16.380732417,0
                102.000650297,16.3807317220001,0
                102.000623578,16.3807353350001,0
                102.000592528,16.380747624,0
                102.000544775,16.380777262,0
                102.000542798,16.380778489,0
                102.000499842,16.3808146430001,0
                102.000462578,16.380858254,0
                102.00043414,16.380895277,0
                102.000394798,16.3809778840001,0
                102.000387662,16.3809928680001,0
                102.000376036,16.3810350360001,0
                102.00036869,16.3810652970001,0
                102.000367019,16.381101938,0
                102.00037219,16.381148174,0
                102.000384152,16.381200775,0
                102.000408432,16.381256432,0
                102.00043929,16.3813044550001,0
                102.000485745,16.38135118,0
                102.000606393,16.381448877,0
                102.000712183,16.381534543,0
                102.00079522,16.381598776,0
                102.000846038,16.381638976,0
                102.000890165,16.3816792710001,0
                102.000934342,16.3817227970001,0
                102.001065985,16.381868464,0
                102.001140085,16.3819718720001,0
                102.001148587,16.3819855360001,0
                102.001160674,16.382004965,0
                102.001172256,16.382032802,0
                102.001178213,16.3820574860001,0
                102.001183219,16.3820929550001,0
                102.001183928,16.3821392460001,0
                102.001184241,16.3821597140001,0
                102.001177033,16.3822718220001,0
                102.00115982,16.382386228,0
                102.001150408,16.382427287,0
                102.001133338,16.3824781480001,0
                102.001122612,16.3825063030001,0
                102.001094388,16.3825573240001,0
                102.001035756,16.382662628,0
                102.000997789,16.3827331730001,0
                102.000985966,16.3827624210001,0
                102.000985229,16.382787201,0
                102.000985625,16.382813044,0
                102.000991631,16.3828409600001,0
                102.001003132,16.3828634120001,0
                102.001024802,16.3828943350001,0
                102.001083941,16.3829678020001,0
                102.001103265,16.3829912190001,0
                102.001113568,16.383008304,0
                102.001119441,16.383027606,0
                102.001119691,16.3830438970001,0
                102.001114443,16.383067414,0
                102.001098956,16.383093887,0
                102.000933321,16.3832585820001,0
                102.00076742,16.3834257280001,0
                102.000722299,16.3834662200001,0
                102.000693613,16.3834870920001,0
                102.00066153,16.383504782,0
                102.000638282,16.383516028,0
                102.000629414,16.383520318,0
                102.00060609,16.3835271130001,0
                102.000577172,16.383532911,0
                102.000546007,16.383537663,0
                102.000524765,16.3835347350001,0
                102.00050011,16.3835275480001,0
                102.000470912,16.3835150420001,0
                102.000443796,16.3834928110001,0
                102.000418674,16.383461917,0
                102.000392458,16.383429678,0
                102.000348633,16.383362354,0
                102.00021554,16.383157898,0
                102.000182468,16.3831109830001,0
                102.000157467,16.383081184,0
                102.000059994,16.3829813400001,0
                102.000032793,16.3829593840001,0
                101.99998657,16.3829220760001,0
                101.999968345,16.3828975660001,0
                101.999950036,16.382867671,0
                101.999839282,16.3826290860001,0
                101.999771869,16.382452346,0
                101.999716957,16.3822905060001,0
                101.999702566,16.3822250150001,0
                101.999696396,16.3821863320001,0
                101.999693654,16.3821529850001,0
                101.999696506,16.382120635,0
                101.999701506,16.382082869,0
                101.999712198,16.382052561,0
                101.999727335,16.3820211130001,0
                101.999750214,16.3819852460001,0
                101.999807358,16.381928428,0
                101.99987449,16.3818682360001,0
                101.99990516,16.381831182,0
                101.999917116,16.381810548,0
                101.999920116,16.3817878890001,0
                101.999915192,16.3817578040001,0
                101.999905857,16.381731013,0
                101.999840599,16.3816220910001,0
                101.999813269,16.381585864,0
                101.999682906,16.3814509480001,0
                101.999641027,16.381411697,0
                101.999615027,16.3813894510001,0
                101.999554269,16.381355855,0
                101.999500367,16.38133293,0
                101.999452159,16.3813174640001,0
                101.999419697,16.381310387,0
                101.999382857,16.381308759,0
                101.999353857,16.381309173,0
                101.999323807,16.381313909,0
                101.999283801,16.3813241730001,0
                101.999259396,16.3813331370001,0
                101.999228428,16.3813508110001,0
                101.999188702,16.3813793780001,0
                101.999160148,16.381408864,0
                101.999133906,16.3814437020001,0
                101.999107845,16.3814903840001,0
                101.999085246,16.3815445550001,0
                101.999020669,16.381771642,0
                101.999011702,16.3818417740001,0
                101.9990109,16.3818622480001,0
                101.99901341,16.381880521,0
                101.999019334,16.381903053,0
                101.999037509,16.381924333,0
                101.999060114,16.381943397,0
                101.999275196,16.3820738740001,0
                101.999337103,16.3821096070001,0
                101.999355164,16.3821233510001,0
                101.99936545,16.3821393590001,0
                101.999374752,16.382163996,0
                101.999382614,16.3822403500001,0
                101.999381423,16.3823082170001,0
                101.999375323,16.382347075,0
                101.999366763,16.3823708910001,0
                101.999348197,16.3823970030001,0
                101.999322906,16.382421058,0
                101.999296483,16.382444051,0
                101.999233515,16.3824847970001,0
                101.999179322,16.3825157260001,0
                101.999121718,16.382542395,0
                101.999075184,16.3825635220001,0
                101.999000816,16.382588276,0
                101.998901958,16.3826166100001,0
                101.998862018,16.382631181,0
                101.998829886,16.3826456400001,0
                101.998795622,16.3826665920001,0
                101.998775842,16.382686259,0
                101.998748517,16.382723266,0
                101.998720275,16.382773211,0
                101.998709467,16.3827959810001,0
                101.998707697,16.3828261620001,0
                101.998710324,16.382851972,0
                101.998719544,16.3828712260001,0
                101.998733192,16.382888263,0
                101.998763671,16.382911521,0
                101.998808649,16.3829345730001,0
                101.998966644,16.3829797070001,0
                101.999030354,16.3829874140001,0
                101.999091783,16.382991922,0
                101.9991498,16.3829921720001,0
                101.999246691,16.382981097,0
                101.999291274,16.382978307,0
                101.999321438,16.382981107,0
                101.999344993,16.3829893870001,0
                101.99935856,16.3830010410001,0
                101.999371159,16.3830224000001,0
                101.999377247,16.3830557000001,0
                101.999375478,16.3830858810001,0
                101.999365967,16.3831204800001,0
                101.999303051,16.3832404410001,0
                101.999297675,16.3832506910001,0
                101.999098486,16.38357555,0
                101.998998867,16.3837546340001,0
                101.998990996,16.3837687860001,0
                101.998974891,16.383809941,0
                101.998964446,16.3838564000001,0
                101.998958611,16.383912486,0
                101.99895355,16.3840191790001,0
                101.998956358,16.384056834,0
                101.998957093,16.3840594160001,0
                101.998964611,16.384085794,0
                101.998976276,16.3841190140001,0
                101.998993534,16.384153231,0
                101.999009496,16.3841756210001,0
                101.999041238,16.3842085540001,0
                101.999084438,16.3842416800001,0
                101.999221862,16.384347061,0
                101.999244533,16.384370431,0
                101.999259296,16.384387453,0
                101.999266368,16.3844121220001,0
                101.999271274,16.3844411310001,0
                101.999269506,16.384471311,0
                101.999238051,16.3846880890001,0
                101.997383312,16.3920243630001,0
                101.995336431,16.400117978,0
                101.995119965,16.400799281,0
                101.995002265,16.4012908710001,0
                101.994699216,16.4024648330001,0
                101.994309384,16.4036187730001,0
                101.994254589,16.403861556,0
                101.994244366,16.4041604080001,0
                101.994244335,16.4047911870001,0
                101.994244329,16.4049008600001,0
                101.994222207,16.405055458,0
                101.994142867,16.4052690020001,0
                101.993912724,16.4057728060001,0
                101.993882247,16.4058395230001,0
                101.993611985,16.4064098150001,0
                101.993526524,16.406604944,0
                101.993360674,16.406981553,0
                101.993089115,16.407525644,0
                101.99290821,16.4078920540001,0
                101.992900262,16.4079081510001,0
                101.992734203,16.408271841,0
                101.992726785,16.4082880880001,0
                101.992503821,16.4081770540001,0
                101.992366877,16.4081191550001,0
                101.992282547,16.408102828,0
                101.992151216,16.4080873410001,0
                101.991960703,16.4080498380001,0
                101.991881212,16.4080245100001,0
                101.991696002,16.4079477770001,0
                101.991521894,16.4078621310001,0
                101.991369917,16.4077631960001,0
                101.991187344,16.407616955,0
                101.990998506,16.4074706260001,0
                101.990871703,16.4073644910001,0
                101.99067592,16.407160613,0
                101.990461811,16.406926233,0
                101.990188662,16.4066607710001,0
                101.990185224,16.40666737,0
                101.989834882,16.407339731,0
                101.988756172,16.409512127,0
                101.986994942,16.413058893,0
                101.987803927,16.4168990320001,0
                101.988007673,16.4178661710001,0
                101.988014682,16.417899445,0
                101.988012961,16.4179019580001,0
                101.987982021,16.417947145,0
                101.987962833,16.417975165,0
                101.987892786,16.418088289,0
                101.987856136,16.4181436320001,0
                101.987639996,16.418481194,0
                101.987558444,16.418623143,0
                101.987476582,16.418785245,0
                101.987359665,16.41905368,0
                101.987277014,16.4192664610001,0
                101.987128227,16.4196274830001,0
                101.987109566,16.419680267,0
                101.987070658,16.41979444,0
                101.987035739,16.419896909,0
                101.986974416,16.420115244,0
                101.986900939,16.420309214,0
                101.986856745,16.4204325480001,0
                101.98680795,16.420545385,0
                101.986804767,16.420552748,0
                101.986711604,16.4207025920001,0
                101.986663528,16.420772958,0
                101.986594929,16.4208536100001,0
                101.986507515,16.420935505,0
                101.98641089,16.4210051740001,0
                101.986319151,16.4210628170001,0
                101.98620226,16.4211261460001,0
                101.986201925,16.4211262970001,0
                101.9861518,16.4211488920001,0
                101.986094999,16.4211744950001,0
                101.985877694,16.4212484760001,0
                101.985821254,16.421268363,0
                101.985597352,16.421347252,0
                101.985440481,16.421416766,0
                101.985250372,16.4215010080001,0
                101.985122659,16.42155511,0
                101.985112104,16.421561684,0
                101.985060976,16.421593531,0
                101.984976903,16.421661866,0
                101.984816422,16.4218092300001,0
                101.984764488,16.421857371,0
                101.984709845,16.421903758,0
                101.984644863,16.4219639950001,0
                101.984570185,16.422032465,0
                101.984501795,16.422099514,0
                101.984465005,16.4221488740001,0
                101.984426533,16.4222057710001,0
                101.984405499,16.4222493120001,0
                101.984389069,16.422298966,0
                101.984372125,16.4223818720001,0
                101.984360933,16.422498122,0
                101.984351499,16.4228048850001,0
                101.984348583,16.42284082,0
                101.984334092,16.423019314,0
                101.984325885,16.423147085,0
                101.984325845,16.4231477010001,0
                101.984289669,16.423360347,0
                101.984277217,16.4234209730001,0
                101.984260876,16.4235005310001,0
                101.984186367,16.4237610060001,0
                101.984115988,16.424020087,0
                101.984075095,16.4241706220001,0
                101.98400448,16.424448833,0
                101.983960013,16.4246240250001,0
                101.983938067,16.4247265120001,0
                101.983921872,16.424862343,0
                101.9839,16.42506159,0
                101.983889367,16.4251683890001,0
                101.983888877,16.425173305,0
                101.983871513,16.425283419,0
                101.983842756,16.425408568,0
                101.983837929,16.4254295810001,0
                101.983786648,16.4256057270001,0
                101.983778113,16.4256358710001,0
                101.983728662,16.4258105010001,0
                101.98363994,16.4260783280001,0
                101.983632086,16.426099374,0
                101.983603527,16.426175899,0
                101.983584382,16.4262272,0
                101.983537192,16.42634142,0
                101.983409503,16.4265965930001,0
                101.983407117,16.426600836,0
                101.983214615,16.4269430190001,0
                101.983130438,16.427085995,0
                101.983114879,16.4271124200001,0
                101.982919239,16.427405924,0
                101.982734796,16.4276844670001,0
                101.982652753,16.427823887,0
                101.982526419,16.428092684,0
                101.982483419,16.428189241,0
                101.982362522,16.4284607220001,0
                101.982195444,16.4288317370001,0
                101.982035707,16.429234605,0
                101.981973953,16.429378851,0
                101.981973315,16.4293802650001,0
                101.981936648,16.429461464,0
                101.981820712,16.4296654030001,0
                101.981746638,16.429795864,0
                101.981684836,16.4299431330001,0
                101.981649051,16.430028792,0
                101.981637336,16.430081242,0
                101.981630538,16.430111675,0
                101.981621084,16.430209855,0
                101.981619344,16.4302279230001,0
                101.981611328,16.4303411940001,0
                101.981612851,16.430648116,0
                101.981612292,16.4309882650001,0
                101.981606006,16.431090979,0
                101.981597268,16.431158877,0
                101.981595324,16.431173976,0
                101.981583567,16.4312252080001,0
                101.981552642,16.431300354,0
                101.981509003,16.4313874110001,0
                101.981476792,16.4314443970001,0
                101.981433218,16.431492544,0
                101.981256061,16.431646987,0
                101.981095533,16.431786931,0
                101.980935228,16.431919841,0
                101.980728911,16.432095803,0
                101.9805701,16.4322356280001,0
                101.980408204,16.432372383,0
                101.980294064,16.432459937,0
                101.98024591,16.432491359,0
                101.980210194,16.432514666,0
                101.980209585,16.432515025,0
                101.980132728,16.4325604160001,0
                101.980082262,16.4325823670001,0
                101.980014613,16.4326010460001,0
                101.979954914,16.4326122800001,0
                101.979893531,16.4326310490001,0
                101.97984463,16.4326530230001,0
                101.979806668,16.432676665,0
                101.979732515,16.432758501,0
                101.979717422,16.4327751590001,0
                101.979676354,16.4328314970001,0
                101.979552138,16.433001905,0
                101.979470953,16.4331132780001,0
                101.979336335,16.4333093870001,0
                101.979331209,16.4333171960001,0
                101.979227242,16.4334756260001,0
                101.979177219,16.433570149,0
                101.979100828,16.4337489550001,0
                101.97904711,16.4338797080001,0
                101.978980716,16.4340665240001,0
                101.978970134,16.4340963010001,0
                101.978936634,16.4342148420001,0
                101.978907159,16.4343191410001,0
                101.978870389,16.4344682820001,0
                101.978867294,16.4344838430001,0
                101.978850005,16.434570792,0
                101.978839275,16.43465681,0
                101.978837168,16.4347211350001,0
                101.978836306,16.434747476,0
                101.978836766,16.434822787,0
                101.978862463,16.435139825,0
                101.978862717,16.435166628,0
                101.978864375,16.435261897,0
                101.978860042,16.435314293,0
                101.978829328,16.4355966090001,0
                101.978798875,16.4358685490001,0
                101.978778312,16.4359843570001,0
                101.978647723,16.436458245,0
                101.978621522,16.436542871,0
                101.978586931,16.436652356,0
                101.97856914,16.4367038620001,0
                101.97854757,16.4367663090001,0
                101.978397371,16.437133782,0
                101.97820683,16.4376027210001,0
                101.978074531,16.4379523100001,0
                101.97799253,16.4381642930001,0
                101.977966601,16.4382455580001,0
                101.977937424,16.438389613,0
                101.977932253,16.4384151410001,0
                101.977918331,16.4384795710001,0
                101.977903323,16.4385383150001,0
                101.97789153,16.4385767420001,0
                101.977886001,16.4385947590001,0
                101.977860544,16.4386454140001,0
                101.977779755,16.43877918,0
                101.977739798,16.438855705,0
                101.977715818,16.43892485,0
                101.977705364,16.438954988,0
                101.97769796,16.438990027,0
                101.977672401,16.4391109860001,0
                101.977627517,16.4392781490001,0
                101.977565591,16.4394836180001,0
                101.977549067,16.4395334870001,0
                101.977532313,16.439584052,0
                101.97752457,16.4396048290001,0
                101.977488182,16.439702471,0
                101.977320201,16.44007989,0
                101.977134092,16.4404962180001,0
                101.977130338,16.440504617,0
                101.97696579,16.440963724,0
                101.976839884,16.4412793880001,0
                101.976661063,16.441749627,0
                101.976495565,16.442193979,0
                101.976386971,16.4425236160001,0
                101.976365128,16.4425691770001,0
                101.976226582,16.442577134,0
                101.976119081,16.4425833070001,0
                101.97581967,16.442593548,0
                101.975277015,16.442592394,0
                101.975092697,16.4425872840001,0
                101.974472215,16.442539508,0
                101.974125132,16.4424785250001,0
                101.974053362,16.4432855750001,0
                101.974034194,16.4434727770001,0
                101.974022847,16.4435449960001,0
                101.974004073,16.4435993010001,0
                101.973999646,16.4436121090001,0
                101.973968025,16.4436725190001,0
                101.973899493,16.4438047780001,0
                101.973753306,16.4440593,0
                101.973698019,16.4441555560001,0
                101.973553729,16.4444462920001,0
                101.97331427,16.444937994,0
                101.973255988,16.445068758,0
                101.973026519,16.445685628,0
                101.973008485,16.445737934,0
                101.972881239,16.446107,0
                101.97287301,16.4461308640001,0
                101.972691212,16.4466414950001,0
                101.972589219,16.4469525820001,0
                101.972504507,16.447199945,0
                101.972258411,16.447834835,0
                101.972246201,16.447869471,0
                101.972159686,16.448171734,0
                101.972102573,16.448391756,0
                101.971998575,16.44872101,0
                101.971918897,16.4490618470001,0
                101.971902752,16.4494111600001,0
                101.971909574,16.4499606740001,0
                101.97190787,16.4499805300001,0
                101.971906974,16.449989718,0
                101.971884635,16.4502187410001,0
                101.971875523,16.450321479,0
                101.971875045,16.4503268670001,0
                101.971863634,16.4503669540001,0
                101.97184511,16.450402081,0
                101.971823142,16.450427442,0
                101.971796442,16.450444394,0
                101.971766542,16.450459935,0
                101.971741131,16.450465851,0
                101.971616043,16.450484902,0
                101.971386028,16.4505357410001,0
                101.970988253,16.450658036,0
                101.970895544,16.4506891770001,0
                101.970816443,16.4507194940001,0
                101.970785952,16.450736837,0
                101.970776778,16.450742055,0
                101.970722373,16.4507875350001,0
                101.970632796,16.450875072,0
                101.970522569,16.4509956220001,0
                101.970438882,16.4510848640001,0
                101.970417264,16.4511079160001,0
                101.970358995,16.4511551910001,0
                101.970278577,16.4512086240001,0
                101.970171987,16.4512801830001,0
                101.970027735,16.451368781,0
                101.969958719,16.4514246590001,0
                101.969955873,16.4514269630001,0
                101.969955255,16.4514275670001,0
                101.969917025,16.45146486,0
                101.969909138,16.4514725540001,0
                101.969882721,16.451506409,0
                101.96991287,16.4515273420001,0
                101.969914027,16.4515281450001,0
                101.969936691,16.4515506810001,0
                101.969954418,16.451582398,0
                101.969987652,16.4516652350001,0
                101.970015947,16.451757253,0
                101.970065499,16.4519624710001,0
                101.970176322,16.4523591940001,0
                101.97025278,16.4526841690001,0
                101.970280003,16.4527835750001,0
                101.970298587,16.452821783,0
                101.970312623,16.452844194,0
                101.970336202,16.452869519,0
                101.970356133,16.4528827620001,0
                101.970381817,16.452896089,0
                101.97041527,16.45290305,0
                101.970461244,16.452906491,0
                101.970499635,16.45290427,0
                101.971035019,16.452822256,0
                101.971579889,16.452746855,0
                101.971807659,16.4527140590001,0
                101.971823493,16.452713042,0
                101.971842202,16.4527118410001,0
                101.971854692,16.4527110390001,0
                101.971880533,16.452714187,0
                101.971903469,16.452719147,0
                101.971915028,16.452723657,0
                101.971927236,16.4527284210001,0
                101.971933018,16.452730678,0
                101.971950058,16.4527448040001,0
                101.971967928,16.45276727,0
                101.971993488,16.4528262970001,0
                101.972286675,16.453531379,0
                101.972322714,16.4536188820001,0
                101.97233559,16.4536542320001,0
                101.972340854,16.4536857690001,0
                101.972347308,16.4537538760001,0
                101.972352294,16.4540680640001,0
                101.972359512,16.454231871,0
                101.972376736,16.454668059,0
                101.972439913,16.455041629,0
                101.97246354,16.455377098,0
                101.972496249,16.4558414910001,0
                101.973147131,16.455834709,0
                101.973506499,16.4558288000001,0
                101.973870615,16.4558463990001,0
                101.974412586,16.4558554650001,0
                101.975000669,16.455859026,0
                101.975767656,16.4558688700001,0
                101.976319929,16.4558731450001,0
                101.976365889,16.4558775090001,0
                101.976380813,16.455884552,0
                101.976387467,16.455887691,0
                101.976396737,16.455900618,0
                101.976399983,16.455905145,0
                101.976404733,16.455928656,0
                101.976395428,16.4561026910001,0
                101.976345145,16.456832961,0
                101.976338007,16.456961958,0
                101.976338129,16.457023798,0
                101.976350022,16.457047984,0
                101.976391037,16.4570849570001,0
                101.976465445,16.457103003,0
                101.976705584,16.45712615,0
                101.977116927,16.4571747900001,0
                101.977245949,16.4571918710001,0
                101.977280659,16.457196466,0
                101.977283015,16.457196777,0
                101.977249325,16.4572358240001,0
                101.977211464,16.457279703,0
                101.977021714,16.4575378860001,0
                101.976934413,16.4576566710001,0
                101.976652048,16.458056044,0
                101.976434191,16.4583354370001,0
                101.976313506,16.4585157110001,0
                101.97625749,16.458599384,0
                101.976155582,16.4587397990001,0
                101.976105993,16.458804474,0
                101.976057988,16.45884943,0
                101.976017112,16.458885842,0
                101.976013398,16.4588891500001,0
                101.976004831,16.458896781,0
                101.975942784,16.4589403000001,0
                101.97572961,16.459067335,0
                101.975714363,16.45907642,0
                101.975706687,16.459082311,0
                101.975649664,16.4591260710001,0
                101.975641543,16.4591328290001,0
                101.97561469,16.4591551770001,0
                101.975584161,16.4591906100001,0
                101.97558214,16.4591929540001,0
                101.975557144,16.4592382440001,0
                101.975528065,16.4592995130001,0
                101.9754362,16.4595480290001,0
                101.975332904,16.459832777,0
                101.975281562,16.459955414,0
                101.975266179,16.4599846900001,0
                101.975254179,16.4600075280001,0
                101.975244673,16.4600256190001,0
                101.975213278,16.460071226,0
                101.975166367,16.460128125,0
                101.974991083,16.4603279360001,0
                101.974742758,16.4606204560001,0
                101.974624841,16.4607487120001,0
                101.974570338,16.4608157280001,0
                101.974564013,16.4608235050001,0
                101.974558383,16.4608328580001,0
                101.974523764,16.4608903720001,0
                101.974507582,16.460944424,0
                101.974497988,16.461013377,0
                101.974493252,16.4610988520001,0
                101.974498206,16.4612190120001,0
                101.974522688,16.4615088960001,0
                101.974533541,16.4616883640001,0
                101.97453501,16.46181341,0
                101.974526705,16.46201892,0
                101.974505959,16.462257154,0
                101.974485041,16.4623966820001,0
                101.974465066,16.462475355,0
                101.974456622,16.462489776,0
                101.974447741,16.4625049430001,0
                101.974444052,16.4625112430001,0
                101.974439447,16.462514938,0
                101.974419884,16.4625306340001,0
                101.974390705,16.4625433730001,0
                101.974334203,16.462559007,0
                101.974159669,16.462572763,0
                101.974089696,16.462576111,0
                101.973664683,16.4626072510001,0
                101.973149399,16.462687638,0
                101.972014878,16.462849794,0
                101.971439774,16.462921549,0
                101.971041156,16.462974452,0
                101.970952532,16.462991206,0
                101.970918838,16.462997575,0
                101.970868716,16.4630141230001,0
                101.970812048,16.463040446,0
                101.970782281,16.463063458,0
                101.970754198,16.463090767,0
                101.970748527,16.463096282,0
                101.97073269,16.4631257340001,0
                101.970731411,16.463128112,0
                101.970730794,16.463130904,0
                101.970723389,16.463164394,0
                101.970705191,16.4632729890001,0
                101.970702253,16.4632905240001,0
                101.970700839,16.4632989610001,0
                101.970697042,16.4633170010001,0
                101.970684273,16.463377683,0
                101.970661041,16.4634464390001,0
                101.970634553,16.463494548,0
                101.970619953,16.4635175070001,0
                101.970602617,16.463536903,0
                101.970288028,16.463888879,0
                101.970042271,16.464156669,0
                101.969989617,16.464208216,0
                101.969774226,16.4643799400001,0
                101.969312557,16.4647085290001,0
                101.969187564,16.4647954340001,0
                101.96914979,16.464822983,0
                101.969085824,16.464869633,0
                101.968988473,16.464953876,0
                101.968971771,16.46496833,0
                101.968885168,16.465055907,0
                101.968777625,16.4651744380001,0
                101.968661099,16.46532245,0
                101.968606956,16.465405563,0
                101.968575305,16.4654767930001,0
                101.968464405,16.465713841,0
                101.968457823,16.4657279100001,0
                101.968394746,16.4658443970001,0
                101.968364272,16.465882402,0
                101.968341757,16.465905106,0
                101.968312474,16.465924423,0
                101.968268322,16.465932498,0
                101.968071014,16.465921634,0
                101.967933222,16.4659246950001,0
                101.967925903,16.4659248580001,0
                101.967826871,16.4659370540001,0
                101.967806205,16.4659481100001,0
                101.967691485,16.466009479,0
                101.967543977,16.466122082,0
                101.967287683,16.4663183260001,0
                101.967007647,16.4665873500001,0
                101.966880541,16.4667276000001,0
                101.968823831,16.4672383650001,0
                101.969354561,16.467326578,0
                101.969968799,16.4673042360001,0
                101.970054614,16.4680061980001,0
                101.970097406,16.4681779040001,0
                101.970131342,16.468264123,0
                101.970156449,16.46832791,0
                101.970220104,16.468473596,0
                101.970345574,16.468883385,0
                101.970399118,16.4690772700001,0
                101.970448958,16.4692256500001,0
                101.970726903,16.4691952790001,0
                101.971361379,16.469152195,0
                101.971874602,16.46912604,0
                101.972563004,16.4690141290001,0
                101.972882989,16.4689151210001,0
                101.973174316,16.468788256,0
                101.973264044,16.468798942,0
                101.973444727,16.4687411620001,0
                101.973701749,16.46862716,0
                101.973808479,16.468611282,0
                101.973853673,16.468614889,0
                101.973910669,16.4686194390001,0
                101.974197813,16.4686873260001,0
                101.97438295,16.4687552720001,0
                101.97608187,16.4692840170001,0
                101.976613982,16.4694679240001,0
                101.977367005,16.469676958,0
                101.977562949,16.4689488280001,0
                101.977605855,16.468724751,0
                101.978980632,16.468900058,0
                101.979165564,16.4687126970001,0
                101.97937909,16.4684774520001,0
                101.97945785,16.4684390480001,0
                101.979664025,16.4683744980001,0
                101.979857142,16.4683060570001,0
                101.980312526,16.46820818,0
                101.980551394,16.468130108,0
                101.980653373,16.4680722690001,0
                101.980712394,16.468047843,0
                101.980818625,16.4680193140001,0
                101.980902569,16.4680198030001,0
                101.980953884,16.468054486,0
                101.980982609,16.468107983,0
                101.981013665,16.468195275,0
                101.981061658,16.46824517,0
                101.981161702,16.4682672860001,0
                101.981373452,16.4682761180001,0
                101.981692179,16.4682530910001,0
                101.982025524,16.468212941,0
                101.982351645,16.46815093,0
                101.982636357,16.4680721620001,0
                101.982843138,16.467988297,0
                101.983113505,16.4678294290001,0
                101.983415789,16.4676473660001,0
                101.983570951,16.467503537,0
                101.983867316,16.467200328,0
                101.984112848,16.4669906350001,0
                101.984269658,16.4668399670001,0
                101.984474433,16.4667409960001,0
                101.984731357,16.4666727490001,0
                101.98498338,16.466626999,0
                101.985276474,16.4665998040001,0
                101.985512653,16.4665507560001,0
                101.986032329,16.466416506,0
                101.986304949,16.4663760170001,0
                101.986821378,16.466317009,0
                101.987108222,16.4662749180001,0
                101.987422412,16.466205776,0
                101.98787176,16.466048662,0
                101.988523372,16.465850043,0
                101.989369555,16.465673178,0
                101.989981417,16.465550176,0
                101.990568047,16.4653370730001,0
                101.991043014,16.4651747230001,0
                101.991256553,16.465092483,0
                101.991457769,16.4650789450001,0
                101.992152888,16.465085684,0
                101.992425062,16.4650589930001,0
                101.992833742,16.4650318230001,0
                101.993434612,16.465030886,0
                101.994099804,16.464996926,0
                101.994364915,16.464977984,0
                101.994565497,16.464935365,0
                101.994837942,16.4648811390001,0
                101.9950343,16.4648722220001,0
                101.995260155,16.4648720340001,0
                101.995454954,16.46490426,0
                101.995597352,16.464922013,0
                101.995750191,16.4649732280001,0
                101.995870492,16.464992828,0
                101.996055851,16.465026725,0
                101.996340553,16.465143477,0
                101.996621915,16.465271644,0
                101.996794098,16.46533451,0
                101.996879517,16.4653444030001,0
                101.997171439,16.4654082640001,0
                101.997465287,16.4655274020001,0
                101.997747976,16.465564499,0
                101.998097951,16.4655515540001,0
                101.998385976,16.4655078370001,0
                101.998771512,16.4654404230001,0
                101.999264165,16.46536687,0
                101.99986226,16.465275778,0
                101.999996612,16.465249898,0
                102.000172986,16.465215953,0
                102.000571632,16.4651690360001,0
                102.000731797,16.465130435,0
                102.000896358,16.4650568700001,0
                102.001339875,16.4648619070001,0
                102.001730771,16.4647118680001,0
                102.001921186,16.464577736,0
                102.002394482,16.464393038,0
                102.002869996,16.464209542,0
                102.002895645,16.4641493030001,0
                102.00292806,16.4641004120001,0
                102.002931456,16.4640952880001,0
                102.002937396,16.4640885270001,0
                102.002988058,16.464030865,0
                102.00299783,16.4640197420001,0
                102.003078055,16.4639579660001,0
                102.003130459,16.463923473,0
                102.003170746,16.463896956,0
                102.003331232,16.4637913240001,0
                102.003659066,16.4635924360001,0
                102.004186883,16.4632767310001,0
                102.004660288,16.4630071290001,0
                102.004759593,16.462951795,0
                102.004828048,16.462907123,0
                102.004881882,16.4628662440001,0
                102.005081619,16.4627145750001,0
                102.005264048,16.462575295,0
                102.005577427,16.4623182080001,0
                102.005777756,16.462167204,0
                102.005869785,16.462097833,0
                102.005874774,16.462094726,0
                102.005897083,16.462080832,0
                102.005920133,16.462066475,0
                102.005978171,16.4620339910001,0
                102.006031363,16.4620145490001,0
                102.006036203,16.4620127800001,0
                102.006039892,16.4620114320001,0
                102.006054294,16.462009015,0
                102.006182188,16.461987557,0
                102.006273786,16.461973835,0
                102.006633305,16.4619199790001,0
                102.00682662,16.4619042360001,0
                102.006923813,16.4619031570001,0
                102.007077159,16.4619090520001,0
                102.007359562,16.461920492,0
                102.007590831,16.4619312,0
                102.00776339,16.4619349010001,0
                102.007858064,16.461931319,0
                102.007918894,16.4619255700001,0
                102.007937453,16.4619238170001,0
                102.007955984,16.4619195610001,0
                102.008023425,16.461904071,0
                102.008124965,16.461869741,0
                102.008231825,16.461821915,0
                102.008252914,16.4618098890001,0
                102.008347919,16.461755714,0
                102.008442148,16.461697836,0
                102.008519853,16.461633555,0
                102.008780379,16.461404084,0
                102.009127596,16.4611079920001,0
                102.009167321,16.4610768530001,0
                102.00920432,16.461054576,0
                102.009229608,16.4610428230001,0
                102.009302928,16.461014259,0
                102.009356743,16.460996729,0
                102.009472106,16.4609714590001,0
                102.009559477,16.4609443140001,0
                102.00958807,16.46093074,0
                102.009651178,16.4609007870001,0
                102.00968186,16.46088329,0
                102.009744051,16.460847825,0
                102.00979064,16.4608114760001,0
                102.009894327,16.460720419,0
                102.009959514,16.4606664140001,0
                102.010029016,16.4606088310001,0
                102.010220993,16.4604302000001,0
                102.010432675,16.460217304,0
                102.010567322,16.46008047,0
                102.010646988,16.4599995090001,0
                102.010750769,16.4599022850001,0
                102.010864815,16.45980274,0
                102.010963217,16.459722712,0
                102.011074271,16.459651502,0
                102.011079738,16.459648095,0
                102.011147855,16.4596056670001,0
                102.011205853,16.4595756480001,0
                102.011239816,16.459564179,0
                102.01128297,16.4595496050001,0
                102.011348392,16.459535734,0
                102.011441863,16.459527198,0
                102.011535258,16.4595235950001,0
                102.011572238,16.4595252560001,0
                102.011645758,16.459528559,0
                102.011696253,16.4595308290001,0
                102.012010905,16.4595500610001,0
                102.012080462,16.4595498240001,0
                102.01229364,16.4595490990001,0
                102.012436452,16.4595389240001,0
                102.012734742,16.4595148020001,0
                102.012830845,16.4595013680001,0
                102.013016025,16.459460026,0
                102.013043826,16.45945382,0
                102.013057741,16.4594495630001,0
                102.013163056,16.459417349,0
                102.013190274,16.459409024,0
                102.013326611,16.45935668,0
                102.013402562,16.459323216,0
                102.013494118,16.459272701,0
                102.013581916,16.459217197,0
                102.013684151,16.459137223,0
                102.013761872,16.459071705,0
                102.013828164,16.459001089,0
                102.013921811,16.458897548,0
                102.013994853,16.4588035850001,0
                102.014145539,16.4585828250001,0
                102.01443563,16.458185542,0
                102.014466283,16.458179118,0
                102.014736686,16.4581296980001,0
                102.014819904,16.458113301,0
                102.014928828,16.4580975800001,0
                102.014995358,16.458094827,0
                102.015016884,16.4580966940001,0
                102.015085328,16.45810263,0
                102.015187319,16.4581151890001,0
                102.015781911,16.458201033,0
                102.015893737,16.458211981,0
                102.015990763,16.4582200610001,0
                102.016267842,16.458244984,0
                102.016441602,16.4582536300001,0
                102.016546426,16.4582551230001,0
                102.016807246,16.4582563710001,0
                102.017004319,16.458245607,0
                102.017083727,16.458236868,0
                102.017227571,16.4582080380001,0
                102.017428257,16.458161928,0
                102.017664857,16.4580995760001,0
                102.01767868,16.4580960530001,0
                102.017988657,16.458007927,0
                102.018387862,16.457906268,0
                102.018475109,16.4578865350001,0
                102.018558371,16.4578766170001,0
                102.018648005,16.4578680220001,0
                102.018715853,16.457862818,0
                102.018833554,16.4578583250001,0
                102.019040684,16.457858807,0
                102.019312989,16.4578614490001,0
                102.019572474,16.4578663770001,0
                102.019894655,16.4578684950001,0
                102.020073529,16.45787721,0
                102.020089857,16.457878758,0
                102.020182131,16.457882457,0
                102.020300998,16.457885382,0
                102.020414571,16.4578823160001,0
                102.020428927,16.457881034,0
                102.020501837,16.4578748930001,0
                102.02054288,16.4578707050001,0
                102.020822498,16.4578359540001,0
                102.020874591,16.457830528,0
                102.020963724,16.4578212430001,0
                102.021026968,16.4578204490001,0
                102.021126624,16.457825567,0
                102.021149135,16.4578277480001,0
                102.021276001,16.457840031,0
                102.021499277,16.4578715860001,0
                102.021648504,16.457895917,0
                102.0217494,16.457903522,0
                102.021902801,16.4579057030001,0
                102.022010258,16.457902296,0
                102.022107695,16.4578851750001,0
                102.022221788,16.457865822,0
                102.022271718,16.457861596,0
                102.022320221,16.4578672220001,0
                102.022380096,16.457881645,0
                102.022398139,16.45788902,0
                102.022431891,16.457902814,0
                102.02246142,16.4579148820001,0
                102.022560359,16.4579668750001,0
                102.02272167,16.458031336,0
                102.022726842,16.458033404,0
                102.02274056,16.458036841,0
                102.022888609,16.4580739530001,0
                102.022894388,16.4580748440001,0
                102.022985557,16.458088902,0
                102.023027197,16.4580909850001,0
                102.023089046,16.4580940760001,0
                102.023222013,16.4580947330001,0
                102.023422638,16.458102519,0
                102.023524774,16.458112608,0
                102.023638341,16.458127796,0
                102.023767379,16.458134565,0
                102.023938771,16.4581308310001,0
                102.024220328,16.458113858,0
                102.024491697,16.458094271,0
                102.024821944,16.4580705860001,0
                102.025053588,16.458056603,0
                102.025191932,16.4580400610001,0
                102.025273981,16.458019413,0
                102.025312588,16.458009696,0
                102.025426925,16.4579743050001,0
                102.02542952,16.4579731960001,0
                102.02554147,16.457925345,0
                102.025544563,16.457923878,0
                102.025675415,16.457861854,0
                102.025773304,16.457815125,0
                102.025867338,16.457769575,0
                102.025950939,16.457737449,0
                102.026062382,16.457705441,0
                102.026321625,16.457644552,0
                102.026421946,16.457626899,0
                102.026737408,16.457562307,0
                102.027225983,16.457469303,0
                102.027310542,16.457458165,0
                102.027388747,16.4574444690001,0
                102.027462071,16.457420874,0
                102.027561201,16.4573362460001,0
                102.027576968,16.4573185460001,0
                102.027608454,16.4572908910001,0
                102.02764703,16.457276633,0
                102.027699169,16.457273694,0
                102.028296364,16.457337652,0
                102.029478039,16.4575123180001,0
                102.030014036,16.457564087,0
                102.030172085,16.4575857560001,0
                102.030314879,16.457612167,0
                102.030345489,16.457617828,0
                102.030493278,16.4576528270001,0
                102.030623846,16.457699098,0
                102.030650359,16.457708708,0
                102.03073181,16.457738233,0
                102.030756094,16.4577470360001,0
                102.03100006,16.457847557,0
                102.031127019,16.4579069370001,0
                102.031211491,16.457957489,0
                102.031285787,16.458004606,0
                102.031380084,16.458081619,0
                102.03157505,16.4582653470001,0
                102.031614194,16.4583068210001,0
                102.032049599,16.458706706,0
                102.032347183,16.4589822140001,0
                102.032643263,16.4591943240001,0
                102.033058341,16.459446127,0
                102.033487865,16.4596564880001,0
                102.033581345,16.459696626,0
                102.033871172,16.45979529,0
                102.034250419,16.459912156,0
                102.034318359,16.4599329010001,0
                102.034413235,16.4599720840001,0
                102.034511446,16.4600162470001,0
                102.034594315,16.4600601940001,0
                102.0347294,16.4601460100001,0
                102.034834103,16.460211653,0
                102.034947129,16.460290575,0
                102.035058451,16.460369472,0
                102.035121042,16.4604016160001,0
                102.035188797,16.460430543,0
                102.035268583,16.460453059,0
                102.035387623,16.4604728420001,0
                102.035495807,16.4604834090001,0
                102.035525513,16.46048631,0
                102.035849018,16.4605139230001,0
                102.036121389,16.460540811,0
                102.036349593,16.4605572030001,0
                102.036717518,16.460578862,0
                102.037276345,16.460603222,0
                102.037567791,16.4606089910001,0
                102.037687132,16.4606090350001,0
                102.037756754,16.4606140550001,0
                102.037772282,16.460615175,0
                102.037847182,16.4606228160001,0
                102.037925353,16.4606352640001,0
                102.037949226,16.4606390650001,0
                102.038054456,16.460670167,0
                102.038222378,16.460726832,0
                102.038292188,16.460751311,0
                102.038765049,16.460917119,0
                102.038963403,16.4609906650001,0
                102.039070261,16.4610267240001,0
                102.039282428,16.461088949,0
                102.039677832,16.4612097,0
                102.039714712,16.4612243940001,0
                102.039759173,16.4612421090001,0
                102.039811589,16.4612708170001,0
                102.039813304,16.4612718860001,0
                102.039865634,16.461304484,0
                102.039919579,16.4613447300001,0
                102.039955518,16.461376294,0
                102.039980541,16.4613982710001,0
                102.039991924,16.4614082680001,0
                102.039997726,16.4614138110001,0
                102.04021039,16.4616169990001,0
                102.040373331,16.461777237,0
                102.040447431,16.4618375090001,0
                102.04057793,16.461940366,0
                102.040648605,16.4618735060001,0
                102.040676747,16.4618530170001,0
                102.040693956,16.461840486,0
                102.040768275,16.461809149,0
                102.040851181,16.461780708,0
                102.040991867,16.4617364270001,0
                102.041273355,16.4616507970001,0
                102.041373406,16.4616300010001,0
                102.041445165,16.4616199110001,0
                102.041497756,16.461621612,0
                102.041512901,16.461622101,0
                102.041624028,16.461629842,0
                102.041686632,16.4616331930001,0
                102.041707878,16.4616314460001,0
                102.041711439,16.461631153,0
                102.041763448,16.461626876,0
                102.041869928,16.461603704,0
                102.0420276,16.4615658050001,0
                102.042044464,16.461561751,0
                102.042240563,16.4615312080001,0
                102.042343003,16.46152155,0
                102.042546324,16.4615207210001,0
                102.042571028,16.4615209990001,0
                102.042946386,16.4615121420001,0
                102.043387733,16.461457798,0
                102.043453458,16.4612249,0
                102.043674747,16.4611843640001,0
                102.043675379,16.4611842480001,0
                102.043684159,16.461134686,0
                102.043714346,16.461059716,0
                102.043744498,16.4610107870001,0
                102.043761078,16.4609927490001,0
                102.043970959,16.460796197,0
                102.044164407,16.4610946440001,0
                102.044257807,16.461265509,0
                102.056712309,16.480478057,0
                102.058665914,16.483491375,0
                102.058797176,16.483693836,0
                102.060607926,16.486471119,0
                102.061440774,16.4873690630001,0
                102.065506146,16.491335314,0
                102.065821209,16.492029217,0
                102.066440092,16.493369828,0
                102.066854942,16.4942538180001,0
                102.067323439,16.494557591,0
                102.067340686,16.4944730560001,0
                102.067375885,16.494311006,0
                102.067376576,16.494308432,0
                102.06742546,16.4941265890001,0
                102.067490198,16.493973897,0
                102.067577973,16.493814335,0
                102.067651907,16.4937164570001,0
                102.067743876,16.4936414160001,0
                102.067810637,16.493606035,0
                102.067967281,16.493574333,0
                102.068206242,16.493555111,0
                102.068407801,16.493554048,0
                102.068475227,16.493563131,0
                102.068710594,16.493625395,0
                102.069008607,16.493724389,0
                102.069297331,16.4938187380001,0
                102.069558555,16.493915933,0
                102.069688241,16.493964185,0
                102.069891566,16.4940327570001,0
                102.070061809,16.494106156,0
                102.07028329,16.494218436,0
                102.070309666,16.494238916,0
                102.070385886,16.4943215050001,0
                102.070416865,16.494370996,0
                102.070503211,16.4945399920001,0
                102.070548647,16.4946476260001,0
                102.070589212,16.4947230060001,0
                102.070694702,16.4948767990001,0
                102.070851934,16.495073152,0
                102.0708997,16.4951192930001,0
                102.071102297,16.4952664320001,0
                102.07124717,16.495351628,0
                102.071329578,16.495391281,0
                102.071461853,16.4954454580001,0
                102.071661118,16.4955068800001,0
                102.071672775,16.495509715,0
                102.071753067,16.4955292380001,0
                102.071896733,16.4955437830001,0
                102.072205604,16.495517668,0
                102.072410757,16.4954942910001,0
                102.072448987,16.49548443,0
                102.07263335,16.4954186680001,0
                102.072841303,16.4952815990001,0
                102.072841343,16.495281564,0
                102.072979428,16.4951279470001,0
                102.073002955,16.4950897190001,0
                102.073066462,16.4949371180001,0
                102.073120282,16.494788541,0
                102.073176294,16.494676213,0
                102.073176754,16.494675558,0
                102.073222104,16.494610848,0
                102.073247733,16.4945831100001,0
                102.073410437,16.49446786,0
                102.073571637,16.4943301210001,0
                102.073659511,16.494231336,0
                102.073762029,16.4941160880001,0
                102.073934205,16.493870154,0
                102.07403325,16.4937321940001,0
                102.07416847,16.4935438910001,0
                102.074307515,16.493320044,0
                102.074392335,16.49317044,0
                102.074487339,16.4930380760001,0
                102.07461027,16.4929169690001,0
                102.074653032,16.49288626,0
                102.074806669,16.492803297,0
                102.074934072,16.492732849,0
                102.075045243,16.492697709,0
                102.075169175,16.492679486,0
                102.075248517,16.4926740450001,0
                102.075433657,16.4926766350001,0
                102.075540445,16.492692622,0
                102.075640972,16.4927156520001,0
                102.075711174,16.4927311930001,0
                102.075806018,16.492771347,0
                102.075877982,16.4928273190001,0
                102.076016309,16.4929646890001,0
                102.076167519,16.4931790360001,0
                102.076275934,16.493327806,0
                102.076302971,16.4933783290001,0
                102.076313222,16.493447432,0
                102.076298035,16.493523962,0
                102.076273622,16.4935913890001,0
                102.07621631,16.4936673350001,0
                102.076069194,16.4938052300001,0
                102.075908476,16.493911332,0
                102.075795438,16.493959408,0
                102.075682312,16.4940120520001,0
                102.075649034,16.4940477000001,0
                102.075610455,16.494123905,0
                102.075598114,16.494215379,0
                102.075598149,16.4942606340001,0
                102.075620554,16.494385886,0
                102.075668774,16.4945037000001,0
                102.075708657,16.4945687150001,0
                102.075807976,16.4946820050001,0
                102.075992465,16.4948606520001,0
                102.076160963,16.4949724890001,0
                102.076287015,16.495033951,0
                102.076466112,16.4951065990001,0
                102.076609044,16.495146673,0
                102.076683536,16.4951593010001,0
                102.076853716,16.4951616810001,0
                102.077167553,16.4951434980001,0
                102.077326742,16.495136696,0
                102.077466941,16.4951522010001,0
                102.077602066,16.4951902070001,0
                102.077732063,16.4952597430001,0
                102.077811269,16.4953170480001,0
                102.077831147,16.495331429,0
                102.077884835,16.4953702720001,0
                102.078023368,16.495494105,0
                102.078203006,16.495686232,0
                102.078278531,16.495785572,0
                102.078372926,16.4959249350001,0
                102.078468554,16.496103299,0
                102.078496881,16.496228138,0
                102.078498842,16.4962411880001,0
                102.078505952,16.4963903140001,0
                102.078550596,16.496535405,0
                102.078614612,16.4966356210001,0
                102.078655535,16.496669528,0
                102.078697797,16.496704546,0
                102.07875611,16.496730138,0
                102.078798864,16.4967375620001,0
                102.078879806,16.496738694,0
                102.078992495,16.4967131810001,0
                102.079107082,16.496663278,0
                102.079168979,16.4966156510001,0
                102.079305369,16.496446635,0
                102.079438688,16.4962950030001,0
                102.079569039,16.49611157,0
                102.079630475,16.495990647,0
                102.079693404,16.495902347,0
                102.079709826,16.495891225,0
                102.079815155,16.4958442450001,0
                102.079851409,16.4958305110001,0
                102.0799187,16.4958050170001,0
                102.080040707,16.495784148,0
                102.080181205,16.4957770820001,0
                102.080298044,16.495787744,0
                102.080405605,16.4957937620001,0
                102.080503711,16.495804161,0
                102.080583669,16.495808955,0
                102.080619746,16.495796678,0
                102.08064923,16.495774609,0
                102.080687618,16.495711924,0
                102.080707874,16.495608373,0
                102.080696725,16.4954141100001,0
                102.080657711,16.4952103430001,0
                102.080637998,16.494966301,0
                102.080651192,16.494709088,0
                102.080677424,16.4945198450001,0
                102.08074652,16.49428149,0
                102.080805948,16.4940656420001,0
                102.080897808,16.4938682160001,0
                102.08098526,16.493652739,0
                102.081081692,16.493464427,0
                102.081200766,16.493326138,0
                102.081266882,16.4932864310001,0
                102.081374599,16.4932789010001,0
                102.081477131,16.493307424,0
                102.081695753,16.4933962540001,0
                102.081884805,16.493583991,0
                102.082009541,16.493694127,0
                102.08208837,16.4937403750001,0
                102.082195524,16.493773472,0
                102.082317183,16.4937751750001,0
                102.082408947,16.493747081,0
                102.082490693,16.4937044970001,0
                102.082519987,16.493684484,0
                102.082566659,16.4936526020001,0
                102.082634155,16.4935874340001,0
                102.082642854,16.493570521,0
                102.082666864,16.493507262,0
                102.082666504,16.4934908500001,0
                102.082658838,16.493459359,0
                102.08259911,16.4933862940001,0
                102.082488589,16.493267369,0
                102.082391719,16.49312904,0
                102.082375979,16.493094281,0
                102.082329582,16.4929490860001,0
                102.082280552,16.4927858770001,0
                102.082259153,16.4926500980001,0
                102.082263781,16.4925758370001,0
                102.082281239,16.492531017,0
                102.082322582,16.492479426,0
                102.0823752,16.492403412,0
                102.082429292,16.492363589,0
                102.082507646,16.492305871,0
                102.082582823,16.4922765950001,0
                102.082616852,16.492273679,0
                102.082746573,16.49229117,0
                102.083213046,16.492392534,0
                102.083385869,16.492413002,0
                102.083572636,16.4924426970001,0
                102.083796993,16.492459372,0
                102.083886621,16.492467279,0
                102.083943162,16.4924655570001,0
                102.084078053,16.4924407190001,0
                102.084223653,16.4924066360001,0
                102.084288577,16.4923720300001,0
                102.084698903,16.4922326340001,0
                102.084821246,16.492189194,0
                102.084943211,16.492168325,0
                102.085050499,16.4921923910001,0
                102.085132114,16.492227148,0
                102.085289479,16.4923350280001,0
                102.085344229,16.492384207,0
                102.085475692,16.492550507,0
                102.085648145,16.4927624740001,0
                102.085654562,16.492773255,0
                102.085800444,16.4930516860001,0
                102.085959255,16.493383512,0
                102.086066649,16.4937101240001,0
                102.08612839,16.493963783,0
                102.086200797,16.4941318100001,0
                102.086240742,16.4942380850001,0
                102.08628138,16.4943024040001,0
                102.086374311,16.494418716,0
                102.086494587,16.494510684,0
                102.086689284,16.4946353400001,0
                102.086935247,16.494774207,0
                102.087063086,16.4948362160001,0
                102.087126789,16.4948539710001,0
                102.087266019,16.494873623,0
                102.087397037,16.4948754490001,0
                102.087528308,16.494859224,0
                102.08760691,16.494832526,0
                102.087785181,16.4947463080001,0
                102.087905609,16.4946658370001,0
                102.088047123,16.494591014,0
                102.088141019,16.494569766,0
                102.0882536,16.49455326,0
                102.08844087,16.4945468400001,0
                102.088707837,16.494532511,0
                102.089003171,16.494500499,0
                102.089157692,16.494493629,0
                102.089331481,16.494450896,0
                102.089454264,16.4944259430001,0
                102.089515397,16.494404199,0
                102.089576321,16.4943770260001,0
                102.089689694,16.494279815,0
                102.089770458,16.494199677,0
                102.089825442,16.4941378400001,0
                102.089848552,16.494101588,0
                102.089885752,16.4940025930001,0
                102.08991973,16.493882742,0
                102.089991928,16.493787372,0
                102.090033168,16.493750956,0
                102.090072517,16.493716212,0
                102.090190841,16.493627568,0
                102.090308627,16.4935750330001,0
                102.090393598,16.4935584510001,0
                102.090438727,16.4935570320001,0
                102.090561378,16.4935740390001,0
                102.090752195,16.493644413,0
                102.090970586,16.493709697,0
                102.090999201,16.493723119,0
                102.091119249,16.4938211250001,0
                102.091193024,16.493894384,0
                102.09126619,16.494008266,0
                102.091348197,16.494158408,0
                102.091480499,16.494386009,0
                102.091507015,16.4944502340001,0
                102.091559193,16.4945766160001,0
                102.09159186,16.4946982930001,0
                102.09163143,16.494934422,0
                102.091668306,16.4951645410001,0
                102.091699685,16.4952509250001,0
                102.091756103,16.495360577,0
                102.091831447,16.495539556,0
                102.091991755,16.495791388,0
                102.092078874,16.4958908790001,0
                102.092125298,16.495931236,0
                102.092219009,16.496012701,0
                102.09231514,16.4960788880001,0
                102.092369051,16.496099739,0
                102.092484214,16.49611571,0
                102.092573378,16.4960988920001,0
                102.092695858,16.496046424,0
                102.092938941,16.495898722,0
                102.093019734,16.4958655400001,0
                102.093077838,16.4958530500001,0
                102.093161121,16.4958512330001,0
                102.093230662,16.4958581930001,0
                102.093283441,16.495873967,0
                102.093363067,16.4959154760001,0
                102.093411491,16.4959544930001,0
                102.093524682,16.4960867950001,0
                102.093567775,16.496165664,0
                102.093599432,16.496245313,0
                102.093609519,16.4962881640001,0
                102.093606532,16.4964880270001,0
                102.093604643,16.4966144090001,0
                102.093545985,16.4967806340001,0
                102.093484932,16.496930575,0
                102.09347829,16.496958901,0
                102.093467082,16.4970504610001,0
                102.093450207,16.4972398400001,0
                102.093455509,16.497399714,0
                102.09346217,16.497453476,0
                102.093497572,16.4975777330001,0
                102.093536714,16.497715123,0
                102.093671547,16.498087244,0
                102.093736269,16.498291196,0
                102.093784577,16.498397558,0
                102.093788028,16.498405158,0
                102.0938013,16.498422975,0
                102.093841534,16.4984769870001,0
                102.093886831,16.498515223,0
                102.093963931,16.4985653910001,0
                102.094072974,16.498605691,0
                102.094138969,16.4986204620001,0
                102.094211011,16.498627518,0
                102.094346724,16.4986294060001,0
                102.094487765,16.498586221,0
                102.094568394,16.498535965,0
                102.094648513,16.4984679830001,0
                102.094734171,16.498381974,0
                102.095222089,16.497952997,0
                102.095309913,16.497892285,0
                102.095609368,16.497752973,0
                102.096047748,16.4975092230001,0
                102.096052972,16.497506319,0
                102.096453581,16.497317712,0
                102.0967364,16.4971816880001,0
                102.096835992,16.4970927790001,0
                102.096846256,16.4970815610001,0
                102.096950218,16.4969679770001,0
                102.096982791,16.496926896,0
                102.097084573,16.496793353,0
                102.097762589,16.4958103070001,0
                102.098136148,16.495268686,0
                102.098289063,16.495058574,0
                102.098465731,16.4948217530001,0
                102.098641898,16.4946209930001,0
                102.098869495,16.494420996,0
                102.099044179,16.4943195820001,0
                102.099345593,16.494192797,0
                102.099519297,16.494154575,0
                102.099781608,16.494141902,0
                102.099885302,16.494156736,0
                102.100046188,16.494191179,0
                102.100101998,16.494212346,0
                102.100205885,16.4942786240001,0
                102.10029901,16.4943498060001,0
                102.100464099,16.494506329,0
                102.100586148,16.494668109,0
                102.100650096,16.4947868990001,0
                102.100670565,16.494834187,0
                102.100706004,16.49491605,0
                102.100746754,16.4951747850001,0
                102.100748963,16.495249008,0
                102.100726275,16.495440075,0
                102.100657942,16.4956287430001,0
                102.1006324,16.4957729020001,0
                102.100644221,16.49592205,0
                102.100660486,16.4959823040001,0
                102.100699047,16.4960743570001,0
                102.100785645,16.496167846,0
                102.100851257,16.4962152840001,0
                102.100989956,16.496262745,0
                102.101050787,16.496275364,0
                102.10135005,16.49629306,0
                102.10178988,16.49629916,0
                102.102155218,16.496277139,0
                102.102387832,16.49623022,0
                102.102498152,16.4961911710001,0
                102.10259213,16.4961498810001,0
                102.102700587,16.4960994350001,0
                102.102880286,16.495984665,0
                102.10298083,16.495909333,0
                102.103018751,16.4958881910001,0
                102.103115661,16.4958505600001,0
                102.103200201,16.49583599,0
                102.103266304,16.4958320050001,0
                102.103426927,16.495860755,0
                102.103482677,16.4958839990001,0
                102.103554946,16.495935327,0
                102.103692621,16.4961178200001,0
                102.10387074,16.4964137870001,0
                102.104001976,16.49671362,0
                102.104081266,16.496845964,0
                102.104198359,16.497041397,0
                102.104359558,16.4972152340001,0
                102.10466461,16.497472282,0
                102.10497087,16.497648127,0
                102.105263898,16.497769568,0
                102.105487166,16.4978629550001,0
                102.10571549,16.4979293220001,0
                102.105841884,16.497926557,0
                102.10590503,16.4979072190001,0
                102.105966076,16.4978849190001,0
                102.106096428,16.497803678,0
                102.10635443,16.4976091840001,0
                102.10654726,16.497385493,0
                102.106609017,16.4973072710001,0
                102.106646749,16.4972411000001,0
                102.106715513,16.497085294,0
                102.106793193,16.4968967560001,0
                102.106918893,16.496627571,0
                102.107038153,16.4964757220001,0
                102.107176011,16.4963388800001,0
                102.107224735,16.4963085480001,0
                102.10734064,16.49627675,0
                102.107527647,16.496288368,0
                102.107863402,16.4963697650001,0
                102.108078288,16.4963953120001,0
                102.108377286,16.4964310510001,0
                102.108690993,16.4964218490001,0
                102.109000411,16.4963854970001,0
                102.109217399,16.496333868,0
                102.110002518,16.4960291100001,0
                102.110209332,16.4959687640001,0
                102.110498317,16.495895816,0
                102.110644736,16.495838357,0
                102.11075032,16.4957867690001,0
                102.111170895,16.4955079740001,0
                102.111208991,16.4954633520001,0
                102.111257696,16.495333035,0
                102.111354402,16.494899054,0
                102.111384495,16.494807258,0
                102.111451844,16.494681873,0
                102.111493841,16.494633379,0
                102.111532572,16.4946078,0
                102.111572934,16.4945945810001,0
                102.111638515,16.4945888340001,0
                102.11175019,16.4946310120001,0
                102.111848505,16.494691258,0
                102.111899782,16.494748902,0
                102.111966888,16.49485071,0
                102.112067614,16.4950011330001,0
                102.112223428,16.495224503,0
                102.112342082,16.4953659610001,0
                102.112372282,16.495390345,0
                102.11242756,16.4954349760001,0
                102.112476942,16.495457677,0
                102.112687084,16.4955153830001,0
                102.112920637,16.495545699,0
                102.113172954,16.495571758,0
                102.113411068,16.495611164,0
                102.113564939,16.495649406,0
                102.113663329,16.4956851170001,0
                102.113700152,16.495708784,0
                102.113736741,16.495742072,0
                102.113796222,16.495833191,0
                102.113886102,16.4965166100001,0
                102.113903775,16.49659795,0
                102.113935619,16.4967113600001,0
                102.11394272,16.4967269530001,0
                102.113970291,16.496775083,0
                102.114045198,16.496872867,0
                102.114077273,16.4969047070001,0
                102.114157211,16.496965415,0
                102.114255998,16.49701801,0
                102.114381455,16.497078432,0
                102.114421969,16.497090208,0
                102.114475445,16.4970940170001,0
                102.11454127,16.497086278,0
                102.114565241,16.4970752940001,0
                102.114611257,16.4970454890001,0
                102.114800067,16.4968159480001,0
                102.11487977,16.49671905,0
                102.115059262,16.4965008360001,0
                102.115116031,16.4964609830001,0
                102.115196048,16.4964466860001,0
                102.115227038,16.4964514870001,0
                102.116093918,16.496742156,0
                102.116135704,16.4967489490001,0
                102.116225671,16.496742672,0
                102.116310316,16.496716748,0
                102.116390498,16.496672711,0
                102.116489709,16.49661088,0
                102.116555854,16.4965461680001,0
                102.116608169,16.496483137,0
                102.116691529,16.496294634,0
                102.116815792,16.4960136340001,0
                102.116854655,16.495945599,0
                102.116907353,16.4959032690001,0
                102.116978295,16.4958545420001,0
                102.117081765,16.4958198520001,0
                102.117231291,16.495798408,0
                102.117540942,16.495754001,0
                102.117704272,16.495730505,0
                102.117813089,16.4957104540001,0
                102.117905497,16.4956880170001,0
                102.118113625,16.495597892,0
                102.118265815,16.495502092,0
                102.118360736,16.4954363900001,0
                102.118483313,16.495351547,0
                102.11855908,16.4952939020001,0
                102.118654377,16.495238912,0
                102.118812644,16.495173671,0
                102.11888729,16.4951495240001,0
                102.119163124,16.4950854680001,0
                102.119503423,16.4950450430001,0
                102.119799017,16.494994918,0
                102.120024331,16.4949483730001,0
                102.12048935,16.4948328730001,0
                102.120836329,16.4947879900001,0
                102.121009469,16.494790376,0
                102.121154929,16.494765291,0
                102.121302772,16.4947262810001,0
                102.121443952,16.4946709230001,0
                102.121578503,16.4946040360001,0
                102.12194748,16.4943555510001,0
                102.122025285,16.494314978,0
                102.122130671,16.494291096,0
                102.12227124,16.494279486,0
                102.122412383,16.4942853200001,0
                102.122464529,16.494295413,0
                102.122602666,16.4943382180001,0
                102.122918971,16.494468994,0
                102.123233605,16.4947126340001,0
                102.123301061,16.494757183,0
                102.123377587,16.494786859,0
                102.123573649,16.49482117,0
                102.124546081,16.494965924,0
                102.124551324,16.4949679010001,0
                102.12478341,16.4950175430001,0
                102.12492439,16.49506189,0
                102.125060602,16.495122053,0
                102.125094429,16.495146676,0
                102.125200357,16.495267992,0
                102.125539994,16.4958674390001,0
                102.125578815,16.495906169,0
                102.125649069,16.4959378520001,0
                102.125747112,16.495957258,0
                102.125910924,16.4959549970001,0
                102.126055661,16.495979559,0
                102.126344193,16.4960874450001,0
                102.126590805,16.4961856370001,0
                102.126790509,16.496287696,0
                102.126944451,16.496321412,0
                102.127154971,16.4963288210001,0
                102.127506323,16.496306566,0
                102.127819636,16.496319901,0
                102.127983824,16.4963045860001,0
                102.128007074,16.4962990270001,0
                102.128176361,16.4962525760001,0
                102.128420864,16.496174678,0
                102.128571101,16.496140629,0
                102.128725309,16.49615629,0
                102.128916545,16.4961995460001,0
                102.129093336,16.4962696900001,0
                102.129246033,16.4963033880001,0
                102.12936897,16.4963050760001,0
                102.129519139,16.4962755390001,0
                102.130234642,16.495996362,0
                102.130600339,16.4958828790001,0
                102.130638312,16.4958774680001,0
                102.13085441,16.495860414,0
                102.131032201,16.495862856,0
                102.131256632,16.49587948,0
                102.131503844,16.4959370450001,0
                102.13171289,16.496039228,0
                102.131833116,16.496140283,0
                102.131934058,16.4962770980001,0
                102.131983865,16.496390638,0
                102.132027897,16.4965764190001,0
                102.132026234,16.4966892530001,0
                102.132027561,16.4969943460001,0
                102.132051078,16.497099287,0
                102.132084716,16.497154939,0
                102.132129422,16.4971787040001,0
                102.13218179,16.4971975300001,0
                102.13230748,16.497207756,0
                102.132688624,16.4971543780001,0
                102.132895302,16.497103043,0
                102.133038967,16.4970465640001,0
                102.133069937,16.4970255170001,0
                102.133154916,16.4969530280001,0
                102.133226136,16.4968862910001,0
                102.133312254,16.496756557,0
                102.133355452,16.4966849200001,0
                102.13338043,16.4965769200001,0
                102.133387001,16.4964505200001,0
                102.133364883,16.496364445,0
                102.133347728,16.4962558670001,0
                102.133349591,16.496129492,0
                102.133372347,16.4960084210001,0
                102.133400456,16.4959352390001,0
                102.133471098,16.495824096,0
                102.133532637,16.4957752830001,0
                102.133622208,16.4957421510001,0
                102.133744468,16.4957170530001,0
                102.13379784,16.4957201280001,0
                102.133903139,16.4957261930001,0
                102.13402422,16.4957639680001,0
                102.134106796,16.4958085970001,0
                102.134152875,16.495846058,0
                102.134199691,16.4959054500001,0
                102.134221653,16.4959472080001,0
                102.134235647,16.496024182,0
                102.134224781,16.496127862,0
                102.134180452,16.496276317,0
                102.13406445,16.4965275270001,0
                102.133919561,16.496832602,0
                102.133866694,16.496926678,0
                102.133853438,16.4969721260001,0
                102.133854344,16.497028302,0
                102.133864498,16.4970757090001,0
                102.133914505,16.49717571,0
                102.134055637,16.4973289490001,0
                102.134159061,16.497413808,0
                102.134261069,16.4974784980001,0
                102.134359753,16.4975251110001,0
                102.134531535,16.4975454070001,0
                102.134732775,16.497543652,0
                102.135004836,16.497502239,0
                102.135173824,16.497468353,0
                102.135253251,16.49747847,0
                102.135360089,16.497529682,0
                102.135452496,16.497612206,0
                102.13552562,16.4977305800001,0
                102.135570067,16.497893705,0
                102.135571825,16.498014405,0
                102.135557738,16.498087925,0
                102.135514141,16.498195487,0
                102.135431675,16.498287528,0
                102.135342397,16.4983480340001,0
                102.135310259,16.4983698140001,0
                102.135040429,16.498552685,0
                102.134966927,16.4986355460001,0
                102.134931036,16.498697699,0
                102.134911031,16.498787711,0
                102.134904461,16.498914111,0
                102.134911747,16.4990586700001,0
                102.134941523,16.4991274240001,0
                102.134993795,16.499186261,0
                102.135045081,16.4992184980001,0
                102.135184916,16.49925662,0
                102.135243058,16.499265011,0
                102.135357749,16.499281562,0
                102.135620065,16.499262586,0
                102.135831322,16.4992202490001,0
                102.136051781,16.4991871570001,0
                102.136361272,16.4991462560001,0
                102.136656451,16.499123216,0
                102.136946724,16.49911365,0
                102.137176363,16.499140954,0
                102.137254885,16.4991630160001,0
                102.137389428,16.499246118,0
                102.137519926,16.4992840200001,0
                102.137601612,16.4992959780001,0
                102.137641952,16.4992906700001,0
                102.137685418,16.4992717580001,0
                102.137705202,16.499247122,0
                102.137746146,16.4991742600001,0
                102.137766426,16.499070709,0
                102.137767489,16.498998495,0
                102.137749601,16.4989395640001,0
                102.137689856,16.4988665170001,0
                102.137146596,16.498585841,0
                102.136897181,16.498402136,0
                102.136858082,16.498351885,0
                102.136814686,16.49823137,0
                102.136797595,16.498118278,0
                102.136808461,16.4980145970001,0
                102.136862588,16.4979385780001,0
                102.13690096,16.497906287,0
                102.137016936,16.4978413060001,0
                102.137228721,16.497762951,0
                102.137336556,16.4977500140001,0
                102.137420825,16.497747525,0
                102.137547843,16.4977679,0
                102.137698038,16.4978323300001,0
                102.137769879,16.497876994,0
                102.137866352,16.4979842770001,0
                102.138014017,16.498148486,0
                102.13810986,16.498312314,0
                102.138219747,16.498476424,0
                102.138311825,16.4985815150001,0
                102.138356907,16.498622357,0
                102.138416247,16.4986589230001,0
                102.138581164,16.4987251490001,0
                102.138680661,16.498765129,0
                102.138748949,16.498806318,0
                102.138808502,16.4988592670001,0
                102.138831087,16.4989137480001,0
                102.138838443,16.499053793,0
                102.138807565,16.4992429710001,0
                102.138772239,16.499308827,0
                102.138708852,16.499369557,0
                102.138645987,16.4994078780001,0
                102.138536162,16.499457579,0
                102.138431901,16.4995279930001,0
                102.138389883,16.499571534,0
                102.138367665,16.4996230940001,0
                102.138332312,16.4997331270001,0
                102.138349136,16.4998643640001,0
                102.138367376,16.4999165360001,0
                102.138428497,16.4999934800001,0
                102.138463731,16.500028447,0
                102.138611845,16.5001388210001,0
                102.13871883,16.5001854290001,0
                102.138816865,16.5002004040001,0
                102.138917715,16.500179826,0
                102.139089927,16.500091195,0
                102.139330922,16.49993198,0
                102.139553108,16.4997815350001,0
                102.139657726,16.499724003,0
                102.139793119,16.4996944440001,0
                102.139915001,16.4996780550001,0
                102.140060012,16.499684555,0
                102.140199916,16.499718069,0
                102.140288082,16.499769024,0
                102.140371355,16.499837879,0
                102.140490847,16.499983973,0
                102.140577489,16.500138646,0
                102.140607431,16.500333262,0
                102.14062776,16.5005411990001,0
                102.140679425,16.500848971,0
                102.140737512,16.501034852,0
                102.140810174,16.5011849090001,0
                102.140971405,16.501358661,0
                102.141159729,16.501600587,0
                102.141270161,16.5017330150001,0
                102.14133865,16.501846809,0
                102.141360506,16.501950938,0
                102.141349309,16.502077276,0
                102.141292559,16.5021830160001,0
                102.141274087,16.502201956,0
                102.141211191,16.502242417,0
                102.1410903,16.5023101520001,0
                102.141053722,16.50232534,0
                102.140975686,16.502343022,0
                102.140859723,16.502350259,0
                102.140639032,16.502320357,0
                102.14051781,16.502291612,0
                102.140461698,16.5022863300001,0
                102.140377414,16.502307267,0
                102.140329786,16.5023405580001,0
                102.140295585,16.5023747430001,0
                102.140285005,16.502421371,0
                102.140280712,16.50250063,0
                102.140292898,16.502627198,0
                102.140356557,16.5027544700001,0
                102.140454743,16.502863764,0
                102.140490147,16.5028903640001,0
                102.140648422,16.5029571850001,0
                102.14097017,16.5030383340001,0
                102.141422612,16.503139327,0
                102.141852411,16.5031948650001,0
                102.142104866,16.5032118610001,0
                102.14230155,16.5032055240001,0
                102.142417931,16.5031878,0
                102.142464149,16.503169916,0
                102.142579189,16.5031054930001,0
                102.142758911,16.5029770350001,0
                102.142930226,16.502785171,0
                102.143059006,16.502619902,0
                102.143123381,16.502532564,0
                102.14318352,16.5023994490001,0
                102.143213359,16.50230592,0
                102.143238997,16.502152784,0
                102.143261812,16.502048302,0
                102.143291171,16.501993139,0
                102.143326184,16.501955255,0
                102.143392695,16.50188845,0
                102.143477969,16.5018154270001,0
                102.143530251,16.5017838800001,0
                102.143690001,16.5017209700001,0
                102.143863292,16.5017097960001,0
                102.143956897,16.501711076,0
                102.144111711,16.501686106,0
                102.14422923,16.5016515990001,0
                102.144301815,16.5016062780001,0
                102.144356717,16.501556119,0
                102.144419494,16.5014464500001,0
                102.14447891,16.501221545,0
                102.144537409,16.501064252,0
                102.144543233,16.500983074,0
                102.144530921,16.500870047,0
                102.144518932,16.5007299390001,0
                102.144512966,16.5004950220001,0
                102.144516811,16.5002331520001,0
                102.144536289,16.499863243,0
                102.14458419,16.4994710610001,0
                102.144645407,16.4991287170001,0
                102.144681807,16.498984512,0
                102.144686639,16.498969233,0
                102.144722499,16.498920356,0
                102.14477481,16.4988794390001,0
                102.144850893,16.498838004,0
                102.14496808,16.498826061,0
                102.145141101,16.4988329400001,0
                102.145290355,16.498871094,0
                102.14541668,16.49887282,0
                102.145632431,16.4988396520001,0
                102.145829774,16.4987881760001,0
                102.146040564,16.4987775120001,0
                102.14613631,16.4987862950001,0
                102.146241212,16.4988163680001,0
                102.146422258,16.4989181560001,0
                102.146553418,16.498988431,0
                102.146658694,16.499080473,0
                102.146713662,16.499152458,0
                102.146754912,16.499304072,0
                102.146756332,16.499332888,0
                102.146747015,16.499427161,0
                102.14672858,16.4995074990001,0
                102.146674187,16.499612471,0
                102.146594734,16.4996884120001,0
                102.146543648,16.499713795,0
                102.146338853,16.499815552,0
                102.146185145,16.49989565,0
                102.14610549,16.499951583,0
                102.146055329,16.500001372,0
                102.145988291,16.5001042850001,0
                102.145940003,16.5002074550001,0
                102.145932739,16.5002689200001,0
                102.145956721,16.500358755,0
                102.145970071,16.5003885310001,0
                102.146043544,16.5004888490001,0
                102.146095557,16.500519856,0
                102.146155115,16.5005391400001,0
                102.146260782,16.500554257,0
                102.146422014,16.500554385,0
                102.146994013,16.5004612020001,0
                102.147284356,16.500447109,0
                102.147546753,16.500428121,0
                102.147701566,16.500403147,0
                102.147800331,16.500368382,0
                102.147885527,16.5003062530001,0
                102.147928578,16.5002391260001,0
                102.147943748,16.5001625890001,0
                102.147949845,16.5000678710001,0
                102.147923808,16.4999275710001,0
                102.147907518,16.499764742,0
                102.147923681,16.4996205030001,0
                102.147958253,16.499494573,0
                102.148036088,16.4992924000001,0
                102.148133067,16.4990634920001,0
                102.148267014,16.4988665980001,0
                102.148333854,16.498777224,0
                102.14838564,16.4987394780001,0
                102.148456527,16.498712912,0
                102.148479845,16.4987115000001,0
                102.148568743,16.4987127140001,0
                102.148638636,16.498736239,0
                102.1487641,16.498796638,0
                102.148852601,16.498824932,0
                102.148978341,16.4988717910001,0
                102.149104534,16.498882542,0
                102.149240528,16.4988618260001,0
                102.149376597,16.4988411100001,0
                102.149507883,16.4988203290001,0
                102.149620504,16.498803809,0
                102.149709138,16.4988230750001,0
                102.149788038,16.4988692960001,0
                102.149866661,16.4989290550001,0
                102.149954312,16.499020627,0
                102.15004579,16.49916182,0
                102.15011747,16.4993794870001,0
                102.150143507,16.4995198780001,0
                102.1501457,16.499691453,0
                102.150091187,16.4998983690001,0
                102.150005803,16.5002945580001,0
                102.149950823,16.50053316,0
                102.149925655,16.5006547040001,0
                102.149933207,16.5007766950001,0
                102.149943718,16.5008314460001,0
                102.149957858,16.50085907,0
                102.149997436,16.500908172,0
                102.150040758,16.5009226350001,0
                102.150080742,16.500932285,0
                102.150267811,16.5009393510001,0
                102.15046456,16.500928491,0
                102.15069403,16.500918079,0
                102.150927676,16.500943837,0
                102.151109719,16.50097792,0
                102.151291288,16.501039083,0
                102.151462935,16.5011452530001,0
                102.151610659,16.501282788,0
                102.151679687,16.5013871670001,0
                102.151746932,16.501564536,0
                102.151787811,16.501650866,0
                102.151838189,16.501704053,0
                102.151892212,16.5017390300001,0
                102.151973371,16.5017663460001,0
                102.152041803,16.501752647,0
                102.152147654,16.501687373,0
                102.152435683,16.5015152400001,0
                102.152610967,16.501373169,0
                102.152837514,16.5012407350001,0
                102.153068371,16.501135537,0
                102.153246843,16.5010973390001,0
                102.153462002,16.5011047850001,0
                102.15364431,16.5011208130001,0
                102.153691872,16.50113793,0
                102.153712298,16.5011495910001,0
                102.153755007,16.501230665,0
                102.153772227,16.5013303050001,0
                102.153756872,16.501424899,0
                102.153670554,16.5015636680001,0
                102.153469971,16.501836401,0
                102.153388503,16.5019707220001,0
                102.153335114,16.5021009110001,0
                102.153328952,16.5022002330001,0
                102.15335055,16.502322416,0
                102.153391364,16.502413259,0
                102.153450918,16.5024998430001,0
                102.153552873,16.502568948,0
                102.153641442,16.502592727,0
                102.153852238,16.502582057,0
                102.154011617,16.502561655,0
                102.154265076,16.502515451,0
                102.15445745,16.5024819560001,0
                102.154607424,16.502465941,0
                102.154719718,16.502471986,0
                102.154811365,16.5024933930001,0
                102.154896329,16.502555649,0
                102.15500696,16.502670106,0
                102.155121969,16.5028071030001,0
                102.15518126,16.5029117400001,0
                102.155281895,16.503071114,0
                102.155355957,16.503126385,0
                102.155430624,16.50314546,0
                102.155505679,16.503132938,0
                102.155562178,16.5031066220001,0
                102.155590365,16.503077213,0
                102.15560957,16.5030481260001,0
                102.155639292,16.502958607,0
                102.15566955,16.502805531,0
                102.155728503,16.50261664,0
                102.155767883,16.502543415,0
                102.155813192,16.5024990910001,0
                102.15584754,16.502478314,0
                102.155997977,16.5024307040001,0
                102.156204528,16.502388373,0
                102.156410749,16.502368608,0
                102.156770859,16.5023870530001,0
                102.157004312,16.5024263450001,0
                102.157139197,16.5024868670001,0
                102.157259827,16.502556225,0
                102.15737994,16.5026662940001,0
                102.157545962,16.5028355860001,0
                102.157739414,16.5030503940001,0
                102.157756018,16.5030644620001,0
                102.157896549,16.503183538,0
                102.157998572,16.503248129,0
                102.158110524,16.5032722240001,0
                102.158292441,16.5033153270001,0
                102.158470043,16.503331287,0
                102.158625122,16.5032882520001,0
                102.158700715,16.503244137,0
                102.158743367,16.503204087,0
                102.158777088,16.5031413450001,0
                102.158787482,16.503069166,0
                102.158774888,16.5029696780001,0
                102.158738779,16.5028788990001,0
                102.158609788,16.502737199,0
                102.158364017,16.5025847900001,0
                102.158136777,16.5024372390001,0
                102.157947306,16.5022721440001,0
                102.157790634,16.5021074050001,0
                102.157644344,16.501866152,0
                102.157539738,16.501661492,0
                102.157486726,16.5014440800001,0
                102.157465917,16.5012676470001,0
                102.157488222,16.5010196590001,0
                102.15753458,16.500731279,0
                102.157613064,16.5004840560001,0
                102.157613989,16.500420777,0
                102.157582193,16.500357143,0
                102.157459297,16.5001207230001,0
                102.15728339,16.499666802,0
                102.157211968,16.499430992,0
                102.157131064,16.4991996590001,0
                102.157096806,16.498982411,0
                102.157123619,16.4987480290001,0
                102.157177467,16.4985861530001,0
                102.157221118,16.498482917,0
                102.15730364,16.4983636220001,0
                102.157354206,16.4983170960001,0
                102.15740646,16.4982913200001,0
                102.157481445,16.4982833120001,0
                102.157569882,16.498316115,0
                102.157681239,16.4983808310001,0
                102.157825128,16.4984640480001,0
                102.157955305,16.498524504,0
                102.158044005,16.498539254,0
                102.158170331,16.4985409720001,0
                102.158282809,16.4985289590001,0
                102.158460882,16.4985178380001,0
                102.158596678,16.4985106550001,0
                102.158713269,16.498539328,0
                102.15884801,16.498604361,0
                102.158996012,16.4987283520001,0
                102.159129632,16.498870115,0
                102.159234977,16.49902955,0
                102.159256974,16.499124652,0
                102.159254995,16.499260147,0
                102.1592244,16.499431277,0
                102.159108886,16.4996510020001,0
                102.15905537,16.49979022,0
                102.159048487,16.4999391010001,0
                102.159055394,16.5001108320001,0
                102.159080229,16.5002283800001,0
                102.159150986,16.5003398740001,0
                102.159226564,16.5004105090001,0
                102.159354243,16.5004761370001,0
                102.15948959,16.500505063,0
                102.159699582,16.5005440320001,0
                102.159862677,16.500591394,0
                102.160034529,16.5006840180001,0
                102.160196701,16.5007945680001,0
                102.160348876,16.500950215,0
                102.160458994,16.5011052020001,0
                102.160583015,16.5012648910001,0
                102.160680001,16.5013519820001,0
                102.160796264,16.501403311,0
                102.160992487,16.5014285500001,0
                102.161188843,16.5014447610001,0
                102.161343392,16.501437832,0
                102.161512108,16.5014175520001,0
                102.161694747,16.5014110060001,0
                102.16178345,16.501425754,0
                102.161946294,16.5014956810001,0
                102.162016723,16.501533276,0
                102.16202477,16.5015416680001,0
                102.162292511,16.501820907,0
                102.162362274,16.5018535450001,0
                102.162404343,16.5018586320001,0
                102.16248396,16.501850685,0
                102.162554582,16.5018244670001,0
                102.162570977,16.501816127,0
                102.16262132,16.5017737800001,0
                102.1626448,16.501735404,0
                102.162659767,16.5016724060001,0
                102.1626422,16.501590908,0
                102.162573962,16.5014590650001,0
                102.162478492,16.5012680720001,0
                102.162410507,16.5011136590001,0
                102.162346636,16.5009999320001,0
                102.162320062,16.5008956500001,0
                102.162316947,16.500791776,0
                102.162331914,16.5007287780001,0
                102.162394042,16.500639334,0
                102.162496009,16.5005629,0
                102.162529988,16.5005461810001,0
                102.16259687,16.5005292290001,0
                102.162718502,16.500535395,0
                102.162848877,16.500582309,0
                102.162992563,16.5006745480001,0
                102.163809275,16.501155225,0
                102.164022869,16.501275499,0
                102.16423181,16.501386682,0
                102.164500783,16.5015574550001,0
                102.164574584,16.501630687,0
                102.164647938,16.501740028,0
                102.164736378,16.50177283,0
                102.164801699,16.501787259,0
                102.164900134,16.501775051,0
                102.164980158,16.501744537,0
                102.165051293,16.5016777860001,0
                102.165099255,16.5016016920001,0
                102.16510971,16.501525089,0
                102.16512652,16.5013356220001,0
                102.165128297,16.5012137580001,0
                102.165122866,16.501126143,0
                102.16512614,16.501075203,0
                102.165150065,16.501001876,0
                102.165169882,16.5009801800001,0
                102.165235587,16.5009244400001,0
                102.165358064,16.500860147,0
                102.165584877,16.5007142490001,0
                102.165788429,16.500554402,0
                102.165907525,16.5004115560001,0
                102.165954059,16.500309486,0
                102.165976357,16.500207356,0
                102.165991297,16.5001237700001,0
                102.165966103,16.499924704,0
                102.165902691,16.499779384,0
                102.16583808,16.499692469,0
                102.165817809,16.499669736,0
                102.165717793,16.499600865,0
                102.165689928,16.4995908710001,0
                102.165559193,16.4995850280001,0
                102.165409549,16.499578484,0
                102.165231355,16.4996031530001,0
                102.165011421,16.499600168,0
                102.164833951,16.4995751880001,0
                102.16474632,16.499549105,0
                102.164711083,16.4995314830001,0
                102.164633515,16.4994926910001,0
                102.164603279,16.4994775690001,0
                102.164490048,16.499403488,0
                102.16436024,16.499296993,0
                102.164336198,16.499271637,0
                102.164266666,16.499198306,0
                102.164195172,16.499087902,0
                102.164104921,16.498856443,0
                102.164040423,16.498717201,0
                102.164027838,16.4987001480001,0
                102.163976916,16.4986469520001,0
                102.163847661,16.4985233090001,0
                102.163681635,16.498354023,0
                102.163529063,16.498225458,0
                102.163450896,16.498134109,0
                102.163406365,16.4980526640001,0
                102.163369846,16.4979563750001,0
                102.163356402,16.4978709910001,0
                102.163343872,16.4977668990001,0
                102.16335503,16.497695521,0
                102.163377076,16.49764678,0
                102.163430839,16.4975829900001,0
                102.163523412,16.497539908,0
                102.163598089,16.4975231240001,0
                102.163692328,16.4975272460001,0
                102.163755242,16.4975495040001,0
                102.163888982,16.4976162950001,0
                102.164083886,16.4977318000001,0
                102.164222282,16.497841001,0
                102.164365657,16.497922578,0
                102.164468855,16.497971864,0
                102.164678319,16.498046937,0
                102.164804592,16.4980576790001,0
                102.164926407,16.4980457890001,0
                102.165020813,16.498039045,0
                102.16512178,16.49802591,0
                102.165212514,16.498004527,0
                102.165315984,16.497969814,0
                102.165429055,16.497917176,0
                102.165504765,16.4978594250001,0
                102.165540307,16.497819484,0
                102.165554228,16.497780316,0
                102.16555821,16.497724718,0
                102.165513024,16.49761576,0
                102.165451741,16.4974969580001,0
                102.16535276,16.497374231,0
                102.165181763,16.4972229370001,0
                102.165062119,16.497085881,0
                102.164979431,16.4969763240001,0
                102.164938887,16.4968719410001,0
                102.1649453,16.4968324120001,0
                102.16497505,16.4967532520001,0
                102.165035179,16.496683643,0
                102.165125569,16.496620179,0
                102.165182557,16.496595089,0
                102.165195329,16.4965917540001,0
                102.165296027,16.496570634,0
                102.165453237,16.496580968,0
                102.165644354,16.496633219,0
                102.165804988,16.4966923910001,0
                102.165849661,16.496714051,0
                102.165948646,16.4967861590001,0
                102.166012117,16.4968514280001,0
                102.16616726,16.4970421850001,0
                102.166272084,16.497237725,0
                102.166407114,16.4974892000001,0
                102.166463553,16.4976041640001,0
                102.16660578,16.4981046830001,0
                102.166662928,16.4983838800001,0
                102.166686189,16.4984313690001,0
                102.166717375,16.498476467,0
                102.166780911,16.4985284420001,0
                102.166803797,16.498539481,0
                102.1668601,16.498555149,0
                102.166964203,16.4985565600001,0
                102.167147169,16.49852744,0
                102.167386906,16.4984584590001,0
                102.167660154,16.4983356700001,0
                102.167830246,16.4982206,0
                102.167985849,16.498109153,0
                102.167992933,16.498102881,0
                102.168043603,16.4980338870001,0
                102.168091664,16.497948036,0
                102.168102021,16.4979197820001,0
                102.16810724,16.49784054,0
                102.168099874,16.497705007,0
                102.168050045,16.4975914710001,0
                102.167989013,16.4975279070001,0
                102.16793132,16.4974808050001,0
                102.167781403,16.497398135,0
                102.16742929,16.4971540980001,0
                102.167291156,16.4969986450001,0
                102.167180639,16.496870743,0
                102.167121627,16.4967655460001,0
                102.167116967,16.496748455,0
                102.167117936,16.4966820130001,0
                102.167134188,16.496641503,0
                102.167158349,16.496604232,0
                102.167171115,16.4965935450001,0
                102.167193169,16.496575082,0
                102.167257942,16.496541861,0
                102.167284087,16.4965327670001,0
                102.167396295,16.496525967,0
                102.167527,16.496550311,0
                102.167666844,16.496588321,0
                102.167844376,16.496608875,0
                102.168089679,16.496605688,0
                102.168188108,16.496604409,0
                102.168220239,16.496599927,0
                102.1682727,16.4965856110001,0
                102.168374191,16.4965437340001,0
                102.168491967,16.496491158,0
                102.168575879,16.4964454440001,0
                102.168612408,16.4964234770001,0
                102.168771032,16.4962917890001,0
                102.168951262,16.4961271080001,0
                102.16910791,16.4959757390001,0
                102.169188391,16.495913628,0
                102.169254696,16.495860352,0
                102.169349485,16.495810793,0
                102.169386933,16.495798942,0
                102.169443304,16.495799705,0
                102.169476838,16.495811378,0
                102.1695726,16.495882717,0
                102.169636933,16.495964848,0
                102.16969113,16.4960965,0
                102.169726256,16.4962550700001,0
                102.169755376,16.4965082730001,0
                102.169776392,16.4966711660001,0
                102.169781132,16.4969872390001,0
                102.169804195,16.497069488,0
                102.169819659,16.4970989280001,0
                102.169876687,16.49717823,0
                102.169982946,16.4972699580001,0
                102.170117506,16.4973530390001,0
                102.170215365,16.4973955290001,0
                102.170257022,16.4974136160001,0
                102.170360404,16.49743676,0
                102.170383304,16.4974358690001,0
                102.170448669,16.4974297540001,0
                102.170533528,16.497390275,0
                102.170609256,16.497315509,0
                102.170633635,16.4972777630001,0
                102.170667308,16.497197966,0
                102.170697501,16.497053823,0
                102.170709333,16.496882435,0
                102.170707985,16.4966566950001,0
                102.170659732,16.496434745,0
                102.170591674,16.496284847,0
                102.170495835,16.49616181,0
                102.170460099,16.496128399,0
                102.170356352,16.4960558500001,0
                102.170202211,16.495934231,0
                102.170162892,16.4958933410001,0
                102.170093532,16.4957859400001,0
                102.170057474,16.495686044,0
                102.170044742,16.4955955830001,0
                102.17004888,16.4955335830001,0
                102.170066112,16.4954768100001,0
                102.170084479,16.4954426310001,0
                102.170150783,16.495389356,0
                102.170287364,16.4953280030001,0
                102.170442436,16.4952848680001,0
                102.17065408,16.4952155030001,0
                102.170819012,16.4951364770001,0
                102.170908829,16.49507449,0
                102.170980234,16.494994197,0
                102.171028246,16.494909073,0
                102.171086789,16.494747257,0
                102.171160804,16.494406692,0
                102.171190621,16.494338112,0
                102.171450079,16.493898765,0
                102.17161896,16.49355344,0
                102.1716577,16.493463585,0
                102.171668087,16.493391495,0
                102.171669662,16.493283171,0
                102.171640213,16.493052446,0
                102.171634914,16.4928725610001,0
                102.171641839,16.49280895,0
                102.171673684,16.4926827150001,0
                102.171760969,16.492476143,0
                102.171838183,16.4923146680001,0
                102.171976798,16.492113305,0
                102.17216225,16.4919126630001,0
                102.17233003,16.49176707,0
                102.172356599,16.491745661,0
                102.17244107,16.4917018730001,0
                102.172524497,16.491676775,0
                102.172582331,16.491669963,0
                102.172675615,16.4916712240001,0
                102.172696674,16.491677049,0
                102.172759599,16.491708477,0
                102.172829166,16.4917545610001,0
                102.172875076,16.4918139600001,0
                102.172897408,16.491886493,0
                102.172895965,16.491985791,0
                102.172878973,16.49204393,0
                102.172736151,16.4923483910001,0
                102.172730385,16.492377769,0
                102.172725131,16.4924711300001,0
                102.172737732,16.4925706170001,0
                102.172792127,16.492688818,0
                102.1728373,16.492759451,0
                102.172944047,16.492862421,0
                102.172989416,16.49291879,0
                102.173012827,16.4929626690001,0
                102.173128682,16.493366112,0
                102.173191102,16.4935747100001,0
                102.173212528,16.4937149470001,0
                102.173228704,16.493781342,0
                102.173243381,16.4938198450001,0
                102.173284889,16.4938874750001,0
                102.173340466,16.493924341,0
                102.173387241,16.493929489,0
                102.173462094,16.493930501,0
                102.173513804,16.493921255,0
                102.173542642,16.4939076640001,0
                102.17372124,16.493726995,0
                102.173774724,16.4936728910001,0
                102.173869378,16.4936019400001,0
                102.173949793,16.4935442500001,0
                102.174020267,16.4935226310001,0
                102.174104467,16.493528284,0
                102.174174286,16.4935518,0
                102.174248613,16.4935890100001,0
                102.174284195,16.493626992,0
                102.174311036,16.493667626,0
                102.174321512,16.4937299430001,0
                102.174310392,16.493847169,0
                102.174299678,16.4939418270001,0
                102.174240548,16.494144267,0
                102.174187699,16.494238356,0
                102.174111732,16.4943140730001,0
                102.174041184,16.4943451510001,0
                102.174009284,16.4943528380001,0
                102.173900692,16.494347336,0
                102.173793304,16.4943278260001,0
                102.17369686,16.494313666,0
                102.173588868,16.494315307,0
                102.173507859,16.494323965,0
                102.17330596,16.494370894,0
                102.173136583,16.494431804,0
                102.173017478,16.4944958930001,0
                102.172945899,16.494551696,0
                102.172843027,16.494657826,0
                102.172827203,16.494681042,0
                102.172756859,16.4947969420001,0
                102.172680037,16.4949314250001,0
                102.172590803,16.495089858,0
                102.17256279,16.4951894500001,0
                102.172553946,16.4952321870001,0
                102.172552306,16.4953451150001,0
                102.172565431,16.4954132500001,0
                102.172598065,16.4954885060001,0
                102.172674496,16.4956311780001,0
                102.172830142,16.495872639,0
                102.17294457,16.4960502490001,0
                102.173068928,16.496187365,0
                102.173153255,16.496257186,0
                102.173203245,16.496286632,0
                102.173254421,16.496302825,0
                102.173357169,16.496317759,0
                102.17347455,16.496292259,0
                102.173521209,16.496279445,0
                102.17359455,16.496246118,0
                102.173653805,16.496199791,0
                102.173753352,16.4961108480001,0
                102.173805676,16.496052869,0
                102.173834815,16.495981031,0
                102.17385004,16.495899977,0
                102.173837438,16.495800489,0
                102.173820064,16.49570536,0
                102.173811579,16.495646559,0
                102.17382687,16.495560992,0
                102.17385117,16.4954981180001,0
                102.173894026,16.4954490390001,0
                102.174016956,16.495360412,0
                102.174106838,16.49529382,0
                102.174405634,16.495026995,0
                102.174529221,16.4948931430001,0
                102.174634522,16.494732046,0
                102.174692144,16.494633508,0
                102.174806653,16.4944815650001,0
                102.174868578,16.4944055660001,0
                102.17493501,16.494343262,0
                102.175019934,16.494299266,0
                102.175109423,16.494259845,0
                102.175250185,16.4942346610001,0
                102.175474483,16.494255751,0
                102.175703172,16.494303985,0
                102.17589416,16.4943652540001,0
                102.176169078,16.4944457140001,0
                102.176416311,16.494503319,0
                102.176691176,16.4945928060001,0
                102.176802539,16.494657513,0
                102.176857724,16.4947214600001,0
                102.176917235,16.494817067,0
                102.176934731,16.494898564,0
                102.176943292,16.4949574570001,0
                102.176909578,16.4950202050001,0
                102.176828969,16.495091347,0
                102.176677754,16.4951931360001,0
                102.176460827,16.4953075810001,0
                102.176291187,16.4953866390001,0
                102.176158778,16.4954796530001,0
                102.176096855,16.4955555610001,0
                102.176062552,16.49565893,0
                102.176055825,16.495803301,0
                102.176082327,16.4959075830001,0
                102.176146468,16.496003252,0
                102.176225244,16.4960584900001,0
                102.176360395,16.4961009460001,0
                102.176505331,16.4961074190001,0
                102.176631919,16.4960910720001,0
                102.17681972,16.496052978,0
                102.176923057,16.4960272880001,0
                102.177002618,16.4960283620001,0
                102.177053656,16.4960467240001,0
                102.177101574,16.4960776130001,0
                102.177127963,16.496097773,0
                102.177226036,16.4962062770001,0
                102.177253025,16.4962452980001,0
                102.177295709,16.496366774,0
                102.177297856,16.4963825990001,0
                102.177304636,16.4965020340001,0
                102.177300771,16.496768425,0
                102.177260395,16.496971031,0
                102.177253592,16.497115401,0
                102.177265474,16.497264628,0
                102.177300734,16.4974170020001,0
                102.177321866,16.4974820890001,0
                102.177353905,16.4975526470001,0
                102.177408157,16.4976351,0
                102.177520598,16.497746695,0
                102.177654757,16.4978523410001,0
                102.177835495,16.4979766710001,0
                102.17799331,16.4980691810001,0
                102.178094965,16.4981221240001,0
                102.178106729,16.49813341,0
                102.178151969,16.498192182,0
                102.178164575,16.4982182740001,0
                102.178191087,16.498306604,0
                102.178189515,16.49841493,0
                102.178163577,16.4985907330001,0
                102.178100136,16.4987659400001,0
                102.178046895,16.498887111,0
                102.177976506,16.498991141,0
                102.177799711,16.499150215,0
                102.177652807,16.4992791490001,0
                102.177609559,16.499355311,0
                102.177580353,16.4994317530001,0
                102.177569509,16.4995354370001,0
                102.177577274,16.499643889,0
                102.177604717,16.49971886,0
                102.177620037,16.4997420180001,0
                102.177663038,16.499787774,0
                102.177701357,16.499806606,0
                102.177757229,16.499822384,0
                102.177902245,16.4998288570001,0
                102.178047642,16.4998037350001,0
                102.178193312,16.4997650710001,0
                102.178390979,16.499690995,0
                102.178569632,16.4996347200001,0
                102.178696811,16.4995777500001,0
                102.178856528,16.4995392760001,0
                102.178964115,16.499545244,0
                102.179015443,16.499561483,0
                102.179047169,16.4995794110001,0
                102.179065686,16.4996176010001,0
                102.179070842,16.49968267,0
                102.17896791,16.500270567,0
                102.178857719,16.500600188,0
                102.178862305,16.5006758060001,0
                102.178875226,16.500704636,0
                102.178890843,16.500722706,0
                102.178940701,16.5007570930001,0
                102.178951063,16.50076424,0
                102.179021223,16.500769701,0
                102.179138149,16.500775794,0
                102.179259836,16.5007729230001,0
                102.179395253,16.5007973240001,0
                102.179647061,16.50085941,0
                102.179856875,16.500916417,0
                102.179977142,16.5009557610001,0
                102.180153878,16.500979064,0
                102.180276953,16.500994318,0
                102.180452104,16.500996682,0
                102.180536358,16.500982934,0
                102.180661369,16.5009498480001,0
                102.180910576,16.500871949,0
                102.181136192,16.500802762,0
                102.181295713,16.500777828,0
                102.18148293,16.500780354,0
                102.181576266,16.500795157,0
                102.181720694,16.500842248,0
                102.181814723,16.5008874960001,0
                102.181883768,16.5009470250001,0
                102.181942853,16.501016796,0
                102.182011171,16.501144122,0
                102.182046701,16.5012756100001,0
                102.182058196,16.5014518290001,0
                102.182032981,16.501577894,0
                102.181989535,16.5016676870001,0
                102.18194187,16.501719279,0
                102.181914286,16.5017382670001,0
                102.181833741,16.5017603900001,0
                102.181730668,16.501762974,0
                102.181707261,16.5017610360001,0
                102.181539468,16.501720305,0
                102.18132535,16.5016405800001,0
                102.181199478,16.50160728,0
                102.181054526,16.5015962950001,0
                102.180928327,16.501585564,0
                102.180861767,16.501596857,0
                102.180813819,16.5016115980001,0
                102.180797418,16.5016211820001,0
                102.180738057,16.501669839,0
                102.180639687,16.5017691780001,0
                102.180573597,16.501857048,0
                102.180537612,16.5019089240001,0
                102.180508056,16.50197847,0
                102.180492949,16.502055693,0
                102.18050431,16.5021459820001,0
                102.180529086,16.502259247,0
                102.180552437,16.50233007,0
                102.180648322,16.502493885,0
                102.180675102,16.502584626,0
                102.180687053,16.5027292500001,0
                102.18064171,16.502949846,0
                102.180638632,16.503162075,0
                102.180655029,16.503324815,0
                102.180692058,16.503677533,0
                102.180660765,16.503945792,0
                102.180635845,16.5040147460001,0
                102.180583031,16.5041508350001,0
                102.180540877,16.5042285000001,0
                102.180409904,16.504414276,0
                102.180290816,16.50455713,0
                102.180199818,16.5047003650001,0
                102.180146313,16.504839681,0
                102.180134802,16.504983988,0
                102.180165127,16.5050902130001,0
                102.180197736,16.5051495650001,0
                102.180303919,16.5052662570001,0
                102.180470227,16.5054174790001,0
                102.180591081,16.5054921300001,0
                102.180620879,16.5055029280001,0
                102.180740205,16.505520442,0
                102.180978956,16.5055146350001,0
                102.181204262,16.5054725300001,0
                102.181462813,16.5053947600001,0
                102.1817635,16.5053175570001,0
                102.182026353,16.5052624150001,0
                102.182185746,16.505246507,0
                102.182296701,16.505268776,0
                102.182348505,16.505287524,0
                102.182413851,16.505330846,0
                102.182446345,16.505421835,0
                102.182449962,16.505490863,0
                102.182443312,16.50556148,0
                102.182375371,16.505727689,0
                102.18230233,16.505920825,0
                102.182262937,16.506055728,0
                102.182261308,16.5061682320001,0
                102.182268852,16.5061930160001,0
                102.182289574,16.506234374,0
                102.182311124,16.5062525550001,0
                102.182388524,16.5063006880001,0
                102.182425099,16.5063120410001,0
                102.182633446,16.5063271700001,0
                102.182895855,16.506308136,0
                102.183074317,16.506265399,0
                102.183380289,16.506143121,0
                102.183710639,16.5059578770001,0
                102.183947376,16.505771462,0
                102.184151185,16.5055935410001,0
                102.1842388,16.505507811,0
                102.184264634,16.5054648500001,0
                102.18428569,16.5053560870001,0
              </coordinates>
                
            </LinearRing>
            
          </outerBoundaryIs>
        
        </Polygon>
        
      <styleUrl>
        #amphoeStyle</styleUrl>
    </Placemark>

  </Document>
</kml>