<?xml version="1.0" encoding="UTF-8"?>
<kml xmlns="http://www.opengis.net/kml/2.2">
  <Document id="tambon_doc">
    <name>แม่กุ, แม่สอด, Tak</name>
    <description>ข้อมูลขอบเขตตำบลแม่กุ อำเภอแม่สอด จังหวัดTak</description>
    
    <!-- Schema สำหรับข้อมูลตำบล -->
    <Schema id="tambon.schema">
      <SimpleField name="ADM3_EN" type="string">
        <displayName>Subdistrict Name (English)</displayName>
      </SimpleField>
      <SimpleField name="ADM3_TH" type="string">
        <displayName>ชื่อตำบล</displayName>
      </SimpleField>
      <SimpleField name="ADM2_EN" type="string">
        <displayName>District Name (English)</displayName>
      </SimpleField>
      <SimpleField name="ADM2_TH" type="string">
        <displayName>ชื่ออำเภอ</displayName>
      </SimpleField>
      <SimpleField name="ADM1_EN" type="string">
        <displayName>Province Name (English)</displayName>
      </SimpleField>
      <SimpleField name="ADM1_TH" type="string">
        <displayName>ชื่อจังหวัด</displayName>
      </SimpleField>
      <SimpleField name="ADM0_EN" type="string">
        <displayName>Country Name (English)</displayName>
      </SimpleField>
      <SimpleField name="ADM0_TH" type="string">
        <displayName>ชื่อประเทศ</displayName>
      </SimpleField>
    </Schema>

    <!-- Style สำหรับตำบล -->
    <Style id="tambonStyle">
      <LineStyle>
        <color>ffff0000</color>
        <width>1.5</width>
      </LineStyle>
      <PolyStyle>
        <color>33ff0000</color>
        <fill>1</fill>
        <outline>1</outline>
      </PolyStyle>
    </Style>

    <Placemark id="Tak.41">
        
        <ExtendedData>
            
          <SchemaData schemaUrl="#tambon.schema">
                
            <SimpleData name="Shape_Leng">
                0.636422147169</SimpleData>
                
            <SimpleData name="Shape_Area">
                0.00935275260854</SimpleData>
                
            <SimpleData name="ADM3_EN">
                Mae Ku</SimpleData>
                
            <SimpleData name="ADM3_TH">
                แม่กุ</SimpleData>
                
            <SimpleData name="ADM3_PCODE">
                TH630602</SimpleData>
                
            <SimpleData name="ADM2_EN">
                Mae Sot</SimpleData>
                
            <SimpleData name="ADM2_TH">
                แม่สอด</SimpleData>
                
            <SimpleData name="ADM2_PCODE">
                TH6306</SimpleData>
                
            <SimpleData name="ADM1_EN">
                Tak</SimpleData>
                
            <SimpleData name="ADM1_TH">
                ตาก</SimpleData>
                
            <SimpleData name="ADM1_PCODE">
                TH63</SimpleData>
                
            <SimpleData name="ADM0_EN">
                Thailand</SimpleData>
                
            <SimpleData name="ADM0_TH">
                ประเทศไทย</SimpleData>
                
            <SimpleData name="ADM0_PCODE">
                TH</SimpleData>
            
          </SchemaData>
        
        </ExtendedData>
        
        <Polygon>
            
          <outerBoundaryIs>
                
            <LinearRing>
                    
              <coordinates>
                    
                98.577063487,16.6052617130001,0
                98.5770412690001,16.60526552,0
                98.5770712120001,16.605411368,0
                98.576990455,16.6060258850001,0
                98.576910185,16.606293539,0
                98.5766709050001,16.606523539,0
                98.5759545050001,16.606560517,0
                98.5755566390001,16.6065597050001,0
                98.5749601100001,16.6064432210001,0
                98.574324145,16.6061357090001,0
                98.573330501,16.6055573850001,0
                98.5725748680001,16.6053264560001,0
                98.5718190010001,16.6053249,0
                98.5713807660001,16.6055533750001,0
                98.570981438,16.6060904080001,0
                98.5709437740001,16.606162661,0
                98.5708655000001,16.6062071110001,0
                98.5706249130001,16.6065556410001,0
                98.5705248370001,16.606795387,0
                98.5704468960001,16.607253327,0
                98.5704280310001,16.607597953,0
                98.5704362010001,16.607994988,0
                98.5705911540001,16.609531028,0
                98.570776708,16.611551407,0
                98.5707622640001,16.611944033,0
                98.5706664560001,16.612297224,0
                98.5704256690001,16.612733013,0
                98.5696538000001,16.6139181070001,0
                98.5691364950001,16.614575825,0
                98.5684966490001,16.615394711,0
                98.568373658,16.615760933,0
                98.5683822330001,16.6159747300001,0
                98.5683954080001,16.616153635,0
                98.5684762880001,16.6164068460001,0
                98.56857539,16.616607742,0
                98.5686927070001,16.6167563220001,0
                98.5694100250001,16.6172299460001,0
                98.5695240690001,16.61732942,0
                98.570238923,16.617867597,0
                98.5709280660001,16.6182322510001,0
                98.571172963,16.618393944,0
                98.572741336,16.6194294530001,0
                98.5732243510001,16.6197533330001,0
                98.573521396,16.6200409520001,0
                98.5736449560001,16.620256464,0
                98.5737432320001,16.6206871810001,0
                98.5737173950001,16.6211535190001,0
                98.573505244,16.6217390620001,0
                98.5730320090001,16.6225991200001,0
                98.5723978680001,16.6233033830001,0
                98.5719005070001,16.6238524610001,0
                98.571564788,16.624222489,0
                98.5713905000001,16.62450914,0
                98.57119098,16.6249870770001,0
                98.571065881,16.62546517,0
                98.5709398770001,16.626349856,0
                98.5708632210001,16.6273542330001,0
                98.5709107110001,16.6283110300001,0
                98.570970452,16.62898542,0
                98.570969489,16.629418473,0
                98.5710344570001,16.629722465,0
                98.571164534,16.6312530500001,0
                98.5710845250001,16.6314526210001,0
                98.5707250630001,16.6319501780001,0
                98.570366494,16.632179965,0
                98.5697293420001,16.6323707440001,0
                98.568893195,16.6324458350001,0
                98.5681768970001,16.6324059510001,0
                98.56718298,16.6320196950001,0
                98.566109549,16.631557549,0
                98.5643210480001,16.6303639550001,0
                98.5639790010001,16.630214482,0
                98.563829856,16.630118254,0
                98.563034089,16.6298155470001,0
                98.56267224,16.6297406200001,0
                98.56224238,16.6297222580001,0
                98.561531765,16.629786203,0
                98.561237486,16.6298466600001,0
                98.5610291360001,16.629929115,0
                98.5608432440001,16.6300857860001,0
                98.5606753220001,16.63029921,0
                98.5604389760001,16.63075244,0
                98.560001834,16.631942569,0
                98.55977339,16.6328975440001,0
                98.5597042150001,16.6334645630001,0
                98.5596616870001,16.6342541450001,0
                98.559519863,16.6349257210001,0
                98.5593742780001,16.635265713,0
                98.5591383770001,16.635518254,0
                98.558992833,16.6356295250001,0
                98.558936341,16.6356475650001,0
                98.5583792450001,16.635684811,0
                98.5577423270001,16.635645024,0
                98.5569632130001,16.6354283360001,0
                98.5568344640001,16.6353725270001,0
                98.5560725620001,16.6349510640001,0
                98.555079058,16.6342573950001,0
                98.554482986,16.633911476,0
                98.5543026830001,16.63385987,0
                98.5539204,16.63363982,0
                98.553730467,16.633582694,0
                98.553463476,16.63358212,0
                98.55327329,16.6336340620001,0
                98.55308761,16.633694744,0
                98.5529607350001,16.633764275,0
                98.5529236390001,16.633786662,0
                98.5528913380001,16.633792826,0
                98.552818394,16.6338501710001,0
                98.5526797740001,16.6339338220001,0
                98.5522763860001,16.6342034470001,0
                98.5517778600001,16.6345208540001,0
                98.5511113430001,16.635073495,0
                98.5505308340001,16.63561323,0
                98.5500678820001,16.6361968420001,0
                98.5498499000001,16.6365235820001,0
                98.549614122,16.636719397,0
                98.5493876390001,16.6368105240001,0
                98.5489754970001,16.636949241,0
                98.548576966,16.637074897,0
                98.5481374780001,16.637296442,0
                98.547317659,16.6376000550001,0
                98.5463757050001,16.637881581,0
                98.545637721,16.638023941,0
                98.5450717960001,16.638127409,0
                98.54441496,16.6384008250001,0
                98.54400279,16.638548256,0
                98.54364988,16.638516941,0
                98.5432201250001,16.6384461910001,0
                98.5432875970001,16.638553545,0
                98.5438071550001,16.6388654890001,0
                98.5440563170001,16.6390000390001,0
                98.5444089840001,16.6390729680001,0
                98.5446121900001,16.639049363,0
                98.5448618450001,16.638977756,0
                98.5456609760001,16.638642787,0
                98.5462494440001,16.6384722760001,0
                98.5469164720001,16.6382332200001,0
                98.5476871690001,16.6378638200001,0
                98.5479403680001,16.637799086,0
                98.5480651440001,16.6377821790001,0
                98.5481898690001,16.637789325,0
                98.5483109420001,16.6378342530001,0
                98.548356998,16.637951177,0
                98.5483033130001,16.6380472650001,0
                98.5481355160001,16.638170593,0
                98.547851124,16.6382579020001,0
                98.5476826920001,16.6383598140001,0
                98.54764112,16.638432063,0
                98.5476279280001,16.6385393030001,0
                98.547640652,16.6386316300001,0
                98.5476818960001,16.638699074,0
                98.547736188,16.6387191470001,0
                98.5479071010001,16.6386621450001,0
                98.5479770380001,16.6386323630001,0
                98.548080617,16.6386001600001,0
                98.548186704,16.6386003910001,0
                98.5482539270001,16.6386229870001,0
                98.5483495340001,16.6386805720001,0
                98.5484501920001,16.6387905510001,0
                98.548468051,16.63890035,0
                98.5484315730001,16.63900754,0
                98.5483949090001,16.639194553,0
                98.5484232140001,16.6392619690001,0
                98.5484851240001,16.639344427,0
                98.5486013620001,16.63943199,0
                98.5488108310001,16.639484828,0
                98.5488806960001,16.6394849800001,0
                98.5489454440001,16.639460177,0
                98.5492463800001,16.639129053,0
                98.5493163610001,16.639079311,0
                98.549404413,16.639047073,0
                98.549500095,16.6390722260001,0
                98.5496139570001,16.6390699770001,0
                98.5497045910001,16.6390402380001,0
                98.5499092430001,16.638940899,0
                98.5500439200001,16.6388888070001,0
                98.5501551410001,16.638909003,0
                98.5502430760001,16.638926659,0
                98.5505196020001,16.639074437,0
                98.5509589520001,16.6393073850001,0
                98.5510700570001,16.6393774740001,0
                98.5512454990001,16.6395973750001,0
                98.5514274070001,16.639821034,0
                98.5515949540001,16.6400982930001,0
                98.5516800680001,16.640218217,0
                98.551765286,16.6402932400001,0
                98.5518403140001,16.640298392,0
                98.551930901,16.640288608,0
                98.5520268610001,16.6401940220001,0
                98.552130499,16.64013687,0
                98.5522418370001,16.6401071760001,0
                98.5523661220001,16.6400725190001,0
                98.552474685,16.6401226420001,0
                98.5525934190001,16.640250123,0
                98.5526787380001,16.6402827370001,0
                98.5527512080001,16.6402754120001,0
                98.5528418480001,16.640243178,0
                98.552960957,16.640208509,0
                98.553020475,16.6402061430001,0
                98.55306699,16.6402336830001,0
                98.5530850090001,16.6402736370001,0
                98.553125933,16.640480772,0
                98.5531748120001,16.6406031130001,0
                98.5532573690001,16.6407105600001,0
                98.5533244840001,16.640780552,0
                98.553355513,16.6407905950001,0
                98.553396939,16.640780708,0
                98.5534927900001,16.640733515,0
                98.5535549430001,16.6407112000001,0
                98.5536092580001,16.640721291,0
                98.5536609210001,16.6407613170001,0
                98.5536840520001,16.640828721,0
                98.553683844,16.6409185250001,0
                98.553678253,16.641098126,0
                98.5536832440001,16.641177961,0
                98.5536908180001,16.641260297,0
                98.5536699460001,16.641332596,0
                98.5536646190001,16.6413999390001,0
                98.5536748210001,16.6414623250001,0
                98.5537005580001,16.641522249,0
                98.553824434,16.641667205,0
                98.5539196710001,16.641884437,0
                98.5539633870001,16.642001776,0
                98.554002053,16.642066718,0
                98.5540433690001,16.642104225,0
                98.554118364,16.642124342,0
                98.554154483,16.64217182,0
                98.5542420340001,16.6423566060001,0
                98.5543064540001,16.6424739880001,0
                98.5543865240001,16.642536524,0
                98.5544949750001,16.6426365400001,0
                98.5545154820001,16.6427214030001,0
                98.5545434800001,16.642923523,0
                98.554576974,16.64298596,0
                98.5546389620001,16.6430359820001,0
                98.5547191310001,16.6430561120001,0
                98.5547786370001,16.6430612300001,0
                98.554838106,16.643081313,0
                98.5548379740001,16.643138688,0
                98.5548326250001,16.6432135160001,0
                98.5548427690001,16.643303342,0
                98.554873689,16.643360783,0
                98.5549405720001,16.6435305580001,0
                98.5549870080001,16.6435930220001,0
                98.5550696480001,16.643665545,0
                98.555149815,16.6436856710001,0
                98.555271438,16.643685932,0
                98.5553387410001,16.643673606,0
                98.5553983570001,16.6436313240001,0
                98.5554062090001,16.643593921,0
                98.5554167220001,16.6435216,0
                98.555434925,16.6434842190001,0
                98.555473782,16.6434643470001,0
                98.555520361,16.6434644460001,0
                98.555600316,16.6435793680001,0
                98.5557063250001,16.643614519,0
                98.555892558,16.643649843,0
                98.5560116110001,16.6436401190001,0
                98.5561048230001,16.6436153720001,0
                98.5561903830001,16.6435432160001,0
                98.556270839,16.643438614,0
                98.5562891340001,16.6433613190001,0
                98.5563410330001,16.643296574,0
                98.5563928240001,16.6432792200001,0
                98.5564834080001,16.643274424,0
                98.5566360480001,16.643287226,0
                98.5567574980001,16.643359828,0
                98.556827233,16.6434173530001,0
                98.5569358400001,16.643450011,0
                98.5570005370001,16.6434476580001,0
                98.557062681,16.643430326,0
                98.557106758,16.643393001,0
                98.5573023420001,16.642734849,0
                98.5573464550001,16.6426800630001,0
                98.5574267370001,16.6426527950001,0
                98.5574681800001,16.6426354180001,0
                98.557496718,16.64260305,0
                98.5575045570001,16.6425706360001,0
                98.5574995810001,16.642483317,0
                98.5574972670001,16.6423635730001,0
                98.5575025630001,16.6423111990001,0
                98.557549286,16.6422464400001,0
                98.5576115210001,16.642189193,0
                98.5577021880001,16.6421469810001,0
                98.55780314,16.642132227,0
                98.5578652300001,16.6421373490001,0
                98.5579169250001,16.642162405,0
                98.557929738,16.642217315,0
                98.5579371600001,16.6423670040001,0
                98.557952539,16.6424294010001,0
                98.5581099790001,16.642606851,0
                98.5581978430001,16.6426569330001,0
                98.5583272210001,16.642659703,0
                98.5584462800001,16.642647482,0
                98.5585005500001,16.6426775320001,0
                98.5585340690001,16.6427299910001,0
                98.5586554220001,16.6428474950001,0
                98.5587794740001,16.6429151130001,0
                98.558867412,16.6429327600001,0
                98.559046058,16.64289073,0
                98.5590979570001,16.642825981,0
                98.5591498670001,16.6427587380001,0
                98.5591992860001,16.6426465870001,0
                98.559217506,16.6425992310001,0
                98.5592382830001,16.6425668470001,0
                98.5592926450001,16.642556981,0
                98.5593391730001,16.642579529,0
                98.559478519,16.6427494590001,0
                98.5595431070001,16.6427945,0
                98.5596466060001,16.6427972110001,0
                98.559776136,16.6427326300001,0
                98.5598356680001,16.6427252720001,0
                98.5599442440001,16.642770403,0
                98.5600605810001,16.642818048,0
                98.560174427,16.6428232760001,0
                98.5603193330001,16.6428235830001,0
                98.5604072830001,16.642836243,0
                98.5604873870001,16.6428863040001,0
                98.560634453,16.6430737110001,0
                98.5607146040001,16.6431038170001,0
                98.560753435,16.643096413,0
                98.560807792,16.6430890440001,0
                98.5608543430001,16.6431016180001,0
                98.560893063,16.64314161,0
                98.56089812,16.6431940090001,0
                98.5608539230001,16.643286215,0
                98.56079678,16.643380888,0
                98.56068014,16.6434654560001,0
                98.5605144570001,16.6434975380001,0
                98.5604342380001,16.6434973680001,0
                98.560353966,16.643522144,0
                98.5603383370001,16.6435670110001,0
                98.5603511520001,16.643621922,0
                98.5604001330001,16.6437018510001,0
                98.560477683,16.6437369390001,0
                98.5605630860001,16.643734624,0
                98.5606303980001,16.6437197980001,0
                98.5606900720001,16.643650076,0
                98.5607470950001,16.643607791,0
                98.56080669,16.6435729930001,0
                98.560850659,16.643583065,0
                98.5609126370001,16.643638077,0
                98.5609202300001,16.643712931,0
                98.560883673,16.6438575380001,0
                98.560867896,16.643967268,0
                98.5608935540001,16.644064612,0
                98.5609477680001,16.6441196070001,0
                98.561007277,16.644122227,0
                98.561061663,16.6441023840001,0
                98.5610953920001,16.6440625390001,0
                98.561129577,16.6438231340001,0
                98.5611529710001,16.6437782830001,0
                98.561199586,16.6437609170001,0
                98.5612694420001,16.6437660550001,0
                98.5612978130001,16.6438060290001,0
                98.5612793500001,16.6439606540001,0
                98.5612973930001,16.6439906260001,0
                98.5613310350001,16.643990697,0
                98.5614785650001,16.64397604,0
                98.561558769,16.6439812,0
                98.5616414410001,16.644041245,0
                98.561731894,16.644091329,0
                98.5617914140001,16.64408896,0
                98.561830274,16.644069082,0
                98.5618979000001,16.6439170560001,0
                98.5619031780001,16.6438721690001,0
                98.5619161650001,16.643849742,0
                98.5619472170001,16.643849807,0
                98.5620402630001,16.643899897,0
                98.5621023420001,16.643910003,0
                98.5621282580001,16.643892598,0
                98.5621568400001,16.643840273,0
                98.562206083,16.6438054540001,0
                98.562268213,16.6437956030001,0
                98.562312164,16.643813161,0
                98.562335332,16.643865595,0
                98.5623296810001,16.6440751260001,0
                98.5623632480001,16.644107627,0
                98.5624020690001,16.644105215,0
                98.562415044,16.644087782,0
                98.5624592450001,16.6439955750001,0
                98.5624981460001,16.643958238,0
                98.5625318080001,16.643948328,0
                98.562573173,16.6439633860001,0
                98.5627100290001,16.6440908980001,0
                98.5627850400001,16.6441060220001,0
                98.562847171,16.6440936820001,0
                98.56291974,16.6440439410001,0
                98.5629897700001,16.643971747,0
                98.5630778510001,16.6439270280001,0
                98.5631761980001,16.6439197510001,0
                98.563266743,16.643929922,0
                98.5633235160001,16.6439998920001,0
                98.563333615,16.644109671,0
                98.5633463290001,16.6442094830001,0
                98.563400539,16.64426697,0
                98.5635632440001,16.644407012,0
                98.5636845510001,16.6445469610001,0
                98.5638447210001,16.6446645460001,0
                98.564002137,16.644854466,0
                98.5640303530001,16.644964283,0
                98.5641000290001,16.6450492490001,0
                98.5641362000001,16.6450742700001,0
                98.5641983090001,16.6450719050001,0
                98.5642553050001,16.645042092,0
                98.5642967310001,16.645032197,0
                98.5643226060001,16.645032251,0
                98.5643458200001,16.645064732,0
                98.5643680480001,16.645536253,0
                98.5644015400001,16.6456011830001,0
                98.564554065,16.645666362,0
                98.5646238530001,16.645701434,0
                98.5646315230001,16.64574386,0
                98.5645978040001,16.645778712,0
                98.564507113,16.645833404,0
                98.5644837180001,16.645878253,0
                98.5644732420001,16.645935611,0
                98.564496428,16.6459805600001,0
                98.564529909,16.6460504780001,0
                98.5645686820001,16.6460705150001,0
                98.5646928560001,16.6460857450001,0
                98.5648454930001,16.646101034,0
                98.5649361050001,16.6460812660001,0
                98.5650474560001,16.646046574,0
                98.5652339910001,16.6459471810001,0
                98.5653790960001,16.645862671,0
                98.565630604,16.6456386850001,0
                98.5656850780001,16.6455814240001,0
                98.5657291210001,16.645556571,0
                98.5658067970001,16.645536774,0
                98.5659284390001,16.645527053,0
                98.566311323,16.6455702590001,0
                98.5664846370001,16.645595567,0
                98.5665726490001,16.64558328,0
                98.5667914140001,16.6455350900001,0
                98.5669208640001,16.6455054260001,0
                98.567021835,16.645483186,0
                98.567128026,16.6454409990001,0
                98.5671954470001,16.645378775,0
                98.5672498630001,16.6453439630001,0
                98.5673534330001,16.6453167400001,0
                98.5675190310001,16.645322075,0
                98.5676225620001,16.645312312,0
                98.5676536750001,16.6452849390001,0
                98.567664112,16.6452450460001,0
                98.567692659,16.6452101830001,0
                98.5677444940001,16.6451728710001,0
                98.5678376500001,16.6451730650001,0
                98.5678920160001,16.645163198,0
                98.567915348,16.645143293,0
                98.5679491560001,16.6450685230001,0
                98.5680529310001,16.6449490000001,0
                98.568164439,16.644841963,0
                98.5682940090001,16.6447599140001,0
                98.5684312530001,16.6447152980001,0
                98.5685451190001,16.644713041,0
                98.568682198,16.6447432570001,0
                98.5688811800001,16.6448634120001,0
                98.5691111090001,16.6450310290001,0
                98.569356612,16.645176223,0
                98.5693707090001,16.645191249,0
                98.569374635,16.645193111,0
                98.5694544610001,16.645218189,0
                98.5695155670001,16.6452092530001,0
                98.5695978480001,16.6451867760001,0
                98.569663775,16.6451212310001,0
                98.569856691,16.6450038560001,0
                98.5701530790001,16.644843662,0
                98.5702730390001,16.6447804910001,0
                98.570451742,16.6447151790001,0
                98.5707879440001,16.6446094240001,0
                98.570853748,16.644600503,0
                98.5708818990001,16.644620946,0
                98.5710294960001,16.64480697,0
                98.571177172,16.6449590240001,0
                98.5713178550001,16.6450861500001,0
                98.5713834570001,16.6451678230001,0
                98.5714279260001,16.6452449230001,0
                98.571484158,16.6453152510001,0
                98.571613174,16.645406112,0
                98.5719204920001,16.645612855,0
                98.5721692150001,16.6457560590001,0
                98.5723405240001,16.645844744,0
                98.5724414050001,16.645910633,0
                98.5725701630001,16.646119272,0
                98.5726403080001,16.646271164,0
                98.5726963100001,16.646445677,0
                98.5728227060001,16.64665884,0
                98.572876529,16.6467563420001,0
                98.572960976,16.6468154020001,0
                98.5730054790001,16.646878912,0
                98.5730660040001,16.647130442,0
                98.5731244510001,16.6472619260001,0
                98.5732111350001,16.647373085,0
                98.5733236490001,16.647491093,0
                98.573400781,16.647672442,0
                98.573459079,16.6478696130001,0
                98.5734869450001,16.6480168850001,0
                98.5734914120001,16.648123346,0
                98.573519209,16.6483023320001,0
                98.5735379050001,16.6483476700001,0
                98.57383329,16.6486404520001,0
                98.5739667730001,16.648837773,0
                98.5740555090001,16.6490848280001,0
                98.5741978670001,16.6495199840001,0
                98.574331192,16.6497897840001,0
                98.5744107960001,16.649914514,0
                98.5744506940001,16.6499349800001,0
                98.5744835890001,16.649935048,0
                98.5745235420001,16.6499283370001,0
                98.5751963000001,16.649565065,0
                98.575313947,16.649486032,0
                98.5753421640001,16.6494747680001,0
                98.5753703670001,16.649472562,0
                98.5754103040001,16.649472643,0
                98.5754454920001,16.6494976290001,0
                98.5754852800001,16.6495679220001,0
                98.5755063450001,16.6496042050001,0
                98.5755368630001,16.6496155890001,0
                98.5755815040001,16.6496156800001,0
                98.5756496770001,16.6495977000001,0
                98.5757201640001,16.649597844,0
                98.57584467,16.6496048970001,0
                98.5758963870001,16.6495914120001,0
                98.5759810470001,16.6495553450001,0
                98.5762563170001,16.6493837740001,0
                98.5763198690001,16.6493318130001,0
                98.5763668980001,16.6493137890001,0
                98.576449186,16.649286778,0
                98.5765572820001,16.649277936,0
                98.5767523000001,16.6492738050001,0
                98.576867414,16.649278569,0
                98.5769496060001,16.649296857,0
                98.5770035770001,16.6493264100001,0
                98.5770527750001,16.6493921920001,0
                98.577474152,16.650090645,0
                98.577691965,16.650405913,0
                98.5778630280001,16.650610101,0
                98.5779404400001,16.6506668820001,0
                98.578163439,16.650760196,0
                98.578346514,16.6508443710001,0
                98.5783793150001,16.650887475,0
                98.578388503,16.6509826170001,0
                98.5785066510001,16.6517483980001,0
                98.5785553590001,16.6520384070001,0
                98.5785927300001,16.6521404010001,0
                98.578656025,16.652203947,0
                98.57881317,16.6523288380001,0
                98.5789303660001,16.652458175,0
                98.578977163,16.652546602,0
                98.5790075020001,16.6526395270001,0
                98.5790280730001,16.652902297,0
                98.5790404850001,16.6536746560001,0
                98.5790328950001,16.653921514,0
                98.5789413420001,16.654960923,0
                98.5789147400001,16.6553074010001,0
                98.5789310060001,16.655391234,0
                98.5789613890001,16.655463776,0
                98.5790551810001,16.655552298,0
                98.579202879,16.655699817,0
                98.579273142,16.655804146,0
                98.5792916660001,16.6559264850001,0
                98.579330918,16.656243654,0
                98.579377014,16.6566536940001,0
                98.579376708,16.6567941220001,0
                98.5793410510001,16.656984301,0
                98.5791824190001,16.6575366180001,0
                98.5791773910001,16.6576883560001,0
                98.5791937830001,16.657713302,0
                98.5792453480001,16.657770032,0
                98.57941916,16.657797562,0
                98.5796375530001,16.6578523650001,0
                98.5797055960001,16.6578955320001,0
                98.579738379,16.657947693,0
                98.5797380380001,16.658103969,0
                98.5797306150001,16.658273824,0
                98.5797773790001,16.6583781040001,0
                98.579878261,16.65844852,0
                98.5800098080001,16.658462378,0
                98.5803269510001,16.6584856690001,0
                98.5804772420001,16.6585244780001,0
                98.580533486,16.6585925380001,0
                98.5805519780001,16.6587330020001,0
                98.580567934,16.658957258,0
                98.58061946,16.6590343710001,0
                98.5806758080001,16.6590526050001,0
                98.58091541,16.659080267,0
                98.5812020450001,16.6590876390001,0
                98.5813101560001,16.6590742660001,0
                98.5813689620001,16.65904268,0
                98.5814254530001,16.658997496,0
                98.5815596800001,16.658859604,0
                98.5817410160001,16.6586674530001,0
                98.581806907,16.658620022,0
                98.582317372,16.6583424680001,0
                98.582385559,16.6583199570001,0
                98.5824654620001,16.658313326,0
                98.5828814270001,16.658273394,0
                98.58311882,16.658233103,0
                98.5833539330001,16.658163363,0
                98.5842921390001,16.657830038,0
                98.5844002490001,16.6578166640001,0
                98.5845271200001,16.6578214510001,0
                98.5845763950001,16.657850992,0
                98.584602137,16.6578986050001,0
                98.584627776,16.6579937830001,0
                98.584652792,16.658378871,0
                98.584685542,16.6584468820001,0
                98.584720743,16.658467338,0
                98.5848945550001,16.6584926,0
                98.5853456070001,16.6585274780001,0
                98.5853902000001,16.658550216,0
                98.5854041920001,16.65860007,0
                98.5853156000001,16.6593676970001,0
                98.585195979,16.660361752,0
                98.5852076520001,16.660398016,0
                98.5852310940001,16.6604229750001,0
                98.5852662880001,16.660445699,0
                98.585935755,16.660528572,0
                98.5860015530001,16.660524174,0
                98.5860767940001,16.6604994100001,0
                98.5862744440001,16.6603684410001,0
                98.5863873800001,16.660296186,0
                98.586469671,16.6602714370001,0
                98.5866059240001,16.6602830360001,0
                98.5868994740001,16.6603538320001,0
                98.5876988050001,16.6605754080001,0
                98.5878565470001,16.66036239,0
                98.5880153630001,16.660437589,0
                98.5883250370001,16.660662428,0
                98.588627687,16.660873666,0
                98.5886698250001,16.66094623,0
                98.5887211080001,16.6611365810001,0
                98.588773469,16.6619248750001,0
                98.5888014650001,16.6620177940001,0
                98.588848338,16.6620745070001,0
                98.5889375410001,16.662113188,0
                98.5891441810001,16.6621747510001,0
                98.5893672560001,16.6622408760001,0
                98.5894424430001,16.6622410250001,0
                98.589496506,16.6622298090001,0
                98.589557632,16.6622140760001,0
                98.589644594,16.66220292,0
                98.5896821650001,16.6622143220001,0
                98.589848696,16.662352807,0
                98.5899824470001,16.662436875,0
                98.5900809070001,16.6625412560001,0
                98.590202591,16.662774783,0
                98.5902588740001,16.662826985,0
                98.59033406,16.6628271340001,0
                98.5904609660001,16.662816063,0
                98.590585504,16.6628140440001,0
                98.5906958610001,16.662850497,0
                98.5908296300001,16.662925505,0
                98.5909234200001,16.6630185510001,0
                98.5909773000001,16.6630956650001,0
                98.5909794660001,16.663179472,0
                98.5909793270001,16.663245155,0
                98.591002771,16.663272379,0
                98.5910474230001,16.663267938,0
                98.5910662540001,16.663252119,0
                98.5911580730001,16.6631662340001,0
                98.5912121420001,16.6631527540001,0
                98.5912732520001,16.663143812,0
                98.591355418,16.6631779480001,0
                98.5914774410001,16.6632529300001,0
                98.591536197,16.6632462530001,0
                98.5915691280001,16.6632281980001,0
                98.5916162550001,16.663164871,0
                98.591644622,16.663085655,0
                98.5916799180001,16.663060811,0
                98.5917363300001,16.6630518650001,0
                98.5918161910001,16.663063344,0
                98.59202271,16.663183792,0
                98.5921354540001,16.6632021350001,0
                98.5922764410001,16.6631978790001,0
                98.5924010840001,16.663146033,0
                98.59248818,16.663071464,0
                98.5925800400001,16.662965195,0
                98.592613128,16.662872394,0
                98.59262275,16.6627682280001,0
                98.592597073,16.6626889080001,0
                98.5924846950001,16.6624961690001,0
                98.592484862,16.662416895,0
                98.5925085170001,16.662342198,0
                98.592638229,16.6621137000001,0
                98.592692356,16.6620753020001,0
                98.5927393910001,16.6620550110001,0
                98.592814558,16.662064216,0
                98.5932602760001,16.662404832,0
                98.5933189520001,16.66243439,0
                98.593375355,16.662429972,0
                98.5934577070001,16.6623757730001,0
                98.593563691,16.662255939,0
                98.593610831,16.6621858190001,0
                98.5937288150001,16.6619482350001,0
                98.5937997140001,16.661755859,0
                98.593811907,16.66154298,0
                98.5938355320001,16.6614818740001,0
                98.593875611,16.6614185330001,0
                98.593936769,16.6613869460001,0
                98.5941482950001,16.6613601780001,0
                98.594263502,16.6613241690001,0
                98.5942917820001,16.661283455,0
                98.5943248080001,16.6612201020001,0
                98.5943274580001,16.6610774160001,0
                98.594313588,16.660970939,0
                98.5942902350001,16.660902945,0
                98.5941940590001,16.660825749,0
                98.594072097,16.660723589,0
                98.5940392950001,16.66067823,0
                98.5940393910001,16.660632928,0
                98.5940606080001,16.6605989990001,0
                98.5941052890001,16.660580967,0
                98.594201625,16.660581156,0
                98.5942815160001,16.6605790470001,0
                98.5943567640001,16.660552017,0
                98.594373293,16.6605135450001,0
                98.5943710340001,16.6604682390001,0
                98.5943030390001,16.6604001630001,0
                98.5942020740001,16.660368254,0
                98.5941762580001,16.6603546110001,0
                98.5941598570001,16.660331931,0
                98.5941599550001,16.6602851920001,0
                98.5941693030001,16.6602686140001,0
                98.594174099,16.6602640130001,0
                98.5943152620001,16.660175957,0
                98.5943758650001,16.660117772,0
                98.594392321,16.6600856900001,0
                98.59440012,16.660047025,0
                98.594400211,16.6600039910001,0
                98.5943650600001,16.6599586250001,0
                98.5943274690001,16.6599562860001,0
                98.594235789,16.6599787550001,0
                98.5941251510001,16.660075928,0
                98.5940898710001,16.6600939790001,0
                98.594047587,16.6600893670001,0
                98.5940100210001,16.6600757030001,0
                98.593991299,16.660039431,0
                98.5939867060001,16.6599895910001,0
                98.593982108,16.659942018,0
                98.5939352170001,16.6598943650001,0
                98.59388412,16.659873352,0
                98.5938553970001,16.6598417610001,0
                98.593853132,16.659821725,0
                98.5938555960001,16.6597673750001,0
                98.5938673190001,16.659735556,0
                98.5938697760001,16.659728897,0
                98.5939262410001,16.6596927680001,0
                98.593958709,16.6596897050001,0
                98.5939732420001,16.659688331,0
                98.5942058840001,16.659675196,0
                98.5942834430001,16.6596640240001,0
                98.5943704530001,16.6596279550001,0
                98.5944112180001,16.659600008,0
                98.594424775,16.6595743030001,0
                98.5944411980001,16.659508053,0
                98.594443147,16.6594466450001,0
                98.5944462300001,16.659349519,0
                98.5944651660001,16.659283875,0
                98.594486352,16.659265797,0
                98.594535707,16.6592590990001,0
                98.5945897070001,16.6592773250001,0
                98.5946239850001,16.659316688,0
                98.5946495960001,16.659373579,0
                98.5946812910001,16.659399535,0
                98.5946872710001,16.659400459,0
                98.5947178150001,16.659404578,0
                98.594742721,16.659400825,0
                98.5947610790001,16.659393629,0
                98.5947799200001,16.659379718,0
                98.5948031360001,16.659347682,0
                98.5948026,16.659266297,0
                98.594802041,16.659181701,0
                98.5947994460001,16.659039427,0
                98.5947995490001,16.6589906070001,0
                98.594830001,16.6589585900001,0
                98.5948633070001,16.6589474960001,0
                98.5948994770001,16.658948959,0
                98.594934139,16.658979717,0
                98.594955725,16.6590355480001,0
                98.594985959,16.6591067430001,0
                98.5950162820001,16.6591374880001,0
                98.5950363920001,16.659148993,0
                98.5950480770001,16.659155679,0
                98.595084253,16.65915296,0
                98.5951248100001,16.6591335140001,0
                98.595143825,16.659095092,0
                98.5951655000001,16.6590513,0
                98.595200338,16.658996974,0
                98.5952466740001,16.65898172,0
                98.5952741410001,16.658992932,0
                98.595294321,16.6590292330001,0
                98.5952962110001,16.6590355550001,0
                98.5953072550001,16.6590725,0
                98.595353452,16.659122801,0
                98.5953837550001,16.6591605190001,0
                98.5954068880001,16.659170327,0
                98.595448838,16.6591759900001,0
                98.595492253,16.659173283,0
                98.595541531,16.6591343280001,0
                98.59559519,16.65907585,0
                98.5956241440001,16.659068932,0
                98.5956632070001,16.6590704060001,0
                98.5957007970001,16.659084427,0
                98.5957297140001,16.659095639,0
                98.59577168,16.659092932,0
                98.5958108290001,16.659053957,0
                98.5958616170001,16.6589857070001,0
                98.595899252,16.658977414,0
                98.5959296440001,16.658976076,0
                98.5960033600001,16.659012488,0
                98.596087218,16.6590419390001,0
                98.596127724,16.6590476000001,0
                98.5961610000001,16.6590476650001,0
                98.5961827420001,16.659029575,0
                98.5961915130001,16.658987746,0
                98.5961959380001,16.6589486990001,0
                98.596193149,16.658897086,0
                98.5961860260001,16.6588719960001,0
                98.596181662,16.658856616,0
                98.5961874850001,16.658838497,0
                98.5962265700001,16.658830203,0
                98.596262761,16.658821904,0
                98.5962917630001,16.6587926710001,0
                98.5963424700001,16.6587606890001,0
                98.596378658,16.6587537880001,0
                98.5964321850001,16.658758074,0
                98.596533472,16.6587596690001,0
                98.5966419950001,16.6587570900001,0
                98.596711053,16.658758915,0
                98.5969938910001,16.6587594650001,0
                98.5972732130001,16.6587611200001,0
                98.5976136040001,16.658739202,0
                98.597719221,16.6587790350001,0
                98.5977719210001,16.6588224000001,0
                98.597821808,16.658949717,0
                98.597848146,16.65897776,0
                98.5979457030001,16.659031386,0
                98.598127698,16.6591004360001,0
                98.598206766,16.6591591170001,0
                98.5982884080001,16.6592483360001,0
                98.5983806190001,16.6593350270001,0
                98.598467681,16.659358094,0
                98.5985442370001,16.659355695,0
                98.5986208080001,16.659345671,0
                98.5988797100001,16.659241847,0
                98.599344639,16.659074806,0
                98.5994158810001,16.6590902130001,0
                98.5994976040001,16.659143801,0
                98.5995714460001,16.6591744830001,0
                98.599645357,16.659174626,0
                98.599700822,16.659159464,0
                98.5997193490001,16.659136599,0
                98.5997273820001,16.659080638,0
                98.599746026,16.6590017890001,0
                98.5997751690001,16.658948411,0
                98.599817504,16.658900144,0
                98.599936416,16.658839309,0
                98.600023552,16.6588267560001,0
                98.600097465,16.658826898,0
                98.6001792760001,16.658837235,0
                98.6003322400001,16.658901137,0
                98.60035924,16.658909497,0
                98.600400623,16.658900375,0
                98.600430901,16.658875901,0
                98.600443662,16.6588575280001,0
                98.6004517090001,16.658814605,0
                98.600448617,16.658770126,0
                98.6004598060001,16.658744078,0
                98.600478922,16.6587318470001,0
                98.600529834,16.658730414,0
                98.6005711500001,16.658750427,0
                98.6005885640001,16.6587918660001,0
                98.600615443,16.6588716570001,0
                98.6006503790001,16.6589023940001,0
                98.6006742180001,16.6589116370001,0
                98.6007394550001,16.6589087,0
                98.6008810550001,16.658896704,0
                98.601065663,16.658861788,0
                98.6011722690001,16.6588512590001,0
                98.601277241,16.658862195,0
                98.6014998110001,16.658933161,0
                98.6016683400001,16.658979491,0
                98.6017462670001,16.6589888410001,0
                98.6018178770001,16.6589782450001,0
                98.6019261440001,16.6589355150001,0
                98.6020105860001,16.6588712760001,0
                98.602114048,16.658842335,0
                98.6022636480001,16.658811954,0
                98.6024179610001,16.6588107160001,0
                98.6025151700001,16.6588026910001,0
                98.602757931,16.658751914,0
                98.6030538990001,16.658674514,0
                98.603238891,16.658621404,0
                98.6033707390001,16.658561503,0
                98.6034286180001,16.658512608,0
                98.6034680370001,16.658448084,0
                98.6035214870001,16.658303382,0
                98.603558621,16.6582254800001,0
                98.603607304,16.6581542860001,0
                98.6036536180001,16.658107591,0
                98.6037206830001,16.6580854430001,0
                98.6039634900001,16.658012392,0
                98.6041184730001,16.6579414010001,0
                98.6042064010001,16.657890332,0
                98.604238863,16.657834698,0
                98.6042760440001,16.657736749,0
                98.6042945920001,16.657707826,0
                98.604377936,16.6576366960001,0
                98.6044358500001,16.657569977,0
                98.6045191520001,16.6575166700001,0
                98.6046856230001,16.6574768890001,0
                98.6049654700001,16.657372717,0
                98.6051804750001,16.657333028,0
                98.605413921,16.657317881,0
                98.605871752,16.6571917690001,0
                98.6062302170001,16.6570654700001,0
                98.6063760170001,16.657024731,0
                98.6068782280001,16.6569164110001,0
                98.607208868,16.6567863810001,0
                98.6084970260001,16.656527511,0
                98.609877866,16.6565137760001,0
                98.610936613,16.656589265,0
                98.6118681870001,16.656721663,0
                98.612689517,16.656911017,0
                98.6128472520001,16.6569307070001,0
                98.6130316410001,16.6568636850001,0
                98.6131971230001,16.6567170010001,0
                98.6134264230001,16.6564295800001,0
                98.61357286,16.6562767360001,0
                98.6143295670001,16.6559535480001,0
                98.6145392720001,16.6559294410001,0
                98.6147552740001,16.6559359660001,0
                98.6149139300001,16.656028126,0
                98.6151548170001,16.656298051,0
                98.615287589,16.656622901,0
                98.6153378160001,16.6569230900001,0
                98.615464117,16.6573091700001,0
                98.615546394,16.6574685570001,0
                98.615736568,16.6576832690001,0
                98.615838135,16.6577263300001,0
                98.61599076,16.657682449,0
                98.616138219,16.6576620490001,0
                98.6162266580001,16.657669963,0
                98.6162963130001,16.6576856,0
                98.616365875,16.657750321,0
                98.61640857,16.6578459990001,0
                98.616443324,16.6578925700001,0
                98.6164861890001,16.657902984,0
                98.6165880170001,16.6579160960001,0
                98.6167676420001,16.657895754,0
                98.6168990070001,16.657880494,0
                98.617110874,16.65782146,0
                98.6172101640001,16.6577647990001,0
                98.617350226,16.657421417,0
                98.6174796080001,16.6570573430001,0
                98.6174880740001,16.656842904,0
                98.617585445,16.6563986790001,0
                98.617730899,16.65603722,0
                98.6177872690001,16.6559985640001,0
                98.617878417,16.6559883940001,0
                98.6180123940001,16.6560093150001,0
                98.6183899690001,16.656188295,0
                98.6184783880001,16.656203953,0
                98.6185373900001,16.656185979,0
                98.61863135,16.656111222,0
                98.618693152,16.6560338200001,0
                98.618725576,16.655904693,0
                98.618760706,16.655757484,0
                98.6188414260001,16.6556026060001,0
                98.6188496570001,16.655507023,0
                98.618824986,16.6554460400001,0
                98.6187379140001,16.655312166,0
                98.618666332,16.6551387110001,0
                98.618671695,16.655024821,0
                98.618841553,16.6548617070001,0
                98.6190884660001,16.654698739,0
                98.619268375,16.6546445930001,0
                98.6193916870001,16.654634915,0
                98.6195200450001,16.6546747690001,0
                98.619622656,16.6547442880001,0
                98.6197660940001,16.654947593,0
                98.619832822,16.654977429,0
                98.6198841670001,16.6549923800001,0
                98.6199509560001,16.6549925030001,0
                98.6201411970001,16.6549086640001,0
                98.620556815,16.654754511,0
                98.6206817060001,16.6544343900001,0
                98.620771882,16.654130921,0
                98.6208597410001,16.654013919,0
                98.6208617,16.654011306,0
                98.6208935750001,16.653966795,0
                98.6209311470001,16.653966864,0
                98.6209435060001,16.653968723,0
                98.620947701,16.6539693500001,0
                98.6209687,16.6539725050001,0
                98.620976167,16.653980389,0
                98.6210147150001,16.6540210790001,0
                98.6210286180001,16.6540637950001,0
                98.6210954800001,16.654113281,0
                98.6211269610001,16.654128524,0
                98.6212411990001,16.65412114,0
                98.6213437280001,16.6540605750001,0
                98.6214382460001,16.654068341,0
                98.6216035320001,16.6541407830001,0
                98.621788301,16.654323377,0
                98.621977073,16.6544718000001,0
                98.6221225410001,16.6546087560001,0
                98.6223347010001,16.654882522,0
                98.6223858580001,16.6549053960001,0
                98.6224725070001,16.6549093520001,0
                98.6226221530001,16.654924808,0
                98.6227323780001,16.6549553880001,0
                98.6228110630001,16.655001096,0
                98.6229527950001,16.655035522,0
                98.6232520760001,16.6550740390001,0
                98.62337024,16.6550742540001,0
                98.6234491170001,16.6550212380001,0
                98.6234847300001,16.654937773,0
                98.6234928210001,16.6548276720001,0
                98.6234891720001,16.654679586,0
                98.6235094570001,16.6543758660001,0
                98.6235253570001,16.6543037550001,0
                98.623587629,16.6542609300001,0
                98.6238514450001,16.654208591,0
                98.6240980530001,16.654195832,0
                98.6242350300001,16.654205984,0
                98.6243069860001,16.6541863030001,0
                98.6243276200001,16.6541467230001,0
                98.6243346350001,16.6540575930001,0
                98.6243039840001,16.6539683990001,0
                98.6242220780001,16.65382299,0
                98.6240750380001,16.653703868,0
                98.6240272110001,16.6536443590001,0
                98.624000251,16.6534198100001,0
                98.62398355,16.6532018830001,0
                98.623949629,16.653033448,0
                98.623908853,16.6528682970001,0
                98.623919513,16.652670229,0
                98.6240260470001,16.6524855380001,0
                98.624053986,16.6522082720001,0
                98.6241125760001,16.652020195,0
                98.6242086730001,16.6519147180001,0
                98.624328699,16.6518324030001,0
                98.6245411310001,16.651783267,0
                98.625150907,16.6516985270001,0
                98.6254694520001,16.651679299,0
                98.625654389,16.6516796330001,0
                98.625791371,16.6516831770001,0
                98.62594549,16.6516834550001,0
                98.6261202170001,16.6516507590001,0
                98.6263327730001,16.65153889,0
                98.6268093340001,16.651269026,0
                98.6272069560001,16.651091461,0
                98.627587277,16.651003003,0
                98.627933403,16.6508847740001,0
                98.628163095,16.650766334,0
                98.6283584810001,16.650674243,0
                98.628519489,16.650651424,0
                98.6287215240001,16.6506649940001,0
                98.6290844640001,16.650712646,0
                98.6291514690001,16.6507369080001,0
                98.6292454640001,16.65074946,0
                98.6293330610001,16.650780153,0
                98.629408293,16.650816446,0
                98.6294521450001,16.6508526650001,0
                98.6294898630001,16.650901349,0
                98.6295272940001,16.65093188,0
                98.629590046,16.650943274,0
                98.6296527410001,16.6509433860001,0
                98.6297594170001,16.650914216,0
                98.6298849230001,16.65090766,0
                98.6299601680001,16.6509326520001,0
                98.6300418370001,16.6509565530001,0
                98.6301484030001,16.651023438,0
                98.630302869,16.6511502340001,0
                98.6304416140001,16.651239757,0
                98.6305227160001,16.6512839960001,0
                98.6305920620001,16.651328145,0
                98.6306382610001,16.651384706,0
                98.6306920110001,16.6514514790001,0
                98.6307461740001,16.651514836,0
                98.630815193,16.651559053,0
                98.6309194820001,16.6516010930001,0
                98.6309390630001,16.651610095,0
                98.6309913730001,16.6516278880001,0
                98.6310415180001,16.6516411040001,0
                98.6311256640001,16.6516535440001,0
                98.6311754870001,16.6516592040001,0
                98.6312006960001,16.6516570040001,0
                98.6312282750001,16.651649267,0
                98.631257781,16.651629617,0
                98.6312858790001,16.651598974,0
                98.6313101950001,16.6515600750001,0
                98.631373151,16.651441526,0
                98.6313998540001,16.651397592,0
                98.6314208270001,16.651363727,0
                98.6314517850001,16.651328047,0
                98.631482727,16.651300614,0
                98.6315093860001,16.651279125,0
                98.6315241410001,16.65126816,0
                98.631546975,16.65125583,0
                98.631577894,16.6512412230001,0
                98.6315997740001,16.651233474,0
                98.6316306750001,16.6512266600001,0
                98.631650634,16.6512262310001,0
                98.6316791470001,16.6512276560001,0
                98.6317062370001,16.651230453,0
                98.631739016,16.651237845,0
                98.6317993370001,16.651254443,0
                98.631844932,16.651268268,0
                98.6319346920001,16.6513032510001,0
                98.6321227160001,16.651394295,0
                98.6321716160001,16.6514223290001,0
                98.632201986,16.651445289,0
                98.632214321,16.6514585960001,0
                98.632221884,16.651479685,0
                98.6322218430001,16.651501216,0
                98.632217999,16.6515241160001,0
                98.6322122720001,16.6515360170001,0
                98.6321965560001,16.651553855,0
                98.6321703740001,16.6515753480001,0
                98.6321380080001,16.651600026,0
                98.632121333,16.651619241,0
                98.6321141660001,16.6516416760001,0
                98.6321160300001,16.6516609190001,0
                98.6321240710001,16.651682011,0
                98.6321444530001,16.6517077,0
                98.632165307,16.6517393500001,0
                98.6321695510001,16.6517567670001,0
                98.6321666530001,16.651781498,0
                98.6321594710001,16.651808976,0
                98.6321356480001,16.651842373,0
                98.6321137470001,16.65186112,0
                98.632090443,16.651868872,0
                98.6320700100001,16.6518697490001,0
                98.6320505300001,16.651866049,0
                98.6320324850001,16.651857772,0
                98.6319788330001,16.651830187,0
                98.631955083,16.651821898,0
                98.6319370350001,16.6518168320001,0
                98.63191993,16.6518149660001,0
                98.6319037710001,16.651817684,0
                98.6318880750001,16.651823157,0
                98.6318761780001,16.6518290870001,0
                98.6317805400001,16.651888936,0
                98.631765783,16.651901276,0
                98.6317519770001,16.6519163730001,0
                98.6317400620001,16.651932844,0
                98.631731002,16.651945197,0
                98.6317205120001,16.651964422,0
                98.631715725,16.6519836590001,0
                98.631714748,16.651996023,0
                98.6317093660001,16.652076649,0
                98.6317111960001,16.6521155930001,0
                98.63171966,16.6521627980001,0
                98.631735237,16.6522187150001,0
                98.6317555640001,16.652275107,0
                98.6317830440001,16.6523218840001,0
                98.6318039070001,16.652346203,0
                98.631832359,16.6523755740001,0
                98.6319519610001,16.652464206,0
                98.632057359,16.6525202880001,0
                98.632108175,16.6525405360001,0
                98.632168516,16.652548886,0
                98.6322222250001,16.652547613,0
                98.632416183,16.652516345,0
                98.632514115,16.6525009380001,0
                98.6326196420001,16.652490592,0
                98.632691406,16.6524920890001,0
                98.632742239,16.652500425,0
                98.632781191,16.6525124080001,0
                98.6328063400001,16.6525312380001,0
                98.63281772,16.6525459150001,0
                98.632821005,16.6525688300001,0
                98.6328185930001,16.652588526,0
                98.632800966,16.652611403,0
                98.6326858100001,16.6526840400001,0
                98.632655361,16.6527027720001,0
                98.632643445,16.65271833,0
                98.6326339030001,16.652738008,0
                98.632627675,16.652766405,0
                98.632624617,16.65287177,0
                98.6326307400001,16.6529024750001,0
                98.6326373540001,16.6529221910001,0
                98.6326473140001,16.6529332060001,0
                98.6326696230001,16.6529492780001,0
                98.6328030620001,16.6530063220001,0
                98.63296359,16.6530629600001,0
                98.6330400590001,16.653086457,0
                98.6330766330001,16.653099808,0
                98.6331544910001,16.653143014,0
                98.6331957790001,16.6531742340001,0
                98.6332256480001,16.653211399,0
                98.633306475,16.6534308170001,0
                98.6333485630001,16.653513968,0
                98.633409252,16.6535890050001,0
                98.6335719420001,16.6537888390001,0
                98.633667104,16.653897838,0
                98.633696205,16.653922935,0
                98.6337322840001,16.6539431580001,0
                98.6337797770001,16.653959124,0
                98.6338247530001,16.653966537,0
                98.6338684890001,16.6539623360001,0
                98.633905262,16.6539501830001,0
                98.6339896790001,16.653881305,0
                98.6341825420001,16.6537606950001,0
                98.6342795850001,16.6537132230001,0
                98.634389959,16.65365294,0
                98.634440065,16.653629209,0
                98.6344641590001,16.653621308,0
                98.6344895130001,16.6536176870001,0
                98.634526265,16.653619588,0
                98.6345642640001,16.653630037,0
                98.6345927400001,16.6536508520001,0
                98.634680024,16.6537365290001,0
                98.6347141890001,16.6537652970001,0
                98.63474648,16.6537794060001,0
                98.6347863670001,16.6537965790001,0
                98.634875675,16.653818727,0
                98.6349345680001,16.6538389900001,0
                98.6349731880001,16.653857385,0
                98.6349953370001,16.6538733040001,0
                98.6350174610001,16.6539038870001,0
                98.6350288070001,16.653933227,0
                98.6350319040001,16.6539711030001,0
                98.6350286740001,16.6540034720001,0
                98.6350070140001,16.654066356,0
                98.63498287,16.6541017390001,0
                98.6349568540001,16.654120022,0
                98.6349302180001,16.654129137,0
                98.6348826700001,16.654140662,0
                98.6348034370001,16.6541533490001,0
                98.6347755370001,16.6541630720001,0
                98.6347469980001,16.65417402,0
                98.6347178130001,16.6541929050001,0
                98.6346860820001,16.654220949,0
                98.6346505120001,16.6542611950001,0
                98.634639065,16.6542850000001,0
                98.63462696,16.6543179670001,0
                98.6346211410001,16.6543784310001,0
                98.6346299410001,16.6544175400001,0
                98.6346489060001,16.6544407870001,0
                98.6346729520001,16.6544603790001,0
                98.6347181450001,16.6544867050001,0
                98.6347345230001,16.654498071,0
                98.634756226,16.654521131,0
                98.6347636880001,16.6545324850001,0
                98.6347799820001,16.6545861160001,0
                98.6347984510001,16.6546205070001,0
                98.6348201710001,16.654635668,0
                98.6348511630001,16.6546450000001,0
                98.6348828800001,16.654647116,0
                98.634923885,16.654639285,0
                98.6349595620001,16.654621825,0
                98.6349834800001,16.6546026250001,0
                98.6349981370001,16.654580315,0
                98.635012079,16.6545586940001,0
                98.6350235090001,16.654548747,0
                98.6350349200001,16.654543618,0
                98.6350491790001,16.6545432990001,0
                98.6350648550001,16.6545481310001,0
                98.6350801600001,16.65455847,0
                98.6350961750001,16.654573612,0
                98.6351486510001,16.6547190530001,0
                98.6351716340001,16.6548194270001,0
                98.6351779540001,16.654868575,0
                98.6351784820001,16.6549671880001,0
                98.6351707310001,16.655108397,0
                98.635155915,16.655213856,0
                98.635151061,16.6553268960001,0
                98.635152459,16.655345798,0
                98.6351623210001,16.655405945,0
                98.6351743990001,16.6554303630001,0
                98.6352032020001,16.655466833,0
                98.6353737490001,16.6555678130001,0
                98.6354100660001,16.6555888340001,0
                98.6355803380001,16.6556461760001,0
                98.6356529890001,16.6556799740001,0
                98.635933445,16.655906214,0
                98.6359818290001,16.655953375,0
                98.6360166730001,16.656002571,0
                98.6360298160001,16.6560232090001,0
                98.6360607060001,16.656088547,0
                98.636080549,16.656153182,0
                98.636091541,16.656181722,0
                98.6361050510001,16.6562002970001,0
                98.6361694500001,16.656261919,0
                98.636190453,16.656278791,0
                98.6362641540001,16.656322903,0
                98.6362838250001,16.6563331510001,0
                98.63628692,16.6563328120001,0
                98.6363277660001,16.656328344,0
                98.6363305960001,16.6563272280001,0
                98.6363852650001,16.6563056430001,0
                98.63645295,16.656257705,0
                98.6365638180001,16.6561617950001,0
                98.6366010670001,16.6561219500001,0
                98.6366020040001,16.656119561,0
                98.6366129530001,16.6560918340001,0
                98.636617265,16.6560437840001,0
                98.636609735,16.6560022360001,0
                98.6365870160001,16.655956583,0
                98.6365566640001,16.655920698,0
                98.6364175510001,16.6557632560001,0
                98.636344239,16.6556878420001,0
                98.6362843090001,16.655626193,0
                98.6362337410001,16.655561763,0
                98.6361890760001,16.655499784,0
                98.6361655060001,16.655451686,0
                98.636157939,16.6554337590001,0
                98.636137788,16.6553661200001,0
                98.636126872,16.6553294490001,0
                98.63612506,16.65529852,0
                98.636127517,16.655254085,0
                98.6361437260001,16.6552280020001,0
                98.6361637160001,16.655214293,0
                98.636190823,16.6552051790001,0
                98.63622123,16.6552084360001,0
                98.6362444980001,16.6552185580001,0
                98.636261575,16.655235079,0
                98.6362724740001,16.6552543400001,0
                98.63630886,16.6553648140001,0
                98.636335408,16.655399227,0
                98.6363615220001,16.6554148480001,0
                98.636388588,16.6554254280001,0
                98.636426128,16.65543008,0
                98.636506463,16.65542014,0
                98.636614879,16.655391923,0
                98.6366851980001,16.6553602070001,0
                98.6367200780001,16.655346219,0
                98.6367467090001,16.6553371040001,0
                98.6367739630001,16.6553347070001,0
                98.636807543,16.655336601,0
                98.636836041,16.655346422,0
                98.6368645370001,16.655358076,0
                98.6369442450001,16.655427247,0
                98.6369530860001,16.6554455880001,0
                98.636975179,16.6554914390001,0
                98.6369890080001,16.6555494940001,0
                98.637015504,16.655614293,0
                98.637111609,16.6557296450001,0
                98.6371154010001,16.655734191,0
                98.637154002,16.655761747,0
                98.637182511,16.655766686,0
                98.6372097610001,16.6557642880001,0
                98.637245933,16.655736255,0
                98.637277666,16.6557112630001,0
                98.6372979640001,16.6556996910001,0
                98.6373284000001,16.655690583,0
                98.6373588180001,16.6556881930001,0
                98.637379088,16.655692506,0
                98.6374373610001,16.6557091,0
                98.6375487820001,16.6557642720001,0
                98.637622213,16.655805937,0
                98.6376620980001,16.655825554,0
                98.6376791960001,16.655832918,0
                98.6377115000001,16.655837247,0
                98.637750151,16.6558422030001,0
                98.6379326540001,16.6558406890001,0
                98.637980177,16.655842605,0
                98.638001719,16.655845088,0
                98.6380207120001,16.655851834,0
                98.6380365310001,16.6558646870001,0
                98.638047279,16.655879978,0
                98.6380522970001,16.65590565,0
                98.6380516180001,16.655930692,0
                98.638045246,16.655948397,0
                98.6380001730001,16.6559929110001,0
                98.6378808760001,16.6560818880001,0
                98.6378681670001,16.656096523,0
                98.6378452810001,16.6561361890001,0
                98.6378223780001,16.6561856280001,0
                98.6378070900001,16.656226528,0
                98.6378007010001,16.656257671,0
                98.637800654,16.6562827170001,0
                98.6377940290001,16.656432362,0
                98.6378028450001,16.6564629210001,0
                98.6378154800001,16.656483103,0
                98.6378401420001,16.6565118570001,0
                98.6378736920001,16.6565296320001,0
                98.637915493,16.656541921,0
                98.637975048,16.656549963,0
                98.6380162350001,16.6565482070001,0
                98.638061243,16.656540342,0
                98.6380942320001,16.656522683,0
                98.6381196330001,16.6564940160001,0
                98.6381654460001,16.656393919,0
                98.6382119250001,16.656276103,0
                98.6382430790001,16.656222406,0
                98.638266586,16.6561888470001,0
                98.6383021450001,16.656151032,0
                98.6383357860001,16.6561205530001,0
                98.638366229,16.6561077800001,0
                98.6383909520001,16.6561035440001,0
                98.6384207310001,16.656106649,0
                98.6384447790001,16.656120743,0
                98.6384529800001,16.656141522,0
                98.6384579900001,16.656172081,0
                98.6384559780001,16.656232548,0
                98.6384520830001,16.656280188,0
                98.6384564690001,16.656308295,0
                98.6384779510001,16.656339485,0
                98.638514043,16.656357875,0
                98.638614106,16.6563885900001,0
                98.6386426130001,16.6563947510001,0
                98.6386863330001,16.656394827,0
                98.6387142390001,16.656383267,0
                98.6387478570001,16.656365608,0
                98.638789768,16.6563192580001,0
                98.6388800460001,16.656161818,0
                98.6389099240001,16.656111776,0
                98.6389365910001,16.6560818930001,0
                98.6389505610001,16.656067869,0
                98.6389708580001,16.656057516,0
                98.6389924160001,16.656051447,0
                98.6390126940001,16.6560502630001,0
                98.639055146,16.6560533900001,0
                98.639110901,16.656057151,0
                98.6391464000001,16.656054768,0
                98.639172396,16.65604626,0
                98.6392009340001,16.6560304290001,0
                98.6392326770001,16.656001164,0
                98.6392669700001,16.6559621280001,0
                98.6392853770001,16.655943834,0
                98.639311385,16.6559298330001,0
                98.6393354800001,16.6559237660001,0
                98.6394102720001,16.6559135140001,0
                98.63950787,16.6559106290001,0
                98.639641581,16.6559065820001,0
                98.6396840360001,16.655907874,0
                98.6397245970001,16.655906117,0
                98.639769604,16.6558951970001,0
                98.6397975090001,16.655884864,0
                98.639825423,16.655867802,0
                98.6398508170001,16.6558428020001,0
                98.639924496,16.6557531390001,0
                98.6400336610001,16.6556580340001,0
                98.6400837840001,16.6556269660001,0
                98.6401256560001,16.655601384,0
                98.640158634,16.6555867820001,0
                98.640180818,16.655584375,0
                98.640203635,16.6555819700001,0
                98.6402568450001,16.6555930600001,0
                98.6403036980001,16.6556133020001,0
                98.6403543550001,16.6556347650001,0
                98.640399974,16.6556379,0
                98.640446866,16.6556392050001,0
                98.640580592,16.655627828,0
                98.6406528460001,16.6556194070001,0
                98.6408024470001,16.6555915660001,0
                98.640852518,16.655586763,0
                98.6409494740001,16.6555850980001,0
                98.6410457840001,16.6555913720001,0
                98.641085688,16.6556006070001,0
                98.641226202,16.6556344110001,0
                98.6414344660001,16.655711873,0
                98.6414749640001,16.65574344,0
                98.641614458,16.655850103,0
                98.641812401,16.656028543,0
                98.6419248650001,16.6561340760001,0
                98.641958614,16.656158028,0
                98.641992368,16.656178718,0
                98.6420261390001,16.656193979,0
                98.6420846880001,16.656208196,0
                98.6421455050001,16.656218074,0
                98.642228865,16.6562214750001,0
                98.6422694270001,16.6562193780001,0
                98.6423697150001,16.656204345,0
                98.6424294560001,16.6561903310001,0
                98.6425974250001,16.6561287210001,0
                98.6428668830001,16.6560119050001,0
                98.6433190600001,16.6557824560001,0
                98.6435355720001,16.6556666270001,0
                98.6435840570001,16.6556439070001,0
                98.6436392950001,16.655622285,0
                98.643868135,16.655542317,0
                98.6439650600001,16.6555196750001,0
                98.6440349260001,16.655507851,0
                98.644100144,16.6555005000001,0
                98.644188011,16.6555014580001,0
                98.644264031,16.6555113680001,0
                98.6443552550001,16.655529438,0
                98.6443898900001,16.655529497,0
                98.6444304510001,16.6555271280001,0
                98.644451583,16.6555214630001,0
                98.6444837180001,16.6555060420001,0
                98.64450149,16.6554922230001,0
                98.644521819,16.655464566,0
                98.6445294490001,16.6554523670001,0
                98.644577854,16.655315617,0
                98.6445905780001,16.6552887600001,0
                98.6446075220001,16.6552667980001,0
                98.6446345950001,16.6552456680001,0
                98.644663349,16.6552310540001,0
                98.6447301600001,16.655198592,0
                98.6447792230001,16.6551652810001,0
                98.644789405,16.655143309,0
                98.6448074210001,16.6549934770001,0
                98.6448041230001,16.654948674,0
                98.6447856300001,16.654899775,0
                98.644669487,16.654653608,0
                98.644575101,16.654519873,0
                98.644563319,16.654492159,0
                98.644555756,16.654470971,0
                98.644549053,16.654441639,0
                98.644544867,16.6544212690001,0
                98.6445423870001,16.6543903140001,0
                98.6445441160001,16.6543715820001,0
                98.644545007,16.6543455230001,0
                98.6445517920001,16.6543300600001,0
                98.6445908200001,16.6542437910001,0
                98.6447543410001,16.6539948440001,0
                98.644806052,16.6539020810001,0
                98.6448247120001,16.653864648,0
                98.644858711,16.6537555670001,0
                98.6448832670001,16.6537246570001,0
                98.6449188000001,16.6536994730001,0
                98.6449678700001,16.6536629030001,0
                98.644979747,16.6536384890001,0
                98.64499183,16.6535008650001,0
                98.6449876770001,16.653463393,0
                98.644974184,16.653447075,0
                98.6449497,16.6534380790001,0
                98.6447849400001,16.653439426,0
                98.6447604480001,16.65343368,0
                98.6447401890001,16.6534246900001,0
                98.6447326050001,16.653414904,0
                98.6447275680001,16.653395345,0
                98.6447259000001,16.6533823120001,0
                98.6447276310001,16.6533611360001,0
                98.6447336000001,16.6533326410001,0
                98.6447548120001,16.6532821810001,0
                98.6447819080001,16.6532488330001,0
                98.644807304,16.653222816,0
                98.644830997,16.6532057490001,0
                98.6448808870001,16.653183031,0
                98.6449341670001,16.65315543,0
                98.6449637640001,16.653141637,0
                98.6449925110001,16.653131096,0
                98.6450254690001,16.6531254500001,0
                98.645050815,16.6531271220001,0
                98.6450710820001,16.6531369300001,0
                98.6451014520001,16.6531565290001,0
                98.645131834,16.653178573,0
                98.6451756690001,16.653232405,0
                98.6451908210001,16.6532641900001,0
                98.6452051270001,16.6532935390001,0
                98.645224522,16.6533139360001,0
                98.6452447670001,16.6533318850001,0
                98.6452726250001,16.653344964,0
                98.645395104,16.6533630970001,0
                98.6454381930001,16.653362352,0
                98.645462706,16.653358322,0
                98.6455032850001,16.6533429190001,0
                98.645533743,16.6533193490001,0
                98.6455549200001,16.6532900660001,0
                98.6455668030001,16.653262394,0
                98.6455770090001,16.6532257580001,0
                98.6455796270001,16.6531809690001,0
                98.6455777570001,16.6531430580001,0
                98.6455682820001,16.6531265450001,0
                98.6455430090001,16.653089241,0
                98.6455208670001,16.653069047,0
                98.645379082,16.6529820640001,0
                98.6453341490001,16.6529502220001,0
                98.645214443,16.652821025,0
                98.6451514280001,16.6527818220001,0
                98.645104141,16.65276871,0
                98.6450478300001,16.6527599250001,0
                98.6448146270001,16.6527671260001,0
                98.6447402520001,16.6527789460001,0
                98.64467491,16.6527810060001,0
                98.6446276360001,16.65275812,0
                98.644616419,16.65273204,0
                98.6446063770001,16.6526798950001,0
                98.6446064570001,16.6526364530001,0
                98.6446144210001,16.652594118,0
                98.6446629750001,16.6525333860001,0
                98.6447036500001,16.6524661280001,0
                98.644710488,16.6524237830001,0
                98.6447119250001,16.6522554590001,0
                98.6447065280001,16.6521273120001,0
                98.644709988,16.6520849610001,0
                98.6447179510001,16.652043706,0
                98.6448470010001,16.651702936,0
                98.6448775110001,16.6516530370001,0
                98.6449294210001,16.651602086,0
                98.6449655700001,16.6515511060001,0
                98.6450119510001,16.6514469360001,0
                98.6450177040001,16.6513796130001,0
                98.6450042920001,16.65132312,0
                98.644959471,16.65119164,0
                98.6449291280001,16.651150321,0
                98.6449010140001,16.651125297,0
                98.64474347,16.6510327180001,0
                98.64465219,16.65091792,0
                98.6446059450001,16.6508222350001,0
                98.6445579250001,16.650623669,0
                98.6445562810001,16.6505976070001,0
                98.644561432,16.650554454,0
                98.644614979,16.650383501,0
                98.6446268110001,16.6503652710001,0
                98.64464395,16.65035018,0
                98.644670589,16.650336026,0
                98.6446995960001,16.650325078,0
                98.6447742330001,16.65031284,0
                98.6448008560001,16.6503101390001,0
                98.6448702340001,16.6503143790001,0
                98.644976667,16.6503264720001,0
                98.6450987690001,16.650345918,0
                98.645179554,16.6503524730001,0
                98.6452256590001,16.6503493480001,0
                98.6452979270001,16.650332061,0
                98.6453335990001,16.650317919,0
                98.6454235240001,16.650260345,0
                98.6454592140001,16.6502370420001,0
                98.645484921,16.650212347,0
                98.6454977880001,16.6501922090001,0
                98.6455006750001,16.650175722,0
                98.6455059790001,16.6501317450001,0
                98.6455107800001,16.6501088530001,0
                98.645516973,16.650098783,0
                98.645528401,16.6500873520001,0
                98.645543145,16.650077755,0
                98.645557893,16.6500741140001,0
                98.6455768970001,16.6500746,0
                98.6456006510001,16.650079681,0
                98.6456305460001,16.650106303,0
                98.6456585350001,16.6501310950001,0
                98.6457073720001,16.6501953150001,0
                98.6457675560001,16.650288878,0
                98.6457908150001,16.650304039,0
                98.6458136100001,16.6503132390001,0
                98.6458459230001,16.650314672,0
                98.6458925000001,16.650314752,0
                98.645953809,16.650310732,0
                98.6459827960001,16.650313528,0
                98.6460008270001,16.6503291390001,0
                98.6460112510001,16.650347024,0
                98.6460145440001,16.650367186,0
                98.646003556,16.65039741,0
                98.645991124,16.6504390740001,0
                98.6459891700001,16.6504656440001,0
                98.645997218,16.6504839830001,0
                98.6460157160001,16.650504171,0
                98.6460285430001,16.650508314,0
                98.6460484980001,16.650510184,0
                98.6460770290001,16.650501987,0
                98.6461117540001,16.6504823490001,0
                98.6461312590001,16.65047322,0
                98.646143146,16.6504714050001,0
                98.646172124,16.650476037,0
                98.646189221,16.650483853,0
                98.6462010760001,16.650497617,0
                98.646211501,16.6505155030001,0
                98.6462304220001,16.6505645570001,0
                98.6462432230001,16.650578781,0
                98.6462660160001,16.650590272,0
                98.6463538940001,16.650614247,0
                98.6463823870001,16.650625287,0
                98.6464061300001,16.6506372440001,0
                98.64642179,16.6506482680001,0
                98.646441693,16.6506794490001,0
                98.6464823650001,16.650789935,0
                98.6464989710001,16.650805996,0
                98.6465198640001,16.6508138180001,0
                98.6465431550001,16.6508120280001,0
                98.6465617050001,16.6508038100001,0
                98.646603552,16.650791054,0
                98.6466287520001,16.650785603,0
                98.6466634450001,16.6507847450001,0
                98.6466893460001,16.6507865460001,0
                98.646729232,16.650804328,0
                98.6467532770001,16.650822082,0
                98.6467729120001,16.65082578,0
                98.646805596,16.650826345,0
                98.6468560970001,16.6507980580001,0
                98.6473849120001,16.6504495880001,0
                98.6474149140001,16.6504298200001,0
                98.647569156,16.65028714,0
                98.647668223,16.650171249,0
                98.6476885540001,16.650141348,0
                98.6476999970001,16.6501224310001,0
                98.64770637,16.650099228,0
                98.6477045090001,16.650079679,0
                98.647696339,16.6500417940001,0
                98.647672372,16.6499806640001,0
                98.6476616570001,16.6499507190001,0
                98.6476054130001,16.6498644910001,0
                98.6475902340001,16.649849192,0
                98.6475680790001,16.649835109,0
                98.6475548080001,16.649816145,0
                98.647545977,16.649793528,0
                98.6475428400001,16.649775807,0
                98.6475441530001,16.64975321,0
                98.6475549690001,16.6497281810001,0
                98.6476420490001,16.649582336,0
                98.6477214170001,16.6494951170001,0
                98.6478001180001,16.649426228,0
                98.6479378770001,16.6492877950001,0
                98.647974042,16.649261591,0
                98.6480064,16.6492384320001,0
                98.6480571320001,16.6492159160001,0
                98.6481528840001,16.6491800360001,0
                98.6484058990001,16.6490815110001,0
                98.6485295480001,16.649034686,0
                98.6485657000001,16.649015806,0
                98.648587278,16.648998131,0
                98.6486285560001,16.648949332,0
                98.6486482240001,16.6489322580001,0
                98.6486697890001,16.648921913,0
                98.6487027410001,16.6489201370001,0
                98.648872592,16.6489063720001,0
                98.6489011130001,16.648902757,0
                98.6489214000001,16.6488972930001,0
                98.6489486660001,16.6488881760001,0
                98.6489911780001,16.648857094,0
                98.6490241690001,16.648833934,0
                98.649089555,16.648768074,0
                98.6491067060001,16.6487473380001,0
                98.649169611,16.648650923,0
                98.6491797770001,16.6486393390001,0
                98.649190559,16.648632639,0
                98.6492108510001,16.64862351,0
                98.6492380890001,16.6486266090001,0
                98.649343802,16.64868726,0
                98.649389397,16.648703218,0
                98.649455903,16.6487186030001,0
                98.6494863190001,16.6487217110001,0
                98.6495135700001,16.6487180930001,0
                98.6495300550001,16.6487120090001,0
                98.6495414880001,16.6486985920001,0
                98.6495529300001,16.648678451,0
                98.6495612160001,16.6486491470001,0
                98.6495748500001,16.6484726310001,0
                98.6495799580001,16.6484500400001,0
                98.649594564,16.6484329580001,0
                98.6496186640001,16.6484201710001,0
                98.6496548090001,16.6484043500001,0
                98.6496960260001,16.648390373,0
                98.6497321630001,16.6483782170001,0
                98.6497695610001,16.6483733910001,0
                98.6497980780001,16.6483734390001,0
                98.649833555,16.648377162,0
                98.6498867650001,16.6483864160001,0
                98.6499330170001,16.6483907730001,0
                98.6499748410001,16.648390228,0
                98.650021758,16.648373817,0
                98.650087705,16.6483476610001,0
                98.6501695220001,16.6483093150001,0
                98.6502227890001,16.648284974,0
                98.650303309,16.6482606750001,0
                98.6503375560001,16.6482454600001,0
                98.650388971,16.648195458,0
                98.6504385680001,16.648100856,0
                98.6504874730001,16.648039247,0
                98.650521112,16.6480099770001,0
                98.650582027,16.647964265,0
                98.6506480030001,16.647921621,0
                98.6507063620001,16.647887505,0
                98.6507932540001,16.647842451,0
                98.6509290000001,16.647764491,0
                98.6509797520001,16.647730978,0
                98.651064799,16.6476553790001,0
                98.6511276580001,16.647587677,0
                98.6512177850001,16.647503525,0
                98.651326301,16.647415747,0
                98.651430985,16.6473426220001,0
                98.6514862070001,16.647290791,0
                98.6515478110001,16.6472169800001,0
                98.6515624420001,16.6471834120001,0
                98.6515758830001,16.6471089090001,0
                98.6515797820001,16.647054546,0
                98.6515823560001,16.647033171,0
                98.6515931490001,16.647020361,0
                98.6516115350001,16.6470173380001,0
                98.6516280160001,16.647016756,0
                98.6516425760001,16.6470222740001,0
                98.6516805250001,16.647062045,0
                98.6517210060001,16.6470999850001,0
                98.6517438010001,16.647110411,0
                98.6517773740001,16.647117797,0
                98.6518622770001,16.6471209910001,0
                98.6519136080001,16.647118026,0
                98.651953543,16.6471089340001,0
                98.6519890500001,16.6470967700001,0
                98.652044877,16.647063267,0
                98.6520892880001,16.6470291370001,0
                98.6521996580001,16.646965793,0
                98.6522954370001,16.646914033,0
                98.6523525090001,16.646890914,0
                98.6524019570001,16.646876949,0
                98.6524469610001,16.646869081,0
                98.6524957510001,16.6468703830001,0
                98.652514754,16.6468740830001,0
                98.6525755380001,16.6469010610001,0
                98.6525989660001,16.646909653,0
                98.6526268420001,16.646913361,0
                98.6526515570001,16.6469127930001,0
                98.6526756490001,16.646904281,0
                98.6526978570001,16.646889048,0
                98.652848937,16.6467384200001,0
                98.6528819800001,16.646687163,0
                98.6529157410001,16.6465882590001,0
                98.652923425,16.6465449070001,0
                98.6529234970001,16.646504583,0
                98.6529222760001,16.646477099,0
                98.6529140900001,16.6464502040001,0
                98.6528995420001,16.646434298,0
                98.652859682,16.6464012430001,0
                98.6527666170001,16.6463546640001,0
                98.6526678430001,16.6463123510001,0
                98.6526134160001,16.6462743820001,0
                98.652572294,16.6462413290001,0
                98.6525514260001,16.6462162500001,0
                98.652519183,16.646174047,0
                98.6525040510001,16.6461349260001,0
                98.6524971330001,16.646103764,0
                98.6524972060001,16.646062838,0
                98.6525284640001,16.645948047,0
                98.652561549,16.6458723540001,0
                98.652692716,16.645578594,0
                98.652725757,16.645538908,0
                98.6527604570001,16.6455055770001,0
                98.6527934600001,16.645496101,0
                98.652819832,16.645496145,0
                98.65284576,16.6455178350001,0
                98.652870793,16.6455868470001,0
                98.652897114,16.645621857,0
                98.6530025430001,16.645691981,0
                98.6531022980001,16.645726086,0
                98.653213511,16.6457511670001,0
                98.6533784280001,16.6457614010001,0
                98.653427374,16.64575524,0
                98.6535351580001,16.6457119630001,0
                98.6535615710001,16.6456960990001,0
                98.653862024,16.645523327,0
                98.6539960100001,16.645456451,0
                98.654114507,16.645431525,0
                98.6542167380001,16.6454316950001,0
                98.6542956430001,16.6454457900001,0
                98.6542959940001,16.645445979,0
                98.6543980210001,16.645501946,0
                98.6544967780001,16.6456070410001,0
                98.6545593320001,16.64566598,0
                98.6545972420001,16.645683526,0
                98.6546549390001,16.645688395,0
                98.6547489930001,16.645664701,0
                98.65481162,16.64564376,0
                98.6548287250001,16.6456448110001,0
                98.654871035,16.645663315,0
                98.654933558,16.645736549,0
                98.6549630910001,16.645822439,0
                98.654985239,16.6458565520001,0
                98.6550035490001,16.6458694880001,0
                98.6550569730001,16.645887772,0
                98.6551194310001,16.6458853070001,0
                98.6552125760001,16.6458660480001,0
                98.655293708,16.6458734780001,0
                98.655331275,16.645885316,0
                98.6555905700001,16.645981137,0
                98.6557083860001,16.646040419,0
                98.6557575030001,16.6460725540001,0
                98.655827732,16.6461489800001,0
                98.6559308800001,16.646265747,0
                98.656023072,16.6463506740001,0
                98.656189967,16.646467187,0
                98.6565560860001,16.646668452,0
                98.656736498,16.646748705,0
                98.6568985650001,16.646794576,0
                98.6570133290001,16.646797679,0
                98.6573847540001,16.6468390590001,0
                98.6576007520001,16.646822662,0
                98.6577382660001,16.6467610240001,0
                98.6578773860001,16.646656439,0
                98.6580304160001,16.6464899310001,0
                98.658089175,16.646425015,0
                98.6582271440001,16.646320673,0
                98.6583709130001,16.6462587340001,0
                98.6586759180001,16.6462026990001,0
                98.658945653,16.6461975,0
                98.659036514,16.646208949,0
                98.659138995,16.646279775,0
                98.659469894,16.6465036000001,0
                98.6595401390001,16.6465715480001,0
                98.6596015570001,16.646650784,0
                98.6597126220001,16.646848807,0
                98.6597535210001,16.6469251720001,0
                98.6598179120001,16.6469846310001,0
                98.659894072,16.6470271540001,0
                98.6601313260001,16.647149073,0
                98.6602514350001,16.6471973050001,0
                98.6603422490001,16.647248328,0
                98.6603978960001,16.6472766960001,0
                98.660465269,16.647310706,0
                98.660494483,16.6473616280001,0
                98.6605148630001,16.6474521170001,0
                98.6605117980001,16.6475199280001,0
                98.6605176020001,16.64755669,0
                98.6605322060001,16.6475934530001,0
                98.6605475850001,16.647627502,0
                98.6605660020001,16.647644095,0
                98.660622957,16.6476670750001,0
                98.6606874540001,16.6476700170001,0
                98.6607905550001,16.647662918,0
                98.6608358180001,16.6476829110001,0
                98.6608603650001,16.647701382,0
                98.6609470450001,16.647793633,0
                98.6609477260001,16.647794129,0
                98.661091636,16.6478996010001,0
                98.6612527230001,16.647978998,0
                98.6612907940001,16.6480129760001,0
                98.6613347250001,16.648041306,0
                98.661413752,16.648106451,0
                98.661478382,16.648160938,0
                98.6615393370001,16.6481857900001,0
                98.6616100470001,16.648185905,0
                98.6616644440001,16.648154823,0
                98.66172643,16.648103212,0
                98.6618277910001,16.6479581730001,0
                98.6618754080001,16.647875395,0
                98.662036189,16.6475959090001,0
                98.6620831910001,16.6475451090001,0
                98.662130172,16.6475112700001,0
                98.6621770660001,16.647514164,0
                98.6622209820001,16.647550992,0
                98.6623443650001,16.647768898,0
                98.6623562940001,16.647789964,0
                98.6624402790001,16.647879183,0
                98.6625457050001,16.6479528460001,0
                98.662601372,16.6479698950001,0
                98.662668791,16.647972827,0
                98.6627114520001,16.647965943,0
                98.6627637270001,16.647946446,0
                98.662813128,16.6479129470001,0
                98.662830177,16.6478939580001,0
                98.6629208130001,16.6477438480001,0
                98.6629722970001,16.647696191,0
                98.6629829010001,16.647680908,0
                98.6629940400001,16.647656457,0
                98.663011721,16.6476056110001,0
                98.6630241560001,16.6475691430001,0
                98.6630380400001,16.647547144,0
                98.6630395350001,16.6475447780001,0
                98.663148881,16.6474418350001,0
                98.663159357,16.6474336630001,0
                98.663170457,16.647427325,0
                98.6632473820001,16.6473834350001,0
                98.6632892430001,16.6473389920001,0
                98.6633620200001,16.6472161720001,0
                98.6634348210001,16.647080622,0
                98.6635560110001,16.6469281890001,0
                98.6636346010001,16.646838245,0
                98.6637667850001,16.6466943140001,0
                98.6638959350001,16.6466069090001,0
                98.6640368550001,16.646496905,0
                98.66425294,16.646282505,0
                98.664288039,16.6462476770001,0
                98.664509653,16.6460426470001,0
                98.6646113090001,16.6459706790001,0
                98.6647214210001,16.645939863,0
                98.6648005770001,16.645939991,0
                98.664875356,16.6459252870001,0
                98.6649369610001,16.645906295,0
                98.665022826,16.645847098,0
                98.6650712700001,16.645802648,0
                98.6651242350001,16.645692519,0
                98.6651375870001,16.6455971550001,0
                98.6651487270001,16.6455208570001,0
                98.6651619620001,16.64549121,0
                98.6651862150001,16.645457332,0
                98.665225815,16.645440438,0
                98.6652786070001,16.64542993,0
                98.6654546380001,16.6453517850001,0
                98.6655074330001,16.6453433880001,0
                98.6655624100001,16.645335,0
                98.6657208010001,16.6452949750001,0
                98.665848355,16.6452824680001,0
                98.665961425,16.645270527,0
                98.666022103,16.6452530600001,0
                98.6660570020001,16.645238708,0
                98.666083745,16.645212902,0
                98.6661035180001,16.6451914580001,0
                98.6661124170001,16.6451599370001,0
                98.66609937,16.645083619,0
                98.6660928370001,16.645041215,0
                98.666081993,16.6449564050001,0
                98.666082063,16.644916123,0
                98.6660909230001,16.644880104,0
                98.666123961,16.644839893,0
                98.6661534850001,16.644791556,0
                98.666161564,16.644721245,0
                98.6661616480001,16.644672483,0
                98.6661573110001,16.6446301,0
                98.6661507750001,16.644594038,0
                98.66615304,16.64456226,0
                98.6661596980001,16.644519872,0
                98.666225764,16.6444691030001,0
                98.666452758,16.644329079,0
                98.6664693850001,16.644315475,0
                98.6664921330001,16.644280872,0
                98.6665229970001,16.6442427740001,0
                98.666538448,16.6441982870001,0
                98.666553906,16.644162281,0
                98.666567178,16.6441114260001,0
                98.666595837,16.644077555,0
                98.666626663,16.644047936,0
                98.6666728430001,16.644043762,0
                98.6667255950001,16.644056575,0
                98.666789319,16.6440820940001,0
                98.6668508480001,16.6441034040001,0
                98.6668969280001,16.644156465,0
                98.6669210150001,16.644217978,0
                98.666942873,16.6442900750001,0
                98.666962616,16.644313432,0
                98.6670087540001,16.6443325770001,0
                98.6670593490001,16.644326316,0
                98.6671781050001,16.644311659,0
                98.6672462770001,16.6443138870001,0
                98.667327603,16.644326746,0
                98.667430859,16.6443735350001,0
                98.6675473400001,16.6444055260001,0
                98.6677166110001,16.6444333490001,0
                98.6678419260001,16.644444143,0
                98.6680002200001,16.644444397,0
                98.668107971,16.644440323,0
                98.668182775,16.644412889,0
                98.6682906410001,16.6443388810001,0
                98.6683698510001,16.644311456,0
                98.668427019,16.644311547,0
                98.6684842000001,16.6443095020001,0
                98.668541357,16.64431173,0
                98.6685897250001,16.6443118070001,0
                98.6686557150001,16.644301296,0
                98.6687019170001,16.644286547,0
                98.668763589,16.6442251760001,0
                98.6688429530001,16.6440981110001,0
                98.668878217,16.644049409,0
                98.6689643880001,16.643926102,0
                98.6690154890001,16.64382799,0
                98.6690410830001,16.6437502900001,0
                98.669060963,16.6437107730001,0
                98.6690935560001,16.6436780920001,0
                98.6691360240001,16.643660427,0
                98.6692039540001,16.643648264,0
                98.6692591560001,16.64363472,0
                98.6692884230001,16.6436146300001,0
                98.6693045040001,16.6435870510001,0
                98.66931307,16.6435420600001,0
                98.6693167060001,16.643514393,0
                98.6693167070001,16.643513834,0
                98.6693167540001,16.643486282,0
                98.669318575,16.643450516,0
                98.6693257150001,16.6434310450001,0
                98.6693388620001,16.643410003,0
                98.6694335390001,16.643340202,0
                98.6694665650001,16.6433063380001,0
                98.6695415250001,16.6431983430001,0
                98.6695900700001,16.643094574,0
                98.6696429710001,16.6430204600001,0
                98.669666367,16.643000617,0
                98.6697017450001,16.6429829320001,0
                98.6697969940001,16.6429571200001,0
                98.669873694,16.6429490150001,0
                98.6699116400001,16.6429397690001,0
                98.6699210190001,16.642937481,0
                98.6699315220001,16.6429310280001,0
                98.6699542000001,16.6429170870001,0
                98.6700192750001,16.642840876,0
                98.6700371040001,16.6428194530001,0
                98.6700627690001,16.642776774,0
                98.6700805880001,16.642726317,0
                98.670089423,16.6426946010001,0
                98.670096905,16.642667724,0
                98.670131391,16.6425879220001,0
                98.670343384,16.642315716,0
                98.670411658,16.642252238,0
                98.670517428,16.6421209850001,0
                98.6705449310001,16.642098348,0
                98.6705771860001,16.6420791910001,0
                98.670606782,16.6420689390001,0
                98.670662641,16.642063976,0
                98.670691231,16.6420576570001,0
                98.6707264650001,16.642030161,0
                98.6707463210001,16.641987795,0
                98.670759596,16.6419348270001,0
                98.670761939,16.6418606500001,0
                98.6707753380001,16.6417313640001,0
                98.6707732410001,16.6416762380001,0
                98.670758462,16.6416072420001,0
                98.6707272900001,16.641546879,0
                98.670672601,16.641383569,0
                98.6706660780001,16.641336917,0
                98.6706661540001,16.641292403,0
                98.6706663100001,16.641201263,0
                98.670666822,16.6411963890001,0
                98.6706763290001,16.6411374780001,0
                98.670698863,16.6410843460001,0
                98.670712714,16.64106567,0
                98.6707919790001,16.641004325,0
                98.670837115,16.6409609560001,0
                98.6708517860001,16.6409383430001,0
                98.6708735750001,16.640862441,0
                98.6708753250001,16.640818225,0
                98.6708692880001,16.640792484,0
                98.670825425,16.640724581,0
                98.6708079150001,16.6406757930001,0
                98.670810196,16.6406376470001,0
                98.670819039,16.640607995,0
                98.6708432710001,16.640574117,0
                98.6709577290001,16.640506465,0
                98.6711755520001,16.6404199020001,0
                98.6712693430001,16.6403899320001,0
                98.6713099680001,16.640366407,0
                98.671358216,16.64031844,0
                98.6713868680001,16.6402760870001,0
                98.6714155130001,16.640248581,0
                98.671437503,16.6402443850001,0
                98.6714946340001,16.640261433,0
                98.6715129660001,16.6402627250001,0
                98.671538377,16.640255731,0
                98.6715672320001,16.6402382250001,0
                98.6716245040001,16.6401832130001,0
                98.671756654,16.640045636,0
                98.6717897490001,16.639986332,0
                98.6718007910001,16.639950314,0
                98.671818451,16.639910065,0
                98.6718330310001,16.63989249,0
                98.6718779110001,16.6398592800001,0
                98.6719394990001,16.639848784,0
                98.6720132440001,16.639857525,0
                98.6720494050001,16.639863803,0
                98.6720783370001,16.6398645030001,0
                98.6720825290001,16.639863856,0
                98.6721018540001,16.639860857,0
                98.6721067460001,16.639858034,0
                98.6721138510001,16.6398489260001,0
                98.6721145170001,16.639844107,0
                98.6721088250001,16.639825746,0
                98.6720606600001,16.6397716170001,0
                98.672025068,16.639722556,0
                98.672018881,16.639704781,0
                98.6720145400001,16.639677201,0
                98.672010233,16.6396199760001,0
                98.6720021090001,16.639588395,0
                98.6719957660001,16.6395750670001,0
                98.6719937770001,16.6395729000001,0
                98.6719773520001,16.639566933,0
                98.6719465660001,16.639564767,0
                98.6719025900001,16.639566815,0
                98.6718649540001,16.639566711,0
                98.6718478600001,16.639566659,0
                98.6718330530001,16.6395605970001,0
                98.671822918,16.639550279,0
                98.671814704,16.6395327590001,0
                98.6718081820001,16.6394861200001,0
                98.6717999560001,16.639440457,0
                98.6717864120001,16.6393652580001,0
                98.671744919,16.6391934930001,0
                98.671638429,16.6389540230001,0
                98.6716113470001,16.638868971,0
                98.6716182120001,16.638843133,0
                98.6716334120001,16.638828726,0
                98.671652404,16.6388137910001,0
                98.6716796220001,16.638805474,0
                98.67194892,16.6388158230001,0
                98.672027261,16.638827253,0
                98.6720594220001,16.6388257510001,0
                98.672113993,16.6388232140001,0
                98.6721812520001,16.6387961470001,0
                98.6722165530001,16.6387554400001,0
                98.6722291400001,16.638683353,0
                98.6722465760001,16.638629033,0
                98.6722639810001,16.638593529,0
                98.672316085,16.638553895,0
                98.6723659770001,16.638539344,0
                98.6724180320001,16.638526884,0
                98.6724787470001,16.6385228020001,0
                98.6725698110001,16.638518764,0
                98.6726543730001,16.638516813,0
                98.6727107450001,16.6385148040001,0
                98.6727405280001,16.638512801,0
                98.672783855,16.638504579,0
                98.6728387260001,16.638477387,0
                98.672914716,16.638416894,0
                98.6729907330001,16.6383354910001,0
                98.6730411130001,16.638292871,0
                98.6730801420001,16.638265565,0
                98.6731460830001,16.638234637,0
                98.6732000330001,16.6382254970001,0
                98.673242423,16.638225113,0
                98.6733291230001,16.638239878,0
                98.6734179790001,16.638258831,0
                98.6734829530001,16.6382724760001,0
                98.6735480390001,16.6382736640001,0
                98.6736152610001,16.638267501,0
                98.673649949,16.6382675560001,0
                98.6736976270001,16.6382801670001,0
                98.6737257760001,16.638305299,0
                98.673743948,16.638324976,0
                98.6738166640001,16.6384036790001,0
                98.673855631,16.63843718,0
                98.6739054670001,16.6384560710001,0
                98.6739438610001,16.638458223,0
                98.6739921880001,16.638458299,0
                98.674059405,16.6384542210001,0
                98.674135301,16.63844807,0
                98.6741916660001,16.6384502500001,0
                98.6742393430001,16.6384628700001,0
                98.6743522840001,16.638504476,0
                98.67439318,16.638519548,0
                98.674551416,16.6385427820001,0
                98.6746619950001,16.6385387760001,0
                98.6747790780001,16.638534781,0
                98.6748788150001,16.638532845,0
                98.6749547040001,16.6385266940001,0
                98.675004588,16.6385205060001,0
                98.6750346370001,16.638513969,0
                98.675075383,16.63849392,0
                98.6751087370001,16.638470501,0
                98.6751478200001,16.638435031,0
                98.6751868710001,16.6384204620001,0
                98.6752075220001,16.638419164,0
                98.6752497140001,16.6384393660001,0
                98.6753166760001,16.6384777640001,0
                98.6753777580001,16.6384967700001,0
                98.6754415710001,16.6384980340001,0
                98.6757409240001,16.638368063,0
                98.6761041290001,16.6383488180001,0
                98.6761932080001,16.6383489570001,0
                98.6763293260001,16.638327066,0
                98.676439987,16.638289888,0
                98.6765133640001,16.638255513,0
                98.6765634450001,16.638217411,0
                98.6766435600001,16.638141078,0
                98.6767007490001,16.6380656870001,0
                98.6767533070001,16.637933377,0
                98.67677495,16.637852789,0
                98.6768056400001,16.637794765,0
                98.677147281,16.637385963,0
                98.677161288,16.6372076280001,0
                98.6771683580001,16.6370755190001,0
                98.677196043,16.63691041,0
                98.6772853090001,16.63679825,0
                98.6773539170001,16.6367455060001,0
                98.6774294290001,16.636666357,0
                98.6774775980001,16.6365409150001,0
                98.6775123130001,16.636270122,0
                98.6775194240001,16.636118196,0
                98.677505937,16.635986057,0
                98.6775061470001,16.635860542,0
                98.6775063790001,16.6357218150001,0
                98.677527201,16.6355633060001,0
                98.6775388040001,16.635515019,0
                98.6775616250001,16.6354642680001,0
                98.6776401590001,16.635400228,0
                98.6777809430001,16.635307411,0
                98.6778246270001,16.6352786040001,0
                98.677972401,16.6351635120001,0
                98.6781233040001,16.635102277,0
                98.6782245400001,16.635066205,0
                98.6782694190001,16.6350476590001,0
                98.6783026700001,16.635018947,0
                98.6783460990001,16.6349772070001,0
                98.678383753,16.6349326820001,0
                98.67843006,16.6348993080001,0
                98.67849082,16.6348659600001,0
                98.6785718080001,16.634838216,0
                98.678629286,16.634821807,0
                98.6786701220001,16.6348216480001,0
                98.6787394740001,16.6348356930001,0
                98.6788038890001,16.634847103,0
                98.6788551110001,16.6348330820001,0
                98.6789130050001,16.6347647740001,0
                98.678924668,16.6347272900001,0
                98.6789334470001,16.63466041,0
                98.678942254,16.6345796040001,0
                98.6789709540001,16.634512952,0
                98.6790291460001,16.634479415,0
                98.6791274510001,16.634465629,0
                98.6792026190001,16.6344601750001,0
                98.6792951310001,16.6344575300001,0
                98.6794020670001,16.634468843,0
                98.6794916440001,16.634491278,0
                98.6795407600001,16.6345052880001,0
                98.679599431,16.634523986,0
                98.679604951,16.6345411930001,0
                98.679605327,16.634579285,0
                98.6796036280001,16.63458847,0
                98.6795998630001,16.634595351,0
                98.679534748,16.6346880520001,0
                98.6795348150001,16.634704336,0
                98.6795349770001,16.6347439030001,0
                98.679516913,16.6347739450001,0
                98.6792352020001,16.6351515470001,0
                98.6792248630001,16.635178615,0
                98.679216839,16.6352208000001,0
                98.6792108110001,16.635248904,0
                98.6792087410001,16.6352646500001,0
                98.679212464,16.6352797340001,0
                98.6792203840001,16.6352902690001,0
                98.6794944640001,16.635570902,0
                98.679506674,16.6355808500001,0
                98.6795150290001,16.635584801,0
                98.679527476,16.6355887460001,0
                98.6795414100001,16.635589381,0
                98.6795532990001,16.6355879920001,0
                98.6795636580001,16.6355861980001,0
                98.679820519,16.6354262470001,0
                98.6798366230001,16.635419853,0
                98.6798535820001,16.635415343,0
                98.6798728830001,16.6354120620001,0
                98.679900977,16.6354114540001,0
                98.679956126,16.635413511,0
                98.680224239,16.635417557,0
                98.6802533960001,16.635418853,0
                98.680275484,16.635421977,0
                98.680289073,16.635425829,0
                98.6803037810001,16.6354321630001,0
                98.6803993,16.63547328,0
                98.6804340960001,16.635489439,0
                98.6804564670001,16.635495023,0
                98.6805545110001,16.63550501,0
                98.6806484580001,16.635505155,0
                98.6807465250001,16.6355013850001,0
                98.6808200570001,16.635505419,0
                98.6808330430001,16.635507408,0
                98.6808422650001,16.635510121,0
                98.6808546930001,16.635514061,0
                98.6808649700001,16.635517314,0
                98.6808750590001,16.635524235,0
                98.680881297,16.635529161,0
                98.6808891890001,16.635541215,0
                98.680893444,16.6355536240001,0
                98.680893477,16.63556856,0
                98.6808914040001,16.635586274,0
                98.6808714100001,16.6356555420001,0
                98.6808708490001,16.6356669840001,0
                98.6808728770001,16.6356768380001,0
                98.680879722,16.635689052,0
                98.6808921480001,16.635694444,0
                98.6809048040001,16.6356946070001,0
                98.6809146680001,16.6356930310001,0
                98.6809264760001,16.6356854050001,0
                98.680989373,16.6356415650001,0
                98.6810609390001,16.635594414,0
                98.681088301,16.635581275,0
                98.681105932,16.6355728240001,0
                98.6811312930001,16.6355647090001,0
                98.6811491180001,16.6355610520001,0
                98.6811739450001,16.635560905,0
                98.6811923390001,16.635562215,0
                98.681212654,16.6355630470001,0
                98.6812251970001,16.635560823,0
                98.6812370160001,16.635559664,0
                98.6812486430001,16.635557965,0
                98.6812600520001,16.6355557250001,0
                98.6812712670001,16.6355529590001,0
                98.681282299,16.635549665,0
                98.6812931090001,16.635545834,0
                98.681303729,16.635541473,0
                98.681314129,16.6355365690001,0
                98.681324358,16.635531142,0
                98.6813343630001,16.635525177,0
                98.6813649870001,16.635502875,0
                98.6813792510001,16.635493749,0
                98.6813932910001,16.635486702,0
                98.681400254,16.635483946,0
                98.6814071430001,16.6354817160001,0
                98.6814139860001,16.635479988,0
                98.681420781,16.6354787880001,0
                98.6814275130001,16.635478112,0
                98.681434192,16.6354779440001,0
                98.6814408280001,16.6354782970001,0
                98.68144741,16.635479155,0
                98.6814539540001,16.6354805400001,0
                98.681460417,16.63548245,0
                98.6814668470001,16.6354848620001,0
                98.6814732170001,16.6354878020001,0
                98.68147953,16.6354912460001,0
                98.6814858060001,16.6354952300001,0
                98.681498187,16.6355047270001,0
                98.6815058660001,16.6355120050001,0
                98.681513984,16.635521634,0
                98.6815209650001,16.6355314080001,0
                98.6815268180001,16.6355413630001,0
                98.6815315520001,16.6355514590001,0
                98.681535152,16.6355617340001,0
                98.6815376070001,16.635572149,0
                98.681538962,16.63558275,0
                98.6815391470001,16.6355934850001,0
                98.681538231,16.635604404,0
                98.6815361880001,16.635615466,0
                98.6815330050001,16.635626706,0
                98.6815227430001,16.635651549,0
                98.6815173050001,16.6356627500001,0
                98.6815109780001,16.635673732,0
                98.6815037420001,16.6356845170001,0
                98.6814921160001,16.6356949510001,0
                98.6814818140001,16.6356997390001,0
                98.6814555550001,16.6357032290001,0
                98.681397088,16.635698833,0
                98.6813579340001,16.6356974010001,0
                98.6813384330001,16.635696792,0
                98.6813283220001,16.635698061,0
                98.6813195840001,16.635698102,0
                98.6813112520001,16.635698866,0
                98.6813033000001,16.6357003540001,0
                98.6812957770001,16.6357025670001,0
                98.68128863,16.635705522,0
                98.6812818860001,16.6357091780001,0
                98.6812755610001,16.6357135810001,0
                98.6812578070001,16.6357343280001,0
                98.681252122,16.6357450240001,0
                98.6812484330001,16.635755197,0
                98.6812469000001,16.635762949,0
                98.681246591,16.635767651,0
                98.6812467770001,16.6357722060001,0
                98.6812474370001,16.635776634,0
                98.6812486110001,16.6357809410001,0
                98.6812502780001,16.6357851010001,0
                98.6812524430001,16.635789157,0
                98.681255101,16.6357930620001,0
                98.6812596510001,16.635798331,0
                98.6812678350001,16.6358054140001,0
                98.6812780060001,16.635811989,0
                98.6812901470001,16.635818048,0
                98.6813042590001,16.635823585,0
                98.6813523810001,16.6358375090001,0
                98.681385462,16.635846671,0
                98.6814246380001,16.6358556820001,0
                98.6814452410001,16.6358605360001,0
                98.6814649770001,16.6358664810001,0
                98.681483814,16.6358735260001,0
                98.681501768,16.6358816700001,0
                98.6815188520001,16.6358909,0
                98.6815350400001,16.635901228,0
                98.6815503600001,16.6359126410001,0
                98.6815647800001,16.635925161,0
                98.6815783360001,16.6359387750001,0
                98.681590987,16.635953477,0
                98.6815967140001,16.635961131,0
                98.6816062520001,16.635975264,0
                98.6816145770001,16.6359895960001,0
                98.6816216770001,16.63600409,0
                98.681627543,16.63601878,0
                98.681632188,16.636033647,0
                98.6816356160001,16.6360486950001,0
                98.681637804,16.6360639230001,0
                98.681638788,16.6360793470001,0
                98.6816385400001,16.636094929,0
                98.6816370500001,16.636110709,0
                98.6816304330001,16.636142808,0
                98.681626399,16.6361558570001,0
                98.6816261530001,16.6361569260001,0
                98.6816245960001,16.6361670260001,0
                98.681623927,16.6361768400001,0
                98.6816240970001,16.6361863540001,0
                98.6816251530001,16.6361955740001,0
                98.681627087,16.636204509,0
                98.6816298860001,16.6362131560001,0
                98.6816335450001,16.6362214960001,0
                98.681638073,16.6362295650001,0
                98.6816434790001,16.6362373320001,0
                98.681649769,16.636244789,0
                98.6816632520001,16.6362574990001,0
                98.6817069450001,16.6362923360001,0
                98.6817181630001,16.6363001990001,0
                98.6817281830001,16.6363084380001,0
                98.681737022,16.6363170590001,0
                98.6817446570001,16.636326039,0
                98.681751132,16.636335377,0
                98.6817564020001,16.636345078,0
                98.6817604930001,16.6363551530001,0
                98.6817634010001,16.6363656070001,0
                98.6817651100001,16.6363764220001,0
                98.681765651,16.6363875930001,0
                98.6817639650001,16.6364003910001,0
                98.6817599650001,16.6364144890001,0
                98.6817580960001,16.6364216640001,0
                98.6817554570001,16.636428801,0
                98.6817536660001,16.6364358880001,0
                98.6817527330001,16.636442935,0
                98.681752648,16.6364499150001,0
                98.681753449,16.6364568380001,0
                98.681755061,16.636463733,0
                98.6817575650001,16.63647057,0
                98.681760889,16.636477336,0
                98.6817650990001,16.6364840700001,0
                98.6817701510001,16.636490746,0
                98.6817762190001,16.636496541,0
                98.6817886160001,16.636505963,0
                98.6818005630001,16.6365166470001,0
                98.68180985,16.6365269300001,0
                98.68182046,16.6365401790001,0
                98.6818301900001,16.6365538650001,0
                98.6818398630001,16.6365677260001,0
                98.6818513850001,16.636584053,0
                98.6818634990001,16.6365983200001,0
                98.68187241,16.636605962,0
                98.6818833670001,16.6366134630001,0
                98.6818947260001,16.636620243,0
                98.6819064740001,16.6366263,0
                98.681918636,16.6366316350001,0
                98.681931191,16.636636244,0
                98.6819441420001,16.636640114,0
                98.681957508,16.63664326,0
                98.6819712720001,16.636645688,0
                98.6819854440001,16.6366473890001,0
                98.6819970540001,16.636648221,0
                98.6820638020001,16.636657671,0
                98.6821015930001,16.636664562,0
                98.6821215100001,16.636668157,0
                98.6821438260001,16.636674354,0
                98.6821662510001,16.6366800120001,0
                98.6821887420001,16.636685094,0
                98.6822113520001,16.63668963,0
                98.682234018,16.6366936200001,0
                98.6822568000001,16.6366970560001,0
                98.6822796550001,16.6366999300001,0
                98.6823026050001,16.636702261,0
                98.6823256500001,16.63670403,0
                98.6823487890001,16.6367052580001,0
                98.6823726410001,16.636706111,0
                98.6824049520001,16.636707679,0
                98.682469924,16.6367123530001,0
                98.6825408280001,16.636715877,0
                98.6826112850001,16.6367138850001,0
                98.6826237390001,16.6367129500001,0
                98.68263833,16.6367117200001,0
                98.682644612,16.63671141,0
                98.6826506340001,16.636711668,0
                98.6826563390001,16.6367125300001,0
                98.6826617560001,16.6367139810001,0
                98.6826668850001,16.636716017,0
                98.6826717200001,16.6367186460001,0
                98.68267625,16.6367218510001,0
                98.682680502,16.636725654,0
                98.6826844510001,16.6367300540001,0
                98.6826881210001,16.6367350310001,0
                98.6826915030001,16.636740606,0
                98.682694229,16.6367471720001,0
                98.6826967540001,16.6367537940001,0
                98.682699266,16.636764213,0
                98.6827008430001,16.6367745360001,0
                98.6827014460001,16.636784735,0
                98.6827010740001,16.6367948590001,0
                98.6826997640001,16.6368048520001,0
                98.6826974790001,16.636814778,0
                98.6826942180001,16.636824571,0
                98.6826900010001,16.6368342760001,0
                98.682684829,16.636843883,0
                98.6826702160001,16.636867925,0
                98.682665619,16.636881714,0
                98.6826619180001,16.6368957190001,0
                98.68265912,16.6369099630001,0
                98.6826572190001,16.6369244210001,0
                98.6826562410001,16.636939119,0
                98.6826543720001,16.636968477,0
                98.682657056,16.6369903020001,0
                98.6826641050001,16.6370032570001,0
                98.682671757,16.6370146030001,0
                98.6826800300001,16.637024362,0
                98.6826889430001,16.637032531,0
                98.6826984570001,16.63703909,0
                98.6827085950001,16.637044056,0
                98.682719374,16.637047437,0
                98.682730754,16.6370492090001,0
                98.6827427760001,16.637049394,0
                98.6827686440001,16.6370449660001,0
                98.6827825330001,16.6370403560001,0
                98.6828135650001,16.6370289600001,0
                98.682824581,16.637023953,0
                98.68283532,16.6370200260001,0
                98.6828457820001,16.6370172060001,0
                98.6828559530001,16.6370154480001,0
                98.682865856,16.637014794,0
                98.6828754970001,16.6370152050001,0
                98.682884829,16.6370167200001,0
                98.6828939040001,16.63701932,0
                98.6829027160001,16.6370230050001,0
                98.682911216,16.6370277710001,0
                98.6829194580001,16.637033624,0
                98.6831050220001,16.637162237,0
                98.6832043060001,16.6372487890001,0
                98.683258832,16.6373015390001,0
                98.6832926930001,16.6373403380001,0
                98.6832965850001,16.637344808,0
                98.6833524740001,16.637427243,0
                98.683404184,16.637488067,0
                98.6834279430001,16.637511063,0
                98.6834385750001,16.6375243360001,0
                98.6834478160001,16.637538523,0
                98.6834561900001,16.6375530010001,0
                98.683463723,16.637567765,0
                98.683470378,16.637582782,0
                98.6834761630001,16.637598101,0
                98.6834810890001,16.637613678,0
                98.6834851550001,16.6376295580001,0
                98.683488352,16.6376456890001,0
                98.6834906890001,16.637662108,0
                98.6834921430001,16.637678818,0
                98.6834927500001,16.637695794,0
                98.6834926160001,16.637709586,0
                98.6834936710001,16.6377192090001,0
                98.6834925260001,16.6377300560001,0
                98.683492173,16.6377406130001,0
                98.6834925840001,16.6377509000001,0
                98.6834937680001,16.6377609190001,0
                98.6834957400001,16.637770663,0
                98.6834984880001,16.637780145,0
                98.6835019920001,16.6377893320001,0
                98.683506272,16.6377982720001,0
                98.6835113380001,16.637806922,0
                98.683517157,16.6378153000001,0
                98.6835237660001,16.6378234090001,0
                98.6835422520001,16.6378393310001,0
                98.6835736660001,16.637858669,0
                98.6835852900001,16.6378615400001,0
                98.6835968,16.637863641,0
                98.683608221,16.6378649220001,0
                98.6836195490001,16.6378654060001,0
                98.6836307600001,16.6378651040001,0
                98.6836418840001,16.6378639820001,0
                98.683652914,16.6378620780001,0
                98.6836638540001,16.6378593650001,0
                98.6836746810001,16.6378558590001,0
                98.683685412,16.637851534,0
                98.6836960530001,16.6378464360001,0
                98.683714959,16.6378352190001,0
                98.6837443270001,16.637823726,0
                98.6837647040001,16.6378159270001,0
                98.683784969,16.6378097050001,0
                98.6838051230001,16.6378050700001,0
                98.6838251710001,16.63780201,0
                98.6838451090001,16.6378005220001,0
                98.683864945,16.637800623,0
                98.6838846730001,16.637802301,0
                98.6839043020001,16.6378055650001,0
                98.6839238260001,16.637810422,0
                98.683943217,16.637816834,0
                98.6839625260001,16.637824836,0
                98.683981707,16.637834432,0
                98.684026782,16.6378630090001,0
                98.6841347170001,16.637913833,0
                98.684232433,16.6379551840001,0
                98.684244198,16.6379619460001,0
                98.684256131,16.637968057,0
                98.684268258,16.6379735200001,0
                98.6842805360001,16.6379783300001,0
                98.6842930000001,16.6379825080001,0
                98.6843056320001,16.6379860330001,0
                98.6843184370001,16.6379888870001,0
                98.684331409,16.6379911330001,0
                98.6843445750001,16.637992706,0
                98.684357886,16.6379936320001,0
                98.6843713860001,16.637993926,0
                98.684385057,16.6379935680001,0
                98.6843992830001,16.637990191,0
                98.6844455120001,16.6379872200001,0
                98.6844906790001,16.6379822270001,0
                98.684513952,16.6379805760001,0
                98.6845883780001,16.6379752880001,0
                98.684688184,16.6379632910001,0
                98.684739935,16.637958543,0
                98.684753308,16.6379578040001,0
                98.684766155,16.637956268,0
                98.6847784770001,16.6379539380001,0
                98.6847902600001,16.637950807,0
                98.684801538,16.6379468860001,0
                98.684812277,16.63794218,0
                98.6848224660001,16.637936666,0
                98.6848321580001,16.6379303690001,0
                98.6848412960001,16.6379232790001,0
                98.6848499170001,16.637915391,0
                98.6848597460001,16.637902443,0
                98.6849732050001,16.637697885,0
                98.6850506820001,16.6375879820001,0
                98.685078117,16.6375490610001,0
                98.6851398480001,16.637511998,0
                98.6852015370001,16.6375009450001,0
                98.6853479970001,16.637504881,0
                98.6854131840001,16.6375199510001,0
                98.6854425100001,16.6375400270001,0
                98.6854904580001,16.637597995,0
                98.685525049,16.637657501,0
                98.6855385000001,16.637667009,0
                98.685579239,16.637702506,0
                98.6856251470001,16.637728254,0
                98.6857561480001,16.6377581790001,0
                98.6859334490001,16.6377584470001,0
                98.6860529350001,16.637758628,0
                98.6862378760001,16.6377997810001,0
                98.6863881730001,16.6378148740001,0
                98.6865115150001,16.63781506,0
                98.6865954790001,16.637812941,0
                98.6867929490001,16.6377746110001,0
                98.6869338560001,16.6377214680001,0
                98.687052624,16.637638639,0
                98.68707435,16.637609406,0
                98.6870787540001,16.6375676120001,0
                98.6870636400001,16.637529966,0
                98.687016009,16.6374901780001,0
                98.686860772,16.6373263290001,0
                98.686836392,16.637282983,0
                98.6868064610001,16.637171229,0
                98.6868063220001,16.63710945,0
                98.6868085940001,16.637044657,0
                98.6868219280001,16.6369914960001,0
                98.6868588560001,16.6369497490001,0
                98.6869565150001,16.636891371,0
                98.6871603180001,16.6368132960001,0
                98.687301425,16.6367769290001,0
                98.687338303,16.636762354,0
                98.6873730200001,16.636745687,0
                98.6874034200001,16.6367164710001,0
                98.6874273080001,16.6366935130001,0
                98.687438242,16.636635002,0
                98.6875474140001,16.6355058300001,0
                98.687585293,16.635408904,0
                98.6877701060001,16.635119757,0
                98.6878258260001,16.6350847480001,0
                98.687917901,16.635078698,0
                98.6881101210001,16.6351075040001,0
                98.6881405080001,16.635112056,0
                98.6883781080001,16.635145439,0
                98.688453011,16.635164128,0
                98.688538598,16.635197283,0
                98.6886220210001,16.6352448810001,0
                98.6888624570001,16.635445458,0
                98.6889757320001,16.6355055710001,0
                98.6894412360001,16.635779314,0
                98.6895855750001,16.6358580260001,0
                98.690046491,16.6361387000001,0
                98.6903887380001,16.636335295,0
                98.6906155390001,16.636426456,0
                98.6907557490001,16.6364682980001,0
                98.691422393,16.6366196160001,0
                98.6916683470001,16.636685641,0
                98.6921414700001,16.636812643,0
                98.6922313160001,16.6368602490001,0
                98.6923468470001,16.6369564390001,0
                98.6927743400001,16.6373605630001,0
                98.69296031,16.637548671,0
                98.693098617,16.637721689,0
                98.6932658570001,16.6379392380001,0
                98.693442985,16.638300714,0
                98.6936672,16.638674645,0
                98.693853324,16.6388941660001,0
                98.693900167,16.6389309320001,0
                98.6940627500001,16.6390178670001,0
                98.6943602700001,16.63907197,0
                98.694557774,16.6390742900001,0
                98.694835605,16.6390561540001,0
                98.6951348380001,16.638984082,0
                98.6954176290001,16.6388707450001,0
                98.69569103,16.6386974160001,0
                98.6961619830001,16.6383922580001,0
                98.6964623370001,16.637999694,0
                98.6971394220001,16.6369289520001,0
                98.6972722070001,16.636763049,0
                98.6976042630001,16.636487733,0
                98.6984437840001,16.6360370670001,0
                98.7021302300001,16.635023232,0
                98.703693522,16.6345930520001,0
                98.7048922640001,16.634380897,0
                98.705855381,16.634324238,0
                98.706411755,16.6343306700001,0
                98.7067107450001,16.634371135,0
                98.7086631970001,16.6350707230001,0
                98.708733452,16.6350893540001,0
                98.7090099280001,16.635162661,0
                98.709298726,16.6351794440001,0
                98.7096597720001,16.635170395,0
                98.7101355620001,16.6351164640001,0
                98.7103059230001,16.6351154280001,0
                98.71032604,16.6351187560001,0
                98.710497892,16.635193406,0
                98.710961883,16.6354561210001,0
                98.71173128,16.6359922460001,0
                98.712565586,16.636439438,0
                98.7131799650001,16.6367367820001,0
                98.71348557,16.63687916,0
                98.7141465650001,16.637286488,0
                98.7145366820001,16.6374711240001,0
                98.7149584030001,16.637596434,0
                98.71611776,16.6377156940001,0
                98.7175874970001,16.637853584,0
                98.717827948,16.637867353,0
                98.7194797270001,16.638244399,0
                98.7204717820001,16.638440315,0
                98.7206674240001,16.6384789520001,0
                98.7209391520001,16.63847408,0
                98.7216742640001,16.638460896,0
                98.721847321,16.638481482,0
                98.7219762220001,16.6385195350001,0
                98.7223183140001,16.638675295,0
                98.7224531470001,16.638705724,0
                98.7226002230001,16.638675672,0
                98.722739764,16.638604147,0
                98.722910674,16.638516539,0
                98.723394318,16.6381153040001,0
                98.723568356,16.638004197,0
                98.7240444160001,16.637764599,0
                98.724350374,16.637666729,0
                98.72468424,16.637605321,0
                98.7258204870001,16.6375995990001,0
                98.7261015110001,16.6375999700001,0
                98.7272962920001,16.6376872270001,0
                98.728576145,16.6379230650001,0
                98.7298764350001,16.6381323480001,0
                98.730398048,16.6381878920001,0
                98.7312475100001,16.6382108340001,0
                98.7318818030001,16.6382116550001,0
                98.7323009620001,16.6381576000001,0
                98.732969337,16.6380820210001,0
                98.7333477780001,16.6379781380001,0
                98.7335159560001,16.6378916950001,0
                98.7339302,16.6375546840001,0
                98.7341786160001,16.6374506710001,0
                98.7343633850001,16.637405793,0
                98.7352793530001,16.637451648,0
                98.735765573,16.6374522680001,0
                98.7359830820001,16.637452545,0
                98.7380445140001,16.637455156,0
                98.7382402050001,16.637483479,0
                98.739947009,16.637730536,0
                98.7417031890001,16.6379370290001,0
                98.7422165500001,16.6380317250001,0
                98.7498374090001,16.639880675,0
                98.7498663520001,16.6398195460001,0
                98.7498736160001,16.639799668,0
                98.7498758140001,16.639785026,0
                98.74987681,16.6397666350001,0
                98.7498769250001,16.6397644520001,0
                98.7498682920001,16.6397393300001,0
                98.749828058,16.639687085,0
                98.7498016530001,16.63965912,0
                98.7497374970001,16.639600773,0
                98.749692215,16.6395509270001,0
                98.7496721130001,16.6395205640001,0
                98.749655798,16.6394792520001,0
                98.7496396130001,16.6393323360001,0
                98.7496396750001,16.639284984,0
                98.749633417,16.6392546210001,0
                98.749624634,16.63923033,0
                98.7495743570001,16.6391537750001,0
                98.749545433,16.6391148870001,0
                98.7495215690001,16.639067508,0
                98.7494588150001,16.6388974490001,0
                98.7494424960001,16.6388537300001,0
                98.7494337370001,16.638811215,0
                98.749436329,16.6387650780001,0
                98.749450229,16.6387177440001,0
                98.749462882,16.638680118,0
                98.7494679750001,16.638642501,0
                98.7494667550001,16.6385999930001,0
                98.7494554660001,16.6385696240001,0
                98.7494315870001,16.6385319720001,0
                98.7493762890001,16.6384408390001,0
                98.7493348070001,16.63838129,0
                98.749320981,16.6383557790001,0
                98.749309731,16.638299917,0
                98.749311031,16.63826349,0
                98.749318643,16.638222222,0
                98.749335063,16.638184602,0
                98.7493553140001,16.638117858,0
                98.7493730560001,16.6380304630001,0
                98.7493756210001,16.63798675,0
                98.749371899,16.6379503160001,0
                98.7493643820001,16.6379223910001,0
                98.7493505610001,16.6378908080001,0
                98.749337988,16.637867725,0
                98.7493355160001,16.6378361540001,0
                98.749344378,16.6377985240001,0
                98.7493570130001,16.637774257,0
                98.7493797240001,16.63774514,0
                98.7494074750001,16.6377038970001,0
                98.7494403110001,16.637634728,0
                98.7494504200001,16.637604385,0
                98.7494580300001,16.63756433,0
                98.7494580630001,16.6375388380001,0
                98.7494631380001,16.637515776,0
                98.7494744860001,16.6374987950001,0
                98.7494921300001,16.6374903190001,0
                98.749514801,16.637487903,0
                98.7495928660001,16.637507435,0
                98.7496117530001,16.6375062450001,0
                98.749638211,16.6374941290001,0
                98.749772503,16.637365598,0
                98.7500062130001,16.6371311360001,0
                98.750066754,16.6370697030001,0
                98.7500987020001,16.6370324960001,0
                98.7501862270001,16.6368739710001,0
                98.7502047790001,16.6368092330001,0
                98.750211558,16.6367590510001,0
                98.7502116080001,16.636720198,0
                98.7502032610001,16.6366780990001,0
                98.7501814920001,16.6366327480001,0
                98.750106105,16.636503153,0
                98.7499737380001,16.636287684,0
                98.7499134070001,16.6361856240001,0
                98.7498899880001,16.6361289330001,0
                98.7498816570001,16.636070654,0
                98.749886776,16.6359994260001,0
                98.749913791,16.6358893720001,0
                98.7499441050001,16.6358262750001,0
                98.7499726980001,16.6357874560001,0
                98.750001275,16.6357616,0
                98.750031532,16.635738965,0
                98.750063449,16.635726059,0
                98.7500903480001,16.635706655,0
                98.7502584900001,16.6355336550001,0
                98.750313991,16.635470588,0
                98.750345951,16.635423674,0
                98.7503644660001,16.6353880790001,0
                98.7503762870001,16.635339532,0
                98.750374686,16.635271532,0
                98.750361329,16.6352180910001,0
                98.7503462800001,16.63516951,0
                98.7503345590001,16.6351371170001,0
                98.7503127840001,16.635096628,0
                98.7502876520001,16.635054509,0
                98.750260854,16.6349994240001,0
                98.75024246,16.634936268,0
                98.7502359520001,16.6347776120001,0
                98.750236025,16.6347209690001,0
                98.7502528950001,16.6346691730001,0
                98.7502747610001,16.6346433090001,0
                98.7502966110001,16.6346239010001,0
                98.750321811,16.634612593,0
                98.7503570740001,16.6346077910001,0
                98.7504578200001,16.634604676,0
                98.7505182930001,16.634595022,0
                98.7505686840001,16.6345789000001,0
                98.7507467390001,16.634527317,0
                98.750797123,16.6345176680001,0
                98.7508525420001,16.6345144810001,0
                98.7509012450001,16.6345145390001,0
                98.7509499380001,16.634521089,0
                98.7509851840001,16.6345292120001,0
                98.7510153910001,16.6345470580001,0
                98.7510589920001,16.6345908270001,0
                98.7511193460001,16.634658895,0
                98.7511529080001,16.634681589,0
                98.751186482,16.6346881010001,0
                98.7512099800001,16.634688129,0
                98.7512351760001,16.6346800790001,0
                98.751258723,16.634655809,0
                98.751278901,16.634628315,0
                98.7513460530001,16.6344265920001,0
                98.7513730480001,16.634331651,0
                98.7514022350001,16.6342690770001,0
                98.75144263,16.6341957390001,0
                98.751480771,16.63412457,0
                98.751525691,16.634018859,0
                98.7515504520001,16.633910954,0
                98.751564015,16.6338203180001,0
                98.75156859,16.6337339930001,0
                98.751568681,16.63366276,0
                98.7515487320001,16.633513796,0
                98.7515377000001,16.6333864310001,0
                98.7515468000001,16.6332699000001,0
                98.7515625610001,16.6332051570001,0
                98.751607484,16.633092974,0
                98.7516411820001,16.633006665,0
                98.7516569540001,16.632918203,0
                98.751670506,16.632836191,0
                98.7516822840001,16.632601478,0
                98.7516823820001,16.632525382,0
                98.7516757430001,16.6324541390001,0
                98.7516590500001,16.6323829040001,0
                98.751617185,16.6323019120001,0
                98.7515886960001,16.6322452160001,0
                98.7515652530001,16.632206334,0
                98.75153842,16.632172295,0
                98.7514981800001,16.6321253130001,0
                98.751369083,16.631981081,0
                98.7511612000001,16.631723433,0
                98.7510538960001,16.631592174,0
                98.750983487,16.6314998120001,0
                98.7509415950001,16.631438254,0
                98.7509063910001,16.6313993590001,0
                98.7508627760001,16.6313669260001,0
                98.7508124410001,16.631324776,0
                98.750768824,16.6312939700001,0
                98.750723527,16.631274481,0
                98.750688272,16.6312566290001,0
                98.7506631250001,16.631227473,0
                98.7506363350001,16.631177252,0
                98.750622944,16.6311351470001,0
                98.7505992650001,16.6310611910001,0
                98.750565769,16.630987766,0
                98.7505389890001,16.6309316150001,0
                98.7505121760001,16.630884087,0
                98.750492078,16.6308365850001,0
                98.7504764990001,16.630778277,0
                98.7504720860001,16.6307221550001,0
                98.750478893,16.630648777,0
                98.7504968900001,16.630581885,0
                98.7505149240001,16.630484785,0
                98.7505083080001,16.63040922,0
                98.7503674210001,16.630156879,0
                98.7503330900001,16.6300627140001,0
                98.7503274890001,16.629951975,0
                98.7503908790001,16.6297804160001,0
                98.750477436,16.629459394,0
                98.7506389360001,16.628917002,0
                98.750690928,16.6286789870001,0
                98.7507146780001,16.6280755220001,0
                98.7507086100001,16.6279860810001,0
                98.7506437980001,16.627792592,0
                98.7504857330001,16.627482829,0
                98.750262288,16.627083928,0
                98.7502432490001,16.627000228,0
                98.750176631,16.626707331,0
                98.7502058700001,16.626303192,0
                98.750228984,16.626192487,0
                98.7502865450001,16.6260873640001,0
                98.750579933,16.625689079,0
                98.750782755,16.6253542800001,0
                98.7510429260001,16.624914199,0
                98.7510644870001,16.6248777280001,0
                98.7510666250001,16.6248667560001,0
                98.7511461970001,16.62445752,0
                98.751227671,16.624206143,0
                98.7513340890001,16.6240254430001,0
                98.751374658,16.623918302,0
                98.7514437400001,16.623722677,0
                98.7515024310001,16.623589081,0
                98.7515684640001,16.623508117,0
                98.7516092210001,16.623458145,0
                98.7519980530001,16.6232339420001,0
                98.7525431610001,16.622914114,0
                98.7527140820001,16.622851871,0
                98.7528575540001,16.6228367960001,0
                98.7529419290001,16.622827928,0
                98.753607501,16.622871982,0
                98.754120539,16.622785322,0
                98.754593437,16.6226307310001,0
                98.7547947580001,16.6224952170001,0
                98.7550364780001,16.6222239910001,0
                98.7551876960001,16.621942963,0
                98.7553794140001,16.621448657,0
                98.755732165,16.6208575700001,0
                98.7559739370001,16.620547554,0
                98.7562559940001,16.620189108,0
                98.7565279920001,16.619830646,0
                98.7570413490001,16.6194821610001,0
                98.7589545930001,16.618363318,0
                98.7559999520001,16.615973706,0
                98.7536782400001,16.614084808,0
                98.7528986040001,16.6133931730001,0
                98.751991,16.612443657,0
                98.7508806320001,16.6112052330001,0
                98.7506731330001,16.6109154800001,0
                98.7492704140001,16.6084286660001,0
                98.7465846030001,16.6038068840001,0
                98.745891166,16.602822148,0
                98.7449124610001,16.6016065220001,0
                98.7438575090001,16.600559129,0
                98.7415040450001,16.598683432,0
                98.739415062,16.596880083,0
                98.738447626,16.596041519,0
                98.737868222,16.595704961,0
                98.737227014,16.59551859,0
                98.736645013,16.5953629270001,0
                98.7354596050001,16.5951842960001,0
                98.7341230590001,16.594953332,0
                98.7333946520001,16.59468293,0
                98.7329634610001,16.5944372650001,0
                98.732538628,16.594125628,0
                98.732199247,16.593800838,0
                98.7315601700001,16.5929253630001,0
                98.731184113,16.5922370860001,0
                98.7308181880001,16.591355826,0
                98.730398908,16.5899908760001,0
                98.7298408550001,16.5891286990001,0
                98.7291480470001,16.5884681110001,0
                98.7288137050001,16.5882239750001,0
                98.7283441370001,16.5879177,0
                98.7277600930001,16.5876270850001,0
                98.727300819,16.5874886390001,0
                98.7268353210001,16.587393734,0
                98.726174084,16.587367359,0
                98.7250051390001,16.587398023,0
                98.7245208300001,16.587429591,0
                98.7239416090001,16.587601674,0
                98.723270788,16.5880136860001,0
                98.7231999310001,16.5881191770001,0
                98.723112997,16.5882901750001,0
                98.723106004,16.588319197,0
                98.7230664800001,16.5884909920001,0
                98.723052222,16.5886873270001,0
                98.7230358290001,16.588818894,0
                98.7229778760001,16.588961673,0
                98.722873345,16.5891624020001,0
                98.722727305,16.5893585310001,0
                98.7225604280001,16.5895480730001,0
                98.722497833,16.589603746,0
                98.722379688,16.589681716,0
                98.7221776370001,16.589759934,0
                98.7214721130001,16.590033041,0
                98.721228995,16.5901287240001,0
                98.7209742490001,16.5902198840001,0
                98.7208076300001,16.590253089,0
                98.7206710870001,16.590281938,0
                98.7205483450001,16.5902973940001,0
                98.7203724650001,16.590310532,0
                98.7202659530001,16.59033264,0
                98.7200252580001,16.590370266,0
                98.7196873700001,16.590392138,0
                98.7194274070001,16.5904082270001,0
                98.7191218340001,16.5903714890001,0
                98.7188229550001,16.5902604550001,0
                98.718582466,16.590153899,0
                98.7183734260001,16.5900776770001,0
                98.7182543690001,16.590016787,0
                98.7181757150001,16.589951662,0
                98.7180723710001,16.5898539190001,0
                98.717939878,16.5897388390001,0
                98.7177916480001,16.589643181,0
                98.717571379,16.5895518340001,0
                98.7173735680001,16.5894864790001,0
                98.717184794,16.589416909,0
                98.717016239,16.589332067,0
                98.716850015,16.58922768,0
                98.7166118410001,16.589015191,0
                98.7165041120001,16.588895452,0
                98.7163043300001,16.588665384,0
                98.7161831110001,16.588530701,0
                98.7160484230001,16.588393926,0
                98.7158214870001,16.588241838,0
                98.7156040470001,16.588108936,0
                98.715565337,16.588085275,0
                98.7154193210001,16.588000585,0
                98.7150283220001,16.5877933960001,0
                98.714653463,16.58760131,0
                98.714344639,16.5874945,0
                98.7140505190001,16.5873876810001,0
                98.7137784930001,16.5873234000001,0
                98.713543036,16.587301828,0
                98.7133223750001,16.5872944830001,0
                98.7128955360001,16.587386091,0
                98.712630634,16.587435381,0
                98.7125055760001,16.587435208,0
                98.712027553,16.587320984,0
                98.7117480910001,16.5872709830001,0
                98.711601016,16.587277928,0
                98.7114242530001,16.587369881,0
                98.711240079,16.5875398360001,0
                98.7110485040001,16.587752364,0
                98.7109233450001,16.5878444950001,0
                98.7107687280001,16.5879151520001,0
                98.7105934050001,16.5879960770001,0
                98.7105326100001,16.588026389,0
                98.7103953170001,16.5881237250001,0
                98.710199469,16.588260043,0
                98.7100846320001,16.5883336420001,0
                98.7098866160001,16.588415829,0
                98.7097628560001,16.5884936320001,0
                98.709661479,16.588573765,0
                98.709535417,16.588679821,0
                98.7094341920001,16.588740441,0
                98.709274372,16.5887966070001,0
                98.7091394300001,16.588826711,0
                98.7089797720001,16.5888287440001,0
                98.708813445,16.588798151,0
                98.7086875040001,16.5887437320001,0
                98.7085437150001,16.588687099,0
                98.708243994,16.588494339,0
                98.7082164400001,16.5884863270001,0
                98.7081957550001,16.5884832030001,0
                98.7081522860001,16.588493844,0
                98.708052421,16.5886110270001,0
                98.7078353900001,16.588798223,0
                98.7075864980001,16.5890007090001,0
                98.7073056360001,16.589240062,0
                98.707021604,16.5894701990001,0
                98.70691951,16.589546876,0
                98.7067951430001,16.5895928050001,0
                98.706632588,16.5896540420001,0
                98.7064347340001,16.5897551040001,0
                98.706182815,16.5899022630001,0
                98.705873409,16.590046306,0
                98.705535351,16.5901779820001,0
                98.705222769,16.5903189110001,0
                98.704919906,16.5904352950001,0
                98.7047145650001,16.5904553340001,0
                98.7045498720001,16.590457803,0
                98.7044409590001,16.5904414680001,0
                98.7043483560001,16.590397297,0
                98.7043165910001,16.5903972520001,0
                98.704294846,16.590403672,0
                98.704268084,16.5904149200001,0
                98.704253011,16.5904326310001,0
                98.7042429510001,16.590451962,0
                98.7042361260001,16.590504203,0
                98.7042879640001,16.590629391,0
                98.7043165030001,16.5907740490001,0
                98.704303085,16.5908310450001,0
                98.7042984940001,16.5908505560001,0
                98.704296211,16.5908602580001,0
                98.7042498530001,16.5909714650001,0
                98.7041948940001,16.591104902,0
                98.70417446,16.5912829700001,0
                98.704174277,16.5914025710001,0
                98.7041596650001,16.5914693460001,0
                98.704023868,16.5916304400001,0
                98.7039314100001,16.591752689,0
                98.7038474240001,16.5919334440001,0
                98.7037565510001,16.59203889,0
                98.7036896130001,16.5920839360001,0
                98.7036182470001,16.5921074780001,0
                98.703553598,16.592111684,0
                98.7034555050001,16.592122293,0
                98.7032481580001,16.592149939,0
                98.7029939810001,16.5921947150001,0
                98.7027576340001,16.5922373660001,0
                98.7026996540001,16.5922544810001,0
                98.7026483720001,16.5922630050001,0
                98.7026037910001,16.5922629410001,0
                98.7025815120001,16.5922543130001,0
                98.7025191310001,16.5922348780001,0
                98.7024366830001,16.5922154150001,0
                98.7022962810001,16.5921980160001,0
                98.702224963,16.5921893170001,0
                98.70214472,16.592187053,0
                98.7020537000001,16.5921887160001,0
                98.701938812,16.5921694410001,0
                98.7016774090001,16.592077359,0
                98.701602177,16.592039039,0
                98.7014873080001,16.592004482,0
                98.7013447090001,16.5919660660001,0
                98.7007028510001,16.5918963600001,0
                98.7002551310001,16.5918498620001,0
                98.7001996910001,16.5918268520001,0
                98.7001363400001,16.5917923690001,0
                98.7001007580001,16.59173882,0
                98.6999149800001,16.5914328530001,0
                98.6996937500001,16.590993086,0
                98.699666069,16.590955594,0
                98.699654207,16.590939532,0
                98.6996066660001,16.59093182,0
                98.6995630650001,16.5909394,0
                98.699515482,16.5909584360001,0
                98.699514047,16.5909590410001,0
                98.6993781850001,16.5910160380001,0
                98.698694189,16.591287311,0
                98.698649608,16.591287246,0
                98.698622872,16.5912786110001,0
                98.6986051220001,16.5912269990001,0
                98.698514426,16.590981689,0
                98.6983674590001,16.5905841700001,0
                98.6983210020001,16.590458513,0
                98.6982973140001,16.5904011600001,0
                98.6982928610001,16.5904016320001,0
                98.6982705650001,16.5904039870001,0
                98.698231895,16.590423991,0
                98.6980672190001,16.590499596,0
                98.6973845750001,16.590916469,0
                98.697236187,16.5910070850001,0
                98.697223648,16.5910070670001,0
                98.697212365,16.59100705,0
                98.697199831,16.591002195,0
                98.6971510390001,16.590934417,0
                98.6971259740001,16.5909271250001,0
                98.697100897,16.5909283,0
                98.6970842170001,16.590947016,0
                98.6969964520001,16.591016079,0
                98.6963462370001,16.5915277280001,0
                98.696280834,16.5915419620001,0
                98.6962333130001,16.591518966,0
                98.6961648480001,16.5914304290001,0
                98.695946587,16.5912666720001,0
                98.695755133,16.5911202450001,0
                98.6956580440001,16.5910463930001,0
                98.695556889,16.5909694420001,0
                98.6955146000001,16.5909395190001,0
                98.6953742060001,16.590840174,0
                98.695260713,16.590758282,0
                98.6951249100001,16.59062909,0
                98.6948844880001,16.590370729,0
                98.6947019280001,16.590140411,0
                98.6944994660001,16.589892777,0
                98.694405998,16.5897744120001,0
                98.694339239,16.589666817,0
                98.694259183,16.5895441060001,0
                98.6942080060001,16.5894924180001,0
                98.6940809710001,16.58942777,0
                98.6938247560001,16.589324161,0
                98.6936197470001,16.589257246,0
                98.6934660090001,16.589201068,0
                98.6933545680001,16.5891386280001,0
                98.6932855420001,16.589078321,0
                98.6931943210001,16.588977099,0
                98.693116391,16.588867346,0
                98.69305416,16.5887403300001,0
                98.6930142370001,16.5886112690001,0
                98.6928585380001,16.5883702140001,0
                98.69271832,16.5882410040001,0
                98.6926381740001,16.588131252,0
                98.6925602740001,16.5880752630001,0
                98.6924867280001,16.5880363810001,0
                98.6923071080001,16.5879087230001,0
                98.6921819250001,16.5878970840001,0
                98.6918670060001,16.587862886,0
                98.6914907270001,16.58785385,0
                98.6911758210001,16.587861861,0
                98.691044456,16.5878868790001,0
                98.69084315,16.587979445,0
                98.690641784,16.588038172,0
                98.690070796,16.588007513,0
                98.6900065880001,16.588012372,0
                98.689977571,16.588038123,0
                98.689958211,16.588065408,0
                98.6899486830001,16.58817643,0
                98.6899345050001,16.588322674,0
                98.6899460800001,16.5885747290001,0
                98.6899577020001,16.5887517360001,0
                98.6899561060001,16.588812047,0
                98.689905663,16.5888824730001,0
                98.6898038360001,16.588947675,0
                98.689588143,16.589055102,0
                98.689408476,16.58915303,0
                98.6892966490001,16.5892105090001,0
                98.68921872,16.5892931170001,0
                98.689172634,16.5893719530001,0
                98.6891425050001,16.5895066090001,0
                98.6891502830001,16.5896335470001,0
                98.6891520880001,16.5897335990001,0
                98.6891240730001,16.5898413470001,0
                98.6891098230001,16.589966324,0
                98.6890517400001,16.5901239730001,0
                98.6889836020001,16.5903278220001,0
                98.6889313920001,16.5905105420001,0
                98.6888929690001,16.5905579560001,0
                98.6887522050001,16.5905685760001,0
                98.6884510790001,16.5905426520001,0
                98.6880338130001,16.590455408,0
                98.687178057,16.5903369390001,0
                98.686607543,16.590264754,0
                98.6864280380001,16.5901778680001,0
                98.6862959970001,16.5901470950001,0
                98.686200893,16.5901469520001,0
                98.685725281,16.5902022820001,0
                98.685371193,16.5902526950001,0
                98.684905863,16.590481267,0
                98.684678503,16.5905828250001,0
                98.6843718540001,16.5907046410001,0
                98.684213104,16.5908521550001,0
                98.684038521,16.5909894530001,0
                98.6839220200001,16.59114722,0
                98.6838682310001,16.591313026,0
                98.6838476760001,16.591376382,0
                98.6837521880001,16.5916106120001,0
                98.6837202930001,16.5917277450001,0
                98.683688326,16.5918907390001,0
                98.6836772330001,16.592211708,0
                98.6836664520001,16.592344161,0
                98.6835606590001,16.592415331,0
                98.6834549270001,16.592450833,0
                98.6833602610001,16.592481094,0
                98.683121982,16.5924961850001,0
                98.6828207300001,16.5925466740001,0
                98.682545888,16.5926023010001,0
                98.6823767590001,16.592632612,0
                98.6823062380001,16.592679081,0
                98.6821916320001,16.59275461,0
                98.6820382600001,16.592840992,0
                98.681863692,16.5929681000001,0
                98.6816680700001,16.5930442260001,0
                98.6810020180001,16.593015183,0
                98.6808018450001,16.5929715940001,0
                98.6804466790001,16.5928449360001,0
                98.6799485760001,16.592635445,0
                98.6796505770001,16.592516759,0
                98.679474945,16.5924889090001,0
                98.6793114860001,16.5925122370001,0
                98.679070283,16.5925749670001,0
                98.6789967990001,16.5925669970001,0
                98.6788824260001,16.592515575,0
                98.6786866470001,16.5923695430001,0
                98.6784212620001,16.592235159,0
                98.678310851,16.5921125130001,0
                98.678211354,16.5919739490001,0
                98.6780963080001,16.591697309,0
                98.6780874410001,16.591675987,0
                98.678078498,16.591692805,0
                98.6780734210001,16.591702367,0
                98.6780338020001,16.591742515,0
                98.6779926020001,16.591768593,0
                98.6779065360001,16.591778563,0
                98.6777772090001,16.591798431,0
                98.677648032,16.591802231,0
                98.6775499840001,16.591794125,0
                98.6773164880001,16.5917916820001,0
                98.6770725170001,16.5918054160001,0
                98.6769349040001,16.591805203,0
                98.676805792,16.591772824,0
                98.676726601,16.591758667,0
                98.676684901,16.591754526,0
                98.6766644150001,16.5917615170001,0
                98.6766556260001,16.591764514,0
                98.6766254920001,16.591784278,0
                98.6765533060001,16.5918528550001,0
                98.6764008820001,16.5920014270001,0
                98.6763173910001,16.5921057900001,0
                98.6762818240001,16.5921761610001,0
                98.676254493,16.5922625380001,0
                98.6762376440001,16.5923770370001,0
                98.6762353540001,16.5925037710001,0
                98.6762268840001,16.5925881810001,0
                98.6762017130001,16.592666535,0
                98.6761368910001,16.5928111700001,0
                98.6760929230001,16.592897522,0
                98.6760468030001,16.593014152,0
                98.6759840620001,16.593152726,0
                98.675908898,16.5932570950001,0
                98.6758419910001,16.59333745,0
                98.6757459680001,16.593423725,0
                98.6755810610001,16.5935260680001,0
                98.675422493,16.593610244,0
                98.67536197,16.593658432,0
                98.6752346010001,16.5937546920001,0
                98.6751198440001,16.593810826,0
                98.6750363660001,16.593832762,0
                98.6749675500001,16.5938386930001,0
                98.674892571,16.593828537,0
                98.6747758920001,16.5937961870001,0
                98.674594551,16.5937677950001,0
                98.6744798980001,16.5937213350001,0
                98.6743341700001,16.5936346880001,0
                98.674125782,16.593515763,0
                98.6739882090001,16.5934914010001,0
                98.6739298780001,16.5934932770001,0
                98.673871455,16.593507287,0
                98.6738025650001,16.593549395,0
                98.6737482940001,16.5936096240001,0
                98.6737189680001,16.5937161430001,0
                98.6736751180001,16.5937602830001,0
                98.6735958730001,16.5937782250001,0
                98.6735040930001,16.5937800830001,0
                98.6733289690001,16.593775845,0
                98.6731100420001,16.593741327,0
                98.6729434270001,16.593698853,0
                98.6727495640001,16.5936441960001,0
                98.6726807530001,16.59364816,0
                98.672622323,16.593664178,0
                98.672547265,16.593700191,0
                98.67250132,16.5937584390001,0
                98.672488645,16.5938308460001,0
                98.6724884340001,16.593955405,0
                98.6724945590001,16.5940358730001,0
                98.6724840780001,16.5940780720001,0
                98.672444398,16.5941101770001,0
                98.672386041,16.594124192,0
                98.6722546110001,16.594121914,0
                98.6721169410001,16.594149912,0
                98.6719855470001,16.5941938760001,0
                98.6719229550001,16.594219923,0
                98.6718624270001,16.5942700690001,0
                98.6717810220001,16.594336288,0
                98.6716683560001,16.594384398,0
                98.6715453500001,16.5943942370001,0
                98.6713515330001,16.5943638320001,0
                98.6712076690001,16.594331427,0
                98.6711075890001,16.5943171590001,0
                98.6710054550001,16.594292861,0
                98.6708826350001,16.594236344,0
                98.6707367830001,16.5941777940001,0
                98.6706034040001,16.594101242,0
                98.6705096920001,16.5940890520001,0
                98.670407498,16.594098929,0
                98.670121748,16.5941607560001,0
                98.6700028010001,16.5941948190001,0
                98.6699278020001,16.5942026540001,0
                98.6698005060001,16.594246739,0
                98.669714991,16.594252677,0
                98.6696588090001,16.5942304500001,0
                98.6695400440001,16.5941639010001,0
                98.669427553,16.5941094790001,0
                98.6693483390001,16.594111356,0
                98.669241948,16.594143364,0
                98.669154394,16.594151257,0
                98.6690459260001,16.594143052,0
                98.6689104280001,16.594116619,0
                98.6687333040001,16.594092194,0
                98.6684727150001,16.594077784,0
                98.668364253,16.594073617,0
                98.6683371450001,16.5940715030001,0
                98.6682663590001,16.594035213,0
                98.6681727650001,16.59393257,0
                98.668018783,16.5937574060001,0
                98.667950084,16.5936909440001,0
                98.667901548,16.593671688,0
                98.667856273,16.5936746890001,0
                98.6677978230001,16.593698741,0
                98.6677017970001,16.593762865,0
                98.6675161140001,16.593867168,0
                98.667251121,16.594003408,0
                98.6671379670001,16.5940714720001,0
                98.6670315170001,16.5940993250001,0
                98.6668669190001,16.594087405,0
                98.6666927650001,16.5940777210001,0
                98.6665377850001,16.594077473,0
                98.6664338090001,16.594072709,0
                98.6663539900001,16.594042189,0
                98.6662597280001,16.593974426,0
                98.6661629740001,16.593925278,0
                98.666058992,16.5938783890001,0
                98.665940553,16.593845539,0
                98.6658413200001,16.593831381,0
                98.665749357,16.5938312330001,0
                98.665652579,16.5938403710001,0
                98.6655847860001,16.593849591,0
                98.6654443880001,16.5938797310001,0
                98.6652024110001,16.593895708,0
                98.6649070770001,16.5939045640001,0
                98.6646700210001,16.5938948510001,0
                98.6643916740001,16.593894402,0
                98.66421261,16.593903445,0
                98.6640600530001,16.593926486,0
                98.6639438730001,16.5939356320001,0
                98.6637240190001,16.593989999,0
                98.6627417980001,16.5948497090001,0
                98.662385063,16.595128247,0
                98.6619832010001,16.5953360620001,0
                98.6616830070001,16.5954166,0
                98.661093243,16.59536232,0
                98.659994704,16.5950037760001,0
                98.658331977,16.594164382,0
                98.6570139790001,16.5934697980001,0
                98.6557486780001,16.5928571260001,0
                98.6556458300001,16.592807328,0
                98.6554828710001,16.592726745,0
                98.6535833,16.591562461,0
                98.6532577570001,16.5915136080001,0
                98.652769273,16.591536949,0
                98.65211793,16.591584169,0
                98.650965295,16.5918117000001,0
                98.6503763960001,16.5919556370001,0
                98.649887693,16.59209974,0
                98.6488474640001,16.592496528,0
                98.648195634,16.5928094280001,0
                98.6478536810001,16.592968469,0
                98.6465158720001,16.5937143530001,0
                98.6462059450001,16.593887141,0
                98.646135626,16.5939263490001,0
                98.6444007460001,16.5946930330001,0
                98.6431172800001,16.5950163690001,0
                98.642205409,16.5952101300001,0
                98.6414118740001,16.5953064230001,0
                98.6408040160001,16.595403037,0
                98.6401794010001,16.5954345100001,0
                98.639537997,16.5954171230001,0
                98.6386097270001,16.595350404,0
                98.6359220410001,16.594815698,0
                98.6354403440001,16.594796834,0
                98.6350255630001,16.5947805910001,0
                98.6318429570001,16.59465592,0
                98.6295281210001,16.594832335,0
                98.624375086,16.5955655380001,0
                98.620865478,16.5960936770001,0
                98.61070871,16.600084119,0
                98.6107028370001,16.6000883790001,0
                98.610698019,16.6000974450001,0
                98.610691095,16.6001306580001,0
                98.6106810790001,16.600146454,0
                98.6106675190001,16.600155364,0
                98.6106518220001,16.6001594570001,0
                98.610643268,16.6001594410001,0
                98.6106311560001,16.6001546100001,0
                98.6106090850001,16.6001421930001,0
                98.6105839520001,16.600132789,0
                98.6105484540001,16.6001363890001,0
                98.6105154840001,16.600144883,0
                98.6104913830001,16.600154613,0
                98.6104736060001,16.600171689,0
                98.610466482,16.600187304,0
                98.610464693,16.6001912300001,0
                98.6104646460001,16.600214447,0
                98.6104645940001,16.6002401110001,0
                98.6104965980001,16.600336774,0
                98.610494712,16.600349254,0
                98.6104939310001,16.600350538,0
                98.610489709,16.6003574850001,0
                98.6104808140001,16.600367249,0
                98.6104803960001,16.6003674290001,0
                98.6104734340001,16.600370517,0
                98.6104643240001,16.6003745510001,0
                98.6104427760001,16.6003745100001,0
                98.6104149050001,16.6003695680001,0
                98.610358805,16.6003371360001,0
                98.6103098280001,16.6003082620001,0
                98.61029376,16.600306447,0
                98.610276883,16.600304533,0
                98.6102477100001,16.6003130350001,0
                98.6102362770001,16.6003276810001,0
                98.610235495,16.600342852,0
                98.6102349550001,16.6003533420001,0
                98.6102093590001,16.6004779520001,0
                98.6101915850001,16.6004913620001,0
                98.610175144,16.6004992490001,0
                98.61017293,16.6005003110001,0
                98.610168748,16.600502319,0
                98.610153536,16.6005035110001,0
                98.6101459910001,16.600500261,0
                98.6101438410001,16.6004993350001,0
                98.6101307420001,16.600493692,0
                98.610125709,16.6004765750001,0
                98.6101270930001,16.600417914,0
                98.6101208050001,16.600393458,0
                98.6101005670001,16.6003738690001,0
                98.6100803020001,16.600365273,0
                98.6100461,16.6003566540001,0
                98.6100030040001,16.6003590180001,0
                98.6099700300001,16.600367513,0
                98.6099471730001,16.6003882470001,0
                98.6099382740001,16.6004150370001,0
                98.6099382470001,16.600415115,0
                98.609939431,16.600457894,0
                98.6099398100001,16.6004629550001,0
                98.6099419000001,16.6004908940001,0
                98.6099469220001,16.600512904,0
                98.609965903,16.6005288280001,0
                98.6099781650001,16.600533453,0
                98.6099887000001,16.6005374270001,0
                98.6100064240001,16.6005484570001,0
                98.6100266820001,16.6005582710001,0
                98.610048174,16.6005864200001,0
                98.610062762,16.60064785,0
                98.6100626740001,16.6006916650001,0
                98.6100540130001,16.60070553,0
                98.610017536,16.600728879,0
                98.6099716050001,16.6007388400001,0
                98.6099327380001,16.6007387670001,0
                98.6098856200001,16.600731528,0
                98.6098196670001,16.6006603380001,0
                98.60978929,16.6006407290001,0
                98.609758873,16.6006406720001,0
                98.6097368700001,16.6006569250001,0
                98.6097334310001,16.6006862520001,0
                98.6097470750001,16.600763134,0
                98.609758948,16.6008355810001,0
                98.6097632780001,16.600882524,0
                98.609755668,16.600911641,0
                98.6097347,16.600939827,0
                98.6096745350001,16.6009802670001,0
                98.6095723230001,16.601011945,0
                98.609485191,16.6010146790001,0
                98.609348158,16.6010036640001,0
                98.6092438420001,16.6010271530001,0
                98.609194227,16.6010564200001,0
                98.6091666660001,16.6010858380001,0
                98.6091258430001,16.601124161,0
                98.6090850190001,16.60117261,0
                98.60902866,16.601217793,0
                98.608975592,16.6012390990001,0
                98.6089193770001,16.6012502930001,0
                98.608853745,16.6012536050001,0
                98.608766094,16.6012534400001,0
                98.6082896350001,16.6012558350001,0
                98.6082473640001,16.601267158,0
                98.608213526,16.6012882790001,0
                98.6081796380001,16.601330584,0
                98.608171133,16.6013598970001,0
                98.6081727590001,16.6013892350001,0
                98.6081777680001,16.601420204,0
                98.608174584,16.601453265,0
                98.6079752910001,16.6016204090001,0
                98.6079029570001,16.6016630450001,0
                98.607811638,16.601694652,0
                98.6076681110001,16.601708994,0
                98.607631622,16.601712644,0
                98.6076087750001,16.601728489,0
                98.607587181,16.6017516680001,0
                98.607583328,16.6017773240001,0
                98.6075826790001,16.60178232,0
                98.607580446,16.601799575,0
                98.6075743110001,16.601846971,0
                98.6075565340001,16.601865269,0
                98.6075349850001,16.6018652280001,0
                98.6075159710001,16.601865193,0
                98.6074995130001,16.6018566060001,0
                98.60748053,16.601841904,0
                98.6074656110001,16.601818512,0
                98.6074539990001,16.601800301,0
                98.607411154,16.6016767840001,0
                98.6073909030001,16.6016633040001,0
                98.6073541440001,16.6016656800001,0
                98.6073059600001,16.6016765860001,0
                98.607259033,16.601689939,0
                98.607228589,16.601703328,0
                98.6071981270001,16.601722823,0
                98.607194292,16.601739928,0
                98.607196269,16.6017584000001,0
                98.6071967810001,16.601763152,0
                98.6072068830001,16.601781504,0
                98.607230932,16.601798661,0
                98.6072547570001,16.601815962,0
                98.6072663670001,16.601824392,0
                98.6072913620001,16.6018519830001,0
                98.6072913350001,16.601865022,0
                98.60721542,16.601946508,0
                98.6070160950001,16.6021111210001,0
                98.606653167,16.602323089,0
                98.6066068170001,16.6023343860001,0
                98.6065884940001,16.602338853,0
                98.6064959440001,16.602350899,0
                98.6064891990001,16.6023535640001,0
                98.606474382,16.602359415,0
                98.6064553290001,16.602380156,0
                98.6064472460001,16.602399265,0
                98.6064288900001,16.602560011,0
                98.606415283,16.6026034400001,0
                98.6063939800001,16.6026305770001,0
                98.6063723760001,16.6026489860001,0
                98.606318275,16.6026619200001,0
                98.60618078,16.602683386,0
                98.606088377,16.602691903,0
                98.6060185160001,16.602696112,0
                98.6059554400001,16.602689475,0
                98.6059216990001,16.602680734,0
                98.6058856760001,16.602655279,0
                98.6058606500001,16.6026249970001,0
                98.6058553280001,16.6026185590001,0
                98.6058200200001,16.6025304990001,0
                98.605811245,16.6024840370001,0
                98.6057947840001,16.602474231,0
                98.6057694990001,16.602471968,0
                98.6057669080001,16.6024717330001,0
                98.6057646520001,16.602472623,0
                98.605745342,16.6024802470001,0
                98.605731372,16.602494887,0
                98.6057237030001,16.602525427,0
                98.6057122070001,16.602569401,0
                98.605703277,16.6025974940001,0
                98.6056880550001,16.602604796,0
                98.6056665010001,16.602608425,0
                98.6056462170001,16.602608387,0
                98.6056247000001,16.6025949,0
                98.6056200470001,16.6025896420001,0
                98.605609525,16.6025777630001,0
                98.6055995780001,16.6025681300001,0
                98.6055842250001,16.602553271,0
                98.605559859,16.6025393850001,0
                98.6055411840001,16.6025287460001,0
                98.6055082230001,16.6025299080001,0
                98.605486662,16.602538419,0
                98.6054561880001,16.602564026,0
                98.605441156,16.60257291,0
                98.6054066980001,16.602593266,0
                98.6053699300001,16.602600527,0
                98.60534713,16.6025919310001,0
                98.6053344960001,16.6025735750001,0
                98.6053283890001,16.6025641140001,0
                98.6053155420001,16.6025442060001,0
                98.6052978490001,16.6025185080001,0
                98.6052737750001,16.602516017,0
                98.60526824,16.6025160070001,0
                98.605252761,16.6025159770001,0
                98.6052522270001,16.6025159760001,0
                98.6052306660001,16.602522046,0
                98.605224987,16.6025275050001,0
                98.605205266,16.6025464420001,0
                98.6051594640001,16.602631902,0
                98.6051476090001,16.6026410100001,0
                98.605134074,16.60265141,0
                98.6051036370001,16.6026611300001,0
                98.6050744730001,16.602667185,0
                98.6050571170001,16.6026688650001,0
                98.6050402500001,16.60266712,0
                98.6049997100001,16.602657268,0
                98.604988995,16.602654181,0
                98.6049313070001,16.602637579,0
                98.6048466010001,16.602607252,0
                98.6048249190001,16.602599492,0
                98.6047932490001,16.602590879,0
                98.604770483,16.6025676140001,0
                98.604752804,16.602537026,0
                98.604741458,16.6025052310001,0
                98.6047395480001,16.602502144,0
                98.604731965,16.602489898,0
                98.6047225090001,16.60247464,0
                98.6047022710001,16.602455048,0
                98.6046820070001,16.6024476740001,0
                98.6046465190001,16.6024476060001,0
                98.6046008640001,16.602460966,0
                98.6045577370001,16.602475547,0
                98.6045120700001,16.602495016,0
                98.6044600640001,16.6025144710001,0
                98.604391933,16.6025215240001,0
                98.604378926,16.6025228730001,0
                98.6042902120001,16.6025202590001,0
                98.6042205520001,16.602494462,0
                98.6041775190001,16.6024650460001,0
                98.6041535100001,16.6024295610001,0
                98.6041358690001,16.602379421,0
                98.6041322030001,16.6023134180001,0
                98.604131641,16.602309201,0
                98.604128459,16.602285302,0
                98.6041082090001,16.602269372,0
                98.6040739910001,16.602269307,0
                98.60404608,16.602281475,0
                98.604010551,16.602300961,0
                98.6039750020001,16.602330227,0
                98.603955914,16.6023668560001,0
                98.6039482320001,16.602405951,0
                98.6039481720001,16.6024352800001,0
                98.603965837,16.6024732010001,0
                98.6039710110001,16.6024796190001,0
                98.604006294,16.6025233830001,0
                98.6040176650001,16.6025392930001,0
                98.6040112760001,16.602564945,0
                98.6040088550001,16.6025699790001,0
                98.6040082210001,16.6025713020001,0
                98.6040036400001,16.602580822,0
                98.6039820700001,16.602591779,0
                98.6039529080001,16.6025966130001,0
                98.6039224890001,16.602597775,0
                98.6038895360001,16.602597712,0
                98.603831228,16.6025976010001,0
                98.603762777,16.602602361,0
                98.6036879710001,16.60261566,0
                98.6035827430001,16.602628902,0
                98.6034499080001,16.6026363730001,0
                98.6034108270001,16.602647883,0
                98.6033656920001,16.6026825600001,0
                98.603332621,16.6026940850001,0
                98.603293164,16.6027066840001,0
                98.603161678,16.602739694,0
                98.603137405,16.602742377,0
                98.603130063,16.602743188,0
                98.603106541,16.602741081,0
                98.6031038560001,16.6027400040001,0
                98.603077333,16.6027293400001,0
                98.603047431,16.6027100330001,0
                98.603027491,16.6026983080001,0
                98.602988296,16.6026899830001,0
                98.6029455190001,16.6026899020001,0
                98.6029169870001,16.6026960360001,0
                98.6029012910001,16.602702193,0
                98.6028934610001,16.6027055590001,0
                98.602891582,16.602706364,0
                98.602880595,16.6027110900001,0
                98.6028670300001,16.602722065,0
                98.602858236,16.602736393,0
                98.602855166,16.602745215,0
                98.602852709,16.6027522840001,0
                98.6028530720001,16.6027630790001,0
                98.6028533800001,16.602772224,0
                98.602854774,16.6027880350001,0
                98.6028561690001,16.602802475,0
                98.6028945350001,16.60286717,0
                98.6029001570001,16.6029070540001,0
                98.602897269,16.6029249200001,0
                98.6028829730001,16.6029434550001,0
                98.602881036,16.602944478,0
                98.6028686980001,16.6029509900001,0
                98.6028603070001,16.6029553590001,0
                98.6028437150001,16.602964005,0
                98.6028044810001,16.6029756130001,0
                98.6027873770001,16.602972833,0
                98.6027752690001,16.6029666220001,0
                98.60276674,16.6029535430001,0
                98.6027625,16.6029342900001,0
                98.6027611310001,16.602906788,0
                98.602759114,16.602849039,0
                98.6027570510001,16.602811909,0
                98.6027506840001,16.6027878360001,0
                98.602748782,16.6027847280001,0
                98.6027414470001,16.602772696,0
                98.6027264850001,16.602765794,0
                98.6027072430001,16.6027630040001,0
                98.6026951210001,16.602763672,0
                98.6026701600001,16.602770675,0
                98.6026598590001,16.6027737920001,0
                98.6025351870001,16.6028602490001,0
                98.602475767,16.6029133070001,0
                98.602461211,16.602946058,0
                98.602461153,16.602974509,0
                98.6024655730001,16.603017972,0
                98.602471054,16.603041992,0
                98.6024924580001,16.603091896,0
                98.6024968950001,16.603124494,0
                98.6024922610001,16.603187495,0
                98.602471903,16.603226566,0
                98.602442534,16.603263441,0
                98.6024019480001,16.603276405,0
                98.6023064710001,16.6032903190001,0
                98.6022570410001,16.603289005,0
                98.6022202870001,16.603288935,0
                98.6021974670001,16.603291331,0
                98.6021670100001,16.6033083840001,0
                98.6021313360001,16.6033823490001,0
                98.6021042450001,16.6034083660001,0
                98.6020794400001,16.603417011,0
                98.602032115,16.603419095,0
                98.6020109410001,16.603419054,0
                98.6019570880001,16.60340301,0
                98.6019079500001,16.603372248,0
                98.6017980600001,16.603279593,0
                98.6017476150001,16.6032428080001,0
                98.6016944240001,16.603220709,0
                98.60164753,16.6032206190001,0
                98.6016120370001,16.603222997,0
                98.6015998220001,16.603224654,0
                98.6015558060001,16.603236371,0
                98.6015270770001,16.6032541820001,0
                98.6014943850001,16.603284305,0
                98.601465938,16.6033245940001,0
                98.6014406530001,16.603357101,0
                98.601397863,16.6033940240001,0
                98.601349165,16.6034282320001,0
                98.6012883160001,16.603456227,0
                98.601225104,16.603481833,0
                98.6011868790001,16.603492273,0
                98.601142607,16.6034977470001,0
                98.601033327,16.6034964,0
                98.6009905430001,16.6035031920001,0
                98.6009798380001,16.6035098620001,0
                98.600960049,16.6035346780001,0
                98.6009435710001,16.603579828,0
                98.600932599,16.603615947,0
                98.600929562,16.6036611390001,0
                98.600929475,16.603702976,0
                98.600915983,16.603726705,0
                98.6008913690001,16.6037424780001,0
                98.600858814,16.603744674,0
                98.6008315490001,16.603738929,0
                98.600809638,16.6037242400001,0
                98.6007906950001,16.603681194,0
                98.600774631,16.603642763,0
                98.6007419220001,16.60361106,0
                98.6007094330001,16.603589593,0
                98.600679314,16.6035770600001,0
                98.6006222060001,16.6035656510001,0
                98.6005486330001,16.603563249,0
                98.6005105120001,16.6035733910001,0
                98.6004451380001,16.6035969490001,0
                98.600387932,16.603642021,0
                98.600355289,16.6036961770001,0
                98.6003279540001,16.60374926,0
                98.6003087540001,16.6038034430001,0
                98.6002975250001,16.6038588170001,0
                98.6002511660001,16.6039242470001,0
                98.600207701,16.603971605,0
                98.6001666080001,16.6039953000001,0
                98.600144748,16.603993739,0
                98.6001069000001,16.603971411,0
                98.6000596270001,16.6039510580001,0
                98.6000143460001,16.6039554130001,0
                98.599987017,16.603979135,0
                98.5999787790001,16.6040006160001,0
                98.5999616760001,16.6041915370001,0
                98.5999299970001,16.6042241820001,0
                98.5998983640001,16.604233161,0
                98.5998570310001,16.604228563,0
                98.5996620350001,16.604141966,0
                98.5996202470001,16.60413214,0
                98.5995642620001,16.6041421580001,0
                98.5995156120001,16.6041556220001,0
                98.5994809810001,16.604150459,0
                98.5994582100001,16.6041343150001,0
                98.599416148,16.6040808710001,0
                98.5993942160001,16.604068356,0
                98.5993772100001,16.604068323,0
                98.5993335220001,16.604078454,0
                98.5992921490001,16.6040919340001,0
                98.5992581770001,16.604108753,0
                98.599228838,16.604133645,0
                98.5991720000001,16.6041655870001,0
                98.5990585210001,16.604183017,0
                98.5990367810001,16.604198796,0
                98.5990293780001,16.604222448,0
                98.5990243290001,16.6042699870001,0
                98.59901461,16.6043004150001,0
                98.598995265,16.6043161960001,0
                98.5989709040001,16.604318409,0
                98.5989180430001,16.604306754,0
                98.5988954900001,16.604297929,0
                98.5988834870001,16.604293232,0
                98.5988683210001,16.604273649,0
                98.5988543870001,16.604231941,0
                98.5988532040001,16.604228399,0
                98.5988325270001,16.604219809,0
                98.598795888,16.604221997,0
                98.5987742060001,16.6042434710001,0
                98.5987718270001,16.6042672410001,0
                98.5987763910001,16.604299955,0
                98.5987886290001,16.604330514,0
                98.598805553,16.6043700490001,0
                98.5988078700001,16.6044005910001,0
                98.5987967790001,16.6044235570001,0
                98.59878353,16.604435821,0
                98.5987518150001,16.6044513570001,0
                98.5987177980001,16.6044535520001,0
                98.598683812,16.604439927,0
                98.5986493620001,16.6043889860001,0
                98.5986268460001,16.6043697040001,0
                98.598595791,16.604362865,0
                98.598564448,16.60437754,0
                98.59855414,16.6043955820001,0
                98.5985485470001,16.6045605800001,0
                98.598528908,16.604616698,0
                98.5985107120001,16.6046384790001,0
                98.5984758490001,16.604668867,0
                98.598431422,16.6046993350001,0
                98.5983768820001,16.6047187840001,0
                98.5983261700001,16.604726016,0
                98.5982837180001,16.6047268560001,0
                98.5982507430001,16.6047191320001,0
                98.5982237850001,16.6046939130001,0
                98.5981951970001,16.604657811,0
                98.5981671070001,16.6046499130001,0
                98.598162825,16.604648706,0
                98.5981366780001,16.604651249,0
                98.5981030040001,16.6046772020001,0
                98.598073356,16.604716264,0
                98.59807133,16.6047609660001,0
                98.5980823770001,16.6047912500001,0
                98.598100388,16.6048086870001,0
                98.598140711,16.604830985,0
                98.5981578480001,16.6048624260001,0
                98.598158567,16.6048637420001,0
                98.598158502,16.6048953640001,0
                98.5981362380001,16.604925926,0
                98.5981156490001,16.6049354040001,0
                98.5980863080001,16.6049366350001,0
                98.5980626080001,16.604936589,0
                98.598036972,16.6049203530001,0
                98.5980212100001,16.6049012760001,0
                98.598011376,16.6048831690001,0
                98.5979917610001,16.604816482,0
                98.5979651870001,16.604778739,0
                98.5979491080001,16.60476814,0
                98.5977876260001,16.604689455,0
                98.5977550790001,16.6046722570001,0
                98.5977294530001,16.604649355,0
                98.597718635,16.604626481,0
                98.5977038680001,16.6046074110001,0
                98.5976614720001,16.6045768600001,0
                98.5976249820001,16.6045548920001,0
                98.5975865090001,16.6045357730001,0
                98.597551964,16.6045280920001,0
                98.5975243390001,16.604517565,0
                98.5974967210001,16.604503229,0
                98.5974740600001,16.604477477,0
                98.5974455,16.6044431460001,0
                98.5973578680001,16.6043230110001,0
                98.597324357,16.6042915260001,0
                98.5972908250001,16.6042724170001,0
                98.5972592310001,16.6042704540001,0
                98.597223677,16.6042741900001,0
                98.5971802010001,16.6042874350001,0
                98.5971426550001,16.6042978400001,0
                98.59710613,16.6042939590001,0
                98.597080481,16.60428153,0
                98.5970538910001,16.6042472030001,0
                98.5970325010001,16.604215717,0
                98.5970116540001,16.6041404850001,0
                98.5970127480001,16.604090023,0
                98.597075814,16.6038560430001,0
                98.597085559,16.6038003640001,0
                98.5970730400001,16.603766061,0
                98.5970627010001,16.603751044,0
                98.5970442130001,16.603738154,0
                98.597027929,16.6037352700001,0
                98.597010153,16.603735946,0
                98.5969909,16.6037344800001,0
                98.5969753460001,16.60373445,0
                98.5969590760001,16.6037258530001,0
                98.5969442830001,16.603716541,0
                98.5969250740001,16.6036936510001,0
                98.5968622710001,16.603623548,0
                98.5968445110001,16.603617088,0
                98.596829696,16.6036184860001,0
                98.596819328,16.6036198950001,0
                98.5967911550001,16.6036334090001,0
                98.596765212,16.6036433570001,0
                98.5967466990001,16.603644748,0
                98.5967311470001,16.6036447180001,0
                98.596715611,16.60363612,0
                98.5966971390001,16.603615373,0
                98.596677205,16.603587487,0
                98.5966439270001,16.6035631410001,0
                98.5965840120001,16.6035294610001,0
                98.596521883,16.6034914960001,0
                98.596481215,16.603459995,0
                98.5964731220001,16.6034342740001,0
                98.596473158,16.6034171360001,0
                98.59648208,16.603400014,0
                98.5965028640001,16.6033786300001,0
                98.5965318,16.6033529810001,0
                98.5965436760001,16.603338722,0
                98.596548151,16.6033230190001,0
                98.5965489330001,16.603303743,0
                98.596547484,16.603288031,0
                98.596541583,16.603276593,0
                98.5965260500001,16.603269421,0
                98.5965105010001,16.6032679630001,0
                98.5964793890001,16.6032700440001,0
                98.5964534450001,16.6032814210001,0
                98.596437876,16.603290674,0
                98.596420063,16.603308493,0
                98.5964007690001,16.6033270190001,0
                98.59637186,16.603341245,0
                98.5963162800001,16.603356849,0
                98.596294807,16.6033568070001,0
                98.5962577820001,16.6033538780001,0
                98.5962303950001,16.6033459710001,0
                98.5962111900001,16.6033237940001,0
                98.5962067790001,16.603308079,0
                98.5962112770001,16.6032823800001,0
                98.5962283490001,16.6032624150001,0
                98.5962772780001,16.603238945,0
                98.5962899210001,16.603213979,0
                98.5962966310001,16.6031925680001,0
                98.596298167,16.603166867,0
                98.59629821,16.603146156,0
                98.596297506,16.603128301,0
                98.596292362,16.6031082960001,0
                98.5962812750001,16.6030975620001,0
                98.5962553730001,16.6030889470001,0
                98.5962368570001,16.603088911,0
                98.596222046,16.6030903110001,0
                98.5961916530001,16.603103102,0
                98.5961597730001,16.603121608,0
                98.5961123170001,16.6031486520001,0
                98.5960885860001,16.6031657410001,0
                98.5960656190001,16.6031699860001,0
                98.596046362,16.6031699480001,0
                98.5960278580001,16.603164199,0
                98.5960152920001,16.6031527480001,0
                98.5959946080001,16.6031298570001,0
                98.5959783760001,16.6030998320001,0
                98.5959673440001,16.6030626780001,0
                98.5959763960001,16.602984146,0
                98.5959742310001,16.6029562950001,0
                98.5959661250001,16.602936997,0
                98.595942467,16.6029169550001,0
                98.5959173460001,16.6028904840001,0
                98.5958892610001,16.6028625820001,0
                98.5958405550001,16.6027810800001,0
                98.5958272890001,16.602749632,0
                98.5958191970001,16.602723198,0
                98.5958222100001,16.602699638,0
                98.5958222560001,16.6026775030001,0
                98.5958111880001,16.602657487,0
                98.595800851,16.6026446120001,0
                98.5957808670001,16.6026381460001,0
                98.5957490170001,16.6026402260001,0
                98.5957112150001,16.602656579,0
                98.595688222,16.6026729540001,0
                98.5956607900001,16.602687184,0
                98.5956281850001,16.602697832,0
                98.5956044970001,16.6026920730001,0
                98.5955823190001,16.602672748,0
                98.595556473,16.6026384250001,0
                98.5955394740001,16.6026212520001,0
                98.5955098580001,16.6026169080001,0
                98.5954578870001,16.602622721,0
                98.5954302270001,16.602626473,0
                98.595388095,16.60262893,0
                98.595347276,16.6026301200001,0
                98.5953025190001,16.6026274980001,0
                98.5952564670001,16.6026134410001,0
                98.5952012290001,16.602586677,0
                98.5951328470001,16.6025484580001,0
                98.5950894690001,16.602515367,0
                98.595057936,16.602484836,0
                98.5950211140001,16.602465723,0
                98.5949789950001,16.6024592950001,0
                98.5949552980001,16.6024579780001,0
                98.5949408070001,16.602461756,0
                98.5948616160001,16.6025555470001,0
                98.594796988,16.602612546,0
                98.594758776,16.6026264390001,0
                98.5947377090001,16.602626398,0
                98.5947219430001,16.6026124000001,0
                98.5947154130001,16.602585731,0
                98.5947260600001,16.6025324300001,0
                98.59474328,16.6024816830001,0
                98.594749957,16.6024359960001,0
                98.5947316070001,16.602397877,0
                98.5947000850001,16.6023609960001,0
                98.5946580400001,16.602320293,0
                98.5945765120001,16.60227316,0
                98.59453969,16.602254046,0
                98.59451735,16.602233691,0
                98.5945147750001,16.602205757,0
                98.594524053,16.602175307,0
                98.594532014,16.602147394,0
                98.5945215230001,16.6021283330001,0
                98.5944873910001,16.6020800260001,0
                98.594396745,16.6019859040001,0
                98.5943296830001,16.601945152,0
                98.5942967890001,16.601937471,0
                98.594261218,16.6019475590001,0
                98.5942308830001,16.601972887,0
                98.5941991880001,16.602019796,0
                98.594167509,16.602057819,0
                98.5941266070001,16.602099632,0
                98.594080493,16.602117315,0
                98.5940436230001,16.6021185130001,0
                98.5940146630001,16.602118456,0
                98.5939817600001,16.602113317,0
                98.5939409960001,16.602089114,0
                98.593902853,16.6020699970001,0
                98.5938818220001,16.602053454,0
                98.593852859,16.6020533980001,0
                98.5938120100001,16.6020698200001,0
                98.5937856310001,16.602093887,0
                98.5936604,16.6021672750001,0
                98.5936156110001,16.602181154,0
                98.593577425,16.602182349,0
                98.5935194940001,16.6021835020001,0
                98.5934786830001,16.602182156,0
                98.593415485,16.602183299,0
                98.5933694000001,16.6021857490001,0
                98.593345674,16.602198398,0
                98.5933324110001,16.6022440730001,0
                98.5933310250001,16.602277079,0
                98.5933283090001,16.6023164280001,0
                98.5933255520001,16.602376088,0
                98.5933083020001,16.602440799,0
                98.5932819130001,16.602467403,0
                98.593246293,16.6025028820001,0
                98.593192205,16.6025535590001,0
                98.5930985570001,16.6026346200001,0
                98.5930761500001,16.602646001,0
                98.5930498210001,16.6026459500001,0
                98.5930301080001,16.602629409,0
                98.5930104020001,16.602609058,0
                98.592988055,16.602592509,0
                98.5929564780001,16.602582296,0
                98.5929222340001,16.6025873040001,0
                98.592906408,16.602601239,0
                98.5928891980001,16.6026469060001,0
                98.5928864860001,16.602683713,0
                98.5928943120001,16.6027180090001,0
                98.592911353,16.602752316,0
                98.5929388930001,16.6028056910001,0
                98.5929479150001,16.6028971120001,0
                98.5929465240001,16.602932653,0
                98.5929267450001,16.602947848,0
                98.592883268,16.602961728,0
                98.5928411200001,16.602969262,0
                98.5928174140001,16.6029742970001,0
                98.592779201,16.602988182,0
                98.5927343810001,16.6030160240001,0
                98.5926974870001,16.603028647,0
                98.5926659040001,16.60302097,0
                98.592639621,16.602999336,0
                98.5926054710001,16.602959915,0
                98.5925673730001,16.602921757,0
                98.592500316,16.602881,0
                98.5924713780001,16.6028682470001,0
                98.5924437310001,16.6028656570001,0
                98.592412112,16.602875752,0
                98.592371261,16.602893443,0
                98.5923277960001,16.602903514,0
                98.5922869830001,16.602903434,0
                98.592239583,16.6029033410001,0
                98.5921974490001,16.60290453,0
                98.592169787,16.602912089,0
                98.5921170840001,16.6029310280001,0
                98.5920723040001,16.6029398270001,0
                98.5920341190001,16.6029397520001,0
                98.5920077870001,16.6029409700001,0
                98.5919867160001,16.6029434710001,0
                98.5919656140001,16.6029612,0
                98.59192734,16.6030055590001,0
                98.591903603,16.6030232850001,0
                98.5918667220001,16.6030320990001,0
                98.5918364410001,16.6030320400001,0
                98.5918114280001,16.603030721,0
                98.591786412,16.603031941,0
                98.5917574150001,16.603045846,0
                98.591729732,16.603062299,0
                98.5916849450001,16.6030749020001,0
                98.591638876,16.603068466,0
                98.5915901820001,16.6030594850001,0
                98.591573097,16.6030454840001,0
                98.5915665620001,16.6030213540001,0
                98.591571904,16.6029870850001,0
                98.5916272690001,16.6029529190001,0
                98.591701028,16.602939099,0
                98.5917366190001,16.6029175900001,0
                98.5917340410001,16.602893463,0
                98.5917130180001,16.6028731100001,0
                98.59167225,16.602851447,0
                98.5916367680001,16.6028196400001,0
                98.591611819,16.602789122,0
                98.591601375,16.6027472120001,0
                98.5915843010001,16.602728131,0
                98.5915671820001,16.6027280980001,0
                98.5915434790001,16.602731862,0
                98.591511854,16.6027444960001,0
                98.5914867720001,16.6027749150001,0
                98.591404937,16.602873776,0
                98.5913680140001,16.602900361,0
                98.5913364250001,16.6028977570001,0
                98.5913141240001,16.6028596300001,0
                98.591314213,16.6028177360001,0
                98.5913103270001,16.602785994,0
                98.5912866990001,16.6027542100001,0
                98.591255125,16.602742721,0
                98.5912208780001,16.6027490000001,0
                98.5911760500001,16.6027793800001,0
                98.5911233040001,16.6028199,0
                98.5910725570001,16.602851077,0
                98.5910573880001,16.602860396,0
                98.5909994070001,16.602885669,0
                98.5909506630001,16.60289827,0
                98.5909335490001,16.602898236,0
                98.5909181910001,16.6028864950001,0
                98.590907336,16.602843599,0
                98.5908968910001,16.602801684,0
                98.590889082,16.602759774,0
                98.5908760330001,16.602703891,0
                98.5908694870001,16.602684837,0
                98.5908553350001,16.6026698310001,0
                98.59082721,16.602669775,0
                98.590730803,16.602676365,0
                98.5907003060001,16.602698904,0
                98.5906932170001,16.602725992,0
                98.5907001910001,16.6027531230001,0
                98.590714199,16.602779168,0
                98.590709115,16.6028062770001,0
                98.590693033,16.6028130060001,0
                98.5906692950001,16.6028129600001,0
                98.590636465,16.602803873,0
                98.590605715,16.602794772,0
                98.5905635980001,16.60279695,0
                98.5905400620001,16.602817224,0
                98.590525697,16.6028443160001,0
                98.5905282560001,16.602875942,0
                98.590530196,16.602907585,0
                98.5905315800001,16.6029534910001,0
                98.5905315030001,16.6029894500001,0
                98.5905064610001,16.6030567280001,0
                98.590457739,16.603147393,0
                98.590437959,16.6031625850001,0
                98.5904234590001,16.603170173,0
                98.5904142210001,16.603180314,0
                98.5904049710001,16.6031967980001,0
                98.590406214,16.603232344,0
                98.5904114100001,16.6032640940001,0
                98.5904218700001,16.603298388,0
                98.5904257760001,16.6033199770001,0
                98.5904099510001,16.6033326420001,0
                98.590384929,16.6033351350001,0
                98.590363864,16.603335094,0
                98.590333607,16.603323607,0
                98.590303356,16.6033095820001,0
                98.5902836070001,16.603309543,0
                98.5902662490001,16.603321147,0
                98.590231067,16.6033549310001,0
                98.590134285,16.6034630670001,0
                98.5899425840001,16.6036336490001,0
                98.5899232250001,16.6036556170001,0
                98.5899108360001,16.603704678,0
                98.5899177640001,16.6037487020001,0
                98.5899561190001,16.603874032,0
                98.5900138390001,16.6039723210001,0
                98.5900629050001,16.604013041,0
                98.590094417,16.604053729,0
                98.5900977410001,16.6041417550001,0
                98.5900923300001,16.6042094520001,0
                98.590048198,16.604326158,0
                98.5897965790001,16.6046032570001,0
                98.589752645,16.6046268690001,0
                98.5897245400001,16.604635274,0
                98.5897017230001,16.604631843,0
                98.589670153,16.604619933,0
                98.589626319,16.604594455,0
                98.5896053280001,16.6045588700001,0
                98.5895597290001,16.6045384670001,0
                98.5895176060001,16.6045349990001,0
                98.5894508630001,16.6045534850001,0
                98.58943673,16.6045957760001,0
                98.5894366690001,16.6046245490001,0
                98.5894401070001,16.6046584100001,0
                98.5894452680001,16.6047075060001,0
                98.5894522240001,16.6047379880001,0
                98.5894398630001,16.6047735120001,0
                98.589422244,16.6048039450001,0
                98.5893853220001,16.60482926,0
                98.589360717,16.604842752,0
                98.589339641,16.604847787,0
                98.5893238080001,16.6048646830001,0
                98.5893184720001,16.6048985260001,0
                98.58932716,16.604939169,0
                98.58934809,16.60500353,0
                98.5893439650001,16.605035823,0
                98.5893216300001,16.6050644160001,0
                98.589284273,16.605111831,0
                98.589243448,16.605138862,0
                98.5889347180001,16.6052208200001,0
                98.5889058120001,16.605228491,0
                98.5884797860001,16.605324748,0
                98.5881362200001,16.605442425,0
                98.588056049,16.6054666420001,0
                98.5875684760001,16.6055630280001,0
                98.587497431,16.6055896410001,0
                98.5874465150001,16.6056291950001,0
                98.587297687,16.6057448170001,0
                98.5871183360001,16.6059091330001,0
                98.586966976,16.6060916380001,0
                98.586881647,16.6061841970001,0
                98.5868633680001,16.606195719,0
                98.58682982,16.606199696,0
                98.586791206,16.606196234,0
                98.586757892,16.6061792420001,0
                98.5867123580001,16.606128369,0
                98.5865460620001,16.6058014760001,0
                98.5865235730001,16.605757263,0
                98.5863358980001,16.6055031180001,0
                98.585900478,16.604887729,0
                98.5857902920001,16.6046979290001,0
                98.585757168,16.604591226,0
                98.5857555580001,16.6045218260001,0
                98.5857539310001,16.604464271,0
                98.5857769040001,16.6043915330001,0
                98.5858262390001,16.604306998,0
                98.58604626,16.6040315340001,0
                98.5861746850001,16.6039014560001,0
                98.5862380930001,16.603803407,0
                98.586254034,16.6037357320001,0
                98.586254248,16.603635867,0
                98.586245578,16.6035867630001,0
                98.586224621,16.6035359410001,0
                98.586189592,16.603498632,0
                98.5861335150001,16.60345282,0
                98.5860782030001,16.6034174600001,0
                98.5860458650001,16.603396784,0
                98.585944134,16.603344211,0
                98.5859143500001,16.603328816,0
                98.585782812,16.603272697,0
                98.5856389350001,16.6032419430001,0
                98.58547049,16.603204368,0
                98.585366944,16.603194005,0
                98.585205456,16.6031869130001,0
                98.5850843060001,16.6031985220001,0
                98.5849192220001,16.6032337350001,0
                98.5848559870001,16.603252232,0
                98.5848067860001,16.603274136,0
                98.5847470180001,16.6033146410001,0
                98.584455124,16.603540873,0
                98.5843497000001,16.6035880590001,0
                98.5842863940001,16.6036387120001,0
                98.58425644,16.6036894320001,0
                98.584254559,16.603694847,0
                98.58423171,16.6037604750001,0
                98.584220982,16.603808283,0
                98.5842157600001,16.603831531,0
                98.584191064,16.6038873430001,0
                98.5841506100001,16.603924497,0
                98.5840908920001,16.6039396140001,0
                98.583843448,16.603905265,0
                98.5838149580001,16.6038937220001,0
                98.5836392730001,16.603822527,0
                98.5835873770001,16.6038015020001,0
                98.5835137280001,16.6037641140001,0
                98.5834610790001,16.6037572390001,0
                98.5834119310001,16.6037571410001,0
                98.5833802700001,16.6037858490001,0
                98.5833309060001,16.603883926,0
                98.583328485,16.603887023,0
                98.5832780950001,16.603951528,0
                98.5832341320001,16.60398868,0
                98.5831972430001,16.6039987570001,0
                98.5831498370001,16.604003742,0
                98.58302344,16.6040051840001,0
                98.5829075880001,16.6040032560001,0
                98.5827934370001,16.60402334,0
                98.5827214060001,16.604050278,0
                98.5826845030001,16.604068822,0
                98.5826300210001,16.60409918,0
                98.5825878160001,16.604131259,0
                98.5825697540001,16.604155742,0
                98.5825578880001,16.6041718230001,0
                98.5825208320001,16.6042614580001,0
                98.5824678910001,16.6043899920001,0
                98.582430947,16.6044254660001,0
                98.5823711990001,16.6044558140001,0
                98.582306208,16.604472609,0
                98.5822517980001,16.6044691160001,0
                98.582167558,16.60445879,0
                98.5818486140001,16.6043074790001,0
                98.581809149,16.604286126,0
                98.5817513740001,16.604214922,0
                98.5817512400001,16.604214325,0
                98.581727033,16.604106541,0
                98.5817253700001,16.604062528,0
                98.581718971,16.603774763,0
                98.5817067870001,16.6037273430001,0
                98.5816647810001,16.6036697110001,0
                98.5816157090001,16.6036323700001,0
                98.5815403730001,16.6035645160001,0
                98.581512392,16.603515369,0
                98.5815212560001,16.603476458,0
                98.5815616840001,16.6034511510001,0
                98.58163196,16.6034242100001,0
                98.5817601840001,16.6033889190001,0
                98.581818195,16.6033501060001,0
                98.5818604510001,16.6032926410001,0
                98.5818816270001,16.603241901,0
                98.5818800550001,16.603155574,0
                98.5818696250001,16.6031081570001,0
                98.5818398580001,16.6030742450001,0
                98.5817977790001,16.6030504620001,0
                98.5817433860001,16.6030385070001,0
                98.5816310980001,16.603011198,0
                98.5808798940001,16.6029538290001,0
                98.5807359730001,16.602943382,0
                98.5806832700001,16.602961893,0
                98.5806568730001,16.6029923090001,0
                98.5806444950001,16.6030329070001,0
                98.58064791,16.603076924,0
                98.5806618220001,16.60313789,0
                98.5807211890001,16.6032852700001,0
                98.5807595540001,16.6034021400001,0
                98.580797852,16.6035511700001,0
                98.5808011540001,16.6036476560001,0
                98.5807782270001,16.603695009,0
                98.5807482690001,16.60374911,0
                98.5806937710001,16.60378624,0
                98.5806234840001,16.6038182570001,0
                98.5805672760001,16.60383338,0
                98.580518123,16.603833281,0
                98.5804549630001,16.603816226,0
                98.5804234570001,16.603775538,0
                98.5804077560001,16.603729806,0
                98.5804061010001,16.6036840990001,0
                98.5804027550001,16.6036062330001,0
                98.580387075,16.6035520350001,0
                98.5803573700001,16.603487655,0
                98.5803293880001,16.603441898,0
                98.580275069,16.603394392,0
                98.5802329850001,16.6033723040001,0
                98.580097885,16.6033415590001,0
                98.580001343,16.6033379830001,0
                98.5798995230001,16.6033394680001,0
                98.5798450660001,16.6033579750001,0
                98.5798116510001,16.6033866870001,0
                98.5797606130001,16.6034458240001,0
                98.579727082,16.6035286960001,0
                98.5797128610001,16.603609916,0
                98.5796916070001,16.603696197,0
                98.5795522220001,16.6040209060001,0
                98.5794234460001,16.6043100910001,0
                98.579402299,16.604347288,0
                98.5791911220001,16.6045889120001,0
                98.5791840150001,16.6046278270001,0
                98.5791821610001,16.6046718330001,0
                98.5791855890001,16.6047107700001,0
                98.5791948460001,16.604744785,0
                98.5792012640001,16.6047683520001,0
                98.579238876,16.604856593,0
                98.5792763640001,16.6049445400001,0
                98.579281554,16.6049784030001,0
                98.5792849470001,16.605032576,0
                98.5792532390001,16.6050849820001,0
                98.5791970050001,16.605111951,0
                98.579126768,16.605120275,0
                98.5790319720001,16.605120083,0
                98.5789038510001,16.605107972,0
                98.578812563,16.605109483,0
                98.5787440870001,16.605116115,0
                98.578628183,16.605136192,0
                98.5784789180001,16.6051595860001,0
                98.578315628,16.605174489,0
                98.5776229880001,16.605196576,0
                98.577063487,16.6052617130001,0
              </coordinates>
                
            </LinearRing>
            
          </outerBoundaryIs>
        
        </Polygon>
        
      <styleUrl>
        #tambonStyle</styleUrl>
    </Placemark>

  </Document>
</kml>