<?xml version="1.0" encoding="UTF-8"?>
<kml xmlns="http://www.opengis.net/kml/2.2">
  <Document id="tambon_doc">
    <name>แม่เย็น, พาน, Chiang Rai</name>
    <description>ข้อมูลขอบเขตตำบลแม่เย็น อำเภอพาน จังหวัดChiang Rai</description>
    
    <!-- Schema สำหรับข้อมูลตำบล -->
    <Schema id="tambon.schema">
      <SimpleField name="ADM3_EN" type="string">
        <displayName>Subdistrict Name (English)</displayName>
      </SimpleField>
      <SimpleField name="ADM3_TH" type="string">
        <displayName>ชื่อตำบล</displayName>
      </SimpleField>
      <SimpleField name="ADM2_EN" type="string">
        <displayName>District Name (English)</displayName>
      </SimpleField>
      <SimpleField name="ADM2_TH" type="string">
        <displayName>ชื่ออำเภอ</displayName>
      </SimpleField>
      <SimpleField name="ADM1_EN" type="string">
        <displayName>Province Name (English)</displayName>
      </SimpleField>
      <SimpleField name="ADM1_TH" type="string">
        <displayName>ชื่อจังหวัด</displayName>
      </SimpleField>
      <SimpleField name="ADM0_EN" type="string">
        <displayName>Country Name (English)</displayName>
      </SimpleField>
      <SimpleField name="ADM0_TH" type="string">
        <displayName>ชื่อประเทศ</displayName>
      </SimpleField>
    </Schema>

    <!-- Style สำหรับตำบล -->
    <Style id="tambonStyle">
      <LineStyle>
        <color>ffff0000</color>
        <width>1.5</width>
      </LineStyle>
      <PolyStyle>
        <color>33ff0000</color>
        <fill>1</fill>
        <outline>1</outline>
      </PolyStyle>
    </Style>

    <Placemark id="Chiang_Rai.50">
        
        <ExtendedData>
            
          <SchemaData schemaUrl="#tambon.schema">
                
            <SimpleData name="Shape_Leng">
                0.317588240011</SimpleData>
                
            <SimpleData name="Shape_Area">
                0.00374395237091</SimpleData>
                
            <SimpleData name="ADM3_EN">
                Mae Yen</SimpleData>
                
            <SimpleData name="ADM3_TH">
                แม่เย็น</SimpleData>
                
            <SimpleData name="ADM3_PCODE">
                TH570512</SimpleData>
                
            <SimpleData name="ADM2_EN">
                Phan</SimpleData>
                
            <SimpleData name="ADM2_TH">
                พาน</SimpleData>
                
            <SimpleData name="ADM2_PCODE">
                TH5705</SimpleData>
                
            <SimpleData name="ADM1_EN">
                Chiang Rai</SimpleData>
                
            <SimpleData name="ADM1_TH">
                เชียงราย</SimpleData>
                
            <SimpleData name="ADM1_PCODE">
                TH57</SimpleData>
                
            <SimpleData name="ADM0_EN">
                Thailand</SimpleData>
                
            <SimpleData name="ADM0_TH">
                ประเทศไทย</SimpleData>
                
            <SimpleData name="ADM0_PCODE">
                TH</SimpleData>
            
          </SchemaData>
        
        </ExtendedData>
        
        <Polygon>
            
          <outerBoundaryIs>
                
            <LinearRing>
                    
              <coordinates>
                    
                99.780071767,19.444930707,0
                99.77998125,19.444902707,0
                99.7799295090001,19.444888841,0
                99.779889057,19.444876057,0
                99.779861678,19.4448649060001,0
                99.7798360640001,19.4448492380001,0
                99.7798146100001,19.444834117,0
                99.779791947,19.444815057,0
                99.779764657,19.444789606,0
                99.7797179620001,19.4447460690001,0
                99.7796887280001,19.4447185830001,0
                99.7796601580001,19.4447063120001,0
                99.779630416,19.4446979860001,0
                99.779595348,19.4446925030001,0
                99.779535933,19.4446893780001,0
                99.7794842650001,19.444690725,0
                99.7794634750001,19.4446908150001,0
                99.7794492090001,19.4446886210001,0
                99.7794355220001,19.444683046,0
                99.7793866490001,19.4446483250001,0
                99.7793213420001,19.444594523,0
                99.7792805010001,19.4445608770001,0
                99.779117882,19.444464098,0
                99.778978888,19.4443905430001,0
                99.7789499560001,19.44437523,0
                99.778830267,19.4443126370001,0
                99.7787510480001,19.444266773,0
                99.778701588,19.444232615,0
                99.7786246740001,19.444171528,0
                99.7784079960001,19.4439493260001,0
                99.7782773220001,19.4438242370001,0
                99.7781580430001,19.443722762,0
                99.7780709310001,19.4436414350001,0
                99.777991645,19.4435803580001,0
                99.777919539,19.4435316440001,0
                99.7778260200001,19.443476262,0
                99.777716405,19.4434085550001,0
                99.7775972620001,19.4433352500001,0
                99.777479294,19.44325969,0
                99.777428673,19.443231736,0
                99.7773858150001,19.443212762,0
                99.7772871270001,19.4431730850001,0
                99.777251021,19.443159349,0
                99.7771855720001,19.4431344500001,0
                99.7770593860001,19.4430793970001,0
                99.776955404,19.4430302590001,0
                99.776900627,19.4430026970001,0
                99.7767894200001,19.4429325520001,0
                99.7766908900001,19.4428638570001,0
                99.776609846,19.4428093610001,0
                99.776554064,19.4427681400001,0
                99.7763578070001,19.442611739,0
                99.7762550850001,19.44251517,0
                99.7762343210001,19.4424956500001,0
                99.7761390800001,19.4424061120001,0
                99.775926886,19.4422644480001,0
                99.7757566020001,19.4421617150001,0
                99.77559841,19.442066276,0
                99.775425833,19.441971758,0
                99.7753082950001,19.441890615,0
                99.7752099250001,19.441816193,0
                99.7752031200001,19.441803427,0
                99.7751882140001,19.4417754630001,0
                99.7751665270001,19.441739269,0
                99.7751210170001,19.4417213250001,0
                99.7750444930001,19.4417171150001,0
                99.7749537220001,19.441733374,0
                99.7749075710001,19.4417595420001,0
                99.774833239,19.4418016810001,0
                99.7747688160001,19.4418606730001,0
                99.774751661,19.441879597,0
                99.774539657,19.4421135040001,0
                99.7744800780001,19.442177932,0
                99.7743298950001,19.4423403330001,0
                99.7740505570001,19.4427156080001,0
                99.7739260610001,19.4428087380001,0
                99.7737428030001,19.442861372,0
                99.7735710490001,19.44286951,0
                99.7733757250001,19.442848122,0
                99.773285802,19.4428225780001,0
                99.773129666,19.442830649,0
                99.7729758890001,19.442899181,0
                99.7728685860001,19.442939176,0
                99.7726698150001,19.443014095,0
                99.7725721930001,19.4430108120001,0
                99.7723180070001,19.4429267040001,0
                99.7722031330001,19.4429017150001,0
                99.7721343140001,19.442886747,0
                99.7720210140001,19.442872412,0
                99.7719156380001,19.442880265,0
                99.7718181500001,19.4429066070001,0
                99.771701766,19.44295773,0
                99.771588266,19.4430075880001,0
                99.7713391780001,19.44317532,0
                99.7710974390001,19.4432467180001,0
                99.770921764,19.4432511700001,0
                99.7708804210001,19.4432390370001,0
                99.7708750560001,19.443237461,0
                99.7707849210001,19.443211009,0
                99.770650958,19.443082684,0
                99.770635901,19.443072283,0
                99.770453521,19.442898058,0
                99.7702098020001,19.442703986,0
                99.770203677,19.4426991080001,0
                99.770141976,19.4426549250001,0
                99.7700745480001,19.442638548,0
                99.76998955,19.44262224,0
                99.769979365,19.4426214920001,0
                99.7698460120001,19.442611739,0
                99.7696673410001,19.442601381,0
                99.769529607,19.4425797440001,0
                99.7694211290001,19.4425524280001,0
                99.7693782520001,19.4425340020001,0
                99.7692802890001,19.442491908,0
                99.769243342,19.442468768,0
                99.7692268090001,19.442458415,0
                99.7691921810001,19.442436726,0
                99.7691893370001,19.4424332720001,0
                99.7691214970001,19.4423509150001,0
                99.7690715730001,19.4423205680001,0
                99.7690129810001,19.442315262,0
                99.7689588710001,19.442339858,0
                99.7689574660001,19.442340497,0
                99.7689006350001,19.4423652900001,0
                99.7688288840001,19.442396597,0
                99.7687746440001,19.4424160090001,0
                99.7687275150001,19.4424271250001,0
                99.7686220620001,19.44242016,0
                99.7685165760001,19.4424057910001,0
                99.768383655,19.442369318,0
                99.768312199,19.4423255400001,0
                99.7682035340001,19.4422589660001,0
                99.768129194,19.442225944,0
                99.7680040150001,19.442174623,0
                99.7678592250001,19.4421048620001,0
                99.76766466,19.441968026,0
                99.767549951,19.441929009,0
                99.7673989350001,19.4419197720001,0
                99.767232187,19.4419265230001,0
                99.7670710040001,19.4419260940001,0
                99.767013735,19.4419315970001,0
                99.7667782110001,19.441888315,0
                99.7667167070001,19.441863391,0
                99.7664661370001,19.441716296,0
                99.7663415700001,19.4416211550001,0
                99.7662153590001,19.441524756,0
                99.766011898,19.441431789,0
                99.7658294220001,19.4413732990001,0
                99.7656627870001,19.441364122,0
                99.7655959310001,19.4413737680001,0
                99.7653454490001,19.4414099090001,0
                99.7650232270001,19.4415248500001,0
                99.76476117,19.441587322,0
                99.7646436210001,19.441615343,0
                99.7643261000001,19.4416216170001,0
                99.763779405,19.441604166,0
                99.763480583,19.441628241,0
                99.7633088860001,19.4416724480001,0
                99.7630660730001,19.441699806,0
                99.7626464360001,19.4417268560001,0
                99.7626289140001,19.4417279850001,0
                99.762533982,19.4417338420001,0
                99.7619419430001,19.441770375,0
                99.7619140640001,19.4417702120001,0
                99.7612894580001,19.441766531,0
                99.7601792790001,19.4416888430001,0
                99.7595589200001,19.4415408620001,0
                99.7595461780001,19.441537822,0
                99.7591938790001,19.4414444330001,0
                99.758935395,19.4413927460001,0
                99.758642191,19.4413443400001,0
                99.7577728800001,19.4411643380001,0
                99.7573850910001,19.441026992,0
                99.7573772150001,19.441027025,0
                99.7570502600001,19.4410283890001,0
                99.7568510890001,19.4410458030001,0
                99.7567521730001,19.441054453,0
                99.7567141550001,19.441046375,0
                99.756568879,19.4410155090001,0
                99.7564637850001,19.440916691,0
                99.7563746390001,19.4408723930001,0
                99.75623418,19.440877275,0
                99.7562124820001,19.440878029,0
                99.7562026470001,19.440879852,0
                99.7561365700001,19.440892075,0
                99.7557319470001,19.441048982,0
                99.7557259610001,19.441050492,0
                99.755477193,19.4411133200001,0
                99.7553359070001,19.4411064670001,0
                99.7550998930001,19.440980892,0
                99.7548633160001,19.440732484,0
                99.754858041,19.4407212190001,0
                99.7547176570001,19.4406288640001,0
                99.754555172,19.4405933090001,0
                99.7544779950001,19.4405628590001,0
                99.7544073020001,19.440526355,0
                99.7543244700001,19.4404555510001,0
                99.754302458,19.4404168030001,0
                99.754292541,19.4403559130001,0
                99.754290596,19.4403439770001,0
                99.754264429,19.4401989610001,0
                99.7542493610001,19.4401365630001,0
                99.7542201940001,19.4400157920001,0
                99.754208206,19.439920022,0
                99.7541918090001,19.439767477,0
                99.7541479930001,19.4396262110001,0
                99.7540255170001,19.439444329,0
                99.753867239,19.439290359,0
                99.7534321740001,19.438961841,0
                99.7533667850001,19.438908176,0
                99.753302885,19.438854416,0
                99.7532815100001,19.4388206080001,0
                99.7532724630001,19.4387952210001,0
                99.753271226,19.438769802,0
                99.753282288,19.4387464500001,0
                99.753301165,19.438724128,0
                99.7533713940001,19.43869735,0
                99.753526573,19.43866081,0
                99.753632413,19.4386358840001,0
                99.753794138,19.438593901,0
                99.7538521130001,19.438573531,0
                99.7538721590001,19.4385617950001,0
                99.7538799530001,19.4385503820001,0
                99.7538910110001,19.4385341730001,0
                99.753902048,19.438505526,0
                99.753900752,19.438466335,0
                99.7538916710001,19.438434596,0
                99.7538669670001,19.4384050350001,0
                99.7538355820001,19.4383797410001,0
                99.753786312,19.438350283,0
                99.7536699710001,19.438305217,0
                99.753578255,19.438272759,0
                99.753476484,19.4382392800001,0
                99.7533612180001,19.4381857330001,0
                99.753275074,19.4381511330001,0
                99.7532347590001,19.4381258760001,0
                99.753196653,19.438096371,0
                99.753168568,19.4380594150001,0
                99.753151641,19.438021346,0
                99.7531424370001,19.4379631200001,0
                99.753151749,19.437803124,0
                99.7531558650001,19.4377268330001,0
                99.7531523700001,19.4376950660001,0
                99.7531376970001,19.4376612300001,0
                99.753112974,19.4376274320001,0
                99.75308047,19.437601085,0
                99.753004317,19.437553732,0
                99.7529237990001,19.4374964,0
                99.752412452,19.4370940320001,0
                99.7523560060001,19.4370367560001,0
                99.7522763250001,19.436951278,0
                99.752225761,19.436882633,0
                99.752152713,19.4367822990001,0
                99.752102188,19.4367221260001,0
                99.7520573130001,19.436676758,0
                99.7520125010001,19.4366451660001,0
                99.7519710870001,19.436624152,0
                99.7519487100001,19.4366093720001,0
                99.751929643,19.4365967800001,0
                99.7518132700001,19.4365442930001,0
                99.751755114,19.436525467,0
                99.751720435,19.436511839,0
                99.7516890900001,19.4364939590001,0
                99.7516632730001,19.436465465,0
                99.7516251630001,19.4364338450001,0
                99.7515916080001,19.4364223310001,0
                99.7515580820001,19.43641717,0
                99.7515246010001,19.43642049,0
                99.751483545,19.436423533,0
                99.7514227810001,19.436422624,0
                99.7513984880001,19.436422001,0
                99.7513785030001,19.43642104,0
                99.751361708,19.436419705,0
                99.751344944,19.436417926,0
                99.751336586,19.436416867,0
                99.7513199510001,19.436414293,0
                99.751311538,19.436412669,0
                99.751303185,19.436410811,0
                99.7512949110001,19.436408703,0
                99.751286742,19.436406302,0
                99.751279314,19.4364037890001,0
                99.75127201,19.436401013,0
                99.751264828,19.4363979980001,0
                99.751257788,19.436394751,0
                99.751250923,19.436391251,0
                99.751243688,19.4363871190001,0
                99.7512367610001,19.436382661,0
                99.751230214,19.4363778580001,0
                99.751224156,19.4363726600001,0
                99.7512187330001,19.4363669800001,0
                99.7512137300001,19.4363602280001,0
                99.751209567,19.436352948,0
                99.7512061790001,19.4363452630001,0
                99.7512035840001,19.4363372670001,0
                99.7512022180001,19.4363312140001,0
                99.7512013130001,19.4363250590001,0
                99.7512008640001,19.4363184910001,0
                99.7512008670001,19.4363118630001,0
                99.751201274,19.436305206,0
                99.751202058,19.4362985330001,0
                99.7512033850001,19.436290973,0
                99.7512051080001,19.436283443,0
                99.751207531,19.4362747220001,0
                99.751210272,19.4362660400001,0
                99.751213238,19.4362573980001,0
                99.7512244160001,19.4362273690001,0
                99.7512324190001,19.4362058730001,0
                99.7512384120001,19.4361886510001,0
                99.75124114,19.4361799870001,0
                99.7512434600001,19.436171831,0
                99.7512455600001,19.4361636350001,0
                99.7512474470001,19.4361554130001,0
                99.7512491090001,19.4361471600001,0
                99.7512505000001,19.4361388900001,0
                99.7512515760001,19.4361305950001,0
                99.7512522380001,19.436122283,0
                99.7512524200001,19.4361141850001,0
                99.7512522070001,19.436106076,0
                99.7512516640001,19.4360979630001,0
                99.7512508460001,19.4360898520001,0
                99.7512497700001,19.43608175,0
                99.7512484430001,19.4360736680001,0
                99.751246843,19.436065505,0
                99.751245038,19.4360573660001,0
                99.7512410680001,19.4360411260001,0
                99.7512348500001,19.4360167840001,0
                99.751231008,19.436000521,0
                99.7512293410001,19.435992372,0
                99.7512280400001,19.435984945,0
                99.7512269870001,19.4359775030001,0
                99.751226219,19.43597006,0
                99.75122579,19.435962751,0
                99.7512256990001,19.4359554540001,0
                99.7512259570001,19.4359481970001,0
                99.7512266090001,19.435940987,0
                99.751227719,19.4359338530001,0
                99.7512292420001,19.4359272630001,0
                99.7512311890001,19.435920762,0
                99.7512335310001,19.435914364,0
                99.75123626,19.435908081,0
                99.7512398750001,19.4359009630001,0
                99.7512439160001,19.4358940060001,0
                99.7512482990001,19.435887184,0
                99.7512530880001,19.4358803320001,0
                99.7512581010001,19.435873588,0
                99.751278669,19.435847532,0
                99.751284319,19.4358403740001,0
                99.7512894280001,19.43583367,0
                99.7512943550001,19.43582689,0
                99.751299019,19.435819994,0
                99.751303567,19.435812534,0
                99.7513076420001,19.4358048990001,0
                99.7513111490001,19.435797086,0
                99.7513139280001,19.435789239,0
                99.7513159870001,19.4357812330001,0
                99.7513172600001,19.4357732620001,0
                99.7513177320001,19.435767228,0
                99.7513178280001,19.435761155,0
                99.7513176360001,19.435756671,0
                99.7513175670001,19.4357550660001,0
                99.7513166560001,19.4357465030001,0
                99.7513152070001,19.4357379510001,0
                99.751313301,19.4357294330001,0
                99.7513122120001,19.435725469,0
                99.7513109750001,19.4357209660001,0
                99.7513083280001,19.4357127810001,0
                99.7513053900001,19.435704656,0
                99.7513022470001,19.435696572,0
                99.7512985760001,19.435687719,0
                99.7512955770001,19.4356804870001,0
                99.751291542,19.4356711390001,0
                99.7512782940001,19.4356404540001,0
                99.7512717010001,19.43562439,0
                99.7512686000001,19.4356163260001,0
                99.7512657290001,19.435608218,0
                99.7512631580001,19.435600059,0
                99.7512610690001,19.435592161,0
                99.751259394,19.435584211,0
                99.7512582000001,19.4355762050001,0
                99.7512575630001,19.4355683370001,0
                99.751257432,19.435560439,0
                99.751257777,19.4355525400001,0
                99.7512586170001,19.4355446610001,0
                99.7512600460001,19.435536391,0
                99.7512619220001,19.435528155,0
                99.751264109,19.435519937,0
                99.7512690680001,19.4355035150001,0
                99.7512709550001,19.4354975580001,0
                99.7512768940001,19.435478817,0
                99.7512793610001,19.4354705330001,0
                99.7512816320001,19.435462215,0
                99.751283367,19.4354550350001,0
                99.751283539,19.4354543220001,0
                99.7512851980001,19.4354464040001,0
                99.7512866000001,19.4354384820001,0
                99.7512877070001,19.4354305700001,0
                99.751288452,19.4354227050001,0
                99.7512887720001,19.4354146480001,0
                99.7512886230001,19.435408055,0
                99.7512885930001,19.435406728,0
                99.7512883540001,19.4354042190001,0
                99.7512878570001,19.4353990180001,0
                99.7512864560001,19.435391619,0
                99.7512842290001,19.435384652,0
                99.7512809410001,19.435378272,0
                99.7512762420001,19.4353724310001,0
                99.751270451,19.435367236,0
                99.751263856,19.435362528,0
                99.7512566680001,19.4353582110001,0
                99.7512554400001,19.435357568,0
                99.7512490490001,19.4353542170001,0
                99.7512411210001,19.4353505180001,0
                99.7512329560001,19.435347118,0
                99.7512246160001,19.4353440620001,0
                99.751216136,19.4353414400001,0
                99.7512085070001,19.435339556,0
                99.7512008090001,19.4353381550001,0
                99.751192255,19.435337233,0
                99.751183719,19.4353369930001,0
                99.7511752670001,19.435337502,0
                99.7511683710001,19.435338561,0
                99.7511616200001,19.4353402290001,0
                99.7511554960001,19.435342351,0
                99.751149545,19.435344969,0
                99.7511437670001,19.435348015,0
                99.7511384520001,19.4353512640001,0
                99.7511332770001,19.4353547960001,0
                99.751128222,19.435358562,0
                99.751122518,19.435363109,0
                99.751105081,19.4353775540001,0
                99.751098831,19.435382496,0
                99.7510924810001,19.4353872840001,0
                99.751086005,19.43539187,0
                99.751085505,19.4353921950001,0
                99.7510793760001,19.435396181,0
                99.7510725650001,19.4354001310001,0
                99.7510662540001,19.4354032970001,0
                99.7510584390001,19.4354065740001,0
                99.751050412,19.435409313,0
                99.7510421970001,19.435411521,0
                99.7510341120001,19.4354131540001,0
                99.7510259160001,19.435414344,0
                99.7510176470001,19.4354151420001,0
                99.7510093240001,19.435415574,0
                99.7510009750001,19.4354156220001,0
                99.7509921810001,19.435415243,0
                99.7509849020001,19.4354146220001,0
                99.750983385,19.4354144930001,0
                99.750974603,19.4354134450001,0
                99.7509658420001,19.4354121390001,0
                99.7509571240001,19.4354105850001,0
                99.7509546110001,19.435410059,0
                99.750948452,19.4354087680001,0
                99.7509402630001,19.4354067740001,0
                99.7509399510001,19.4354066980001,0
                99.750931515,19.435404383,0
                99.7509231540001,19.435401847,0
                99.7509207370001,19.43540104,0
                99.7509148780001,19.435399084,0
                99.7509066960001,19.4353960820001,0
                99.7508996380001,19.435393237,0
                99.7508926660001,19.4353902030001,0
                99.750885779,19.435387001,0
                99.7508789760001,19.435383636,0
                99.7508722630001,19.4353801070001,0
                99.75086416,19.435375546,0
                99.7508633670001,19.435375073,0
                99.750856179,19.435370785,0
                99.7508404690001,19.435360846,0
                99.7508327150001,19.435355728,0
                99.7508174210001,19.4353452770001,0
                99.7507948430001,19.435329231,0
                99.750765029,19.4353075120001,0
                99.750760304,19.4353039650001,0
                99.7507459820001,19.435293212,0
                99.750735961,19.435285687,0
                99.7506713600001,19.435236257,0
                99.7506473320001,19.435217708,0
                99.7506427530001,19.4352141730001,0
                99.7506215380001,19.4351973390001,0
                99.7506074630001,19.4351856270001,0
                99.7505934280001,19.4351734590001,0
                99.7505726100001,19.435154907,0
                99.7505380270001,19.4351237290001,0
                99.7505169670001,19.435105272,0
                99.750510202,19.435099644,0
                99.7505097860001,19.4350992930001,0
                99.750502807,19.4350937190001,0
                99.7504957040001,19.435088304,0
                99.750489685,19.4350839570001,0
                99.7504884690001,19.435083079,0
                99.750481074,19.4350780990001,0
                99.7504734840001,19.435073435,0
                99.750465821,19.4350692510001,0
                99.7504579540001,19.435065471,0
                99.750449904,19.4350621150001,0
                99.750441665,19.435059262,0
                99.7504343740001,19.4350572450001,0
                99.750426975,19.4350556360001,0
                99.7504195010001,19.435054415,0
                99.750411967,19.4350535880001,0
                99.7504044120001,19.4350531900001,0
                99.7503975910001,19.435053231,0
                99.7503914440001,19.435053612,0
                99.7503907920001,19.4350536530001,0
                99.7503840370001,19.435054435,0
                99.750377341,19.435055597,0
                99.7503765550001,19.435055778,0
                99.7503707380001,19.435057124,0
                99.7503642500001,19.4350590170001,0
                99.7503585580001,19.435061047,0
                99.7503555660001,19.4350623080001,0
                99.7503530060001,19.4350633880001,0
                99.7503453510001,19.4350672640001,0
                99.7503380220001,19.435071678,0
                99.750333916,19.4350745450001,0
                99.7503310430001,19.4350765500001,0
                99.750324462,19.4350818410001,0
                99.7503183580001,19.4350875640001,0
                99.750312867,19.4350937630001,0
                99.750308262,19.435100221,0
                99.750304283,19.4351070920001,0
                99.7503008630001,19.435114281,0
                99.750297978,19.4351217390001,0
                99.7502960630001,19.4351278780001,0
                99.750294453,19.4351341340001,0
                99.7502931160001,19.4351404830001,0
                99.7502917580001,19.4351486800001,0
                99.750290691,19.4351569580001,0
                99.7502898290001,19.4351652930001,0
                99.750286497,19.4352072510001,0
                99.750284804,19.435224337,0
                99.750282643,19.435241348,0
                99.7502816030001,19.4352480520001,0
                99.7502813300001,19.435249807,0
                99.7502797970001,19.4352582270001,0
                99.7502779310001,19.4352668510001,0
                99.750275779,19.4352754,0
                99.7502733320001,19.435283859,0
                99.7502705370001,19.4352921890001,0
                99.7502675380001,19.4352999230001,0
                99.7502665480001,19.435302177,0
                99.7502642100001,19.4353075,0
                99.7502605720001,19.4353148980001,0
                99.7502588580001,19.435318006,0
                99.7502566140001,19.4353220720001,0
                99.7502522880001,19.435328957,0
                99.750247517,19.435335461,0
                99.750242196,19.4353414610001,0
                99.750236461,19.435346635,0
                99.7502302,19.4353512700001,0
                99.750223518,19.435355391,0
                99.750216471,19.435359003,0
                99.7502090980001,19.435362061,0
                99.750201641,19.435364468,0
                99.7501969990001,19.4353656210001,0
                99.7501939580001,19.4353663750001,0
                99.7501861110001,19.435367854,0
                99.7501779150001,19.435368972,0
                99.7501696210001,19.4353697610001,0
                99.750161275,19.4353702700001,0
                99.7501528930001,19.4353705350001,0
                99.7501444920001,19.43537056,0
                99.7501360990001,19.4353703240001,0
                99.7501346120001,19.435370231,0
                99.750127718,19.4353697980001,0
                99.750118264,19.4353687940001,0
                99.7501130510001,19.4353680420001,0
                99.750108852,19.435367436,0
                99.7500994850001,19.435365785,0
                99.7500901700001,19.4353638760001,0
                99.7500820270001,19.4353619720001,0
                99.7500809250001,19.4353617140001,0
                99.750071764,19.435359272,0
                99.7500657800001,19.4353574680001,0
                99.750064443,19.4353570650001,0
                99.7500571880001,19.4353546730001,0
                99.7500499990001,19.435352096,0
                99.7500418920001,19.4353489530001,0
                99.7500259010001,19.4353421600001,0
                99.750010155,19.4353348560001,0
                99.749989107,19.4353242170001,0
                99.749984027,19.435321475,0
                99.74997411,19.4353161230001,0
                99.7499580940001,19.435307134,0
                99.749878654,19.4352611950001,0
                99.7498547110001,19.4352475760001,0
                99.749838577,19.435238801,0
                99.7498304040001,19.435234596,0
                99.7498220450001,19.435230523,0
                99.749813583,19.435226646,0
                99.749811106,19.435225587,0
                99.7498050170001,19.4352229850001,0
                99.749797087,19.4352198500001,0
                99.7497890770001,19.435216897,0
                99.749781,19.4352141200001,0
                99.749772863,19.435211515,0
                99.749764665,19.435209104,0
                99.7497633950001,19.4352087680001,0
                99.74975641,19.43520692,0
                99.7497482910001,19.435205051,0
                99.7497401250001,19.435203427,0
                99.7497319220001,19.435202046,0
                99.7497278580001,19.435201492,0
                99.749723691,19.4352009240001,0
                99.7497149710001,19.435200056,0
                99.7497062480001,19.4351995540001,0
                99.749697537,19.435199477,0
                99.749690984,19.4351997530001,0
                99.7496844570001,19.4352003220001,0
                99.7496769410001,19.435201352,0
                99.749669489,19.435202765,0
                99.74966212,19.435204549,0
                99.7496547520001,19.435206739,0
                99.7496474860001,19.435209263,0
                99.7496403220001,19.4352120940001,0
                99.7496322220001,19.4352156790001,0
                99.749624248,19.435219557,0
                99.7496163800001,19.4352236830001,0
                99.7496093540001,19.4352275800001,0
                99.7495814550001,19.4352436130001,0
                99.7495721350001,19.4352485150001,0
                99.7495674530001,19.4352509770001,0
                99.7495603250001,19.435254381,0
                99.749553081,19.435257538,0
                99.7495460540001,19.435260274,0
                99.7495389210001,19.4352627380001,0
                99.7495316960001,19.4352649370001,0
                99.7495243800001,19.435266847,0
                99.7495157870001,19.43526869,0
                99.7495071110001,19.4352701710001,0
                99.7494983670001,19.4352713550001,0
                99.7494895790001,19.4352722450001,0
                99.7494827140001,19.4352726990001,0
                99.749480766,19.4352728280001,0
                99.7494719410001,19.4352730640001,0
                99.7494631200001,19.435272879,0
                99.7494561390001,19.435272336,0
                99.749454568,19.4352722140001,0
                99.7494460510001,19.435271119,0
                99.7494375950001,19.435269632,0
                99.749428589,19.435267617,0
                99.7494197,19.435265219,0
                99.7494109670001,19.435262471,0
                99.7494024370001,19.4352593570001,0
                99.7493942,19.435255822,0
                99.7493863700001,19.435251765,0
                99.7493838350001,19.4352501170001,0
                99.7493791050001,19.4352470420001,0
                99.7493724010001,19.435241386,0
                99.74936639,19.4352350350001,0
                99.7493610290001,19.435228158,0
                99.7493563420001,19.435220875,0
                99.7493524160001,19.4352132560001,0
                99.749349436,19.4352053380001,0
                99.749348077,19.4351998540001,0
                99.7493472470001,19.4351942820001,0
                99.749346964,19.4351886580001,0
                99.7493472880001,19.4351824350001,0
                99.7493482360001,19.4351762360001,0
                99.7493501970001,19.435168651,0
                99.749352925,19.4351612070001,0
                99.7493563500001,19.4351539680001,0
                99.749360461,19.4351470020001,0
                99.7493648480001,19.4351409070001,0
                99.749369727,19.4351350800001,0
                99.7493750070001,19.435129492,0
                99.7493806320001,19.4351241370001,0
                99.7493873350001,19.4351183580001,0
                99.749394335,19.43511283,0
                99.7494015540001,19.4351075230001,0
                99.7494089560001,19.435102418,0
                99.749429627,19.435089071,0
                99.7494363600001,19.435084557,0
                99.7494428540001,19.4350798580001,0
                99.7494489900001,19.435074867,0
                99.7494542960001,19.435069857,0
                99.7494591490001,19.435064519,0
                99.7494635,19.4350588670001,0
                99.7494672730001,19.4350529000001,0
                99.749470407,19.435046616,0
                99.7494729300001,19.435040072,0
                99.749474885,19.435033327,0
                99.749476282,19.435026436,0
                99.7494770930001,19.435019438,0
                99.7494772810001,19.4350126730001,0
                99.7494769400001,19.4350058790001,0
                99.7494761040001,19.4349990870001,0
                99.7494744320001,19.434990726,0
                99.749472123,19.4349824620001,0
                99.749470611,19.434978254,0
                99.749469209,19.4349743500001,0
                99.7494660510001,19.434967166,0
                99.7494624610001,19.434960168,0
                99.749458491,19.4349533750001,0
                99.7494541560001,19.434946837,0
                99.7494494360001,19.434940612,0
                99.7494442890001,19.434934787,0
                99.749438635,19.434929488,0
                99.7494317920001,19.434924401,0
                99.7494243940001,19.434919945,0
                99.7494165880001,19.434916006,0
                99.7494084850001,19.434912506,0
                99.7494001740001,19.434909422,0
                99.7493917180001,19.434906783,0
                99.749383154,19.434904649,0
                99.749374522,19.4349031580001,0
                99.7493679030001,19.4349025390001,0
                99.7493613010001,19.434902412,0
                99.7493547350001,19.43490281,0
                99.749348636,19.434903676,0
                99.7493482530001,19.4349037310001,0
                99.7493396610001,19.434905827,0
                99.7493325140001,19.434908385,0
                99.7493313730001,19.434908794,0
                99.7493239290001,19.4349123760001,0
                99.7493234840001,19.4349125900001,0
                99.7493161180001,19.434917243,0
                99.7493094660001,19.4349227060001,0
                99.749303307,19.434928858,0
                99.749297513,19.434935501,0
                99.7492973930001,19.434935652,0
                99.749291987,19.4349424910001,0
                99.7492866470001,19.434949725,0
                99.749281442,19.43495712,0
                99.749260344,19.4349884220001,0
                99.749256029,19.4349948220001,0
                99.7492455620001,19.4350095410001,0
                99.749240103,19.4350166250001,0
                99.7492389710001,19.435017971,0
                99.7492343950001,19.4350234130001,0
                99.749228347,19.4350297820001,0
                99.7492218340001,19.435035574,0
                99.7492159290001,19.435039864,0
                99.7492096730001,19.435043658,0
                99.7492031210001,19.4350469830001,0
                99.749196328,19.435049835,0
                99.749189318,19.4350521860001,0
                99.749184433,19.435053467,0
                99.7491794700001,19.4350544910001,0
                99.7491718680001,19.4350555340001,0
                99.749164174,19.4350560180001,0
                99.749156429,19.435055941,0
                99.749147829,19.4350552130001,0
                99.74913925,19.4350538890001,0
                99.74913073,19.4350520400001,0
                99.749122308,19.435049689,0
                99.749114385,19.4350469880001,0
                99.7491065600001,19.435043921,0
                99.749098829,19.4350405820001,0
                99.7490911780001,19.4350370170001,0
                99.749083607,19.4350332710001,0
                99.7490761210001,19.435029362,0
                99.7490742480001,19.4350283050001,0
                99.749060478,19.435020534,0
                99.7490451990001,19.4350111950001,0
                99.7490377130001,19.4350063410001,0
                99.7490303700001,19.4350013430001,0
                99.749023197,19.434996149,0
                99.7490224650001,19.4349955750001,0
                99.7490162610001,19.4349907060001,0
                99.7490095620001,19.4349849280001,0
                99.7490031,19.4349789,0
                99.748996827,19.4349726770001,0
                99.7489846990001,19.4349598220001,0
                99.7489730550001,19.434946546,0
                99.748967442,19.4349397510001,0
                99.7489627470001,19.4349338060001,0
                99.7489537040001,19.4349216800001,0
                99.7489483350001,19.4349139130001,0
                99.7489451170001,19.4349092580001,0
                99.748941631,19.4349038570001,0
                99.748940469,19.434902057,0
                99.748935954,19.43489477,0
                99.7489272320001,19.434880031,0
                99.7489188150001,19.4348651280001,0
                99.7489107440001,19.4348500790001,0
                99.7489032060001,19.434834811,0
                99.7489001700001,19.4348280460001,0
                99.7488977680001,19.4348223060001,0
                99.748897314,19.434821222,0
                99.7488946440001,19.4348143240001,0
                99.7488918990001,19.4348065730001,0
                99.7488893670001,19.434798749,0
                99.7488870070001,19.434790879,0
                99.748882757,19.434775001,0
                99.7488808720001,19.4347670110001,0
                99.748879173,19.43475898,0
                99.7488775910001,19.4347503930001,0
                99.7488749350001,19.434733126,0
                99.7488744930001,19.4347297480001,0
                99.7488726650001,19.4347157890001,0
                99.748865289,19.4346550070001,0
                99.7488628190001,19.4346377030001,0
                99.748861408,19.4346290840001,0
                99.748858334,19.434613047,0
                99.7488547790001,19.434597108,0
                99.7488528330001,19.4345891770001,0
                99.7488485220001,19.434573417,0
                99.7488459360001,19.4345650550001,0
                99.7488453720001,19.434563376,0
                99.748843149,19.434556753,0
                99.748836866,19.434539821,0
                99.7488301400001,19.4345230270001,0
                99.748823186,19.434506298,0
                99.7488124880001,19.4344813060001,0
                99.7488030590001,19.4344603820001,0
                99.74880132,19.434456524,0
                99.7487973820001,19.4344483620001,0
                99.748793306,19.434440522,0
                99.7487889970001,19.434432239,0
                99.74878456,19.434424296,0
                99.748775397,19.434408885,0
                99.7487658540001,19.4343936660001,0
                99.7487560690001,19.4343785840001,0
                99.7487460510001,19.434363638,0
                99.748741522,19.4343572010001,0
                99.748735691,19.434348915,0
                99.7487317960001,19.4343436620001,0
                99.7487307600001,19.434342266,0
                99.7487205890001,19.434329178,0
                99.7487100420001,19.434316358,0
                99.748704301,19.434309694,0
                99.748692577,19.434296558,0
                99.7486746420001,19.434277131,0
                99.748662519,19.434264317,0
                99.7486502250001,19.434251676,0
                99.7486376140001,19.4342393430001,0
                99.748631114,19.434233374,0
                99.748624496,19.4342276140001,0
                99.7486177310001,19.4342219980001,0
                99.7486157170001,19.4342204000001,0
                99.748603926,19.4342110440001,0
                99.748589898,19.434200312,0
                99.7485686220001,19.4341844730001,0
                99.7485542860001,19.434174103,0
                99.7485528080001,19.434173081,0
                99.748539737,19.4341640420001,0
                99.7485323330001,19.4341592110001,0
                99.7485209230001,19.434152286,0
                99.7485151110001,19.4341490030001,0
                99.7485083070001,19.434145389,0
                99.7485069470001,19.4341446670001,0
                99.7484986600001,19.434140563,0
                99.7484908040001,19.434136934,0
                99.748490255,19.4341366800001,0
                99.7484817420001,19.434133033,0
                99.7484731060001,19.434129662,0
                99.7484657160001,19.4341270670001,0
                99.7484582370001,19.434124685,0
                99.748450688,19.434122498,0
                99.748443073,19.4341205000001,0
                99.7484338660001,19.4341183510001,0
                99.7484245890001,19.434116402,0
                99.748388682,19.434109748,0
                99.74837784,19.434107738,0
                99.748359248,19.434103916,0
                99.7483500600001,19.4341016990001,0
                99.7483436840001,19.4340999680001,0
                99.7483373700001,19.434098073,0
                99.748331131,19.434096003,0
                99.7483232540001,19.4340930710001,0
                99.7483162610001,19.4340901630001,0
                99.7483155190001,19.434089854,0
                99.748307944,19.43408637,0
                99.7483005490001,19.434082614,0
                99.748293382,19.43407855,0
                99.748286503,19.434074133,0
                99.748279999,19.4340692710001,0
                99.748273452,19.434063442,0
                99.74826735,19.434057114,0
                99.7482616140001,19.434050406,0
                99.748256186,19.434043393,0
                99.7482510470001,19.434036135,0
                99.748247087,19.4340300280001,0
                99.7482461970001,19.4340286550001,0
                99.74824168,19.4340209600001,0
                99.748238197,19.434014437,0
                99.748234885,19.4340078220001,0
                99.7482252120001,19.4339880310001,0
                99.7482213500001,19.433980863,0
                99.748217104,19.433974044,0
                99.7482123980001,19.433967819,0
                99.748207214,19.4339621020001,0
                99.748201651,19.433956934,0
                99.748195782,19.433952408,0
                99.748189654,19.4339486690001,0
                99.748183312,19.433945926,0
                99.748176771,19.4339444660001,0
                99.7481695600001,19.4339445730001,0
                99.748162257,19.4339461480001,0
                99.7481549870001,19.4339488530001,0
                99.7481478730001,19.4339524650001,0
                99.748141064,19.433956844,0
                99.748134748,19.4339619310001,0
                99.7481291450001,19.4339677290001,0
                99.748125358,19.433972872,0
                99.748122202,19.4339784200001,0
                99.7481195160001,19.433984798,0
                99.7481176080001,19.433991475,0
                99.748116515,19.433998198,0
                99.748116123,19.434005058,0
                99.748116397,19.434012002,0
                99.7481174270001,19.4340195520001,0
                99.748119091,19.434027105,0
                99.7481212690001,19.4340346280001,0
                99.7481238990001,19.4340420950001,0
                99.748126928,19.434049488,0
                99.7481307230001,19.4340575690001,0
                99.748134851,19.434065558,0
                99.7481391970001,19.4340734840001,0
                99.748152637,19.434097104,0
                99.7481569540001,19.4341049940001,0
                99.7481603590001,19.434111627,0
                99.7481610250001,19.434112925,0
                99.748164714,19.434120916,0
                99.748166983,19.4341265360001,0
                99.7481689430001,19.4341321900001,0
                99.7481705450001,19.434137858,0
                99.7481718170001,19.434144093,0
                99.7481725310001,19.4341502980001,0
                99.748172599,19.434156768,0
                99.748171933,19.4341630920001,0
                99.7481701230001,19.4341703690001,0
                99.748167225,19.4341771950001,0
                99.7481632100001,19.434183411,0
                99.74815856,19.4341883910001,0
                99.7481531220001,19.4341927780001,0
                99.7481470720001,19.43419663,0
                99.748140553,19.4341999550001,0
                99.7481336550001,19.43420274,0
                99.748126454,19.4342049200001,0
                99.748118703,19.434206461,0
                99.7481107620001,19.4342072580001,0
                99.7481022800001,19.434207293,0
                99.7480937180001,19.4342066460001,0
                99.7480851350001,19.434205438,0
                99.748076568,19.4342037390001,0
                99.7480674270001,19.4342014270001,0
                99.7480660520001,19.4342010120001,0
                99.7480583610001,19.434198694,0
                99.7480496260001,19.4341957030001,0
                99.748040958,19.434192481,0
                99.7480323450001,19.4341890960001,0
                99.7479895820001,19.434171656,0
                99.7479810030001,19.4341683650001,0
                99.747972378,19.434165256,0
                99.7479639590001,19.4341624800001,0
                99.7479598800001,19.434161282,0
                99.7479554700001,19.4341599850001,0
                99.747947874,19.4341580280001,0
                99.7479456830001,19.4341575460001,0
                99.7479402260001,19.434156343,0
                99.7479325470001,19.4341549330001,0
                99.747924831,19.43415384,0
                99.7479170880001,19.4341531260001,0
                99.7479086660001,19.4341528310001,0
                99.747900223,19.4341529880001,0
                99.7478917810001,19.4341535470001,0
                99.7478833500001,19.43415449,0
                99.747874493,19.434155882,0
                99.747865657,19.434157586,0
                99.7478568400001,19.43415952,0
                99.7478314140001,19.434165814,0
                99.747803962,19.4341726100001,0
                99.747795098,19.4341746170001,0
                99.7477862000001,19.434176425,0
                99.747777995,19.434177864,0
                99.7477697610001,19.434179068,0
                99.7477615020001,19.4341800190001,0
                99.7477532280001,19.434180681,0
                99.747745061,19.434181004,0
                99.7477422030001,19.434181005,0
                99.7477368980001,19.4341810060001,0
                99.7477287520001,19.434180687,0
                99.7477215100001,19.4341801200001,0
                99.7477143090001,19.4341792870001,0
                99.7477093040001,19.434178516,0
                99.7477071700001,19.434178187,0
                99.747700105,19.4341767930001,0
                99.747692693,19.434174935,0
                99.7476915940001,19.4341746590001,0
                99.747683275,19.4341720460001,0
                99.7476752030001,19.434168948,0
                99.7476678730001,19.43416553,0
                99.7476675660001,19.4341653870001,0
                99.747660265,19.4341613510001,0
                99.747653353,19.4341568470001,0
                99.747646924,19.434151849,0
                99.747641102,19.4341462840001,0
                99.7476360250001,19.4341401240001,0
                99.747631556,19.434133451,0
                99.747627585,19.4341263910001,0
                99.747624032,19.4341190320001,0
                99.7476208530001,19.434111436,0
                99.7476178480001,19.4341031760001,0
                99.7476169110001,19.4341002670001,0
                99.7476151380001,19.4340947600001,0
                99.7476102640001,19.4340776650001,0
                99.747599107,19.4340344570001,0
                99.7475944130001,19.43401727,0
                99.747591878,19.434008755,0
                99.7475891390001,19.434000321,0
                99.7475870260001,19.433994366,0
                99.7475830540001,19.433984434,0
                99.747582343,19.433982655,0
                99.7475803250001,19.4339782440001,0
                99.7475788890001,19.433975101,0
                99.7475751300001,19.433967716,0
                99.747571054,19.4339605210001,0
                99.7475666020001,19.4339535770001,0
                99.7475617040001,19.433946946,0
                99.747556677,19.4339411070001,0
                99.747551269,19.4339355490001,0
                99.7475455580001,19.4339302230001,0
                99.7475407330001,19.43392607,0
                99.7475396,19.4339250960001,0
                99.747533434,19.4339201510001,0
                99.747527082,19.433915384,0
                99.747520976,19.433911085,0
                99.747514741,19.4339069260001,0
                99.7475019550001,19.433899013,0
                99.7474954130001,19.433895267,0
                99.7474878410001,19.433891187,0
                99.7474801590001,19.433887283,0
                99.7474645610001,19.4338799330001,0
                99.747456658,19.4338765000001,0
                99.74744868,19.433873261,0
                99.747440613,19.4338702760001,0
                99.747433534,19.433867929,0
                99.7474281790001,19.433866358,0
                99.74742638,19.4338658300001,0
                99.747419156,19.4338640070001,0
                99.747411695,19.4338624480001,0
                99.7474041790001,19.433861182,0
                99.7473966160001,19.433860183,0
                99.7473890160001,19.4338594550001,0
                99.7473813930001,19.433859017,0
                99.7473728720001,19.4338588800001,0
                99.7473643380001,19.43385906,0
                99.7473585420001,19.43385935,0
                99.7473557960001,19.4338594880001,0
                99.747347254,19.433860129,0
                99.747338728,19.4338609540001,0
                99.747337277,19.4338611260001,0
                99.7473302120001,19.433861961,0
                99.747321721,19.433863166,0
                99.7473123450001,19.4338647450001,0
                99.7473030040001,19.433866519,0
                99.7472994230001,19.4338672870001,0
                99.747275088,19.433872508,0
                99.74726229,19.4338754660001,0
                99.7472379880001,19.4338810830001,0
                99.747145232,19.4339028540001,0
                99.74711727,19.433909096,0
                99.7470985310001,19.433912747,0
                99.7470891980001,19.4339142590001,0
                99.7470816080001,19.43391526,0
                99.7470798350001,19.4339154950001,0
                99.7470704470001,19.433916378,0
                99.7470614000001,19.433916831,0
                99.747052346,19.4339169090001,0
                99.747043315,19.433916616,0
                99.7470343240001,19.4339159300001,0
                99.7470254180001,19.433914783,0
                99.7470166850001,19.433913111,0
                99.7470135610001,19.43391232,0
                99.7470081020001,19.4339109370001,0
                99.746999697,19.433908252,0
                99.7469923740001,19.433905408,0
                99.7469916050001,19.4339050570001,0
                99.7469852620001,19.433902162,0
                99.746978401,19.4338985250001,0
                99.7469718440001,19.4338944720001,0
                99.7469656700001,19.433889961,0
                99.746959281,19.433884295,0
                99.7469533990001,19.4338781060001,0
                99.7469492740001,19.4338731010001,0
                99.7469479580001,19.4338715050001,0
                99.7469429450001,19.4338645720001,0
                99.7469416040001,19.433862451,0
                99.7469383820001,19.4338573520001,0
                99.7469343380001,19.433849868,0
                99.7469313880001,19.433843315,0
                99.7469288710001,19.433836598,0
                99.7469268020001,19.4338297520001,0
                99.7469252080001,19.4338227870001,0
                99.7469240390001,19.4338150200001,0
                99.7469234820001,19.4338081500001,0
                99.746923402,19.4338071650001,0
                99.746923209,19.4337992640001,0
                99.7469234210001,19.433791338,0
                99.7469240130001,19.4337834190001,0
                99.74692502,19.433775526,0
                99.7469255710001,19.4337723900001,0
                99.7469259480001,19.433770236,0
                99.7469270720001,19.4337649670001,0
                99.7469290560001,19.433757224,0
                99.7469295130001,19.4337557000001,0
                99.7469313600001,19.433749542,0
                99.746933906,19.4337419140001,0
                99.746936653,19.43373433,0
                99.7469426420001,19.4337193270001,0
                99.7469458850001,19.433711917,0
                99.7469495780001,19.433703994,0
                99.7469534620001,19.433696157,0
                99.746955256,19.4336928050001,0
                99.746961835,19.4336805070001,0
                99.746970837,19.4336649090001,0
                99.746984786,19.433641741,0
                99.7470130130001,19.4335955830001,0
                99.7470267570001,19.4335723250001,0
                99.747031136,19.433564485,0
                99.7470353290001,19.4335565750001,0
                99.7470393500001,19.4335484160001,0
                99.7470430650001,19.4335401590001,0
                99.7470435580001,19.433538933,0
                99.747046427,19.4335317960001,0
                99.7470493040001,19.433523488,0
                99.7470517520001,19.433515083,0
                99.747053737,19.4335066030001,0
                99.7470551790001,19.433498048,0
                99.747055935,19.433490341,0
                99.7470561900001,19.4334826050001,0
                99.7470559550001,19.433474866,0
                99.747055264,19.433467518,0
                99.747054178,19.4334601890001,0
                99.747052754,19.433452893,0
                99.7470510250001,19.4334456300001,0
                99.7470496620001,19.4334408130001,0
                99.7470486280001,19.4334371640001,0
                99.7470459090001,19.4334287620001,0
                99.7470429370001,19.4334204150001,0
                99.747039741,19.4334121370001,0
                99.747036322,19.433403932,0
                99.7470326600001,19.4333958190001,0
                99.7470292570001,19.4333888570001,0
                99.747025658,19.4333819760001,0
                99.747022798,19.433376826,0
                99.7470218830001,19.4333751780001,0
                99.7470173470001,19.433367484,0
                99.7470107460001,19.433356997,0
                99.7470078100001,19.4333523330001,0
                99.7469929470001,19.433329906,0
                99.746972827,19.4333002000001,0
                99.7469576230001,19.4332780190001,0
                99.746949757,19.4332668340001,0
                99.746947316,19.433263363,0
                99.7469366860001,19.43324893,0
                99.7469260180001,19.4332354590001,0
                99.7469149130001,19.4332223070001,0
                99.7469032230001,19.4332093150001,0
                99.7468937570001,19.433199346,0
                99.7468910000001,19.433196443,0
                99.7468723380001,19.4331773980001,0
                99.7468283910001,19.4331333000001,0
                99.7468144300001,19.4331195300001,0
                99.7468030580001,19.433108314,0
                99.746790166,19.4330960450001,0
                99.7467695160001,19.4330773790001,0
                99.7467578950001,19.43306725,0
                99.7467344990001,19.433046857,0
                99.7463901300001,19.432748894,0
                99.7463832010001,19.432742938,0
                99.7463548850001,19.4327185990001,0
                99.746319848,19.4326892450001,0
                99.746193437,19.432584892,0
                99.746171362,19.4325667790001,0
                99.7461582320001,19.432556006,0
                99.7461386090001,19.432540283,0
                99.7461379160001,19.432539729,0
                99.7461194190001,19.4325253420001,0
                99.7461069780001,19.4325158730001,0
                99.7460920680001,19.43250476,0
                99.7460620530001,19.43248278,0
                99.745776226,19.4322747150001,0
                99.745764567,19.4322663930001,0
                99.745745926,19.432253088,0
                99.7457406300001,19.432249465,0
                99.7457255350001,19.4322391380001,0
                99.7457117960001,19.4322300310001,0
                99.74569653,19.432220194,0
                99.745665741,19.432200874,0
                99.7456347020001,19.432181916,0
                99.745612415,19.432168968,0
                99.7456036790001,19.4321641820001,0
                99.7455896800001,19.432156519,0
                99.7455651160001,19.4321437240001,0
                99.7455320870001,19.432127151,0
                99.7455154240001,19.4321191490001,0
                99.7455071050001,19.4321153110001,0
                99.7455001220001,19.4321122270001,0
                99.7454903300001,19.432107902,0
                99.7454818030001,19.4321043090001,0
                99.7454632660001,19.4320968530001,0
                99.7454474340001,19.4320904840001,0
                99.7453696970001,19.432060237,0
                99.7453596280001,19.432056446,0
                99.7453436760001,19.4320504400001,0
                99.7453262120001,19.4320442220001,0
                99.7452999830001,19.4320357080001,0
                99.7452894030001,19.432032496,0
                99.745264761,19.432025014,0
                99.745176498,19.4319988400001,0
                99.745167091,19.431996123,0
                99.7451499640001,19.431991177,0
                99.7451322100001,19.4319862890001,0
                99.7451046880001,19.4319792810001,0
                99.7450938370001,19.4319766670001,0
                99.7450678550001,19.431970409,0
                99.7449664430001,19.431946426,0
                99.74496028,19.431945023,0
                99.7449294940001,19.4319380110001,0
                99.7449112450001,19.4319341780001,0
                99.7448842210001,19.4319289210001,0
                99.744757808,19.4319056910001,0
                99.7447434190001,19.431902973,0
                99.7447307470001,19.4319005790001,0
                99.7447172070001,19.431897887,0
                99.7447127990001,19.431897011,0
                99.7446860350001,19.431891369,0
                99.7446593650001,19.4318853510001,0
                99.7446342700001,19.431879043,0
                99.7446100830001,19.4318722520001,0
                99.7446068300001,19.431871243,0
                99.7445941010001,19.4318672970001,0
                99.744585219,19.43186432,0
                99.744567573,19.431858031,0
                99.744564961,19.4318570570001,0
                99.7445500160001,19.4318514880001,0
                99.744411669,19.431798375,0
                99.7442264200001,19.4317272550001,0
                99.7442001040001,19.4317173320001,0
                99.74419771,19.4317164670001,0
                99.7441824620001,19.431710961,0
                99.7441737710001,19.4317079690001,0
                99.74417227,19.4317074800001,0
                99.7441475320001,19.43169942,0
                99.744129924,19.431694038,0
                99.7441191030001,19.431690981,0
                99.744112208,19.4316890320001,0
                99.744103291,19.431686756,0
                99.7440942280001,19.431684665,0
                99.744091073,19.431684004,0
                99.744085118,19.4316827590001,0
                99.7440668040001,19.431679436,0
                99.7440576150001,19.431678028,0
                99.7440532270001,19.431677461,0
                99.7440484080001,19.4316768370001,0
                99.744039183,19.4316759120001,0
                99.7440299510001,19.431675345,0
                99.7440208680001,19.43167521,0
                99.7440121720001,19.4316754320001,0
                99.7440117820001,19.431675442,0
                99.744002702,19.4316759810001,0
                99.7439936420001,19.4316767990001,0
                99.7439846120001,19.4316778940001,0
                99.7439756310001,19.43167929,0
                99.743973956,19.4316796090001,0
                99.743969178,19.4316805190001,0
                99.743962765,19.4316819320001,0
                99.7439556290001,19.4316837420001,0
                99.7439503400001,19.431685256,0
                99.7439485510001,19.431685768,0
                99.7439415360001,19.431687997,0
                99.7439345940001,19.4316904290001,0
                99.7439259130001,19.4316937990001,0
                99.743920453,19.4316961260001,0
                99.743917347,19.4316974490001,0
                99.743908892,19.4317013560001,0
                99.7439007090001,19.431705406,0
                99.7438845450001,19.431713953,0
                99.7438662380001,19.4317240410001,0
                99.743844477,19.4317360310001,0
                99.743828255,19.4317443890001,0
                99.7438200190001,19.431748263,0
                99.7438135500001,19.4317510550001,0
                99.743807008,19.4317536350001,0
                99.7438003940001,19.43175598,0
                99.743792827,19.4317583060001,0
                99.7437851770001,19.4317602850001,0
                99.7437774690001,19.4317619020001,0
                99.743769721,19.431763113,0
                99.7437619330001,19.43176385,0
                99.7437563140001,19.4317640400001,0
                99.743750693,19.4317639280001,0
                99.7437420260001,19.431763173,0
                99.7437334090001,19.4317617670001,0
                99.743725108,19.4317598580001,0
                99.743716872,19.431757519,0
                99.7437104050001,19.431755418,0
                99.7437086880001,19.4317548600001,0
                99.743700549,19.431751961,0
                99.7436919090001,19.4317486750001,0
                99.7436660490001,19.4317386290001,0
                99.7436573720001,19.43173556,0
                99.743648625,19.431732826,0
                99.7436427220001,19.4317312640001,0
                99.7436367720001,19.431729938,0
                99.743627711,19.4317284300001,0
                99.7436185810001,19.431727509,0
                99.7436094170001,19.4317272170001,0
                99.7436004880001,19.4317275610001,0
                99.7435915620001,19.431728424,0
                99.7435845410001,19.431729435,0
                99.743582652,19.431729708,0
                99.743573772,19.431731353,0
                99.7435649320001,19.4317333230001,0
                99.7435579870001,19.431735109,0
                99.7435571450001,19.4317353480001,0
                99.7435510750001,19.4317370750001,0
                99.743542168,19.4317398590001,0
                99.7435252400001,19.4317456960001,0
                99.7435244920001,19.4317459540001,0
                99.7434805920001,19.431762242,0
                99.7434629850001,19.431768536,0
                99.74345414,19.4317715,0
                99.7434452410001,19.431774256,0
                99.743436279,19.431776729,0
                99.7434265640001,19.431778964,0
                99.7434257680001,19.43177911,0
                99.7434181080001,19.431780513,0
                99.743409603,19.431781745,0
                99.7434010580001,19.4317826830001,0
                99.7433957520001,19.4317830800001,0
                99.743392493,19.431783324,0
                99.7433839160001,19.4317836390001,0
                99.7433753390001,19.4317835790001,0
                99.7433667110001,19.4317830910001,0
                99.7433581010001,19.431782249,0
                99.7433494940001,19.431781132,0
                99.743348122,19.4317809190001,0
                99.7433409060001,19.431779798,0
                99.743332336,19.4317782840001,0
                99.7433235380001,19.431776487,0
                99.74331526,19.431774798,0
                99.743298124,19.4317706210001,0
                99.743284282,19.431766774,0
                99.743280928,19.4317658430001,0
                99.743236283,19.4317524140001,0
                99.743221088,19.431747843,0
                99.7432190440001,19.4317472560001,0
                99.743195369,19.4317404610001,0
                99.7431780890001,19.431736077,0
                99.7431696080001,19.4317342140001,0
                99.7431610890001,19.431732518,0
                99.7431439640001,19.431729579,0
                99.7431267360001,19.4317272600001,0
                99.7431180880001,19.431726396,0
                99.7431090640001,19.431725746,0
                99.743101041,19.431725435,0
                99.743090963,19.431725043,0
                99.7430728260001,19.431724887,0
                99.7430547050001,19.4317252000001,0
                99.743045662,19.431725581,0
                99.7430431400001,19.4317257440001,0
                99.743036654,19.4317261640001,0
                99.7430276800001,19.431727014,0
                99.7430192690001,19.4317281290001,0
                99.7430109220001,19.431729546,0
                99.7430026380001,19.4317312690001,0
                99.742995459,19.4317330430001,0
                99.7429883390001,19.431735046,0
                99.7429880160001,19.431735147,0
                99.7429812860001,19.4317372530001,0
                99.7429743000001,19.431739663,0
                99.7429668070001,19.4317425040001,0
                99.742962897,19.4317441210001,0
                99.7429594010001,19.4317455660001,0
                99.7429520900001,19.4317488360001,0
                99.7429452120001,19.4317521580001,0
                99.742944777,19.4317523670001,0
                99.742937559,19.431756093,0
                99.742930442,19.4317599990001,0
                99.742922799,19.4317644400001,0
                99.742915247,19.4317690300001,0
                99.7429003120001,19.431778503,0
                99.7428633210001,19.4318027320001,0
                99.7428484420001,19.431812291,0
                99.7428333720001,19.431821524,0
                99.7428193680001,19.431829448,0
                99.7428050710001,19.4318368310001,0
                99.7427971770001,19.431840559,0
                99.7427941710001,19.431841885,0
                99.7427891820001,19.431844085,0
                99.7427811000001,19.4318474020001,0
                99.7427729180001,19.431850481,0
                99.7427692570001,19.4318517360001,0
                99.7427662320001,19.4318527720001,0
                99.742759483,19.431854887,0
                99.7427526720001,19.431856827,0
                99.7427436850001,19.431859091,0
                99.7427346210001,19.4318611160001,0
                99.7427313640001,19.431861758,0
                99.742716349,19.4318647200001,0
                99.742697966,19.4318679940001,0
                99.742661092,19.4318741810001,0
                99.7426333930001,19.431878555,0
                99.7426158320001,19.431880999,0
                99.7426148920001,19.43188113,0
                99.7426056240001,19.4318822070001,0
                99.7425963360001,19.431883058,0
                99.7425879660001,19.4318835890001,0
                99.742575947,19.4318839430001,0
                99.742571179,19.4318840830001,0
                99.742554376,19.431883966,0
                99.74254482,19.431883547,0
                99.7425375930001,19.431883231,0
                99.7425292220001,19.431882564,0
                99.7425218830001,19.431881752,0
                99.742520283,19.431881575,0
                99.742511371,19.431880338,0
                99.7425024920001,19.4318788780001,0
                99.742493659,19.4318772070001,0
                99.742484882,19.4318753040001,0
                99.74247618,19.43187313,0
                99.7424688120001,19.431871023,0
                99.7424631060001,19.4318691880001,0
                99.7424615290001,19.431868681,0
                99.7424537540001,19.431865874,0
                99.742446095,19.4318628020001,0
                99.7424385640001,19.4318594760001,0
                99.7424310650001,19.431855824,0
                99.7424237180001,19.431851932,0
                99.742416522,19.431847819,0
                99.7424095060001,19.4318434780001,0
                99.7424085650001,19.4318428450001,0
                99.742402703,19.4318388930001,0
                99.7423961750001,19.431834021,0
                99.742389997,19.431828796,0
                99.7423845390001,19.431823465,0
                99.7423794270001,19.431817815,0
                99.7423746090001,19.4318119070001,0
                99.742370066,19.43180578,0
                99.742365793,19.4317994680001,0
                99.7423618110001,19.431792977,0
                99.742358445,19.4317869000001,0
                99.7423553450001,19.431780691,0
                99.742352506,19.431774368,0
                99.7423494220001,19.431766542,0
                99.742346743,19.431758573,0
                99.7423443320001,19.4317500610001,0
                99.7423427900001,19.431743682,0
                99.74234225,19.4317414440001,0
                99.7423387270001,19.431724027,0
                99.742335714,19.431706481,0
                99.7423317830001,19.431680079,0
                99.7423308520001,19.431672426,0
                99.7423296360001,19.431662439,0
                99.7423283590001,19.4316483310001,0
                99.7423280420001,19.4316448330001,0
                99.742326269,19.431618385,0
                99.7423248630001,19.4315919320001,0
                99.74232419,19.431575733,0
                99.74232413,19.4315743,0
                99.7423237020001,19.4315566710001,0
                99.7423236720001,19.43154786,0
                99.7423240970001,19.4315301870001,0
                99.7423248850001,19.431513582,0
                99.7423249350001,19.431512513,0
                99.742325984,19.4314948460001,0
                99.7423286520001,19.431454699,0
                99.742333032,19.4313888080001,0
                99.7423335970001,19.431377431,0
                99.7423339090001,19.4313711240001,0
                99.7423343620001,19.431353438,0
                99.7423343120001,19.431344591,0
                99.74233402,19.431335786,0
                99.742333532,19.431326977,0
                99.7423331960001,19.4313228830001,0
                99.7423313640001,19.4313005220001,0
                99.7423286810001,19.431274011,0
                99.7423266860001,19.431256325,0
                99.742324372,19.431238686,0
                99.7423229890001,19.4312299210001,0
                99.7423219200001,19.431224205,0
                99.7423213640001,19.4312212300001,0
                99.7423193960001,19.431212653,0
                99.7423171120001,19.4312046700001,0
                99.742314347,19.431196883,0
                99.742311037,19.4311893550001,0
                99.7423072230001,19.431182408,0
                99.7423027740001,19.4311758430001,0
                99.7422976160001,19.4311696290001,0
                99.7422919320001,19.4311638140001,0
                99.742288677,19.4311608850001,0
                99.7422858580001,19.431158349,0
                99.7422794860001,19.4311532200001,0
                99.7422729020001,19.4311484570001,0
                99.742269375,19.431146186,0
                99.7422661520001,19.431144111,0
                99.7422592720001,19.431140299,0
                99.7422522950001,19.43113716,0
                99.7422452310001,19.431134921,0
                99.7422380770001,19.4311338520001,0
                99.7422305110001,19.4311342400001,0
                99.7422248380001,19.431135478,0
                99.7422228890001,19.4311359020001,0
                99.7422152660001,19.431138527,0
                99.742207675,19.4311418880001,0
                99.7422001630001,19.4311458180001,0
                99.7421927870001,19.431150222,0
                99.7421856120001,19.431155045,0
                99.7421817470001,19.4311579880001,0
                99.7421787210001,19.4311602920001,0
                99.7421722220001,19.431165998,0
                99.742166201,19.4311722040001,0
                99.742160578,19.4311788050001,0
                99.742159889,19.4311796980001,0
                99.742155256,19.4311857000001,0
                99.7421501690001,19.4311927960001,0
                99.7421452630001,19.431200045,0
                99.7421405090001,19.431207403,0
                99.7421314330001,19.4312223680001,0
                99.7421236060001,19.4312365110001,0
                99.74211696,19.431249768,0
                99.7421161440001,19.4312515840001,0
                99.7421102790001,19.431264652,0
                99.7421046840001,19.4312785280001,0
                99.742103619,19.4312811660001,0
                99.7421020680001,19.4312853440001,0
                99.742094336,19.431306163,0
                99.7420885070001,19.431322928,0
                99.742087401,19.431326343,0
                99.7420830250001,19.4313398620001,0
                99.742062661,19.4314083030001,0
                99.742059188,19.431419358,0
                99.74205815,19.431422663,0
                99.7420510840001,19.4314441180001,0
                99.7420394430001,19.431477565,0
                99.7420185000001,19.4315359230001,0
                99.7420061590001,19.431569247,0
                99.741993322,19.4316025000001,0
                99.741988409,19.431614601,0
                99.7419866150001,19.431619019,0
                99.7419831230001,19.4316272300001,0
                99.7419778670001,19.4316389260001,0
                99.7419759000001,19.431643304,0
                99.7419645830001,19.4316672480001,0
                99.7419491100001,19.4316990840001,0
                99.7419371830001,19.4317228580001,0
                99.7419288190001,19.4317385030001,0
                99.741924349,19.431746302,0
                99.7419197020001,19.431753993,0
                99.7419157450001,19.431760196,0
                99.741914879,19.431761554,0
                99.7419098450001,19.4317689490001,0
                99.741904553,19.4317761230001,0
                99.7418989210001,19.4317829870001,0
                99.7418928450001,19.4317894270001,0
                99.7418864220001,19.4317951830001,0
                99.741879559,19.4318004840001,0
                99.7418723420001,19.4318053750001,0
                99.7418648330001,19.431809865,0
                99.741857059,19.431813918,0
                99.741849017,19.431817467,0
                99.7418417040001,19.431820099,0
                99.7418364700001,19.4318216130001,0
                99.7418342120001,19.431822267,0
                99.741825824,19.4318241180001,0
                99.7418173140001,19.4318254670001,0
                99.74181172,19.43182603,0
                99.7418087120001,19.431826334,0
                99.7418000650001,19.4318266990001,0
                99.7417922060001,19.4318265640001,0
                99.7417902640001,19.431826437,0
                99.741784345,19.4318260490001,0
                99.741776497,19.4318252050001,0
                99.7417686860001,19.431824057,0
                99.7417609300001,19.4318226120001,0
                99.7417532490001,19.431820854,0
                99.7417447830001,19.4318184680001,0
                99.7417445080001,19.431818391,0
                99.7417359500001,19.43181543,0
                99.7417285540001,19.431812383,0
                99.7417242560001,19.431810351,0
                99.741721333,19.4318089700001,0
                99.7417142720001,19.431805244,0
                99.741707391,19.431801224,0
                99.7416998050001,19.4317963070001,0
                99.7416959350001,19.431793547,0
                99.7416924610001,19.431791069,0
                99.741685363,19.4317855400001,0
                99.7416785360001,19.4317797210001,0
                99.7416720400001,19.431773585,0
                99.7416661250001,19.4317673240001,0
                99.741660514,19.4317607950001,0
                99.741658418,19.431758168,0
                99.741655144,19.431754062,0
                99.7416499830001,19.431747161,0
                99.741645012,19.431740129,0
                99.7416402360001,19.431732964,0
                99.7416356740001,19.431725672,0
                99.7416311140001,19.4317178150001,0
                99.7416268050001,19.431709826,0
                99.7416264940001,19.4317092050001,0
                99.7416227300001,19.43170171,0
                99.7416189210001,19.4316935740001,0
                99.741615283,19.431685348,0
                99.7416083250001,19.4316687260001,0
                99.7415914320001,19.431626797,0
                99.7415843080001,19.4316101850001,0
                99.7415805130001,19.4316020270001,0
                99.7415769230001,19.4315948710001,0
                99.7415731280001,19.431587888,0
                99.7415712370001,19.4315847020001,0
                99.741569111,19.4315811220001,0
                99.7415648340001,19.43157466,0
                99.7415602340001,19.4315685930001,0
                99.741555227,19.43156306,0
                99.7415497040001,19.431558244,0
                99.7415432080001,19.431554109,0
                99.7415361690001,19.431550934,0
                99.741528734,19.4315487100001,0
                99.7415210360001,19.4315474850001,0
                99.74151363,19.431547344,0
                99.7415061890001,19.4315481690001,0
                99.7414992390001,19.431549811,0
                99.7414923960001,19.431552206,0
                99.741485309,19.4315554520001,0
                99.7414783780001,19.4315592900001,0
                99.741475328,19.431561215,0
                99.741471592,19.4315635740001,0
                99.7414649450001,19.431568214,0
                99.7414577120001,19.4315737060001,0
                99.741443572,19.431585349,0
                99.741426043,19.431600496,0
                99.7414226970001,19.4316033860001,0
                99.7414086630001,19.431615231,0
                99.7413948820001,19.4316260910001,0
                99.741387837,19.4316312890001,0
                99.741384409,19.431633677,0
                99.741380673,19.431636279,0
                99.7413733600001,19.4316410220001,0
                99.7413661310001,19.4316452890001,0
                99.7413587190001,19.43164921,0
                99.741351685,19.431652496,0
                99.7413445060001,19.43165544,0
                99.7413371790001,19.4316580230001,0
                99.741328432,19.4316605710001,0
                99.7413195400001,19.431662654,0
                99.7413105410001,19.431664326,0
                99.7413014690001,19.4316655970001,0
                99.741292333,19.4316664250001,0
                99.7412833240001,19.4316667690001,0
                99.7412770780001,19.4316667260001,0
                99.7412742980001,19.431666706,0
                99.7412652800001,19.4316662910001,0
                99.7412562850001,19.4316655330001,0
                99.741255155,19.4316653920001,0
                99.741247345,19.431664422,0
                99.7412384890001,19.4316628940001,0
                99.7412295350001,19.4316608300001,0
                99.7412210510001,19.4316583570001,0
                99.7412126990001,19.431655463,0
                99.7412044870001,19.4316521800001,0
                99.7411966980001,19.4316486650001,0
                99.7411913180001,19.4316460060001,0
                99.7411890280001,19.431644874,0
                99.741173959,19.4316367210001,0
                99.7411592030001,19.431628007,0
                99.741151943,19.4316234680001,0
                99.7411514520001,19.431623148,0
                99.741144783,19.431618794,0
                99.7411394530001,19.4316150880001,0
                99.7411328620001,19.431610506,0
                99.741121235,19.431601847,0
                99.7411141850001,19.4315963230001,0
                99.7410934430001,19.431579265,0
                99.7410524970001,19.4315445410001,0
                99.7410387340001,19.4315331070001,0
                99.7410247380001,19.431521946,0
                99.7410111840001,19.4315118550001,0
                99.740997291,19.431502218,0
                99.7409902030001,19.4314976150001,0
                99.740983311,19.4314933740001,0
                99.740978812,19.431490744,0
                99.7409763250001,19.4314892900001,0
                99.7409717850001,19.4314867790001,0
                99.7409692480001,19.431485375,0
                99.7409620830001,19.4314816360001,0
                99.7409548130001,19.4314781140001,0
                99.7409474300001,19.43147485,0
                99.740940526,19.4314721270001,0
                99.7409335090001,19.431469684,0
                99.740926394,19.4314675310001,0
                99.7409183780001,19.431465507,0
                99.7409102600001,19.431463792,0
                99.7409020710001,19.431462325,0
                99.740898083,19.4314617520001,0
                99.7408855340001,19.4314599480001,0
                99.7408759130001,19.4314589310001,0
                99.74086887,19.431458186,0
                99.7408605040001,19.4314575380001,0
                99.740848987,19.431456983,0
                99.7408420260001,19.4314566470001,0
                99.740814228,19.4314561460001,0
                99.7407956770001,19.431456118,0
                99.740777118,19.431456284,0
                99.7407401130001,19.43145723,0
                99.740730639,19.431457472,0
                99.7407134850001,19.4314576410001,0
                99.7406978000001,19.431457344,0
                99.7406974240001,19.431457326,0
                99.740689978,19.431456983,0
                99.7406811930001,19.431456354,0
                99.740672454,19.4314554810001,0
                99.7406637760001,19.4314543560001,0
                99.7406551920001,19.431452918,0
                99.740646735,19.4314511050001,0
                99.7406391910001,19.431449061,0
                99.7406318020001,19.431446656,0
                99.7406245980001,19.4314438980001,0
                99.7406176160001,19.4314407630001,0
                99.7406109130001,19.4314372170001,0
                99.7406045610001,19.431433181,0
                99.7405983190001,19.431428349,0
                99.7405924700001,19.4314230090001,0
                99.740586938,19.4314172850001,0
                99.7405816770001,19.431411252,0
                99.7405766520001,19.4314049650001,0
                99.740571865,19.431398464,0
                99.740567314,19.431391768,0
                99.7405625650001,19.4313841470001,0
                99.7405580530001,19.4313763540001,0
                99.740549474,19.4313604610001,0
                99.7405328410001,19.4313283990001,0
                99.740524163,19.431312747,0
                99.7405195520001,19.4313051890001,0
                99.7405146520001,19.4312979160001,0
                99.7405093390001,19.4312910520001,0
                99.740503462,19.43128475,0
                99.7404974950001,19.4312796140001,0
                99.740491025,19.4312750140001,0
                99.7404841580001,19.431270894,0
                99.7404769680001,19.431267228,0
                99.7404695050001,19.431264023,0
                99.7404617920001,19.4312613340001,0
                99.7404535570001,19.4312591450001,0
                99.740445133,19.4312574800001,0
                99.7404365690001,19.431256268,0
                99.7404279120001,19.4312554680001,0
                99.7404191850001,19.4312550830001,0
                99.7404097450001,19.4312551260001,0
                99.7404002740001,19.4312555400001,0
                99.7403982270001,19.4312556850001,0
                99.74039078,19.4312562160001,0
                99.7403717860001,19.4312580370001,0
                99.7403243260001,19.431263373,0
                99.7403053740001,19.431265248,0
                99.7402864250001,19.4312666000001,0
                99.7402769480001,19.431266936,0
                99.7402680610001,19.4312669820001,0
                99.7402591730001,19.4312668060001,0
                99.7402502850001,19.4312664620001,0
                99.7402449130001,19.431266153,0
                99.740232506,19.431265437,0
                99.74021473,19.4312641180001,0
                99.7401969680001,19.4312625630001,0
                99.7401792420001,19.4312607150001,0
                99.740178239,19.4312605920001,0
                99.7401704070001,19.431259631,0
                99.7401615950001,19.431258384,0
                99.7401525820001,19.431256907,0
                99.740146516,19.4312557870001,0
                99.740143602,19.4312552490001,0
                99.7401257160001,19.4312515450001,0
                99.7401079410001,19.431247383,0
                99.7400991110001,19.4312451060001,0
                99.740097441,19.43124464,0
                99.740090341,19.431242657,0
                99.7400816460001,19.431239981,0
                99.7400727550001,19.431236927,0
                99.740070943,19.431236244,0
                99.7400639570001,19.43123361,0
                99.7400552590001,19.431230063,0
                99.7400466550001,19.4312262980001,0
                99.7400386080001,19.431222522,0
                99.7400306650001,19.431218555,0
                99.740023556,19.4312147800001,0
                99.74002283,19.4312143940001,0
                99.7400225970001,19.431214262,0
                99.7400150330001,19.4312099800001,0
                99.7400073580001,19.4312053890001,0
                99.7399998120001,19.43120063,0
                99.739992407,19.431195713,0
                99.739985178,19.4311906180001,0
                99.739983061,19.43118901,0
                99.7399781770001,19.4311853020001,0
                99.7399714840001,19.4311797080001,0
                99.7399652030001,19.4311737560001,0
                99.7399594930001,19.43116744,0
                99.7399542240001,19.4311607610001,0
                99.739950412,19.43115535,0
                99.7399493200001,19.4311538000001,0
                99.7399447490001,19.4311466030001,0
                99.7399405100001,19.4311392060001,0
                99.739936636,19.4311316170001,0
                99.739933013,19.4311234850001,0
                99.7399304180001,19.4311168200001,0
                99.7399297850001,19.431115194,0
                99.7399270340001,19.4311071000001,0
                99.7399269220001,19.43110677,0
                99.73992444,19.4310982310001,0
                99.7399223630001,19.431089614,0
                99.7399206520001,19.431080928,0
                99.739919279,19.4310721950001,0
                99.739918263,19.431063438,0
                99.739918103,19.431061121,0
                99.739917656,19.43105467,0
                99.739917555,19.4310459050001,0
                99.7399180390001,19.431037255,0
                99.739919043,19.4310286260001,0
                99.7399204810001,19.4310200350001,0
                99.7399223240001,19.431011492,0
                99.7399241630001,19.4310044000001,0
                99.7399262320001,19.4309973480001,0
                99.7399284910001,19.430990335,0
                99.7399334950001,19.430976425,0
                99.739939915,19.430960639,0
                99.7399467550001,19.430944982,0
                99.7399678660001,19.430898186,0
                99.7399746290001,19.4308824930001,0
                99.7399777050001,19.4308749570001,0
                99.7399834510001,19.4308597890001,0
                99.73998606,19.4308521510001,0
                99.7399870300001,19.4308490010001,0
                99.7399884260001,19.4308444650001,0
                99.739990467,19.4308367300001,0
                99.7399916520001,19.4308312810001,0
                99.7399926180001,19.430825805,0
                99.7399934920001,19.430819055,0
                99.7399940240001,19.4308122850001,0
                99.7399942120001,19.4308055070001,0
                99.7399940430001,19.4307987340001,0
                99.739993315,19.430790469,0
                99.7399925270001,19.43078525,0
                99.7399920730001,19.430782246,0
                99.73999036,19.430774093,0
                99.7399881850001,19.4307660320001,0
                99.739985925,19.4307592050001,0
                99.73998499,19.4307567930001,0
                99.739983318,19.430752479,0
                99.739980373,19.4307458760001,0
                99.73997662,19.4307385710001,0
                99.73997273,19.4307318580001,0
                99.7399724830001,19.430731431,0
                99.7399676050001,19.4307238380001,0
                99.7399624130001,19.430716408,0
                99.7399569600001,19.4307091200001,0
                99.7399562450001,19.4307082220001,0
                99.7399512740001,19.4307019720001,0
                99.739945209,19.4306949190001,0
                99.7399398360001,19.430688672,0
                99.7399339290001,19.430682158,0
                99.7399218840001,19.4306692980001,0
                99.7398891920001,19.430635539,0
                99.7398830270001,19.430628755,0
                99.7398770190001,19.430621849,0
                99.7398711760001,19.430614833,0
                99.7398655150001,19.4306076990001,0
                99.7398600710001,19.430600424,0
                99.739854903,19.43059299,0
                99.7398501740001,19.4305855270001,0
                99.7398474550001,19.4305808610001,0
                99.7398457340001,19.4305779090001,0
                99.739841546,19.430570163,0
                99.7398376,19.430562304,0
                99.7398339250001,19.430554339,0
                99.7398305550001,19.4305462610001,0
                99.739829881,19.4305444170001,0
                99.739827565,19.4305380770001,0
                99.7398250030001,19.430529764,0
                99.7398230000001,19.4305217530001,0
                99.7398213440001,19.430513653,0
                99.7398212900001,19.430513337,0
                99.739819954,19.43050549,0
                99.7398187740001,19.4304972800001,0
                99.739816923,19.4304807780001,0
                99.7398157520001,19.4304642230001,0
                99.7398155920001,19.4304591540001,0
                99.7398154910001,19.430455947,0
                99.73981553,19.4304476780001,0
                99.7398159350001,19.4304392810001,0
                99.7398166870001,19.43043091,0
                99.7398177590001,19.430422578,0
                99.7398191460001,19.430414295,0
                99.73982089,19.430406083,0
                99.739822781,19.4303988410001,0
                99.7398230680001,19.430397908,0
                99.7398249870001,19.430391684,0
                99.739827367,19.4303850050001,0
                99.7398300040001,19.4303784160001,0
                99.7398328800001,19.4303719110001,0
                99.739835994,19.430365501,0
                99.7398385020001,19.4303608020001,0
                99.739839513,19.4303589080001,0
                99.7398432890001,19.4303524360001,0
                99.739848103,19.430344861,0
                99.7398499270001,19.430342191,0
                99.7398531840001,19.430337422,0
                99.7398584520001,19.43033008,0
                99.7398693360001,19.4303155910001,0
                99.7398805010001,19.430301263,0
                99.7398918530001,19.4302870650001,0
                99.739903268,19.4302731560001,0
                99.739949181,19.430218682,0
                99.739960382,19.4302048500001,0
                99.7399618140001,19.4302029840001,0
                99.7399701730001,19.430192087,0
                99.7399795540001,19.4301790490001,0
                99.739984044,19.430172412,0
                99.7399881630001,19.4301659830001,0
                99.7399959190001,19.4301528710001,0
                99.7399995270001,19.430146183,0
                99.7399995850001,19.4301460670001,0
                99.740002911,19.4301393960001,0
                99.7400058700001,19.430132884,0
                99.7400059110001,19.430132771,0
                99.740008661,19.430126048,0
                99.7400114880001,19.430118093,0
                99.7400139470001,19.4301100270001,0
                99.740016058,19.4301018630001,0
                99.740016197,19.430101204,0
                99.7400177970001,19.430093619,0
                99.7400187580001,19.4300876400001,0
                99.7400192000001,19.4300848880001,0
                99.740020228,19.4300761100001,0
                99.740020912,19.430067319,0
                99.740021267,19.430058547,0
                99.740021256,19.43004984,0
                99.7400210200001,19.430045411,0
                99.740020798,19.4300412440001,0
                99.7400197650001,19.4300328210001,0
                99.740018159,19.4300252140001,0
                99.7400163570001,19.430019332,0
                99.7400159200001,19.4300179040001,0
                99.7400130120001,19.430010985,0
                99.7400093640001,19.430004588,0
                99.7400048280001,19.4299988820001,0
                99.7399993100001,19.4299940240001,0
                99.739992966,19.4299898890001,0
                99.7399859970001,19.4299863480001,0
                99.7399785530001,19.429983324,0
                99.7399707450001,19.4299807670001,0
                99.7399626490001,19.4299786710001,0
                99.7399548590001,19.4299771130001,0
                99.7399469330001,19.4299758440001,0
                99.7399384920001,19.4299746930001,0
                99.739922843,19.429972562,0
                99.7399148650001,19.4299712710001,0
                99.739906031,19.429969495,0
                99.7398973680001,19.4299673520001,0
                99.739888927,19.429964807,0
                99.7398807970001,19.4299617990001,0
                99.7398730850001,19.4299582250001,0
                99.739865926,19.4299539350001,0
                99.7398593060001,19.429948671,0
                99.7398533300001,19.4299426630001,0
                99.7398493540001,19.429937829,0
                99.7398479140001,19.4299360790001,0
                99.739843034,19.4299290320001,0
                99.7398386990001,19.429921586,0
                99.7398353190001,19.429914592,0
                99.739832424,19.4299073560001,0
                99.7398303090001,19.429900935,0
                99.7398292500001,19.4298970560001,0
                99.739828522,19.4298943950001,0
                99.7398270400001,19.4298877590001,0
                99.7398258570001,19.429881041,0
                99.7398249390001,19.4298739550001,0
                99.7398243100001,19.42986682,0
                99.7398242770001,19.429866056,0
                99.7398239020001,19.429858606,0
                99.7398237410001,19.429850366,0
                99.7398239660001,19.429833828,0
                99.7398247630001,19.4298172920001,0
                99.739825383,19.4298090520001,0
                99.739826194,19.4298008530001,0
                99.7398272520001,19.4297927110001,0
                99.7398273370001,19.429792223,0
                99.7398286440001,19.4297846580001,0
                99.7398303900001,19.429777045,0
                99.7398305170001,19.4297764900001,0
                99.7398328670001,19.429768488,0
                99.7398355770001,19.4297610300001,0
                99.739837493,19.42975661,0
                99.7398387160001,19.429753788,0
                99.7398393400001,19.429752563,0
                99.7398422700001,19.4297468020001,0
                99.739846265,19.429740135,0
                99.7398507660001,19.429733877,0
                99.7398558740001,19.429728149,0
                99.7398616940001,19.429723047,0
                99.7398681080001,19.429718538,0
                99.7398749870001,19.429714566,0
                99.739881531,19.4297114440001,0
                99.7398822480001,19.4297111020001,0
                99.739887815,19.4297089500001,0
                99.739889841,19.4297081660001,0
                99.7398983590001,19.429705628,0
                99.739907143,19.4297037040001,0
                99.7399155950001,19.4297024040001,0
                99.7399241780001,19.4297015290001,0
                99.739932858,19.429701015,0
                99.7399416250001,19.4297008120001,0
                99.739959291,19.4297009970001,0
                99.7399858460001,19.4297017160001,0
                99.739994643,19.429701815,0
                99.7399960880001,19.4297018,0
                99.7400033770001,19.4297017210001,0
                99.7400120010001,19.429701338,0
                99.74002047,19.4297005540001,0
                99.7400284650001,19.4296992870001,0
                99.740036177,19.429697494,0
                99.7400435060001,19.429695119,0
                99.7400503120001,19.4296920680001,0
                99.740067051,19.429679019,0
                99.740077661,19.4296640790001,0
                99.740078269,19.4296582590001,0
                99.7400804790001,19.4296370920001,0
                99.7400812720001,19.4296295030001,0
                99.740074253,19.429604505,0
                99.7400559280001,19.4295807450001,0
                99.7400481490001,19.42957369,0
                99.740038267,19.4295647280001,0
                99.7400093130001,19.429550545,0
                99.7399304,19.4295253540001,0
                99.739930057,19.429525245,0
                99.73992035,19.4295230160001,0
                99.7398332320001,19.429502998,0
                99.7398113190001,19.4294971530001,0
                99.7398068200001,19.4294959530001,0
                99.7397822650001,19.4294835420001,0
                99.7397664950001,19.429468709,0
                99.7397576400001,19.4294550930001,0
                99.7397493130001,19.4294422890001,0
                99.739745623,19.429436615,0
                99.7397451990001,19.429435717,0
                99.7397277300001,19.429398765,0
                99.7397236890001,19.429392067,0
                99.7397190650001,19.429384821,0
                99.7397141850001,19.4293778140001,0
                99.739708954,19.429371158,0
                99.7397032250001,19.429364977,0
                99.7396977020001,19.429360052,0
                99.7396917620001,19.429355549,0
                99.7396854900001,19.4293514130001,0
                99.739678929,19.429347622,0
                99.7396721210001,19.4293441620001,0
                99.739665593,19.429341256,0
                99.7396589040001,19.429338613,0
                99.7396520820001,19.429336219,0
                99.739644232,19.429333797,0
                99.7396362590001,19.4293316430001,0
                99.7396281920001,19.4293297240001,0
                99.739619211,19.429327872,0
                99.739601065,19.429324724,0
                99.739555276,19.4293180070001,0
                99.7395370260001,19.429315117,0
                99.73952798,19.4293134770001,0
                99.7395190220001,19.429311625,0
                99.7395122140001,19.4293100040001,0
                99.7395055040001,19.429308183,0
                99.739498923,19.4293061180001,0
                99.7394906310001,19.429303034,0
                99.739482647,19.4292995060001,0
                99.7394750380001,19.429295543,0
                99.739467898,19.429291108,0
                99.739461379,19.429286124,0
                99.7394585270001,19.4292832940001,0
                99.739455676,19.4292804670001,0
                99.73945122,19.429274422,0
                99.7394475560001,19.42926779,0
                99.7394445800001,19.4292607130001,0
                99.739444108,19.4292592210001,0
                99.739442227,19.4292532860001,0
                99.7394404400001,19.429245548,0
                99.7394390460001,19.4292376240001,0
                99.739435659,19.4292143010001,0
                99.739434422,19.4292071580001,0
                99.7394328540001,19.4291996050001,0
                99.7394310110001,19.429192189,0
                99.7394288500001,19.4291849690001,0
                99.7394263180001,19.4291780030001,0
                99.7394233160001,19.4291713910001,0
                99.7394197400001,19.429165233,0
                99.7394154190001,19.4291596800001,0
                99.7394101620001,19.429154781,0
                99.739404166,19.4291505040001,0
                99.7393976000001,19.4291467080001,0
                99.7393906080001,19.429143294,0
                99.7393832880001,19.4291401740001,0
                99.739375726,19.4291373,0
                99.7393679790001,19.429134634,0
                99.7393600950001,19.4291321580001,0
                99.7393512250001,19.4291296100001,0
                99.739315586,19.4291200540001,0
                99.7393069250001,19.429117451,0
                99.7392985110001,19.429114575,0
                99.7392904430001,19.4291113140001,0
                99.739282872,19.429107495,0
                99.7392759740001,19.42910291,0
                99.7392704220001,19.4290979400001,0
                99.7392654530001,19.429092312,0
                99.739260958,19.429086177,0
                99.7392568330001,19.4290796510001,0
                99.73925303,19.429072826,0
                99.7392494970001,19.4290657550001,0
                99.73924623,19.4290584890001,0
                99.7392430230001,19.4290505820001,0
                99.7392321630001,19.4290214280001,0
                99.7392313020001,19.429019119,0
                99.7392283930001,19.429011928,0
                99.7392253080001,19.429004843,0
                99.7392219770001,19.4289979110001,0
                99.7392180240001,19.42899063,0
                99.739213701,19.4289836400001,0
                99.7392089850001,19.428977004,0
                99.7392038130001,19.428970817,0
                99.739198087,19.4289652190001,0
                99.739191578,19.4289602260001,0
                99.7391845050001,19.4289559530001,0
                99.739176978,19.428952365,0
                99.7391690640001,19.4289494820001,0
                99.739160424,19.4289472680001,0
                99.7391515200001,19.4289457310001,0
                99.7391424290001,19.4289447560001,0
                99.739133221,19.4289442740001,0
                99.739123943,19.4289442670001,0
                99.739117192,19.428944594,0
                99.7391152910001,19.428944686,0
                99.7391066310001,19.428945453,0
                99.7390979780001,19.428946492,0
                99.739089339,19.4289477740001,0
                99.7390807350001,19.4289492770001,0
                99.739072175,19.428951016,0
                99.7390635350001,19.4289530390001,0
                99.739054954,19.428955279,0
                99.739046435,19.4289577170001,0
                99.7390379830001,19.428960331,0
                99.7390296040001,19.4289631350001,0
                99.739021317,19.4289661560001,0
                99.739013501,19.428969269,0
                99.739005782,19.4289725850001,0
                99.7389940950001,19.4289780670001,0
                99.738990593,19.428979709,0
                99.738983132,19.4289835120001,0
                99.738979639,19.4289854030001,0
                99.7389757780001,19.428987491,0
                99.738963508,19.4289946800001,0
                99.738951436,19.4290021850001,0
                99.7389371370001,19.4290113160001,0
                99.7389230200001,19.4290206360001,0
                99.7389160880001,19.429025408,0
                99.7389092800001,19.4290303020001,0
                99.7389088890001,19.429030601,0
                99.7389026590001,19.4290353580001,0
                99.738896287,19.4290406430001,0
                99.7388902540001,19.429046225,0
                99.738884495,19.4290523350001,0
                99.738879109,19.4290587680001,0
                99.7388740200001,19.4290654490001,0
                99.7388691830001,19.429072332,0
                99.7388645720001,19.4290793770001,0
                99.738860189,19.429086565,0
                99.738856055,19.4290938880001,0
                99.7388523020001,19.429101147,0
                99.7388487960001,19.429108512,0
                99.738845553,19.4291159810001,0
                99.7388425820001,19.4291235380001,0
                99.7388399310001,19.4291311900001,0
                99.7388376750001,19.4291389430001,0
                99.738835732,19.429147513,0
                99.7388342190001,19.4291561900001,0
                99.7388330160001,19.429164943,0
                99.7388320360001,19.4291737570001,0
                99.7388318480001,19.429175936,0
                99.738830502,19.4291914940001,0
                99.7388294880001,19.429206569,0
                99.7388274990001,19.429236147,0
                99.738826089,19.4292540230001,0
                99.7388252050001,19.4292629280001,0
                99.7388250440001,19.429264242,0
                99.7388241210001,19.4292717880001,0
                99.738822751,19.429280573,0
                99.7388209850001,19.429289237,0
                99.738819047,19.429296551,0
                99.7388166790001,19.4293037090001,0
                99.7388138380001,19.429310656,0
                99.7388100190001,19.429318172,0
                99.738806164,19.429324443,0
                99.7388056080001,19.429325347,0
                99.738800676,19.429332135,0
                99.738795242,19.4293384650001,0
                99.738789276,19.4293442100001,0
                99.738782712,19.429349184,0
                99.738775843,19.4293530520001,0
                99.7387684940001,19.429356168,0
                99.7387607940001,19.429358617,0
                99.738752859,19.429360457,0
                99.7387447820001,19.42936166,0
                99.7387374630001,19.4293621200001,0
                99.7387366350001,19.429362172,0
                99.7387302330001,19.429361968,0
                99.73872858,19.4293619150001,0
                99.7387206130001,19.4293609580001,0
                99.7387128330001,19.429359354,0
                99.7387053410001,19.4293570890001,0
                99.73869826,19.429354114,0
                99.7386917370001,19.429350304,0
                99.7386854310001,19.4293451020001,0
                99.7386798270001,19.429339011,0
                99.7386747910001,19.429332254,0
                99.738672949,19.4293293170001,0
                99.7386702430001,19.429324998,0
                99.7386661500001,19.4293173610001,0
                99.7386625190001,19.429309415,0
                99.7386593090001,19.4293010870001,0
                99.7386564750001,19.4292925680001,0
                99.7386551920001,19.429288233,0
                99.738653916,19.429283921,0
                99.7386492940001,19.4292664000001,0
                99.7386408870001,19.4292315920001,0
                99.73863865,19.4292223300001,0
                99.7386351430001,19.4292088460001,0
                99.7386341040001,19.429204854,0
                99.7386316170001,19.429196211,0
                99.7386288920001,19.429187669,0
                99.738626104,19.4291798730001,0
                99.7386230500001,19.4291722090001,0
                99.738619725,19.429164708,0
                99.738616101,19.429157408,0
                99.7386121210001,19.429150366,0
                99.73860769,19.429143675,0
                99.7386026890001,19.429137441,0
                99.7385971250001,19.4291318520001,0
                99.7385910150001,19.429126722,0
                99.7385844830001,19.429121959,0
                99.738579454,19.4291186950001,0
                99.7385776240001,19.429117509,0
                99.7385705090001,19.429113332,0
                99.7385631710001,19.429109426,0
                99.7385607090001,19.4291082410001,0
                99.7385556390001,19.429105801,0
                99.7385516200001,19.4291040700001,0
                99.7385483960001,19.4291026810001,0
                99.7385410150001,19.429099815,0
                99.7385335210001,19.429097202,0
                99.7385259330001,19.429094843,0
                99.7385182560001,19.429092769,0
                99.7385158860001,19.4290922280001,0
                99.738511529,19.4290912330001,0
                99.738504741,19.429089941,0
                99.7384955380001,19.4290885780001,0
                99.7384891130001,19.4290878680001,0
                99.738486261,19.429087554,0
                99.738467594,19.429086161,0
                99.7384582290001,19.429085689,0
                99.7384394800001,19.429085065,0
                99.7384207430001,19.429084892,0
                99.738416633,19.429084957,0
                99.7384113900001,19.429085039,0
                99.7384020570001,19.4290854110001,0
                99.738392892,19.429086054,0
                99.7383882350001,19.429086494,0
                99.7383837470001,19.4290869180001,0
                99.7383655070001,19.429089161,0
                99.738347364,19.4290919590001,0
                99.7383383370001,19.4290935820001,0
                99.738329353,19.4290953940001,0
                99.7383250510001,19.429096364,0
                99.738322354,19.429096972,0
                99.7383068990001,19.42910098,0
                99.738298446,19.4291034240001,0
                99.738281639,19.4291086330001,0
                99.7382649090001,19.4291141090001,0
                99.7382482460001,19.4291197750001,0
                99.7382400150001,19.429122727,0
                99.738223421,19.429128678,0
                99.7382060580001,19.4291353900001,0
                99.7381990000001,19.4291382440001,0
                99.7381801870001,19.429145852,0
                99.7381365690001,19.429163949,0
                99.738059918,19.429195753,0
                99.738025485,19.429209846,0
                99.738017798,19.429212852,0
                99.738008171,19.4292166170001,0
                99.7379994550001,19.429219856,0
                99.737990682,19.4292229370001,0
                99.73798178,19.429225838,0
                99.7379802730001,19.42922629,0
                99.7379728050001,19.429228531,0
                99.7379637050001,19.42923103,0
                99.7379545570001,19.4292333670001,0
                99.737936145,19.4292377260001,0
                99.7379176520001,19.4292418360001,0
                99.7378898170001,19.429247714,0
                99.7378711970001,19.4292513550001,0
                99.7378618550001,19.429253019,0
                99.7378609130001,19.42925317,0
                99.737852489,19.4292545170001,0
                99.7378445720001,19.4292556070001,0
                99.73784377,19.429255718,0
                99.73783503,19.4292567520001,0
                99.7378175010001,19.429258369,0
                99.7378087260001,19.429258937,0
                99.7377999500001,19.4292593070001,0
                99.7377929670001,19.4292594080001,0
                99.7377911830001,19.429259433,0
                99.7377824280001,19.429259243,0
                99.737773915,19.429258686,0
                99.737765429,19.4292578120001,0
                99.7377624200001,19.429257407,0
                99.7377569650001,19.4292566720001,0
                99.7377485390001,19.4292552960001,0
                99.7377401590001,19.4292536950001,0
                99.73773184,19.429251853,0
                99.737731383,19.429251736,0
                99.737723605,19.429249741,0
                99.7377183070001,19.4292481790001,0
                99.737717434,19.4292479220001,0
                99.737711334,19.4292459230001,0
                99.737705313,19.429243738,0
                99.7376975930001,19.4292406110001,0
                99.737690038,19.42923718,0
                99.737685845,19.4292350630001,0
                99.7376826730001,19.42923346,0
                99.7376755350001,19.4292294320001,0
                99.7376686850001,19.4292250450001,0
                99.7376621910001,19.4292202280001,0
                99.7376559940001,19.429214799,0
                99.7376501720001,19.429208945,0
                99.7376446380001,19.429202773,0
                99.7376405700001,19.429197844,0
                99.7376393370001,19.429196351,0
                99.7376342210001,19.4291897430001,0
                99.7376292700001,19.4291829810001,0
                99.7376196530001,19.429168846,0
                99.7376010360001,19.429139386,0
                99.73759154,19.4291247890001,0
                99.7375865830001,19.429117648,0
                99.737581489,19.4291107560001,0
                99.7375762010001,19.4291040270001,0
                99.7375707140001,19.4290974840001,0
                99.7375650130001,19.4290911680001,0
                99.7375590650001,19.4290851280001,0
                99.7375528150001,19.4290794560001,0
                99.7375461810001,19.42907426,0
                99.737539026,19.4290696030001,0
                99.7375314870001,19.429065446,0
                99.737524798,19.429062233,0
                99.737523659,19.4290616860001,0
                99.7375156140001,19.4290582580001,0
                99.737507394,19.4290551330001,0
                99.7374990320001,19.4290523070001,0
                99.737490548,19.4290498070001,0
                99.737483334,19.4290480020001,0
                99.737480379,19.4290473830001,0
                99.7374760550001,19.429046477,0
                99.737467414,19.4290450620001,0
                99.737458722,19.4290440400001,0
                99.737450003,19.4290434060001,0
                99.7374412870001,19.4290432070001,0
                99.7374325920001,19.4290435180001,0
                99.7374267980001,19.4290440520001,0
                99.7374210290001,19.429044834,0
                99.7374151400001,19.429045903,0
                99.73741283,19.429046322,0
                99.7374046800001,19.429048172,0
                99.7373965740001,19.4290502920001,0
                99.7373885120001,19.4290526340001,0
                99.737372533,19.429057868,0
                99.7373646350001,19.4290607460001,0
                99.737362676,19.429061517,0
                99.7373568190001,19.4290638190001,0
                99.7373497890001,19.429066816,0
                99.737342836,19.4290699800001,0
                99.7373359690001,19.429073311,0
                99.7373277720001,19.4290775420001,0
                99.7373196670001,19.4290819440001,0
                99.7373072560001,19.429089022,0
                99.7373036440001,19.4290910820001,0
                99.7372798470001,19.429105194,0
                99.737274922,19.429108166,0
                99.7372166520001,19.4291433240001,0
                99.7371927740001,19.429157382,0
                99.737177639,19.4291657630001,0
                99.7371766210001,19.429166326,0
                99.737168415,19.42917053,0
                99.7371602600001,19.4291743900001,0
                99.737151984,19.429177957,0
                99.737143583,19.4291811860001,0
                99.7371361790001,19.429183665,0
                99.7371286920001,19.4291858230001,0
                99.7371211280001,19.429187643,0
                99.7371134900001,19.4291890800001,0
                99.737105022,19.429190158,0
                99.7370965090001,19.429190734,0
                99.7370879850001,19.429190814,0
                99.7370794810001,19.4291903650001,0
                99.7370729150001,19.4291896190001,0
                99.7370663900001,19.4291885430001,0
                99.737059048,19.4291869510001,0
                99.737051781,19.4291850110001,0
                99.7370445940001,19.4291827530001,0
                99.7370375,19.429180193,0
                99.7370309,19.429177457,0
                99.737029341,19.4291768100001,0
                99.737021337,19.429173061,0
                99.7370134940001,19.429168986,0
                99.7370064840001,19.4291649840001,0
                99.736999612,19.429160756,0
                99.736992876,19.429156332,0
                99.7369900880001,19.4291543840001,0
                99.7369862830001,19.4291517230001,0
                99.7369798460001,19.4291469190001,0
                99.7369735940001,19.429141902,0
                99.7369667900001,19.4291359700001,0
                99.7369601990001,19.429129802,0
                99.7369574320001,19.429127083,0
                99.7369537600001,19.429123476,0
                99.7369411760001,19.4291105140001,0
                99.7369226650001,19.429090726,0
                99.7368611110001,19.429024186,0
                99.7368430600001,19.4290046720001,0
                99.736806238,19.4289650690001,0
                99.7367875520001,19.4289455310001,0
                99.7367866660001,19.428944657,0
                99.7367747260001,19.4289328690001,0
                99.736768107,19.4289267460001,0
                99.7367618580001,19.4289212910001,0
                99.736752773,19.4289138820001,0
                99.7367489750001,19.428910784,0
                99.736735718,19.428900685,0
                99.7367221440001,19.428890994,0
                99.736715217,19.4288863360001,0
                99.7367081770001,19.428881856,0
                99.7367011520001,19.428877678,0
                99.7366997870001,19.4288769190001,0
                99.7366940000001,19.428873703,0
                99.7366867200001,19.428869955,0
                99.736679952,19.4288667390001,0
                99.7366730800001,19.4288637120001,0
                99.7366661190001,19.4288608800001,0
                99.73665787,19.428857814,0
                99.736652555,19.4288560530001,0
                99.7366411090001,19.4288522620001,0
                99.7366326440001,19.4288496840001,0
                99.7366156000001,19.428844815,0
                99.736598444,19.428840307,0
                99.7365913250001,19.428838586,0
                99.7365898240001,19.4288382230001,0
                99.7365811660001,19.4288362930001,0
                99.73657239,19.4288345300001,0
                99.7365682920001,19.428833819,0
                99.7365547410001,19.428831471,0
                99.736537012,19.4288288860001,0
                99.7365281290001,19.4288277740001,0
                99.7365237400001,19.4288272970001,0
                99.7365192380001,19.4288268070001,0
                99.7365103380001,19.42882603,0
                99.7365014250001,19.428825488,0
                99.7364923840001,19.4288252440001,0
                99.7364833400001,19.4288252760001,0
                99.7364742970001,19.428825557,0
                99.736465265,19.4288260860001,0
                99.7364562480001,19.4288268820001,0
                99.7364468900001,19.428828004,0
                99.7364375510001,19.428829357,0
                99.7364282280001,19.428830872,0
                99.7363844720001,19.428838501,0
                99.736381663,19.4288389910001,0
                99.7363723390001,19.4288403620001,0
                99.7363630040001,19.428841493,0
                99.7363536590001,19.4288422720001,0
                99.7363458780001,19.428842579,0
                99.7363380910001,19.4288425830001,0
                99.7363303220001,19.4288422990001,0
                99.7363225750001,19.4288417110001,0
                99.7363148700001,19.4288408030001,0
                99.7363070580001,19.428839515,0
                99.7363010380001,19.4288382620001,0
                99.7362993070001,19.4288379020001,0
                99.7362916160001,19.4288360030001,0
                99.7362839960001,19.428833834,0
                99.7362764650001,19.4288313930001,0
                99.7362678920001,19.428828229,0
                99.7362619780001,19.4288257690001,0
                99.7362594560001,19.4288247210001,0
                99.736251171,19.428820886,0
                99.7362433280001,19.4288168790001,0
                99.736242421,19.428816378,0
                99.736235617,19.4288126220001,0
                99.7362280290001,19.428808153,0
                99.7362205590001,19.428803493,0
                99.736219141,19.428802557,0
                99.736213213,19.4287986480001,0
                99.7362095610001,19.4287961000001,0
                99.7362062660001,19.4287938000001,0
                99.736192675,19.4287836940001,0
                99.736179431,19.428773166,0
                99.7361664840001,19.428762261,0
                99.736153813,19.4287510840001,0
                99.7361414260001,19.428739653,0
                99.7361411480001,19.428739379,0
                99.7361294720001,19.4287278680001,0
                99.7361237430001,19.4287217740001,0
                99.7361177020001,19.42871489,0
                99.7361118690001,19.428707838,0
                99.7361101150001,19.4287056250001,0
                99.7361061840001,19.428700668,0
                99.736095107,19.4286860820001,0
                99.7360842720001,19.42867131,0
                99.7360736320001,19.4286564070001,0
                99.7360632770001,19.4286413350001,0
                99.7360621380001,19.428639597,0
                99.7360582750001,19.428633701,0
                99.736055617,19.4286293760001,0
                99.736050085,19.428620374,0
                99.7360461970001,19.428613607,0
                99.7360424700001,19.4286067640001,0
                99.736038453,19.4285988950001,0
                99.736034664,19.428590931,0
                99.7360311090001,19.428582883,0
                99.7360278240001,19.4285747380001,0
                99.7360248480001,19.428566486,0
                99.7360226010001,19.4285593430001,0
                99.7360224560001,19.4285588060001,0
                99.7360048360001,19.4284406680001,0
                99.73599734,19.4284239400001,0
                99.7359859750001,19.4284099070001,0
                99.735974985,19.4284019090001,0
                99.7359615290001,19.4283952590001,0
                99.735936413,19.4283883210001,0
                99.7358953560001,19.4283812040001,0
                99.735870295,19.428376859,0
                99.7358441250001,19.428371602,0
                99.7358225450001,19.428365319,0
                99.7358055480001,19.4283570100001,0
                99.7357896,19.4283456800001,0
                99.7357686670001,19.428326322,0
                99.735752737,19.428310735,0
                99.7357500360001,19.42830851,0
                99.7357435090001,19.428302757,0
                99.7357242880001,19.4282850280001,0
                99.73572398,19.4282847530001,0
                99.735717799,19.428279221,0
                99.7357111590001,19.428273618,0
                99.735704291,19.428268319,0
                99.7356971400001,19.4282634410001,0
                99.7356897180001,19.428258971,0
                99.7356868580001,19.4282574530001,0
                99.7356820560001,19.428254904,0
                99.735674165,19.4282512770001,0
                99.7356681270001,19.428248879,0
                99.735661974,19.4282467570001,0
                99.735655717,19.428244917,0
                99.735646687,19.428242798,0
                99.735637507,19.428241159,0
                99.735628224,19.428239927,0
                99.735618861,19.428239052,0
                99.735609443,19.4282385440001,0
                99.735600284,19.4282384040001,0
                99.735591098,19.428238532,0
                99.7355752010001,19.428239208,0
                99.7355726700001,19.428239316,0
                99.7355678980001,19.4282396410001,0
                99.7355079230001,19.428243722,0
                99.735489424,19.4282446010001,0
                99.7354814170001,19.4282447630001,0
                99.7354802,19.428244787,0
                99.7354710170001,19.4282446980001,0
                99.7354618950001,19.428244229,0
                99.7354531560001,19.4282433110001,0
                99.735447622,19.428242411,0
                99.7354445390001,19.4282419090001,0
                99.735436086,19.428240009,0
                99.7354319830001,19.4282388020001,0
                99.735428756,19.4282378520001,0
                99.735421639,19.4282352600001,0
                99.735414791,19.428232225,0
                99.7354082840001,19.428228704,0
                99.7354022120001,19.428224626,0
                99.735396059,19.428219374,0
                99.7353904510001,19.4282135,0
                99.7353864140001,19.428208538,0
                99.735385293,19.4282071590001,0
                99.7353805380001,19.428200459,0
                99.7353761680001,19.428193478,0
                99.7353722110001,19.428186265,0
                99.7353714010001,19.428184538,0
                99.7353687340001,19.428178851,0
                99.735365857,19.428171245,0
                99.735364319,19.4281659960001,0
                99.7353631180001,19.428160674,0
                99.7353619290001,19.4281524690001,0
                99.735361492,19.428144193,0
                99.7353618110001,19.4281359,0
                99.735362792,19.42812845,0
                99.735364383,19.4281210560001,0
                99.7353666210001,19.42811347,0
                99.7353693490001,19.428105972,0
                99.7353724740001,19.428098554,0
                99.7353761580001,19.4280907400001,0
                99.735380095,19.428082998,0
                99.735382938,19.4280777110001,0
                99.73539664,19.4280522330001,0
                99.7354005870001,19.4280444820001,0
                99.7354043000001,19.42803665,0
                99.735407669,19.4280287070001,0
                99.7354103700001,19.4280212950001,0
                99.735412722,19.4280137710001,0
                99.7354147450001,19.4280061630001,0
                99.7354163260001,19.427999013,0
                99.7354165280001,19.4279981,0
                99.7354180150001,19.4279899790001,0
                99.735419236,19.4279818140001,0
                99.7354201900001,19.4279736230001,0
                99.7354208670001,19.427965424,0
                99.735421208,19.4279574660001,0
                99.735421224,19.427949536,0
                99.73542086,19.427941671,0
                99.735420778,19.4279408960001,0
                99.7354200350001,19.4279339030001,0
                99.7354186380001,19.4279262810001,0
                99.7354166390001,19.427919146,0
                99.7354139890001,19.4279122300001,0
                99.735410576,19.4279053490001,0
                99.7354065700001,19.4278987500001,0
                99.7354020550001,19.4278924560001,0
                99.7353970710001,19.427886503,0
                99.7353916260001,19.427880959,0
                99.735385674,19.427875918,0
                99.7353789190001,19.4278713,0
                99.7353716950001,19.4278672360001,0
                99.7353641110001,19.4278636340001,0
                99.7353562470001,19.4278604310001,0
                99.735348157,19.4278576080001,0
                99.735340884,19.4278554420001,0
                99.7353401930001,19.427855236,0
                99.7353320970001,19.4278531460001,0
                99.7353239110001,19.4278512810001,0
                99.735315659,19.4278495930001,0
                99.7352990300001,19.42784671,0
                99.735290676,19.4278455100001,0
                99.7352738220001,19.4278436540001,0
                99.735266268,19.427843124,0
                99.7352569330001,19.42784247,0
                99.7352484880001,19.427842157,0
                99.735240043,19.427842073,0
                99.7352310950001,19.4278422720001,0
                99.7352221530001,19.427842706,0
                99.735213216,19.4278433160001,0
                99.735195349,19.4278448650001,0
                99.7351507060001,19.427849402,0
                99.7351328490001,19.4278510340001,0
                99.7351317860001,19.427851103,0
                99.7351149940001,19.427852204,0
                99.7351060710001,19.427852493,0
                99.7350987510001,19.4278525230001,0
                99.7350948820001,19.427852434,0
                99.7350914390001,19.427852353,0
                99.7350841370001,19.427851994,0
                99.7350768620001,19.4278514270001,0
                99.735068518,19.427850494,0
                99.7350602260001,19.4278492760001,0
                99.7350552520001,19.4278483690001,0
                99.7350519840001,19.4278477730001,0
                99.7350438230001,19.427845963,0
                99.7350350680001,19.4278436220001,0
                99.735026426,19.427840928,0
                99.7350179060001,19.427837894,0
                99.735012499,19.4278357320001,0
                99.7350094810001,19.427834526,0
                99.7350011870001,19.427830859,0
                99.7349930300001,19.4278269160001,0
                99.734985243,19.4278228220001,0
                99.734977599,19.427818498,0
                99.734970106,19.427813955,0
                99.7349679120001,19.427812526,0
                99.7349627880001,19.4278091910001,0
                99.7349556890001,19.427804173,0
                99.734948854,19.427798846,0
                99.7349424810001,19.4277932960001,0
                99.734936363,19.4277874650001,0
                99.734930444,19.4277814230001,0
                99.7349246680001,19.427775232,0
                99.7349190200001,19.4277689150001,0
                99.7349080270001,19.427756001,0
                99.734897452,19.427742756,0
                99.7348925890001,19.4277363140001,0
                99.7348831520001,19.4277232310001,0
                99.7348740340001,19.427709943,0
                99.7348646830001,19.427695672,0
                99.7348510410001,19.427674052,0
                99.7348421600001,19.4276595260001,0
                99.7348335400001,19.427644872,0
                99.7348258150001,19.427630982,0
                99.7348184460001,19.4276169230001,0
                99.7348162650001,19.4276124520001,0
                99.734811505,19.427602687,0
                99.7348078100001,19.427594506,0
                99.7348022460001,19.4275813450001,0
                99.734800825,19.427577983,0
                99.7347941730001,19.4275613240001,0
                99.7347877350001,19.4275445870001,0
                99.7347841490001,19.42753477,0
                99.7347785110001,19.4275193350001,0
                99.734772858,19.4275024140001,0
                99.7347676240001,19.4274854380001,0
                99.734760136,19.4274598580001,0
                99.734745423,19.427408585,0
                99.7347403360001,19.427391535,0
                99.734734911,19.427374586,0
                99.7347319340001,19.4273660040001,0
                99.7347287860001,19.427357477,0
                99.7347255700001,19.427349307,0
                99.7347254570001,19.4273490190001,0
                99.734721914,19.427340633,0
                99.7347182250001,19.4273325610001,0
                99.734715953,19.427327873,0
                99.734714345,19.427324556,0
                99.7347061870001,19.427308721,0
                99.7346976490001,19.42729309,0
                99.734688717,19.4272777780001,0
                99.73468682,19.427274756,0
                99.73468404,19.4272703280001,0
                99.7346791450001,19.427263096,0
                99.7346739560001,19.4272561720001,0
                99.7346683590001,19.427249675,0
                99.734662208,19.427243767,0
                99.73465558,19.42723872,0
                99.73464842,19.427234248,0
                99.734640863,19.4272302210001,0
                99.7346330030001,19.427226557,0
                99.734628576,19.4272247120001,0
                99.73462492,19.427223188,0
                99.7346166620001,19.4272200940001,0
                99.734608257,19.4272172770001,0
                99.7346037920001,19.427215964,0
                99.7345997260001,19.4272147680001,0
                99.7345910670001,19.42721263,0
                99.734582473,19.427210947,0
                99.7345737750001,19.427209641,0
                99.7345650030001,19.427208669,0
                99.73456409,19.4272086010001,0
                99.7345555320001,19.42720797,0
                99.734546014,19.427207525,0
                99.7345174160001,19.427206783,0
                99.7345079420001,19.427206455,0
                99.734498548,19.427205928,0
                99.734489281,19.427205089,0
                99.734480202,19.427203779,0
                99.7344756260001,19.427202863,0
                99.734471135,19.427201756,0
                99.7344634470001,19.427199284,0
                99.734456155,19.427196123,0
                99.73444936,19.427192206,0
                99.7344431910001,19.427187491,0
                99.734437518,19.4271821150001,0
                99.734432262,19.427176226,0
                99.7344306840001,19.427174209,0
                99.7344273480001,19.427169943,0
                99.7344227560001,19.427163351,0
                99.734418481,19.427156514,0
                99.7344155860001,19.4271512990001,0
                99.7344145590001,19.4271494500001,0
                99.7344110440001,19.42714218,0
                99.734408295,19.42713545,0
                99.7344059160001,19.427128587,0
                99.7344038990001,19.42712161,0
                99.734402248,19.4271145500001,0
                99.734400996,19.4271074120001,0
                99.7344001980001,19.4271003980001,0
                99.7343998840001,19.42709433,0
                99.734399776,19.427092235,0
                99.734399786,19.427084039,0
                99.7344001500001,19.4270758280001,0
                99.7344008270001,19.4270676240001,0
                99.73440179,19.427059437,0
                99.7344025880001,19.4270542940001,0
                99.734403054,19.4270512950001,0
                99.734404661,19.4270432050001,0
                99.734406096,19.4270372620001,0
                99.7344076430001,19.4270319710001,0
                99.7344095340001,19.4270255000001,0
                99.7344123270001,19.427017356,0
                99.734415353,19.4270092740001,0
                99.7344218910001,19.426993253,0
                99.7344288730001,19.426977397,0
                99.73443251,19.4269695290001,0
                99.7344352650001,19.4269637780001,0
                99.734436256,19.426961711,0
                99.734437782,19.426958714,0
                99.7344444190001,19.4269456870001,0
                99.7344531290001,19.4269297930001,0
                99.7344669110001,19.4269061110001,0
                99.7344904230001,19.4268669320001,0
                99.7344917980001,19.426864661,0
                99.734537812,19.426788645,0
                99.7345518930001,19.4267649930001,0
                99.7345609420001,19.4267490340001,0
                99.7345651730001,19.4267410960001,0
                99.7345692280001,19.4267330870001,0
                99.734573073,19.4267250020001,0
                99.734576497,19.4267171810001,0
                99.7345766510001,19.4267168270001,0
                99.734579867,19.426708546,0
                99.7345823900001,19.4267009450001,0
                99.7345845420001,19.426693259,0
                99.7345863260001,19.426685521,0
                99.7345877010001,19.4266777440001,0
                99.7345885990001,19.4266699510001,0
                99.734588935,19.4266629590001,0
                99.7345888300001,19.4266572070001,0
                99.7345888080001,19.4266559970001,0
                99.7345882100001,19.4266491000001,0
                99.7345876520001,19.4266458270001,0
                99.7345868410001,19.4266410770001,0
                99.7345847720001,19.4266332550001,0
                99.734581962,19.426625707,0
                99.734578324,19.4266185280001,0
                99.73457376,19.4266117920001,0
                99.73456845,19.426605447,0
                99.734562569,19.426599412,0
                99.734559565,19.426596665,0
                99.7345562570001,19.4265936400001,0
                99.7345496020001,19.4265881050001,0
                99.7345426630001,19.426582802,0
                99.734542117,19.426582421,0
                99.7345364670001,19.426578412,0
                99.7345301130001,19.426574186,0
                99.734523628,19.4265701140001,0
                99.7345170190001,19.4265662010001,0
                99.734503579,19.426558877,0
                99.7344898420001,19.4265520330001,0
                99.7344733290001,19.4265444280001,0
                99.7344566420001,19.426537212,0
                99.7344398280001,19.426530375,0
                99.7344313550001,19.4265271570001,0
                99.7344228210001,19.426524123,0
                99.7344158820001,19.4265218420001,0
                99.7344125860001,19.4265208910001,0
                99.7344018380001,19.426517787,0
                99.7343934030001,19.426515721,0
                99.7343781280001,19.426512529,0
                99.734376366,19.4265121610001,0
                99.7343677910001,19.4265106010001,0
                99.734350572,19.4265078290001,0
                99.734349803,19.4265077260001,0
                99.7343332730001,19.4265055220001,0
                99.734314629,19.426503638,0
                99.7342959380001,19.426502144,0
                99.7342299420001,19.426497791,0
                99.7341742570001,19.426494119,0
                99.7341555530001,19.426492753,0
                99.7341497640001,19.426492259,0
                99.7341368770001,19.426491157,0
                99.734118256,19.4264891,0
                99.7340995650001,19.42648633,0
                99.7340809280001,19.4264830920001,0
                99.7340530290001,19.4264777380001,0
                99.7340344950001,19.426473845,0
                99.7340252700001,19.4264717500001,0
                99.7340168050001,19.4264696650001,0
                99.7340161010001,19.426469491,0
                99.7340076180001,19.4264671990001,0
                99.733999215,19.4264647160001,0
                99.7339954030001,19.426463475,0
                99.7339909120001,19.4264620120001,0
                99.733982735,19.426459058,0
                99.7339747340001,19.4264557880001,0
                99.7339668160001,19.42645207,0
                99.733959144,19.4264479710001,0
                99.733951747,19.4264435000001,0
                99.7339446770001,19.4264386360001,0
                99.733938009,19.426433317,0
                99.7339319060001,19.426427577,0
                99.733926216,19.4264214190001,0
                99.7339208720001,19.4264149380001,0
                99.733919057,19.426412505,0
                99.7339158410001,19.4264081900001,0
                99.7339111090001,19.426401206,0
                99.7339067520001,19.4263941340001,0
                99.7339026770001,19.4263868940001,0
                99.7339011610001,19.426383953,0
                99.7338988670001,19.4263794990001,0
                99.733896036,19.426373502,0
                99.7338951450001,19.426371612,0
                99.7338916510001,19.4263636150001,0
                99.7338883290001,19.4263555410001,0
                99.733882103,19.426339227,0
                99.73387639,19.4263227500001,0
                99.733875792,19.4263208510001,0
                99.7338737760001,19.426314446,0
                99.7338722200001,19.4263088600001,0
                99.733869874,19.4263004370001,0
                99.7338658100001,19.426282945,0
                99.7338622680001,19.426265342,0
                99.7338575680001,19.426238848,0
                99.7338548970001,19.426221147,0
                99.7338547250001,19.4262197670001,0
                99.7338537910001,19.4262122820001,0
                99.7338529080001,19.426203398,0
                99.7338523220001,19.426194847,0
                99.73385175,19.426178399,0
                99.7338517260001,19.426177707,0
                99.7338516340001,19.426160537,0
                99.7338521190001,19.426134776,0
                99.7338521410001,19.4261342720001,0
                99.7338528940001,19.426117617,0
                99.7338542140001,19.4260996960001,0
                99.733854754,19.426093866,0
                99.733855872,19.4260817970001,0
                99.7338655300001,19.4259903060001,0
                99.7338690880001,19.425956608,0
                99.7338698170001,19.425949111,0
                99.7338716960001,19.425929777,0
                99.7338731680001,19.4259118740001,0
                99.7338741940001,19.425894194,0
                99.7338747920001,19.4258767320001,0
                99.7338754820001,19.4258348010001,0
                99.7338760860001,19.4257980850001,0
                99.7338765320001,19.4257806110001,0
                99.733877249,19.4257631450001,0
                99.7338784020001,19.42574518,0
                99.7338798540001,19.425727223,0
                99.7338856390001,19.425664313,0
                99.733887097,19.4256462970001,0
                99.7338875230001,19.425638609,0
                99.733888097,19.4256282650001,0
                99.733888285,19.4256192450001,0
                99.733888209,19.425611759,0
                99.7338882000001,19.425610991,0
                99.733887882,19.425602741,0
                99.7338873450001,19.425594507,0
                99.7338865840001,19.4255862950001,0
                99.733885581,19.4255781260001,0
                99.7338854370001,19.4255772280001,0
                99.7338842780001,19.4255700160001,0
                99.733882603,19.4255619940001,0
                99.7338808200001,19.425555242,0
                99.7338787140001,19.4255485850001,0
                99.7338762940001,19.4255420440001,0
                99.733873551,19.425535639,0
                99.7338699750001,19.4255284830001,0
                99.7338659910001,19.4255215490001,0
                99.7338616270001,19.4255148660001,0
                99.7338615340001,19.4255147420001,0
                99.7338568790001,19.425508483,0
                99.733851708,19.4255024670001,0
                99.7338460490001,19.425496928,0
                99.73383921,19.425491493,0
                99.73383183,19.4254866520001,0
                99.7338240330001,19.425482324,0
                99.7338159050001,19.4254784620001,0
                99.733807503,19.425475084,0
                99.7337988510001,19.425472246,0
                99.7337913040001,19.4254702970001,0
                99.733783615,19.425468729,0
                99.733775817,19.4254674590001,0
                99.7337666110001,19.42546629,0
                99.7337573290001,19.4254653690001,0
                99.733748001,19.425464607,0
                99.733723598,19.425462925,0
                99.7337105560001,19.4254620250001,0
                99.7337012420001,19.425461227,0
                99.7336919790001,19.425460238,0
                99.7336828100001,19.425458974,0
                99.7336737680001,19.4254573210001,0
                99.733664972,19.4254551830001,0
                99.7336563870001,19.4254525380001,0
                99.7336480580001,19.4254493820001,0
                99.7336405840001,19.4254459420001,0
                99.7336334280001,19.425442049,0
                99.7336266360001,19.4254377120001,0
                99.733620294,19.4254328980001,0
                99.7336145120001,19.4254275490001,0
                99.733609318,19.425421498,0
                99.733604707,19.425414947,0
                99.7336019800001,19.4254103660001,0
                99.7336005750001,19.4254080050001,0
                99.7335968470001,19.425400777,0
                99.7335934800001,19.425393313,0
                99.733590469,19.4253856620001,0
                99.733587824,19.425377838,0
                99.7335873790001,19.4253763200001,0
                99.733585497,19.4253698950001,0
                99.7335834520001,19.4253618560001,0
                99.7335825740001,19.425357863,0
                99.7335816670001,19.4253537440001,0
                99.733580164,19.425345572,0
                99.7335788810001,19.42533682,0
                99.7335784040001,19.4253327430001,0
                99.7335778510001,19.4253280230001,0
                99.7335762810001,19.4253103620001,0
                99.7335745240001,19.4252838200001,0
                99.733571715,19.4252362570001,0
                99.7335708700001,19.4252219470001,0
                99.7335696090001,19.425204308,0
                99.7335691520001,19.425199283,0
                99.733568006,19.425186711,0
                99.7335669860001,19.42517794,0
                99.7335657960001,19.4251694910001,0
                99.733564647,19.425162834,0
                99.7335628960001,19.425152681,0
                99.7335611870001,19.425144329,0
                99.7335592950001,19.4251360230001,0
                99.7335571690001,19.4251277810001,0
                99.733554756,19.4251196220001,0
                99.733552767,19.425113729,0
                99.733550946,19.425108858,0
                99.7335505890001,19.4251079000001,0
                99.733548215,19.42510214,0
                99.733545108,19.4250953160001,0
                99.733541744,19.4250885930001,0
                99.733538147,19.425081974,0
                99.7335379880001,19.4250817060001,0
                99.7335343170001,19.42507547,0
                99.733530053,19.4250687860001,0
                99.733529661,19.425068212,0
                99.7335255660001,19.425062226,0
                99.733520889,19.42505577,0
                99.733516045,19.4250494180001,0
                99.733511036,19.425043176,0
                99.7335051470001,19.425036242,0
                99.733499082,19.425029448,0
                99.7334928660001,19.425022782,0
                99.7334865120001,19.4250162600001,0
                99.7334800020001,19.4250099070001,0
                99.7334733160001,19.425003766,0
                99.7334727210001,19.4250032620001,0
                99.7334664030001,19.4249979200001,0
                99.7334591870001,19.4249924690001,0
                99.733453227,19.4249885520001,0
                99.7334522230001,19.424987892,0
                99.7334449840001,19.4249837150001,0
                99.7334375190001,19.424979896,0
                99.733429845,19.4249764480001,0
                99.7334236330001,19.424973983,0
                99.7334173180001,19.4249717540001,0
                99.733410903,19.4249697650001,0
                99.7334020010001,19.424967424,0
                99.7333929770001,19.4249654720001,0
                99.7333838640001,19.424963855,0
                99.733374676,19.4249625640001,0
                99.7333732000001,19.424962414,0
                99.7333675690001,19.4249618420001,0
                99.733365437,19.424961625,0
                99.7333563050001,19.424961066,0
                99.7333471360001,19.424960791,0
                99.7333461970001,19.424960791,0
                99.7333287480001,19.424960793,0
                99.7333011140001,19.424961492,0
                99.7332274070001,19.424964194,0
                99.73319976,19.4249650730001,0
                99.7331813310001,19.4249654280001,0
                99.7331721200001,19.4249654560001,0
                99.7331629130001,19.4249653260001,0
                99.7331537300001,19.424964979,0
                99.7331442300001,19.4249643310001,0
                99.7331347580001,19.4249634110001,0
                99.7331253280001,19.4249622340001,0
                99.7331159490001,19.4249607940001,0
                99.733106654,19.42495906,0
                99.7330974720001,19.4249569560001,0
                99.7330889840001,19.4249545640001,0
                99.7330806610001,19.424951751,0
                99.7330728890001,19.4249486640001,0
                99.7330669250001,19.424945929,0
                99.73306532,19.424945193,0
                99.733057988,19.4249413320001,0
                99.733053365,19.424938529,0
                99.7330508100001,19.4249369790001,0
                99.7330439310001,19.424932235,0
                99.733038901,19.424928327,0
                99.733037364,19.424927133,0
                99.7330311580001,19.4249216640001,0
                99.733025388,19.4249157950001,0
                99.7330200490001,19.4249094050001,0
                99.733015133,19.4249026570001,0
                99.7330149920001,19.424902441,0
                99.733010543,19.424895636,0
                99.7330062060001,19.4248884150001,0
                99.733002077,19.4248810440001,0
                99.7329981190001,19.424873555,0
                99.7329901790001,19.424857402,0
                99.7329675130001,19.42480828,0
                99.732959668,19.4247920770001,0
                99.7329555410001,19.424784092,0
                99.7329512050001,19.4247762300001,0
                99.7329453880001,19.424766698,0
                99.7329445120001,19.424765263,0
                99.7329395360001,19.424757932,0
                99.732934298,19.4247507870001,0
                99.7329288280001,19.4247438190001,0
                99.7329234570001,19.424737454,0
                99.7329231260001,19.42473706,0
                99.732917172,19.4247305420001,0
                99.732910915,19.4247243410001,0
                99.732904283,19.424718548,0
                99.7328976840001,19.424713582,0
                99.732890753,19.4247090010001,0
                99.732883562,19.4247047380001,0
                99.7328761570001,19.424700764,0
                99.732875204,19.4247002980001,0
                99.7328685680001,19.424697058,0
                99.7328608810001,19.4246936550001,0
                99.7328530510001,19.424690497,0
                99.7328525190001,19.4246903010001,0
                99.732845104,19.4246875740001,0
                99.7328372490001,19.424684954,0
                99.73283618,19.4246845960001,0
                99.7328180820001,19.4246792070001,0
                99.7327906500001,19.424671808,0
                99.7327081820001,19.424650435,0
                99.732680685,19.424643508,0
                99.732662292,19.4246391840001,0
                99.732653058,19.424637197,0
                99.7326347360001,19.424633715,0
                99.7326139070001,19.4246302660001,0
                99.732607112,19.424629141,0
                99.7325198170001,19.424615961,0
                99.7324131130001,19.4245998490001,0
                99.7323914440001,19.4245964420001,0
                99.732385433,19.424595497,0
                99.7323578460001,19.424590697,0
                99.732342036,19.424587522,0
                99.7323392320001,19.4245869580001,0
                99.7323206780001,19.424582935,0
                99.732292913,19.4245766220001,0
                99.732274444,19.4245722640001,0
                99.732246876,19.42456529,0
                99.732231664,19.424560946,0
                99.73223018,19.4245604770001,0
                99.7322195550001,19.424557114,0
                99.732202752,19.4245512730001,0
                99.732201849,19.424550959,0
                99.7321842700001,19.4245444420001,0
                99.732131796,19.4245241630001,0
                99.732105651,19.4245138220001,0
                99.7320883030001,19.4245067570001,0
                99.7320796760001,19.424503123,0
                99.7320630010001,19.424495758,0
                99.732062806,19.4244956740001,0
                99.732054728,19.424491951,0
                99.7320378470001,19.424483858,0
                99.7320280000001,19.424478956,0
                99.732012721,19.424471349,0
                99.7318983070001,19.4244132920001,0
                99.7318124930001,19.4243697480001,0
                99.731788668,19.4243577820001,0
                99.731779052,19.424352952,0
                99.7317622420001,19.42434472,0
                99.731745657,19.424336898,0
                99.7317246900001,19.424327432,0
                99.7317210950001,19.424325809,0
                99.7316717150001,19.424304121,0
                99.7316386960001,19.424289876,0
                99.731637956,19.4242895570001,0
                99.7316221090001,19.4242829310001,0
                99.7316054010001,19.4242762980001,0
                99.7315990020001,19.4242739420001,0
                99.7315929220001,19.424271703,0
                99.7315779790001,19.424266631,0
                99.7315605420001,19.4242611390001,0
                99.731543021,19.424255869,0
                99.7314287770001,19.424222478,0
                99.7314023870001,19.424214862,0
                99.731384753,19.424209945,0
                99.7313831530001,19.4242095270001,0
                99.7313670350001,19.424205322,0
                99.7313564980001,19.424202859,0
                99.7313503490001,19.4242014220001,0
                99.7313335650001,19.424197915,0
                99.731317178,19.424194895,0
                99.7312932010001,19.4241911290001,0
                99.7312834850001,19.4241898330001,0
                99.731277156,19.424188988,0
                99.7312714600001,19.424188348,0
                99.7312599360001,19.424187052,0
                99.731234031,19.4241846840001,0
                99.731216305,19.424183445,0
                99.731198136,19.424182452,0
                99.7311617720001,19.424180918,0
                99.7311469690001,19.424180495,0
                99.7311398200001,19.42418029,0
                99.7311348700001,19.42418015,0
                99.7311087470001,19.4241798620001,0
                99.7310913360001,19.4241800090001,0
                99.7310769690001,19.4241804600001,0
                99.7310740360001,19.424180553,0
                99.7310559330001,19.4241815520001,0
                99.731040297,19.4241827060001,0
                99.7310370280001,19.4241829470001,0
                99.7310181280001,19.4241845230001,0
                99.7308009110001,19.4242038560001,0
                99.730545889,19.4242262710001,0
                99.7305175690001,19.4242288890001,0
                99.7304892980001,19.424231907,0
                99.7304663350001,19.424234976,0
                99.7304622490001,19.4242355220001,0
                99.730435254,19.424239566,0
                99.7304083130001,19.4242439180001,0
                99.730401886,19.424245059,0
                99.7303904110001,19.424247098,0
                99.7303814940001,19.4242488370001,0
                99.730373086,19.424250602,0
                99.730370146,19.424251273,0
                99.7303563440001,19.424254424,0
                99.7303313740001,19.4242607100001,0
                99.7303148490001,19.4242652950001,0
                99.730306645,19.424267763,0
                99.7302990680001,19.4242702770001,0
                99.730289853,19.4242733340001,0
                99.7302811860001,19.4242764910001,0
                99.7302770300001,19.424278105,0
                99.7302639800001,19.4242831710001,0
                99.7302469000001,19.4242901700001,0
                99.7302299350001,19.4242974270001,0
                99.7302148740001,19.4243042320001,0
                99.7302131330001,19.424305018,0
                99.730204836,19.4243090050001,0
                99.730200401,19.424311248,0
                99.73019758,19.4243126760001,0
                99.7301832890001,19.424320414,0
                99.7301762580001,19.4243244690001,0
                99.730160685,19.4243340510001,0
                99.7301454230001,19.424344062,0
                99.7301379070001,19.4243491940001,0
                99.7301232140001,19.4243597620001,0
                99.7301181280001,19.424363698,0
                99.7301161190001,19.4243652540001,0
                99.7301092810001,19.4243709470001,0
                99.730102807,19.4243769190001,0
                99.730096825,19.424383264,0
                99.730091895,19.424389483,0
                99.730087434,19.424396039,0
                99.730083387,19.424402865,0
                99.7300797230001,19.4244099150001,0
                99.7300764500001,19.4244171660001,0
                99.7300735970001,19.4244246060001,0
                99.7300715920001,19.4244308360001,0
                99.730069858,19.4244371680001,0
                99.730068348,19.424443581,0
                99.7300665870001,19.424452381,0
                99.7300650600001,19.4244612570001,0
                99.7300607640001,19.4244879460001,0
                99.7300590890001,19.424496741,0
                99.7300570940001,19.424505406,0
                99.730054726,19.4245136480001,0
                99.7300518950001,19.4245216520001,0
                99.7300485430001,19.424529351,0
                99.7300445750001,19.4245366370001,0
                99.7300398280001,19.424543375,0
                99.7300342400001,19.424549389,0
                99.730027916,19.424554846,0
                99.7300210380001,19.4245598570001,0
                99.73001845,19.4245615030001,0
                99.7300137390001,19.424564499,0
                99.730006109,19.4245688,0
                99.729998202,19.424572767,0
                99.7299914960001,19.424575767,0
                99.7299846500001,19.424578524,0
                99.729979777,19.4245802660001,0
                99.7299776840001,19.4245810140001,0
                99.7299703930001,19.4245832890001,0
                99.7299630110001,19.4245852620001,0
                99.729955546,19.4245869320001,0
                99.7299480130001,19.424588264,0
                99.729940625,19.424589197,0
                99.729933836,19.4245896940001,0
                99.7299319410001,19.424589833,0
                99.7299232170001,19.4245900350001,0
                99.7299144870001,19.4245898620001,0
                99.7299112140001,19.42458966,0
                99.7299057640001,19.4245893240001,0
                99.7298970730001,19.424588414,0
                99.729890154,19.4245873940001,0
                99.7298866510001,19.4245867550001,0
                99.7298832660001,19.4245861380001,0
                99.7298740510001,19.424584124,0
                99.7298648830001,19.424581829,0
                99.729846658,19.4245767250001,0
                99.7298194790001,19.4245684570001,0
                99.729715088,19.424535845,0
                99.729711153,19.4245346160001,0
                99.729693055,19.424529163,0
                99.7296820220001,19.4245260330001,0
                99.729674882,19.424524008,0
                99.7296657460001,19.4245216410001,0
                99.729656564,19.4245194860001,0
                99.7296480310001,19.4245177500001,0
                99.7296394570001,19.4245162340001,0
                99.7296359640001,19.424515705,0
                99.729630855,19.424514931,0
                99.7296251050001,19.4245142070001,0
                99.7296222300001,19.424513845,0
                99.7296135920001,19.4245129990001,0
                99.7296049500001,19.424512437,0
                99.7295963050001,19.424512237,0
                99.7295884330001,19.424512427,0
                99.7295805680001,19.424512947,0
                99.7295727330001,19.4245137680001,0
                99.7295649320001,19.4245148750001,0
                99.729563248,19.424515179,0
                99.7295571750001,19.4245162760001,0
                99.7295497910001,19.424517918,0
                99.7295424650001,19.424519827,0
                99.7295343230001,19.424522267,0
                99.729533766,19.424522433,0
                99.7295251400001,19.424525305,0
                99.7295080330001,19.424531582,0
                99.7294910800001,19.4245383150001,0
                99.729474285,19.424545413,0
                99.729467275,19.424548617,0
                99.7294577360001,19.424552976,0
                99.729451553,19.424556029,0
                99.7294503560001,19.42455662,0
                99.7294358030001,19.424564278,0
                99.7294214940001,19.424572347,0
                99.7294065890001,19.424581308,0
                99.7293846060001,19.4245952850001,0
                99.7293702040001,19.4246049180001,0
                99.7293676080001,19.4246067660001,0
                99.7293561330001,19.4246149370001,0
                99.7293492940001,19.424620165,0
                99.729342736,19.424625501,0
                99.729336312,19.424630994,0
                99.7293279400001,19.4246385430001,0
                99.7293237650001,19.424642308,0
                99.7293114920001,19.424653915,0
                99.7292994430001,19.4246657480001,0
                99.7292876760001,19.424677823,0
                99.7292821170001,19.424683782,0
                99.7292712550001,19.424695908,0
                99.729260728,19.424708294,0
                99.7292594990001,19.4247098070001,0
                99.7292556130001,19.4247145950001,0
                99.7292502190001,19.424721494,0
                99.7292466220001,19.4247263030001,0
                99.7292397320001,19.4247355160001,0
                99.7292295280001,19.4247497310001,0
                99.7292195480001,19.4247640900001,0
                99.7292184830001,19.424765683,0
                99.7292098450001,19.424778614,0
                99.7292054650001,19.424785446,0
                99.729202408,19.4247903990001,0
                99.7291969450001,19.4247992520001,0
                99.729188461,19.424813731,0
                99.7291792550001,19.4248301380001,0
                99.7291714890001,19.424843982,0
                99.7291628740001,19.4248590350001,0
                99.729154506,19.4248729220001,0
                99.7291520370001,19.424876856,0
                99.7291501930001,19.424879794,0
                99.729145794,19.424886616,0
                99.729136725,19.424900086,0
                99.72912733,19.424913362,0
                99.7291176160001,19.424926423,0
                99.7291133720001,19.4249318010001,0
                99.729107264,19.4249395410001,0
                99.729096558,19.424952402,0
                99.7290853840001,19.4249651120001,0
                99.7290737440001,19.424977647,0
                99.729066189,19.4249853650001,0
                99.7290617680001,19.424989881,0
                99.729055627,19.4249958520001,0
                99.729049348,19.4250016880001,0
                99.7290430150001,19.425007276,0
                99.729031633,19.4250167070001,0
                99.7290299800001,19.4250180770001,0
                99.729016587,19.425028491,0
                99.7290028680001,19.425038527,0
                99.7289966150001,19.4250428720001,0
                99.7289839030001,19.425051291,0
                99.7289756110001,19.4250564330001,0
                99.7289709280001,19.4250593360001,0
                99.7289584090001,19.425066498,0
                99.728955936,19.4250679130001,0
                99.728950448,19.425070808,0
                99.728940632,19.425075986,0
                99.7289328670001,19.425079817,0
                99.7289283600001,19.4250819220001,0
                99.7289247590001,19.4250836040001,0
                99.7289165600001,19.42508722,0
                99.7289082790001,19.425090665,0
                99.7288921370001,19.42509682,0
                99.7288839870001,19.425099722,0
                99.728867581,19.4251052600001,0
                99.7288510550001,19.425110454,0
                99.728844123,19.425112422,0
                99.728834383,19.425115184,0
                99.7288184880001,19.42511904,0
                99.7288162010001,19.4251195950001,0
                99.728797877,19.425123491,0
                99.728779462,19.425127017,0
                99.7287702300001,19.4251286350001,0
                99.7287677990001,19.4251290060001,0
                99.728751693,19.4251314570001,0
                99.7287424730001,19.425132583,0
                99.7287349200001,19.42513332,0
                99.728723974,19.4251343880001,0
                99.72870542,19.4251357630001,0
                99.7286961360001,19.4251363020001,0
                99.7286866730001,19.425136665,0
                99.728677555,19.425137014,0
                99.7286682590001,19.4251371140001,0
                99.7286589340001,19.4251369850001,0
                99.7286532740001,19.4251367900001,0
                99.7286496070001,19.425136665,0
                99.72864028,19.425136196,0
                99.7286216580001,19.425134889,0
                99.728603095,19.425133079,0
                99.728600767,19.4251327870001,0
                99.728593855,19.425131923,0
                99.7285846670001,19.4251305280001,0
                99.728576778,19.4251290820001,0
                99.728568941,19.4251274370001,0
                99.7285611470001,19.425125602,0
                99.728553408,19.425123582,0
                99.728545726,19.425121376,0
                99.7285383050001,19.4251190250001,0
                99.7285355650001,19.4251180810001,0
                99.7285309540001,19.425116492,0
                99.7285236750001,19.425113792,0
                99.7285164660001,19.4251109160001,0
                99.7285093420001,19.425107859,0
                99.7285065290001,19.425106547,0
                99.728501754,19.4251043200001,0
                99.728494283,19.425100554,0
                99.728486306,19.4250962300001,0
                99.728474926,19.425089579,0
                99.7284706300001,19.425087067,0
                99.7284551760001,19.4250775140001,0
                99.7283786,19.4250286390001,0
                99.7283632080001,19.4250189950001,0
                99.7283477020001,19.4250095370001,0
                99.7283320880001,19.425000482,0
                99.7283163760001,19.424991833,0
                99.7283127730001,19.4249899210001,0
                99.728300522,19.424983421,0
                99.7282929190001,19.424979514,0
                99.7282845450001,19.424975212,0
                99.728268422,19.42496727,0
                99.7282520530001,19.4249596540001,0
                99.728249518,19.424958528,0
                99.728227286,19.4249486470001,0
                99.7281940610001,19.424934363,0
                99.7281815370001,19.424929155,0
                99.728177357,19.424927417,0
                99.728160673,19.4249207880001,0
                99.7281569950001,19.4249193970001,0
                99.7281440090001,19.4249144840001,0
                99.728118856,19.424905412,0
                99.728111663,19.4249029750001,0
                99.7281019760001,19.4248996920001,0
                99.7280849460001,19.4248944330001,0
                99.7280758810001,19.4248919300001,0
                99.7280688310001,19.424890184,0
                99.728057596,19.4248873990001,0
                99.7280299560001,19.4248813470001,0
                99.728011714,19.424877801,0
                99.7279846810001,19.4248731070001,0
                99.727971939,19.424871136,0
                99.7279665990001,19.4248703100001,0
                99.727961834,19.424869658,0
                99.727948257,19.424867799,0
                99.727920672,19.4248645120001,0
                99.7279021140001,19.424862621,0
                99.7278833990001,19.4248609520001,0
                99.7278365670001,19.424857199,0
                99.7278084590001,19.42485522,0
                99.7277926030001,19.4248543580001,0
                99.727789724,19.4248542020001,0
                99.727770981,19.424853716,0
                99.727761909,19.4248537710001,0
                99.727743757,19.42485435,0
                99.7277375670001,19.4248546690001,0
                99.727725606,19.424855285,0
                99.7276892930001,19.4248576090001,0
                99.7276529900001,19.4248601260001,0
                99.727625791,19.424862196,0
                99.7276237470001,19.42486238,0
                99.7276076960001,19.4248638230001,0
                99.72758966,19.4248658700001,0
                99.7275714500001,19.424868555,0
                99.7274971890001,19.4248805820001,0
                99.727478525,19.4248837920001,0
                99.727473306,19.424884778,0
                99.727461894,19.4248869360001,0
                99.7274370470001,19.424892082,0
                99.727420571,19.4248958310001,0
                99.7274123700001,19.4248978430001,0
                99.7273970620001,19.4249020070001,0
                99.7273905040001,19.4249040490001,0
                99.7273828800001,19.424906424,0
                99.7273739500001,19.424909487,0
                99.7273696110001,19.4249110960001,0
                99.727356248,19.424916055,0
                99.7273387340001,19.424923065,0
                99.7273280700001,19.4249276830001,0
                99.7273214610001,19.4249305450001,0
                99.7273129530001,19.4249345280001,0
                99.727305669,19.4249381670001,0
                99.7272984800001,19.424941964,0
                99.727291387,19.424945915,0
                99.727284404,19.424950032,0
                99.727277546,19.4249543340001,0
                99.727269816,19.4249595380001,0
                99.7272622350001,19.4249649500001,0
                99.727247364,19.4249761740001,0
                99.727225419,19.424993531,0
                99.7271672530001,19.4250403660001,0
                99.727146238,19.425056807,0
                99.7271324010001,19.425067255,0
                99.7271183400001,19.4250773910001,0
                99.7271111750001,19.425082264,0
                99.727109349,19.425083436,0
                99.7271038850001,19.4250869420001,0
                99.7270955060001,19.4250918870001,0
                99.7270883890001,19.425095738,0
                99.727081142,19.4250993640001,0
                99.7270737850001,19.425102773,0
                99.727066317,19.4251059480001,0
                99.7270587340001,19.4251088610001,0
                99.7270508830001,19.4251115170001,0
                99.727044247,19.4251134960001,0
                99.7270429260001,19.42511389,0
                99.7270348870001,19.425115991,0
                99.727029954,19.4251171060001,0
                99.7270267700001,19.4251178270001,0
                99.7270185900001,19.4251193690001,0
                99.7270132450001,19.425120194,0
                99.7270078810001,19.425120871,0
                99.7270029090001,19.4251213200001,0
                99.726998774,19.4251216930001,0
                99.7269896270001,19.4251221640001,0
                99.7269804650001,19.4251223410001,0
                99.726971297,19.4251222510001,0
                99.7269621460001,19.4251218850001,0
                99.726959148,19.425121661,0
                99.7269530230001,19.4251212030001,0
                99.7269451940001,19.4251203310001,0
                99.726937412,19.4251191870001,0
                99.7269296950001,19.425117777,0
                99.7269220580001,19.425116077,0
                99.7269145240001,19.4251140380001,0
                99.726907284,19.425111686,0
                99.726900157,19.4251090120001,0
                99.726893138,19.425106063,0
                99.7268862330001,19.425102855,0
                99.7268794450001,19.4250994080001,0
                99.726871391,19.4250949130001,0
                99.726863483,19.4250901500001,0
                99.7268609920001,19.425088573,0
                99.726855674,19.4250852070001,0
                99.7268402460001,19.4250749760001,0
                99.7268019630001,19.4250489450001,0
                99.7267864830001,19.4250388090001,0
                99.726770838,19.4250292250001,0
                99.726763668,19.425025143,0
                99.7267550240001,19.42502022,0
                99.7267389840001,19.4250115780001,0
                99.7267308830001,19.4250073850001,0
                99.7267146600001,19.4249993170001,0
                99.7266901040001,19.424987582,0
                99.7266535370001,19.424970488,0
                99.7266161080001,19.424952992,0
                99.726591505,19.4249413470001,0
                99.7265671200001,19.424929336,0
                99.7265527270001,19.424921775,0
                99.726538529,19.424913911,0
                99.7265324640001,19.4249104040001,0
                99.726531514,19.4249098550001,0
                99.726517732,19.424901388,0
                99.7263086730001,19.424711799,0
                99.7258079420001,19.424123163,0
                99.7256843340001,19.424048617,0
                99.725368131,19.4239247300001,0
                99.724888794,19.4237255370001,0
                99.7245609600001,19.4235487180001,0
                99.7243432920001,19.4233327210001,0
                99.7241168880001,19.423108052,0
                99.7238920990001,19.4229480600001,0
                99.7237039930001,19.4228683640001,0
                99.7234311810001,19.422806248,0
                99.7230858950001,19.4227903870001,0
                99.7224619980001,19.4227698870001,0
                99.72189281,19.4227951340001,0
                99.721591,19.4227999610001,0
                99.721138921,19.4228071920001,0
                99.7203546630001,19.422835718,0
                99.7197732370001,19.422832274,0
                99.7192709810001,19.4228137760001,0
                99.719001979,19.4227075650001,0
                99.718283156,19.422263204,0
                99.7181570610001,19.422213281,0
                99.7178404840001,19.422087934,0
                99.7176047290001,19.422070234,0
                99.717310576,19.4221738800001,0
                99.7173092520001,19.422174854,0
                99.7172306620001,19.422232363,0
                99.716977764,19.422417432,0
                99.7168615150001,19.4224568710001,0
                99.7167519440001,19.4224276410001,0
                99.71664997,19.422347057,0
                99.71650506,19.422111842,0
                99.7164062080001,19.421963163,0
                99.7162287940001,19.4218147990001,0
                99.7161274840001,19.421745501,0
                99.7161204480001,19.4217406920001,0
                99.715716855,19.4215186770001,0
                99.7154605210001,19.4212867700001,0
                99.7153219020001,19.4210264430001,0
                99.7152220740001,19.420654169,0
                99.7151616290001,19.420210373,0
                99.7151611960001,19.420207201,0
                99.71515694,19.4201995130001,0
                99.7151489350001,19.420185052,0
                99.715041769,19.4199914920001,0
                99.71500373,19.419953315,0
                99.714914197,19.4198634540001,0
                99.7146189910001,19.419724864,0
                99.7144967840001,19.4197061300001,0
                99.7144001410001,19.419691314,0
                99.7140998030001,19.419636027,0
                99.7137455500001,19.419752611,0
                99.7133980120001,19.420040928,0
                99.712775337,19.4208916690001,0
                99.7125626760001,19.421248798,0
                99.7125609970001,19.4212516150001,0
                99.7121009370001,19.4216930480001,0
                99.7115871410001,19.422032213,0
                99.71119237,19.422261024,0
                99.7109136480001,19.422422571,0
                99.7101509510001,19.422728991,0
                99.7091219500001,19.4230870160001,0
                99.7086787760001,19.4233247500001,0
                99.708615018,19.423381046,0
                99.7085795450001,19.423412372,0
                99.707988453,19.4239343140001,0
                99.7071048650001,19.42505035,0
                99.706978242,19.4251714710001,0
                99.7068040440001,19.4253380970001,0
                99.7065198640001,19.425364487,0
                99.7062116850001,19.425320733,0
                99.705950505,19.4251868900001,0
                99.7057836980001,19.424962771,0
                99.7054495990001,19.4244021540001,0
                99.705281342,19.423840894,0
                99.7050414290001,19.423145049,0
                99.704968513,19.422718278,0
                99.704825306,19.4224715880001,0
                99.7044931550001,19.4223604970001,0
                99.703663894,19.422341234,0
                99.703190277,19.4223880210001,0
                99.7028875610001,19.422437094,0
                99.7026147110001,19.422481324,0
                99.7024800460001,19.4225031560001,0
                99.7021011890001,19.422549572,0
                99.701674471,19.4224837890001,0
                99.7013173760001,19.4220805890001,0
                99.7011747990001,19.4216637260001,0
                99.701125441,19.4215194180001,0
                99.7009807490001,19.4211130960001,0
                99.7007196120001,19.4206897890001,0
                99.7004099160001,19.4203983420001,0
                99.6999253440001,19.420001198,0
                99.6996729210001,19.419794316,0
                99.6995762830001,19.4197337320001,0
                99.6992888140001,19.4196068900001,0
                99.6986531900001,19.4195509950001,0
                99.698084629,19.4195531820001,0
                99.6972560470001,19.4196912250001,0
                99.6963007430001,19.42003677,0
                99.695434677,19.4203500350001,0
                99.694866591,19.4204645890001,0
                99.694440263,19.420488698,0
                99.6940249830001,19.4203245210001,0
                99.6929223820001,19.4200927270001,0
                99.691873661,19.419995575,0
                99.6913227210001,19.4199639620001,0
                99.6902737230001,19.4197993760001,0
                99.6895098540001,19.419835995,0
                99.6888702890001,19.419855279,0
                99.68782264,19.420010962,0
                99.6867755480001,19.4203015040001,0
                99.6860100520001,19.420496256,0
                99.6858993800001,19.420524415,0
                99.685564771,19.4207173830001,0
                99.684526529,19.42131613,0
                99.6844878200001,19.421338453,0
                99.6844567970001,19.421358243,0
                99.6844192600001,19.4213821910001,0
                99.683056665,19.42225146,0
                99.6829461010001,19.422321993,0
                99.6826394290001,19.423345882,0
                99.6824007640001,19.4242524840001,0
                99.6822377430001,19.425130052,0
                99.6820754410001,19.4261801280001,0
                99.6820486770001,19.427028433,0
                99.682067251,19.427847812,0
                99.682147575,19.4289401090001,0
                99.6822395350001,19.4292750000001,0
                99.682575027,19.43049677,0
                99.6829323540001,19.4317980380001,0
                99.6831184010001,19.432803676,0
                99.683182323,19.433594133,0
                99.6832158190001,19.4343559500001,0
                99.683218405,19.4349741180001,0
                99.6832813660001,19.435534557,0
                99.6834044620001,19.4359797590001,0
                99.6835984840001,19.436527519,0
                99.6838494630001,19.4373006970001,0
                99.6841260900001,19.4382197360001,0
                99.684236264,19.4391969070001,0
                99.684224004,19.439887017,0
                99.684075228,19.4405488830001,0
                99.6838811140001,19.441239679,0
                99.683686692,19.4418585880001,0
                99.683371638,19.4426217170001,0
                99.6830410040001,19.443284271,0
                99.6828296790001,19.443882924,0
                99.6827564320001,19.444090412,0
                99.6826821000001,19.4444357240001,0
                99.6827146320001,19.4449675230001,0
                99.6826105320001,19.44544233,0
                99.6824604280001,19.445787926,0
                99.6821288230001,19.4462204610001,0
                99.6817817610001,19.446581171,0
                99.681238159,19.447057633,0
                99.6810573230001,19.4473027060001,0
                99.681012874,19.4475472720001,0
                99.6811561010001,19.447821677,0
                99.681429881,19.4480578590001,0
                99.6817718610001,19.448293784,0
                99.682147807,19.4484972290001,0
                99.682330736,19.448656134,0
                99.6825927190001,19.448883715,0
                99.6828441790001,19.4492170190001,0
                99.6830630700001,19.4499170350001,0
                99.683201501,19.4504017140001,0
                99.683283368,19.450951296,0
                99.683366183,19.451727303,0
                99.6834490900001,19.452524871,0
                99.683634661,19.453408312,0
                99.683808823,19.454281011,0
                99.683856775,19.454873852,0
                99.683893045,19.4553912580001,0
                99.6839185320001,19.456048878,0
                99.6839668060001,19.456717188,0
                99.684094734,19.4574067680001,0
                99.6843134210001,19.458052874,0
                99.6846297910001,19.4586716580001,0
                99.684758086,19.458318407,0
                99.6850131160001,19.457937169,0
                99.6853567570001,19.457605275,0
                99.6856091180001,19.4573740380001,0
                99.6858721550001,19.457172794,0
                99.6861881020001,19.4570013920001,0
                99.6865145570001,19.456819937,0
                99.686862164,19.456648409,0
                99.6872099820001,19.4565269440001,0
                99.6875684810001,19.456435475,0
                99.688317103,19.456242403,0
                99.689109972,19.455983137,0
                99.6894895040001,19.45587469,0
                99.6898926000001,19.455721096,0
                99.690583551,19.4555429370001,0
                99.690952644,19.455461434,0
                99.6913325040001,19.4554299480001,0
                99.6916387300001,19.4554588190001,0
                99.692029613,19.4555374240001,0
                99.6923786560001,19.455706299,0
                99.693002902,19.456054345,0
                99.6933311340001,19.456293385,0
                99.6935959090001,19.45650263,0
                99.6937138980001,19.4565569320001,0
                99.693951966,19.456691188,0
                99.694130472,19.456780614,0
                99.694296906,19.4568250340001,0
                99.694457189,19.456818791,0
                99.694682808,19.456817926,0
                99.694896628,19.4568340010001,0
                99.695122342,19.456855665,0
                99.6953659630001,19.456899783,0
                99.695592037,19.457005924,0
                99.6958064290001,19.457157163,0
                99.696032797,19.4573308830001,0
                99.6963245210001,19.4575156170001,0
                99.6966162210001,19.4576947150001,0
                99.6968365490001,19.457845929,0
                99.6970209450001,19.457924071,0
                99.697217096,19.4579740030001,0
                99.6974367320001,19.4579618940001,0
                99.697727446,19.4579100890001,0
                99.698077556,19.4578636840001,0
                99.698344664,19.457845762,0
                99.6985941790001,19.4578785890001,0
                99.698772423,19.457906065,0
                99.698897323,19.4579562710001,0
                99.6990223000001,19.45802337,0
                99.6992308810001,19.458202789,0
                99.6993342200001,19.458297068,0
                99.6996242910001,19.45856171,0
                99.699645177,19.458574502,0
                99.6998656260001,19.4587095410001,0
                99.699929624,19.4587527960001,0
                99.6999460150001,19.45876388,0
                99.7000466270001,19.458860902,0
                99.700124552,19.4589247530001,0
                99.7001924790001,19.458993396,0
                99.7002653360001,19.4590430060001,0
                99.7003532370001,19.4590973160001,0
                99.700466169,19.4591467760001,0
                99.7005940990001,19.459189048,0
                99.7006768000001,19.45919823,0
                99.700829608,19.4592000160001,0
                99.701027492,19.459199251,0
                99.701420753,19.45919773,0
                99.7017914800001,19.4591986730001,0
                99.7019744570001,19.459226475,0
                99.7020507130001,19.4592366310001,0
                99.7021824810001,19.4592541800001,0
                99.7023228940001,19.459286901,0
                99.702521044,19.459347908,0
                99.7027418270001,19.459430212,0
                99.7028193990001,19.459444036,0
                99.702917314,19.4594309830001,0
                99.7030373260001,19.45937983,0
                99.7031439120001,19.459311836,0
                99.7032949310001,19.459222546,0
                99.703437175,19.4591628580001,0
                99.7035349400001,19.459116017,0
                99.703632746,19.459077624,0
                99.703815192,19.4590473480001,0
                99.7039799010001,19.4590340350001,0
                99.7041980450001,19.459020518,0
                99.704425153,19.4590196360001,0
                99.704674524,19.4590186670001,0
                99.7049017360001,19.459043127,0
                99.705142369,19.459080204,0
                99.7053387190001,19.45917659,0
                99.7054727670001,19.459281666,0
                99.7055936410001,19.4594290360001,0
                99.7056475700001,19.4595428700001,0
                99.705666002,19.459686414,0
                99.7056665870001,19.4598215780001,0
                99.7056587260001,19.460062368,0
                99.7056239400001,19.4602568060001,0
                99.7056154360001,19.460285201,0
                99.7055580960001,19.460476704,0
                99.705541048,19.4606541790001,0
                99.7055417970001,19.460827355,0
                99.705542693,19.461034323,0
                99.705543661,19.4612581860001,0
                99.7055533000001,19.4614271070001,0
                99.7055986700001,19.4616212290001,0
                99.7056886290001,19.4618278500001,0
                99.7058051420001,19.461996356,0
                99.7058160330001,19.462006602,0
                99.7059571680001,19.462139375,0
                99.706068954,19.462244538,0
                99.70619866,19.462374975,0
                99.7063326430001,19.4624631570001,0
                99.7064444250001,19.4625683190001,0
                99.706493761,19.4626483820001,0
                99.706521083,19.462787662,0
                99.706553043,19.4629691660001,0
                99.7065625500001,19.46310852,0
                99.7065810610001,19.463268957,0
                99.7066217220001,19.463403961,0
                99.7067072120001,19.4636063790001,0
                99.7067933050001,19.4639481770001,0
                99.706852058,19.4641464750001,0
                99.7069104440001,19.46426029,0
                99.7069822240001,19.464382507,0
                99.7070807470001,19.4645088400001,0
                99.707183682,19.464626706,0
                99.7072910160001,19.464731886,0
                99.707461063,19.4649213000001,0
                99.707608694,19.465077008,0
                99.7077831780001,19.46526218,0
                99.7079218520001,19.4654052500001,0
                99.7082215190001,19.4657039800001,0
                99.7084093980001,19.465897543,0
                99.7084349980001,19.4659216250001,0
                99.708556963,19.4660363570001,0
                99.7086819820001,19.4661118990001,0
                99.7087978770001,19.4661367890001,0
                99.709056204,19.4661442280001,0
                99.7095258100001,19.466167526,0
                99.7096085310001,19.4661716300001,0
                99.7099647350001,19.466157566,0
                99.7104457060001,19.466159906,0
                99.710672823,19.4661590150001,0
                99.710833139,19.4661583870001,0
                99.710953466,19.466179034,0
                99.7110561150001,19.466229318,0
                99.7112214370001,19.466355386,0
                99.711436022,19.466544621,0
                99.711570098,19.4666539180001,0
                99.711681835,19.4667464030001,0
                99.7118871430001,19.4668511950001,0
                99.7120566630001,19.4669181100001,0
                99.7123022930001,19.467077654,0
                99.7125031350001,19.467178238,0
                99.7127442190001,19.4673166810001,0
                99.7128828250001,19.467442853,0
                99.712994785,19.4675860240001,0
                99.7131155800001,19.46771227,0
                99.7132541670001,19.467834216,0
                99.7133927140001,19.467947714,0
                99.713426246,19.467967323,0
                99.713593631,19.4680651950001,0
                99.7138836710001,19.468194994,0
                99.7143299400001,19.4684086570001,0
                99.7145931690001,19.4685174370001,0
                99.7147137760001,19.468601441,0
                99.7148121770001,19.468698202,0
                99.7149373300001,19.468803306,0
                99.715147454,19.4689883300001,0
                99.7152770810001,19.4690976410001,0
                99.715446994,19.4692532550001,0
                99.715514236,19.469354363,0
                99.7155677270001,19.4694962310001,0
                99.7155683060001,19.46949776,0
                99.7155685130001,19.469499381,0
                99.7155959890001,19.4697172960001,0
                99.71560573,19.469947033,0
                99.7156011200001,19.470025417,0
                99.7155992530001,19.470061377,0
                99.7155982820001,19.470087687,0
                99.7155972240001,19.470130999,0
                99.7155961180001,19.4701916440001,0
                99.715595975,19.470208972,0
                99.7155960520001,19.4702265670001,0
                99.7155965700001,19.4702533720001,0
                99.7155976940001,19.470289098,0
                99.7155984730001,19.4703069560001,0
                99.715600054,19.4703339700001,0
                99.7156045130001,19.470396969,0
                99.7156067710001,19.4704239480001,0
                99.71560844,19.47044075,0
                99.715612165,19.4704743200001,0
                99.7156152480001,19.470499466,0
                99.715617594,19.4705161700001,0
                99.7156204490001,19.4705327730001,0
                99.7156222,19.470540998,0
                99.7156239020001,19.470547864,0
                99.7156258040001,19.470554674,0
                99.715627897,19.4705614390001,0
                99.7156301800001,19.470568153,0
                99.715632971,19.4705756430001,0
                99.715635981,19.470583064,0
                99.7156391810001,19.470590411,0
                99.7156425760001,19.4705976860001,0
                99.7156459600001,19.470604468,0
                99.7156531690001,19.4706178230001,0
                99.7156609340001,19.470630909,0
                99.7156697730001,19.470644416,0
                99.7156791640001,19.47065759,0
                99.715684061,19.4706640410001,0
                99.7156897560001,19.4706711800001,0
                99.715695618,19.470678197,0
                99.715701632,19.4706850900001,0
                99.715707792,19.470691862,0
                99.715714124,19.4706984790001,0
                99.715720655,19.4707049100001,0
                99.715727165,19.470710893,0
                99.7157338550001,19.4707166950001,0
                99.7157476530001,19.4707278920001,0
                99.7157618860001,19.4707385890001,0
                99.7157691690001,19.470743729,0
                99.7157763450001,19.470748545,0
                99.7157836310001,19.470753206,0
                99.7157985050001,19.4707620930001,0
                99.7158062460001,19.470766382,0
                99.715822002,19.470774512,0
                99.7158551510001,19.470790245,0
                99.715869823,19.470797615,0
                99.715882493,19.470804645,0
                99.7158894090001,19.4708088200001,0
                99.7158962170001,19.4708131580001,0
                99.7159029250001,19.470817631,0
                99.7159160610001,19.4708269550001,0
                99.7159301,19.470837757,0
                99.715936985,19.470843315,0
                99.715950531,19.4708546840001,0
                99.715963721,19.470866406,0
                99.7159701260001,19.4708724490001,0
                99.7159763800001,19.4708786370001,0
                99.7159884980001,19.4708913760001,0
                99.716000222,19.470904451,0
                99.7160059440001,19.4709111020001,0
                99.71601674,19.4709242480001,0
                99.7160268010001,19.470937285,0
                99.7160365110001,19.4709505660001,0
                99.7160467610001,19.4709654230001,0
                99.716066863,19.47099539,0
                99.716077204,19.4710101690001,0
                99.7160825760001,19.4710174140001,0
                99.7160876730001,19.4710239410001,0
                99.7160929130001,19.4710303680001,0
                99.7161037060001,19.4710429940001,0
                99.7161148320001,19.4710553670001,0
                99.7161205130001,19.471061449,0
                99.71613217,19.4710733490001,0
                99.7161381980001,19.471079113,0
                99.7161442680001,19.471084611,0
                99.7161567860001,19.471095238,0
                99.716163183,19.471100413,0
                99.7161761950001,19.4711105280001,0
                99.7161894910001,19.471120312,0
                99.716204824,19.4711308290001,0
                99.7162126260001,19.471135899,0
                99.716227539,19.471145049,0
                99.7162417850001,19.4711531250001,0
                99.716256372,19.471160744,0
                99.716271277,19.4711679100001,0
                99.7162863930001,19.4711746510001,0
                99.716301737,19.4711808700001,0
                99.716309901,19.4711838650001,0
                99.716318136,19.4711866700001,0
                99.716326436,19.4711893030001,0
                99.7163348030001,19.471191751,0
                99.7163429540001,19.4711939420001,0
                99.7163757800001,19.471202094,0
                99.7163839450001,19.4712042670001,0
                99.716391581,19.471206459,0
                99.7164067090001,19.4712112610001,0
                99.7164216150001,19.4712166240001,0
                99.716428959,19.4712195550001,0
                99.7164365,19.4712227960001,0
                99.7164513370001,19.471229791,0
                99.7164658720001,19.4712373470001,0
                99.7164730160001,19.471241331,0
                99.7164800560001,19.4712454780001,0
                99.7164876090001,19.4712502100001,0
                99.716495014,19.471255147,0
                99.7165022780001,19.471260273,0
                99.716508989,19.4712652850001,0
                99.7165155710001,19.4712704410001,0
                99.7165220260001,19.471275738,0
                99.7165283520001,19.471281172,0
                99.7165345270001,19.47128675,0
                99.7165405160001,19.4712925050001,0
                99.7165468140001,19.4712990090001,0
                99.716552903,19.471305708,0
                99.7165645970001,19.4713195150001,0
                99.716575746,19.47133374,0
                99.716585562,19.4713473690001,0
                99.7165941370001,19.4713603170001,0
                99.7166022600001,19.4713735190001,0
                99.7166104030001,19.4713880040001,0
                99.7166144970001,19.4713958720001,0
                99.7166222320001,19.471411828,0
                99.716625864,19.4714199060001,0
                99.716632614,19.4714361580001,0
                99.7166486300001,19.4714771440001,0
                99.7166554890001,19.4714933290001,0
                99.716659226,19.47150128,0
                99.716662854,19.471508355,0
                99.7166667100001,19.471515316,0
                99.7166707800001,19.4715221590001,0
                99.7166750630001,19.4715288780001,0
                99.7166795800001,19.4715354530001,0
                99.7166843380001,19.4715418320001,0
                99.7166893200001,19.4715480520001,0
                99.7166945160001,19.471554113,0
                99.71669991,19.471560002,0
                99.7167055240001,19.4715657,0
                99.7167113740001,19.471571162,0
                99.7167171880001,19.4715761,0
                99.716723216,19.471580816,0
                99.716729425,19.4715853230001,0
                99.716735789,19.471589636,0
                99.716742315,19.4715937400001,0
                99.7167503430001,19.4715983840001,0
                99.7167585700001,19.4716027210001,0
                99.7167669720001,19.4716067360001,0
                99.7167742890001,19.471609893,0
                99.7167817150001,19.4716128090001,0
                99.716789244,19.471615491,0
                99.7167968630001,19.4716179320001,0
                99.716809669,19.4716214100001,0
                99.7168161450001,19.4716228980001,0
                99.7168241460001,19.4716245110001,0
                99.7168321890001,19.471625934,0
                99.7168483730001,19.471628437,0
                99.71687919,19.471632689,0
                99.7169048050001,19.4716356820001,0
                99.71696904,19.471642016,0
                99.7169873000001,19.4716442340001,0
                99.716996372,19.4716455810001,0
                99.717005392,19.4716471670001,0
                99.7170141140001,19.471649013,0
                99.7170227650001,19.471651147,0
                99.717031326,19.471653567,0
                99.7170402,19.47165641,0
                99.7170489790001,19.471659533,0
                99.7170576550001,19.4716629060001,0
                99.7170662220001,19.471666532,0
                99.717072962,19.4716696180001,0
                99.717086211,19.4716762530001,0
                99.71709271,19.471679792,0
                99.717100094,19.4716840740001,0
                99.7171073600001,19.471688536,0
                99.7171145070001,19.471693166,0
                99.7171215260001,19.4716979680001,0
                99.7171286800001,19.4717031500001,0
                99.7171356970001,19.471708499,0
                99.7171425720001,19.4717140020001,0
                99.7171492950001,19.4717196600001,0
                99.7171558380001,19.4717254940001,0
                99.7171621620001,19.4717315280001,0
                99.7171684840001,19.4717380820001,0
                99.7171745690001,19.4717448490001,0
                99.7171804540001,19.471751784,0
                99.7171861680001,19.4717588500001,0
                99.7171917160001,19.471766035,0
                99.7171970890001,19.4717733420001,0
                99.717202248,19.4717807860001,0
                99.7172070970001,19.4717882680001,0
                99.7172117280001,19.471795876,0
                99.717216163,19.4718035940001,0
                99.717220404,19.4718114030001,0
                99.717224436,19.471819317,0
                99.717231068,19.471833663,0
                99.7172371300001,19.471848252,0
                99.7172402480001,19.4718563180001,0
                99.717246146,19.4718725700001,0
                99.717254353,19.471897149,0
                99.7172592940001,19.471913671,0
                99.7172616280001,19.4719223500001,0
                99.7172679370001,19.4719485590001,0
                99.717273779,19.471974882,0
                99.717317704,19.4721767990001,0
                99.717323746,19.472203059,0
                99.7173280960001,19.472220491,0
                99.717330421,19.4722291260001,0
                99.7173353320001,19.472246339,0
                99.7173430440001,19.472272081,0
                99.7173771910001,19.4723834490001,0
                99.717405861,19.472477774,0
                99.717413929,19.472503406,0
                99.7174196920001,19.4725203400001,0
                99.7174228060001,19.472528718,0
                99.7174261490001,19.472537005,0
                99.7174295410001,19.472544628,0
                99.7174331900001,19.4725521500001,0
                99.717437422,19.47256019,0
                99.7174464860001,19.472576013,0
                99.717460857,19.472599406,0
                99.7175295920001,19.472707832,0
                99.717612736,19.472839632,0
                99.7176275300001,19.47286282,0
                99.7176375490001,19.4728781790001,0
                99.717653065,19.472900903,0
                99.7176797690001,19.4729382410001,0
                99.717825282,19.473139087,0
                99.71804604,19.4734391740001,0
                99.7180671290001,19.4734669600001,0
                99.718077721,19.4734805050001,0
                99.7180885280001,19.473493895,0
                99.71809405,19.473500492,0
                99.7181049900001,19.473512983,0
                99.7181219350001,19.4735312780001,0
                99.7181335550001,19.473543206,0
                99.7181460090001,19.4735552920001,0
                99.7181593060001,19.473567534,0
                99.7181796230001,19.473585545,0
                99.7182002760001,19.4736032110001,0
                99.7182137350001,19.473614282,0
                99.718234206,19.473630557,0
                99.718248073,19.473641156,0
                99.7182610880001,19.4736506840001,0
                99.7182809190001,19.473664598,0
                99.718294331,19.4736736180001,0
                99.7183097770001,19.473683538,0
                99.7183254170001,19.473693172,0
                99.71834126,19.473702503,0
                99.7183563510001,19.473710919,0
                99.718371598,19.4737190820001,0
                99.7183947030001,19.4737309240001,0
                99.718410486,19.4737385600001,0
                99.7184266070001,19.4737460150001,0
                99.7184751720001,19.4737680160001,0
                99.718499739,19.47377964,0
                99.7185325770001,19.473795775,0
                99.718622608,19.473840647,0
                99.7186554840001,19.473856706,0
                99.7186967480001,19.473875962,0
                99.7187548040001,19.4739023760001,0
                99.7187798780001,19.473913478,0
                99.7188136710001,19.4739280100001,0
                99.71885602,19.4739459470001,0
                99.718890021,19.4739600360001,0
                99.7189156250001,19.4739702270001,0
                99.7189498700001,19.4739835830001,0
                99.719009869,19.4740068080001,0
                99.7190442280001,19.4740199020001,0
                99.7190612670001,19.474026178,0
                99.719086609,19.4740352000001,0
                99.719112034,19.474043986,0
                99.7191290480001,19.474049662,0
                99.7191461460001,19.4740550560001,0
                99.7191547510001,19.474057584,0
                99.7191637130001,19.474060047,0
                99.7191817510001,19.4740646120001,0
                99.7191998770001,19.4740688950001,0
                99.71922714,19.474075095,0
                99.7194090790001,19.4741157600001,0
                99.7195915820001,19.474154562,0
                99.7196372480001,19.4741640230001,0
                99.7196555660001,19.4741675010001,0
                99.7196647490001,19.4741690870001,0
                99.719673959,19.474170519,0
                99.7196924630001,19.4741728490001,0
                99.7197203490001,19.474175562,0
                99.7197855910001,19.4741809280001,0
                99.7198136810001,19.474183419,0
                99.7198514710001,19.4741871910001,0
                99.719889234,19.474191352,0
                99.7199070520001,19.4741936570001,0
                99.7199237900001,19.4741961890001,0
                99.7199403770001,19.4741991820001,0
                99.7199485780001,19.4742009390001,0
                99.719956691,19.4742029440001,0
                99.7199646810001,19.47420528,0
                99.719971967,19.4742078130001,0
                99.719979106,19.4742106900001,0
                99.719986792,19.474214229,0
                99.7199943260001,19.4742180850001,0
                99.7200017380001,19.474222185,0
                99.7200090410001,19.474226494,0
                99.7200162400001,19.474230974,0
                99.720023321,19.474235618,0
                99.7200302790001,19.4742404300001,0
                99.72003707,19.474245436,0
                99.7200436680001,19.4742506690001,0
                99.720050626,19.4742567100001,0
                99.7200573570001,19.4742629990001,0
                99.7200703820001,19.474276064,0
                99.7200830850001,19.474289474,0
                99.7201018920001,19.474309831,0
                99.7201455740001,19.47435748,0
                99.7201641300001,19.4743780050001,0
                99.720176263,19.47439186,0
                99.7201933750001,19.474412413,0
                99.720243559,19.474474951,0
                99.7202603760001,19.4744955190001,0
                99.7202828900001,19.4745222820001,0
                99.7203057410001,19.4745487910001,0
                99.7203175710001,19.4745621000001,0
                99.7203358820001,19.4745821700001,0
                99.72046534,19.4747216600001,0
                99.7204837510001,19.474741653,0
                99.720501685,19.4747614660001,0
                99.720535833,19.4748002330001,0
                99.7205696770001,19.474839237,0
                99.72058673,19.474859284,0
                99.7206323560001,19.474913499,0
                99.7206498100001,19.4749335500001,0
                99.7206612460001,19.474946007,0
                99.720667071,19.4749521370001,0
                99.720678977,19.4749641770001,0
                99.7206913860001,19.474975866,0
                99.720697795,19.474981579,0
                99.7207108410001,19.474992791,0
                99.720730775,19.4750092400001,0
                99.7207510970001,19.4750252580001,0
                99.7207584920001,19.475030826,0
                99.7207734660001,19.4750417280001,0
                99.7207886520001,19.475052363,0
                99.720796336,19.4750575640001,0
                99.7208170520001,19.4750709510001,0
                99.720838137,19.4750837990001,0
                99.7208452580001,19.4750879320001,0
                99.7208596570001,19.4750959080001,0
                99.720874268,19.475103527,0
                99.7208816550001,19.475107184,0
                99.720896773,19.475114186,0
                99.7209045100001,19.4751175260001,0
                99.720920117,19.4751239340001,0
                99.7209437720001,19.4751330080001,0
                99.7209597040001,19.475138669,0
                99.7209755820001,19.4751438700001,0
                99.7210326520001,19.475161585,0
                99.721152583,19.47519992,0
                99.7211672020001,19.4752048140001,0
                99.7211743830001,19.4752074560001,0
                99.7211814180001,19.4752103330001,0
                99.7211888840001,19.475213814,0
                99.7211960850001,19.475217662,0
                99.7212029740001,19.475221882,0
                99.7212094830001,19.475226505,0
                99.7212155030001,19.4752315960001,0
                99.721220873,19.475237141,0
                99.7212256920001,19.4752431320001,0
                99.721229979,19.475249494,0
                99.721233715,19.4752561760001,0
                99.721236789,19.4752629820001,0
                99.7212392790001,19.47527002,0
                99.721241213,19.4752774950001,0
                99.721242514,19.4752851260001,0
                99.7212431870001,19.4752929580001,0
                99.7212432840001,19.4753008640001,0
                99.7212427800001,19.4753097180001,0
                99.7212418000001,19.475318596,0
                99.7212404810001,19.4753274930001,0
                99.721238934,19.475336396,0
                99.721235435,19.475354194,0
                99.7212165710001,19.475442828,0
                99.7211982920001,19.4755311710001,0
                99.721189322,19.4755753330001,0
                99.7211824650001,19.4756106840001,0
                99.721174514,19.4756548560001,0
                99.721130771,19.4759024850001,0
                99.7211264680001,19.4759280440001,0
                99.7211223940001,19.475953679,0
                99.7211199550001,19.475970827,0
                99.7211180560001,19.47598743,0
                99.7211167780001,19.4760034670001,0
                99.7211163470001,19.476011488,0
                99.721116082,19.4760195000001,0
                99.7211160320001,19.4760274930001,0
                99.7211162580001,19.4760354490001,0
                99.721116845,19.4760433500001,0
                99.721117748,19.4760503270001,0
                99.721119022,19.4760572170001,0
                99.7211206860001,19.476063997,0
                99.721122773,19.4760706390001,0
                99.7211254710001,19.476077429,0
                99.7211286780001,19.4760839850001,0
                99.7211329260001,19.476091121,0
                99.7211377620001,19.4760978790001,0
                99.7211431590001,19.476104202,0
                99.7211491450001,19.4761099880001,0
                99.7211561720001,19.4761154460001,0
                99.7211637780001,19.4761202500001,0
                99.7211718330001,19.4761244470001,0
                99.7211802720001,19.476128024,0
                99.7211872660001,19.4761304130001,0
                99.721194445,19.4761324040001,0
                99.72120176,19.4761340200001,0
                99.72121099,19.4761355370001,0
                99.721220342,19.4761366430001,0
                99.7212297780001,19.4761374550001,0
                99.721248787,19.476138532,0
                99.7212774130001,19.476139502,0
                99.721363366,19.4761417620001,0
                99.7213824400001,19.476142549,0
                99.7213919370001,19.476143108,0
                99.7214013830001,19.476143848,0
                99.7214107440001,19.476144859,0
                99.721419983,19.4761462500001,0
                99.721427502,19.4761477870001,0
                99.7214348620001,19.4761497150001,0
                99.721442004,19.4761520810001,0
                99.7214502420001,19.4761555810001,0
                99.7214580310001,19.4761597520001,0
                99.7214652790001,19.4761645900001,0
                99.7214718450001,19.476170144,0
                99.721477398,19.476176244,0
                99.7214822390001,19.476182948,0
                99.7214864160001,19.476190129,0
                99.7214899270001,19.4761977100001,0
                99.7214923530001,19.4762043650001,0
                99.721494346,19.4762112120001,0
                99.721495954,19.476218213,0
                99.7214974400001,19.476226738,0
                99.7214985640001,19.476235377,0
                99.7214994270001,19.476244089,0
                99.721500667,19.4762616470001,0
                99.7215019180001,19.4762881020001,0
                99.721502807,19.476314584,0
                99.7215031950001,19.4763322540001,0
                99.721503554,19.476368209,0
                99.7215040290001,19.4763861050001,0
                99.7215045250001,19.4763949810001,0
                99.721505322,19.4764037750001,0
                99.721506542,19.4764124320001,0
                99.7215083560001,19.4764208880001,0
                99.7215107580001,19.476428555,0
                99.721513863,19.4764359160001,0
                99.721517696,19.4764429000001,0
                99.721522184,19.4764494560001,0
                99.7215273040001,19.476455522,0
                99.721533068,19.4764609800001,0
                99.721539932,19.476465999,0
                99.7215474060001,19.4764702530001,0
                99.7215553490001,19.476473782,0
                99.7215636700001,19.476476545,0
                99.7215713860001,19.476478318,0
                99.7215792900001,19.476479425,0
                99.7215856510001,19.476479833,0
                99.721592064,19.4764798480001,0
                99.7216010650001,19.476479252,0
                99.721610088,19.4764780690001,0
                99.721618042,19.4764766270001,0
                99.7216259910001,19.4764749280001,0
                99.721657824,19.4764673870001,0
                99.721666048,19.476465655,0
                99.7216825710001,19.476462702,0
                99.7216908650001,19.4764615080001,0
                99.721699179,19.476460549,0
                99.7217073410001,19.4764598560001,0
                99.721715509,19.4764593950001,0
                99.7217236880001,19.4764591410001,0
                99.7217318630001,19.476459081,0
                99.721740034,19.4764592340001,0
                99.7217481870001,19.476459612,0
                99.7217566890001,19.476460279,0
                99.721765168,19.476461203,0
                99.7217736150001,19.476462349,0
                99.721782025,19.47646372,0
                99.721790388,19.476465327,0
                99.7217974980001,19.476466907,0
                99.7218045660001,19.476468664,0
                99.7218185620001,19.4764726700001,0
                99.7218326600001,19.476477453,0
                99.7218465430001,19.4764828240001,0
                99.721862285,19.4764896560001,0
                99.7218778100001,19.4764969550001,0
                99.7218931500001,19.4765045890001,0
                99.721900738,19.4765085340001,0
                99.7219156720001,19.4765167840001,0
                99.72192297,19.476521156,0
                99.7219306860001,19.476526118,0
                99.7219382550001,19.476531284,0
                99.7219457160001,19.4765366080001,0
                99.7219603710001,19.476547602,0
                99.7219747090001,19.4765589670001,0
                99.7219886340001,19.4765707720001,0
                99.721995431,19.4765769310001,0
                99.722008697,19.476589588,0
                99.7220345950001,19.4766155240001,0
                99.722098728,19.476680969,0
                99.7221244840001,19.4767070460001,0
                99.7221440820001,19.4767263150001,0
                99.7221575200001,19.4767387680001,0
                99.722164445,19.476744782,0
                99.7221704600001,19.4767497190001,0
                99.722176598,19.47675452,0
                99.722189202,19.4767637410001,0
                99.7222029010001,19.476772877,0
                99.7222321290001,19.4767912720001,0
                99.7222392240001,19.4767960470001,0
                99.722246107,19.4768010390001,0
                99.722252671,19.4768063400001,0
                99.7222586890001,19.4768118870001,0
                99.722264346,19.4768177650001,0
                99.7222696760001,19.4768239250001,0
                99.7222746680001,19.4768303390001,0
                99.7222793050001,19.4768370040001,0
                99.7222833550001,19.4768435660001,0
                99.722287077,19.47685032,0
                99.722290494,19.476857233,0
                99.7222936030001,19.476864296,0
                99.7222968030001,19.4768725970001,0
                99.7222996900001,19.4768810350001,0
                99.722302353,19.476889564,0
                99.7223048580001,19.4768981570001,0
                99.7223095900001,19.4769154520001,0
                99.7223524390001,19.477080304,0
                99.7223593430001,19.477106307,0
                99.722364127,19.4771236060001,0
                99.7223691610001,19.477140562,0
                99.7223772610001,19.4771654210001,0
                99.7223831030001,19.477181844,0
                99.7223862210001,19.4771899690001,0
                99.72238953,19.4771980080001,0
                99.7223931,19.477205923,0
                99.7223958640001,19.477211488,0
                99.7223988040001,19.4772169570001,0
                99.7224019330001,19.4772223210001,0
                99.7224067070001,19.4772297440001,0
                99.7224118410001,19.4772369250001,0
                99.7224173170001,19.477243844,0
                99.7224231580001,19.4772504530001,0
                99.7224294220001,19.4772566730001,0
                99.7224360070001,19.4772623170001,0
                99.7224429710001,19.4772675670001,0
                99.7224502350001,19.4772724850001,0
                99.7224577440001,19.477277096,0
                99.7224654760001,19.477281389,0
                99.7224734210001,19.4772853330001,0
                99.722480653,19.4772885080001,0
                99.7224880350001,19.477291402,0
                99.7224955360001,19.4772940330001,0
                99.7225031450001,19.4772964110001,0
                99.7225116210001,19.47729874,0
                99.722528814,19.4773027700001,0
                99.722546171,19.47730632,0
                99.7225896750001,19.477314785,0
                99.7226069660001,19.477318498,0
                99.722615551,19.477320547,0
                99.7226321350001,19.4773250170001,0
                99.7226485310001,19.4773300530001,0
                99.7226566570001,19.477332781,0
                99.72266505,19.47733578,0
                99.7226816950001,19.477342143,0
                99.722698204,19.477348836,0
                99.7227145940001,19.477355806,0
                99.722730815,19.477363106,0
                99.7227382630001,19.477366655,0
                99.7227530160001,19.4773740150001,0
                99.7227675950001,19.477381683,0
                99.7227748060001,19.47738564,0
                99.72278807,19.4773932950001,0
                99.7228001180001,19.4774007560001,0
                99.722806038,19.477404628,0
                99.7228201880001,19.4774144620001,0
                99.7228339490001,19.477424763,0
                99.7228406850001,19.477430081,0
                99.7228472930001,19.477435531,0
                99.7228537550001,19.4774411400001,0
                99.7228603030001,19.477447182,0
                99.7228667000001,19.4774533780001,0
                99.7228729880001,19.477459692,0
                99.722885337,19.477472547,0
                99.722915771,19.47750517,0
                99.722928053,19.4775181200001,0
                99.7229406150001,19.4775307800001,0
                99.7229470880001,19.477536904,0
                99.722953751,19.4775428190001,0
                99.7229604830001,19.477548327,0
                99.722967419,19.4775535950001,0
                99.7229745440001,19.4775586220001,0
                99.722981845,19.4775634050001,0
                99.7229893350001,19.4775678980001,0
                99.722995467,19.477571262,0
                99.7230017270001,19.477574405,0
                99.7230081000001,19.4775773210001,0
                99.7230159700001,19.477580538,0
                99.723023991,19.4775834110001,0
                99.7230321390001,19.4775859270001,0
                99.72303958,19.4775878630001,0
                99.7230471000001,19.4775895230001,0
                99.7230546860001,19.4775909200001,0
                99.7230623280001,19.4775920550001,0
                99.7230700060001,19.4775929240001,0
                99.7230782650001,19.4775935320001,0
                99.7230865560001,19.4775938290001,0
                99.7230948640001,19.477593846,0
                99.723103715,19.4775935710001,0
                99.7231125740001,19.477593057,0
                99.7231303040001,19.477591585,0
                99.7231746090001,19.4775872290001,0
                99.7231922970001,19.477585988,0
                99.7232011240001,19.477585682,0
                99.7232097230001,19.4775856790001,0
                99.72321829,19.477586011,0
                99.7232268020001,19.4775867130001,0
                99.723234796,19.477587779,0
                99.7232427010001,19.477589257,0
                99.723249073,19.477590768,0
                99.7232553650001,19.4775925540001,0
                99.7232615770001,19.477594604,0
                99.7232697040001,19.4775977570001,0
                99.7232781100001,19.477601636,0
                99.7232872120001,19.477606506,0
                99.723296808,19.477612143,0
                99.723306564,19.4776182260001,0
                99.7233161340001,19.4776244550001,0
                99.7233333650001,19.477636134,0
                99.7233973670001,19.477705239,0
                99.7234419930001,19.4777409000001,0
                99.723460441,19.4777552850001,0
                99.7234686680001,19.4777614880001,0
                99.7234760810001,19.4777668670001,0
                99.7234835500001,19.477772042,0
                99.7234898950001,19.4777762190001,0
                99.7235028650001,19.4777841550001,0
                99.723509489,19.4777879110001,0
                99.7235229650001,19.4777949190001,0
                99.7235367660001,19.4778013210001,0
                99.7235438820001,19.4778043100001,0
                99.7235583230001,19.477809801,0
                99.723565642,19.4778122980001,0
                99.7235745440001,19.477815059,0
                99.7235835260001,19.4778175710001,0
                99.7235925830001,19.477819831,0
                99.7236003230001,19.47782153,0
                99.723608104,19.4778230530001,0
                99.7236159230001,19.477824405,0
                99.7236237700001,19.4778255750001,0
                99.7236396000001,19.4778273740001,0
                99.723655507,19.4778285300001,0
                99.7236738990001,19.477829161,0
                99.7237015410001,19.477829345,0
                99.7237937140001,19.477828742,0
                99.7238397680001,19.477828806,0
                99.7238774030001,19.4778294830001,0
                99.7239808900001,19.477832146,0
                99.7240185250001,19.477832935,0
                99.7240564240001,19.477833209,0
                99.7241419330001,19.4778328350001,0
                99.7241704130001,19.477832902,0
                99.724189337,19.477833364,0
                99.7241987580001,19.4778338510001,0
                99.7242081370001,19.477834608,0
                99.7242159400001,19.4778355130001,0
                99.7242236870001,19.477836688,0
                99.7242313680001,19.477838171,0
                99.724240158,19.477840309,0
                99.7242488210001,19.4778428720001,0
                99.724257348,19.477845857,0
                99.7242652750001,19.47784906,0
                99.7242730990001,19.4778525350001,0
                99.724280852,19.4778561860001,0
                99.72430404,19.4778673490001,0
                99.724311845,19.4778708690001,0
                99.7243197440001,19.47787414,0
                99.7243271890001,19.477876871,0
                99.7243347460001,19.4778792810001,0
                99.7243424060001,19.4778813470001,0
                99.7243498070001,19.477882971,0
                99.7243572880001,19.4778842920001,0
                99.7243648340001,19.477885342,0
                99.7243724260001,19.4778861340001,0
                99.724381753,19.477886783,0
                99.724426184,19.4778883230001,0
                99.7244424100001,19.4778892740001,0
                99.7244578900001,19.4778907310001,0
                99.724472582,19.477892764,0
                99.7244798770001,19.477894049,0
                99.7244880220001,19.477895738,0
                99.7244961000001,19.477897667,0
                99.7245041140001,19.4778998310001,0
                99.7245120420001,19.4779022440001,0
                99.7245198000001,19.477904892,0
                99.7245274640001,19.4779077850001,0
                99.7245350250001,19.4779109040001,0
                99.7245424710001,19.4779142580001,0
                99.7245491460001,19.477917534,0
                99.724555712,19.47792101,0
                99.7245621550001,19.4779246840001,0
                99.724569956,19.4779295010001,0
                99.724577573,19.4779345810001,0
                99.724585,19.4779398920001,0
                99.7245922180001,19.477945434,0
                99.7245991950001,19.4779512310001,0
                99.7246058630001,19.477957331,0
                99.7246115340001,19.4779631010001,0
                99.724616944,19.477969111,0
                99.7246221220001,19.477975321,0
                99.7246271000001,19.4779816990001,0
                99.7246318790001,19.477988227,0
                99.724636391,19.4779947690001,0
                99.7246538310001,19.4780213940001,0
                99.7246585500001,19.4780282610001,0
                99.7246634110001,19.478035028,0
                99.724668433,19.4780416680001,0
                99.7246736310001,19.4780481540001,0
                99.7246790570001,19.4780544400001,0
                99.724684767,19.478060471,0
                99.724691206,19.478066568,0
                99.724697969,19.4780723600001,0
                99.724704982,19.478077903,0
                99.7247122000001,19.478083224,0
                99.7247196070001,19.478088327,0
                99.724727198,19.47809319,0
                99.7247343160001,19.4780974180001,0
                99.72474157,19.4781014380001,0
                99.7247489430001,19.478105267,0
                99.7247564240001,19.478108897,0
                99.7247640240001,19.478112314,0
                99.7247714650001,19.478115379,0
                99.7247789950001,19.4781182450001,0
                99.7247866060001,19.47812093,0
                99.7247942820001,19.4781234480001,0
                99.72480203,19.4781257930001,0
                99.7248103200001,19.4781280920001,0
                99.7248270460001,19.4781322900001,0
                99.724860682,19.478140194,0
                99.7248774710001,19.478144464,0
                99.724885842,19.4781467670001,0
                99.724902462,19.478151724,0
                99.724910687,19.4781544160001,0
                99.7249188320001,19.478157293,0
                99.7249267020001,19.4781603120001,0
                99.724934481,19.4781635200001,0
                99.7249498100001,19.4781704260001,0
                99.7249573440001,19.478174128,0
                99.7249647690001,19.4781780110001,0
                99.7249721150001,19.478182121,0
                99.7249793510001,19.478186411,0
                99.7249935170001,19.4781954270001,0
                99.7250004510001,19.4782001350001,0
                99.7250072610001,19.4782049830001,0
                99.7250139240001,19.4782100030001,0
                99.7250204030001,19.4782152230001,0
                99.7250268600001,19.4782208720001,0
                99.725033108,19.478226739,0
                99.7250391750001,19.4782327780001,0
                99.7250450860001,19.478238972,0
                99.725050836,19.4782453020001,0
                99.725056415,19.4782517720001,0
                99.7250618670001,19.478258469,0
                99.725067133,19.4782652980001,0
                99.725072233,19.478272245,0
                99.725077147,19.4782793140001,0
                99.7250819960001,19.478286687,0
                99.725091187,19.4783017410001,0
                99.7250998110001,19.478317132,0
                99.725116315,19.478348324,0
                99.7251205460001,19.4783560560001,0
                99.7251249210001,19.4783637100001,0
                99.7251322530001,19.4783756140001,0
                99.7251408320001,19.478388222,0
                99.725150748,19.4784014530001,0
                99.725161224,19.478414274,0
                99.7251666920001,19.4784205010001,0
                99.725172355,19.4784265650001,0
                99.7251787910001,19.478432991,0
                99.725185432,19.478439236,0
                99.7251922240001,19.478445358,0
                99.725206084,19.4784573580001,0
                99.7252272100001,19.478475062,0
                99.72527682,19.4785160930001,0
                99.7252981600001,19.478533579,0
                99.7253120060001,19.478544707,0
                99.725338998,19.4785658120001,0
                99.7253526410001,19.4785761900001,0
                99.7253663170001,19.4785863380001,0
                99.7253870160001,19.4786013240001,0
                99.7254009520001,19.4786111400001,0
                99.7254150540001,19.4786207120001,0
                99.7254222060001,19.4786253560001,0
                99.7254359790001,19.4786337680001,0
                99.7254509890001,19.4786421800001,0
                99.7254672440001,19.4786505770001,0
                99.7254837200001,19.478658572,0
                99.7254920410001,19.478662415,0
                99.725508872,19.478669686,0
                99.7255170660001,19.4786729150001,0
                99.725533634,19.4786789400001,0
                99.7255503760001,19.4786845470001,0
                99.72556725,19.478689762,0
                99.7255757450001,19.4786921900001,0
                99.7255842880001,19.478694456,0
                99.725593168,19.4786966070001,0
                99.7256110600001,19.478700471,0
                99.7256560440001,19.478709237,0
                99.7256740060001,19.4787128840001,0
                99.7256918370001,19.478716906,0
                99.725709527,19.478721331,0
                99.7257359370001,19.4787284270001,0
                99.725762188,19.478736021,0
                99.725779516,19.478741541,0
                99.725788138,19.4787445380001,0
                99.725805241,19.478750904,0
                99.725830612,19.478761117,0
                99.7258473090001,19.4787683930001,0
                99.72585574,19.4787723040001,0
                99.7258724170001,19.4787804960001,0
                99.7258888210001,19.4787891460001,0
                99.725896892,19.4787936820001,0
                99.7259043920001,19.478798112,0
                99.7259191160001,19.4788073920001,0
                99.725934135,19.478817602,0
                99.7259489310001,19.4788281200001,0
                99.725985586,19.4788548930001,0
                99.726043991,19.4788980170001,0
                99.7260730070001,19.4789200270001,0
                99.7261090570001,19.478947901,0
                99.7261305520001,19.478964772,0
                99.7261520910001,19.478982004,0
                99.7262806190001,19.4790861870001,0
                99.7262950100001,19.479097633,0
                99.7263095480001,19.4791089120001,0
                99.7263244330001,19.479120048,0
                99.726347021,19.4791364590001,0
                99.7263925340001,19.479168912,0
                99.726461144,19.479217399,0
                99.7264762140001,19.4792283360001,0
                99.726483623,19.4792339090001,0
                99.72649089,19.4792395910001,0
                99.7264979430001,19.479245436,0
                99.7265046970001,19.4792515090001,0
                99.726511024,19.4792579000001,0
                99.7265161000001,19.4792638120001,0
                99.726520754,19.479270006,0
                99.7265249700001,19.4792764590001,0
                99.7265287210001,19.479283163,0
                99.7265314670001,19.479288985,0
                99.726533857,19.479294962,0
                99.7265358940001,19.4793010720001,0
                99.726538094,19.479309417,0
                99.7265398520001,19.479317914,0
                99.7265441360001,19.4793437010001,0
                99.7265457130001,19.4793522300001,0
                99.7265476220001,19.47936064,0
                99.726550036,19.4793688620001,0
                99.7265524420001,19.4793752190001,0
                99.7265552800001,19.479381398,0
                99.7265585470001,19.47938738,0
                99.7265629890001,19.4793942260001,0
                99.7265679490001,19.4794007890001,0
                99.7265733130001,19.4794070840001,0
                99.7265789620001,19.4794132070001,0
                99.7265964170001,19.479431377,0
                99.7266020380001,19.479437621,0
                99.7266076710001,19.479444417,0
                99.726613033,19.479451426,0
                99.7266181580001,19.4794586030001,0
                99.7266230550001,19.479465939,0
                99.7266277240001,19.4794734120001,0
                99.7266321310001,19.4794809810001,0
                99.726640456,19.479496404,0
                99.7266680330001,19.479551304,0
                99.7266805400001,19.479575201,0
                99.7266933280001,19.479598966,0
                99.726727774,19.47966217,0
                99.7267404670001,19.479685971,0
                99.726748209,19.479701172,0
                99.7267552160001,19.479715711,0
                99.726761841,19.479730396,0
                99.7267649570001,19.4797378110001,0
                99.7267713100001,19.479754486,0
                99.7267770550001,19.47977137,0
                99.7267822330001,19.479788424,0
                99.7267868420001,19.4798058100001,0
                99.72679106,19.4798232970001,0
                99.72679707,19.479849615,0
                99.7268341370001,19.480016649,0
                99.7268382980001,19.480034195,0
                99.7268428780001,19.48005154,0
                99.726845417,19.480060092,0
                99.7268481940001,19.4800685660001,0
                99.726851271,19.480076926,0
                99.7268547040001,19.4800851040001,0
                99.7268584700001,19.4800931410001,0
                99.7268625360001,19.480101045,0
                99.7268668870001,19.480108799,0
                99.7268715470001,19.4801163760001,0
                99.7268764330001,19.4801235630001,0
                99.726881624,19.480130537,0
                99.7268870950001,19.4801372790001,0
                99.7268928600001,19.4801437570001,0
                99.7268989570001,19.4801499050001,0
                99.7269054610001,19.4801556260001,0
                99.7269126510001,19.4801610010001,0
                99.726920233,19.4801659410001,0
                99.7269281150001,19.48017055,0
                99.7269362050001,19.480174918,0
                99.7269444510001,19.480179091,0
                99.7269528160001,19.4801831020001,0
                99.726969824,19.480190683,0
                99.7269775660001,19.480193887,0
                99.7269931770001,19.4802000280001,0
                99.727040914,19.4802182710001,0
                99.7270663660001,19.4802284350001,0
                99.7270917100001,19.480238802,0
                99.727116945,19.480249368,0
                99.7271336520001,19.480256635,0
                99.7271501650001,19.4802642540001,0
                99.7271584680001,19.4802683410001,0
                99.7271667100001,19.4802725550001,0
                99.7271830510001,19.480281233,0
                99.7272073510001,19.4802946360001,0
                99.727231391,19.480308469,0
                99.7272465680001,19.4803177480001,0
                99.727268059,19.480331736,0
                99.727289129,19.4803462730001,0
                99.7273028050001,19.4803563890001,0
                99.7273094500001,19.4803616570001,0
                99.7273157770001,19.4803669730001,0
                99.727321966,19.4803724330001,0
                99.727334032,19.4803836900001,0
                99.7273457320001,19.480395286,0
                99.7273570230001,19.480407224,0
                99.7273624530001,19.4804133600001,0
                99.7273672380001,19.48041907,0
                99.7273718660001,19.4804248940001,0
                99.7273763430001,19.4804308170001,0
                99.7273806430001,19.480436846,0
                99.7273847480001,19.4804429920001,0
                99.7273886350001,19.4804492660001,0
                99.7273922940001,19.480455658,0
                99.727395711,19.480462174,0
                99.727399549,19.4804702910001,0
                99.727403092,19.48047855,0
                99.7274064260001,19.4804869050001,0
                99.7274127000001,19.480503809,0
                99.7274276250001,19.480546448,0
                99.727433809,19.4805634210001,0
                99.727437067,19.48057183,0
                99.7274405110001,19.4805801570001,0
                99.7274432870001,19.4805863990001,0
                99.7274462350001,19.4805925590001,0
                99.7274497820001,19.480599377,0
                99.7274535700001,19.480606058,0
                99.7274575920001,19.480612593,0
                99.7274618600001,19.4806189510001,0
                99.7274664180001,19.480625096,0
                99.7274713140001,19.4806309730001,0
                99.727477541,19.4806374630001,0
                99.7274842090001,19.4806435720001,0
                99.7274912380001,19.4806493500001,0
                99.7274985710001,19.480654815,0
                99.7275061980001,19.480659953,0
                99.7275129810001,19.480664087,0
                99.727519935,19.4806680080001,0
                99.7275342080001,19.4806753390001,0
                99.7275414840001,19.480678793,0
                99.72755843,19.4806863110001,0
                99.727575566,19.480693499,0
                99.7276185460001,19.480711146,0
                99.7276356140001,19.4807183930001,0
                99.7276440730001,19.4807221410001,0
                99.727652456,19.4807260150001,0
                99.72766074,19.480730067,0
                99.727668973,19.4807343850001,0
                99.7276770830001,19.4807389110001,0
                99.7276850650001,19.480743628,0
                99.727692914,19.4807485440001,0
                99.7277062080001,19.4807575410001,0
                99.727719123,19.4807670220001,0
                99.7277316450001,19.48077698,0
                99.727737747,19.480782183,0
                99.7277496630001,19.480792916,0
                99.7277612890001,19.4808039530001,0
                99.727790983,19.4808336180001,0
                99.7278031610001,19.480845462,0
                99.7278169040001,19.4808579580001,0
                99.72782392,19.480864066,0
                99.7278381710001,19.480876041,0
                99.7278527300001,19.480887658,0
                99.7278601580001,19.4808932670001,0
                99.7278677290001,19.480898686,0
                99.727874715,19.480903375,0
                99.7278818380001,19.4809078690001,0
                99.7278890750001,19.4809121820001,0
                99.727896435,19.4809163050001,0
                99.727903913,19.480920215,0
                99.7279113760001,19.4809238080001,0
                99.7279189610001,19.4809271710001,0
                99.727926655,19.480930303,0
                99.727934696,19.48093328,0
                99.7279510280001,19.480938668,0
                99.7279592850001,19.4809411470001,0
                99.7279760860001,19.480945837,0
                99.7280273640001,19.4809589330001,0
                99.72805284,19.4809658070001,0
                99.72806124,19.4809683080001,0
                99.728069566,19.480970981,0
                99.7280777830001,19.480973889,0
                99.728084498,19.480976524,0
                99.7280911180001,19.4809793530001,0
                99.7280976490001,19.480982376,0
                99.7281040760001,19.48098559,0
                99.7281119180001,19.480989837,0
                99.728119641,19.4809943070001,0
                99.7281501860001,19.4810128440001,0
                99.7281579240001,19.481017314,0
                99.7281651070001,19.4810212290001,0
                99.7281723890001,19.481024959,0
                99.7281797750001,19.4810284810001,0
                99.7281872790001,19.4810317720001,0
                99.728193622,19.481034304,0
                99.7282000490001,19.481036654,0
                99.7282065480001,19.4810388290001,0
                99.728215011,19.4810413880001,0
                99.7282235590001,19.4810437350001,0
                99.728240815,19.481048021,0
                99.728284204,19.4810581670001,0
                99.7283013900001,19.481062724,0
                99.728316599,19.4810674620001,0
                99.7283241050001,19.481070093,0
                99.728338604,19.4810757820001,0
                99.7283528340001,19.481082073,0
                99.7283598380001,19.481085433,0
                99.7283678360001,19.481089508,0
                99.7283836060001,19.481098075,0
                99.7284069630001,19.4811114950001,0
                99.728476603,19.4811525170001,0
                99.7285076790001,19.4811705380001,0
                99.7285314160001,19.4811838530001,0
                99.728603407,19.481223266,0
                99.728619231,19.4812322700001,0
                99.7286348000001,19.4812416510001,0
                99.7286486610001,19.481250722,0
                99.728662253,19.4812601740001,0
                99.7286756170001,19.481269925,0
                99.728688735,19.481279984,0
                99.7287070820001,19.481295011,0
                99.7287445960001,19.481327175,0
                99.728751237,19.4813325430001,0
                99.7287580160001,19.481337694,0
                99.728765003,19.4813425360001,0
                99.7287721740001,19.481346935,0
                99.72877959,19.4813509270001,0
                99.7287872380001,19.481354488,0
                99.7287955900001,19.481357771,0
                99.7288041500001,19.481360615,0
                99.7288128700001,19.4813630960001,0
                99.7288217220001,19.481365252,0
                99.728830153,19.4813670120001,0
                99.728847198,19.4813700290001,0
                99.7288729050001,19.481374241,0
                99.7288814350001,19.481375793,0
                99.7288899230001,19.48137753,0
                99.7288980690001,19.4813794400001,0
                99.7289061440001,19.481381571,0
                99.728914144,19.48138392,0
                99.7289220600001,19.481386491,0
                99.728929871,19.481389311,0
                99.7289370110001,19.4813921740001,0
                99.7289440430001,19.4813952590001,0
                99.7289509610001,19.481398547,0
                99.7289577600001,19.48140204,0
                99.728964418,19.4814057450001,0
                99.7289708580001,19.4814096540001,0
                99.7289771270001,19.481413791,0
                99.7289832110001,19.481418149,0
                99.7289890770001,19.4814227430001,0
                99.7289946830001,19.481427614,0
                99.7290002190001,19.4814330040001,0
                99.7290054800001,19.481438672,0
                99.729010514,19.481444552,0
                99.7290153530001,19.48145061,0
                99.7290200210001,19.481456813,0
                99.7290286040001,19.481469222,0
                99.7290603170001,19.4815187510001,0
                99.729069973,19.481533536,0
                99.7290798340001,19.4815481360001,0
                99.7290849010001,19.481555309,0
                99.7290901120001,19.48156235,0
                99.729095521,19.481569205,0
                99.729101196,19.4815757970001,0
                99.7291072460001,19.481582035,0
                99.7291138900001,19.481587959,0
                99.7291209370001,19.4815934700001,0
                99.7291283060001,19.4815986410001,0
                99.729135946,19.4816034900001,0
                99.729143832,19.481608017,0
                99.729151458,19.4816119720001,0
                99.7291592500001,19.4816156640001,0
                99.7291671790001,19.481619133,0
                99.729175221,19.481622395,0
                99.7291833620001,19.481625443,0
                99.7291921510001,19.481628444,0
                99.7292010250001,19.481631237,0
                99.7292189660001,19.481636338,0
                99.7292371230001,19.4816408830001,0
                99.7292554410001,19.4816450160001,0
                99.7292921980001,19.481652766,0
                99.7293290010001,19.481660236,0
                99.7293474360001,19.481663794,0
                99.7293659210001,19.481667063,0
                99.7293803470001,19.481669282,0
                99.7293948340001,19.4816711710001,0
                99.729412584,19.481673029,0
                99.729448135,19.481676356,0
                99.729456977,19.481677346,0
                99.7294657770001,19.4816785130001,0
                99.7294745020001,19.4816799320001,0
                99.729482203,19.481681469,0
                99.729489814,19.481683278,0
                99.729497322,19.4816853620001,0
                99.7295046940001,19.481687745,0
                99.7295118950001,19.481690477,0
                99.729519371,19.481693831,0
                99.7295265910001,19.48169762,0
                99.7295335320001,19.481701834,0
                99.7295401520001,19.481706493,0
                99.7295471140001,19.4817122440001,0
                99.729553712,19.481718453,0
                99.7295600580001,19.481724979,0
                99.72956622,19.4817317320001,0
                99.729578207,19.4817456490001,0
                99.7295899810001,19.481759835,0
                99.7296133150001,19.481788432,0
                99.7296306060001,19.481810001,0
                99.7296417760001,19.48182459,0
                99.729647126,19.4818320150001,0
                99.7296554630001,19.481844542,0
                99.7296593880001,19.4818509290001,0
                99.729663138,19.4818574020001,0
                99.7296666880001,19.481863962,0
                99.7296701590001,19.481870956,0
                99.7296733640001,19.481878055,0
                99.7296762980001,19.4818852500001,0
                99.729678913,19.4818925500001,0
                99.729681262,19.4819002350001,0
                99.729683284,19.4819080080001,0
                99.7296850100001,19.481915858,0
                99.7296864610001,19.481923764,0
                99.7296876300001,19.481931725,0
                99.729688589,19.4819404460001,0
                99.729689782,19.481957999,0
                99.729690438,19.481975618,0
                99.7296918260001,19.4820462160001,0
                99.7296927790001,19.4820814820001,0
                99.7296943110001,19.4821159910001,0
                99.7296971530001,19.4821677100001,0
                99.7296989700001,19.4821935250001,0
                99.729700623,19.4822106830001,0
                99.7297016910001,19.482219227,0
                99.7297042390001,19.4822351620001,0
                99.7297089340001,19.4822589460001,0
                99.72971419,19.4822826550001,0
                99.729720113,19.4823073100001,0
                99.7297307580001,19.482349148,0
                99.7297396500001,19.4823825340001,0
                99.7297469100001,19.4824081140001,0
                99.7297718090001,19.4824933560001,0
                99.7297795360001,19.482518917,0
                99.7297847150001,19.482534737,0
                99.7297899870001,19.482549278,0
                99.7297928390001,19.482556446,0
                99.7297958920001,19.482563514,0
                99.7297990710001,19.4825702200001,0
                99.729802492,19.482576776,0
                99.7298061850001,19.4825831590001,0
                99.7298101810001,19.48258932,0
                99.729814682,19.48259541,0
                99.729819562,19.482601179,0
                99.7298248320001,19.482606579,0
                99.729830528,19.482611535,0
                99.729837521,19.482616541,0
                99.7298449780001,19.4826210150001,0
                99.7298527950001,19.482625082,0
                99.7298608770001,19.482628818,0
                99.729869163,19.4826322770001,0
                99.7298778400001,19.4826355770001,0
                99.7298954990001,19.482641673,0
                99.7299312540001,19.4826531950001,0
                99.7299490560001,19.482659137,0
                99.729965242,19.4826650410001,0
                99.7299797760001,19.482670951,0
                99.7299951620001,19.482677951,0
                99.730010184,19.482685544,0
                99.7300175300001,19.482689586,0
                99.730024728,19.482693827,0
                99.7300316560001,19.482698236,0
                99.7300383990001,19.4827028620001,0
                99.7300449430001,19.482707707,0
                99.7300512740001,19.4827127820001,0
                99.730057334,19.482718108,0
                99.7300630620001,19.482723746,0
                99.7300687310001,19.4827301030001,0
                99.7300740540001,19.4827367730001,0
                99.7300791210001,19.4827436750001,0
                99.7300840120001,19.48275074,0
                99.7301029070001,19.4827796170001,0
                99.7301126190001,19.4827938060001,0
                99.730117728,19.4828006440001,0
                99.7301231170001,19.4828072060001,0
                99.7301284070001,19.4828129320001,0
                99.7301339960001,19.4828183000001,0
                99.7301398920001,19.482823255,0
                99.7301461060001,19.4828277170001,0
                99.7301526830001,19.4828315710001,0
                99.730159562,19.482834666,0
                99.7301667630001,19.4828371350001,0
                99.7301742080001,19.482839062,0
                99.730181847,19.482840491,0
                99.730189636,19.482841426,0
                99.7301987420001,19.4828419090001,0
                99.7302079510001,19.4828418990001,0
                99.7302172350001,19.482841536,0
                99.7302265660001,19.482840934,0
                99.730245315,19.482839304,0
                99.730282936,19.482835628,0
                99.7302923610001,19.482834817,0
                99.7303097160001,19.482833595,0
                99.730335718,19.4828323610001,0
                99.7303529440001,19.4828320610001,0
                99.7303678200001,19.482832435,0
                99.730399886,19.482833241,0
                99.730409997,19.482833381,0
                99.730418204,19.482835159,0
                99.7304256610001,19.482838563,0
                99.7304314020001,19.4828428820001,0
                99.7304354330001,19.482848292,0
                99.7304379480001,19.4828567860001,0
                99.7304407830001,19.482868544,0
                99.7304433900001,19.4828793780001,0
                99.7304472630001,19.482892027,0
                99.7304511070001,19.482898161,0
                99.7304562840001,19.48290429,0
                99.7304729310001,19.4829161640001,0
                99.730508683,19.482933298,0
                99.730510006,19.482934029,0
                99.7305262840001,19.4829424180001,0
                99.7305428480001,19.482950493,0
                99.7306012340001,19.4829782840001,0
                99.730617759,19.4829864550001,0
                99.730634034,19.4829950010001,0
                99.7306420150001,19.4829995100001,0
                99.7306493340001,19.4830039120001,0
                99.730656529,19.4830084920001,0
                99.7306636110001,19.483013226,0
                99.730670574,19.4830181140001,0
                99.7306774100001,19.4830231650001,0
                99.730684323,19.483028545,0
                99.7307046600001,19.483045109,0
                99.730718391,19.483055866,0
                99.730725469,19.4830609430001,0
                99.730733033,19.483065878,0
                99.7307408340001,19.4830704550001,0
                99.7307488710001,19.483074629,0
                99.7307540410001,19.483077026,0
                99.7307592920001,19.4830792590001,0
                99.7307668990001,19.48308222,0
                99.7307898860001,19.483090572,0
                99.7307973650001,19.4830935960001,0
                99.730804617,19.483096964,0
                99.7308120440001,19.483101096,0
                99.730819077,19.4831057480001,0
                99.7308256700001,19.4831109,0
                99.730831746,19.4831165640001,0
                99.7308365920001,19.4831219930001,0
                99.7308409920001,19.4831277820001,0
                99.7308449490001,19.4831338830001,0
                99.7308484610001,19.483140258,0
                99.730851482,19.483146892,0
                99.730853918,19.4831535700001,0
                99.7308559260001,19.4831604290001,0
                99.7308575770001,19.483167426,0
                99.7308589240001,19.483174514,0
                99.730860147,19.483182593,0
                99.7308630750001,19.4832066770001,0
                99.7308642200001,19.4832144260001,0
                99.7308656640001,19.48322188,0
                99.7308675720001,19.4832289120001,0
                99.7308699440001,19.4832350020001,0
                99.7308729260001,19.48324043,0
                99.7308765920001,19.4832450060001,0
                99.7308810520001,19.483248476,0
                99.730887323,19.4832509080001,0
                99.7308945460001,19.483251941,0
                99.730902455,19.483251991,0
                99.730910851,19.4832513650001,0
                99.7309195940001,19.4832503260001,0
                99.7309376910001,19.483247841,0
                99.7309469050001,19.4832467690001,0
                99.7309561590001,19.483246072,0
                99.73096309,19.483245917,0
                99.7309699940001,19.48324612,0
                99.7309768480001,19.4832467250001,0
                99.730985692,19.4832481670001,0
                99.730994363,19.483250309,0
                99.731002818,19.4832531220001,0
                99.7310099060001,19.4832560890001,0
                99.731016782,19.483259522,0
                99.731024425,19.483264005,0
                99.7310318410001,19.483268918,0
                99.7310390870001,19.4832741480001,0
                99.7310532430001,19.483285197,0
                99.7310671490001,19.4832966720001,0
                99.7311153320001,19.4833375170001,0
                99.731136087,19.483354865,0
                99.731171868,19.4833839130001,0
                99.7312151820001,19.483418489,0
                99.731229849,19.483429721,0
                99.7312372960001,19.4834351580001,0
                99.7312442880001,19.4834400190001,0
                99.731251398,19.483444671,0
                99.7312586400001,19.483449052,0
                99.7312660520001,19.4834530700001,0
                99.7312717390001,19.4834557900001,0
                99.7312775380001,19.4834582240001,0
                99.7312834510001,19.483460356,0
                99.7312894230001,19.483462134,0
                99.731295485,19.483463574,0
                99.731301622,19.48346467,0
                99.7313082380001,19.4834654430001,0
                99.731314905,19.4834658180001,0
                99.7313215940001,19.483465795,0
                99.7313289900001,19.483465305,0
                99.7313363750001,19.483464385,0
                99.73134373,19.4834630670001,0
                99.731351036,19.4834613790001,0
                99.731357174,19.4834596600001,0
                99.731363263,19.483457711,0
                99.731369295,19.483455554,0
                99.7313779930001,19.483452098,0
                99.7314038120001,19.4834409110001,0
                99.7314124630001,19.483437397,0
                99.7314212050001,19.483434253,0
                99.7314265480001,19.483432609,0
                99.73143194,19.483431191,0
                99.73143837,19.4834298320001,0
                99.7314448450001,19.4834288170001,0
                99.7314513640001,19.483428153,0
                99.731457742,19.4834278610001,0
                99.731464126,19.4834279030001,0
                99.7314704980001,19.4834282750001,0
                99.7314777760001,19.483429104,0
                99.7314849900001,19.4834303490001,0
                99.73149212,19.4834320050001,0
                99.7314995770001,19.4834342250001,0
                99.7315068920001,19.483436871,0
                99.731514061,19.483439892,0
                99.7315212950001,19.483443391,0
                99.7315283390001,19.483447235,0
                99.7315351660001,19.4834514090001,0
                99.731541742,19.4834559240001,0
                99.731548015,19.4834608140001,0
                99.731554578,19.48346672,0
                99.7315608000001,19.4834730160001,0
                99.73156678,19.4834795850001,0
                99.7315725940001,19.483486316,0
                99.7315897170001,19.483506742,0
                99.7315955120001,19.4835133830001,0
                99.731601448,19.483519802,0
                99.7316076070001,19.4835258910001,0
                99.7316140880001,19.4835315120001,0
                99.731621014,19.4835364950001,0
                99.7316271230001,19.483540013,0
                99.731633559,19.483543055,0
                99.7316402450001,19.4835457070001,0
                99.7316471350001,19.483548038,0
                99.7316550210001,19.4835503370001,0
                99.7316791800001,19.4835565830001,0
                99.7316872900001,19.483558891,0
                99.731695314,19.483561448,0
                99.7317032030001,19.4835643260001,0
                99.7317116990001,19.4835679290001,0
                99.7317199930001,19.483571935,0
                99.7317280920001,19.48357628,0
                99.7317359930001,19.483580938,0
                99.731743657,19.4835859,0
                99.731751037,19.483591211,0
                99.7317580610001,19.4835969210001,0
                99.7317640940001,19.483602531,0
                99.7317698430001,19.483608453,0
                99.7317753830001,19.4836145940001,0
                99.7317807850001,19.4836208890001,0
                99.731796703,19.4836401540001,0
                99.731807781,19.483653163,0
                99.7318195400001,19.4836661100001,0
                99.7318317690001,19.4836786120001,0
                99.7318381040001,19.483684641,0
                99.731844638,19.483690457,0
                99.731851141,19.483695816,0
                99.7318578250001,19.483700976,0
                99.731871604,19.4837108340001,0
                99.7318858150001,19.483720184,0
                99.7318935640001,19.4837249870001,0
                99.7319172190001,19.483738858,0
                99.7319331580001,19.4837478700001,0
                99.731957187,19.4837611880001,0
                99.7319733,19.483769866,0
                99.7319895690001,19.4837782220001,0
                99.7319977960001,19.483782192,0
                99.7320061220001,19.483785954,0
                99.732018231,19.4837908750001,0
                99.7320243720001,19.4837931320001,0
                99.732032599,19.4837959180001,0
                99.7320574410001,19.483803752,0
                99.7320656430001,19.483806502,0
                99.7320737220001,19.483809492,0
                99.7320818370001,19.4838129030001,0
                99.7320897580001,19.483816689,0
                99.7320974470001,19.483820859,0
                99.7321039870001,19.4838248500001,0
                99.7321103520001,19.483829112,0
                99.7321165710001,19.4838336010001,0
                99.7321234550001,19.4838388950001,0
                99.7321302120001,19.483844371,0
                99.7321434930001,19.483855659,0
                99.7321827490001,19.483890381,0
                99.7321959640001,19.4839018230001,0
                99.7322094200001,19.483912983,0
                99.7322167310001,19.48391875,0
                99.7322316030001,19.4839300080001,0
                99.73225425,19.483946508,0
                99.7322770680001,19.4839628130001,0
                99.732299976,19.4839790090001,0
                99.73232303,19.4839950460001,0
                99.732338557,19.4840055330001,0
                99.732352409,19.4840145640001,0
                99.732366384,19.48402344,0
                99.7324014710001,19.484045334,0
                99.732408375,19.484049811,0
                99.732415142,19.4840544240001,0
                99.7324214330001,19.4840589930001,0
                99.7324275190001,19.484063753,0
                99.7324333770001,19.4840687130001,0
                99.732438942,19.4840739140001,0
                99.73244415,19.484079405,0
                99.7324491080001,19.4840854490001,0
                99.732453644,19.484091806,0
                99.7324577850001,19.484098427,0
                99.7324615510001,19.4841052840001,0
                99.7324650620001,19.4841126160001,0
                99.7324682590001,19.4841201260001,0
                99.7324712280001,19.484127764,0
                99.7324767530001,19.4841432760001,0
                99.732487437,19.484174608,0
                99.7324931520001,19.4841900910001,0
                99.73249616,19.4841977780001,0
                99.7325025410001,19.484212975,0
                99.7325059660001,19.484220448,0
                99.7325096160001,19.4842277930001,0
                99.7325138090001,19.484235444,0
                99.732518364,19.4842428580001,0
                99.732523331,19.4842499810001,0
                99.7325289230001,19.484256913,0
                99.7325349600001,19.4842634670001,0
                99.7325413950001,19.484269635,0
                99.7325482240001,19.484275369,0
                99.7325554660001,19.484280572,0
                99.7325626840001,19.4842848980001,0
                99.7325702430001,19.48428869,0
                99.7325780900001,19.4842919750001,0
                99.732586192,19.484294725,0
                99.7325948540001,19.484296999,0
                99.732603709,19.4842987930001,0
                99.732612696,19.4843002210001,0
                99.7326217730001,19.484301381,0
                99.7326309050001,19.4843023290001,0
                99.7326492450001,19.4843037420001,0
                99.7326678680001,19.4843048320001,0
                99.732677095,19.4843055220001,0
                99.7326862180001,19.4843065110001,0
                99.7326951960001,19.4843079790001,0
                99.7327022920001,19.484309631,0
                99.732709243,19.484311727,0
                99.73271601,19.4843142660001,0
                99.7327230000001,19.4843174640001,0
                99.732729786,19.484321096,0
                99.7327364020001,19.4843250770001,0
                99.7327428630001,19.484329352,0
                99.7327491720001,19.4843338860001,0
                99.73275533,19.48433865,0
                99.7327616900001,19.4843439470001,0
                99.7327740700001,19.484355017,0
                99.732792422,19.4843719630001,0
                99.7327986350001,19.484377495,0
                99.7328049770001,19.4843828780001,0
                99.7328112310001,19.484387859,0
                99.732817632,19.4843926450001,0
                99.732824179,19.484397218,0
                99.7328308690001,19.48440156,0
                99.732837724,19.484405635,0
                99.7328447630001,19.48440937,0
                99.732852903,19.48441311,0
                99.7328612650001,19.484416416,0
                99.732869797,19.484419345,0
                99.7328784700001,19.484421922,0
                99.732887394,19.4844241760001,0
                99.7328964210001,19.484426092,0
                99.7329055230001,19.484427672,0
                99.732914695,19.4844288910001,0
                99.732922945,19.484429649,0
                99.732931228,19.484430144,0
                99.732939538,19.4844304260001,0
                99.7329562080001,19.4844305130001,0
                99.7329645500001,19.4844303520001,0
                99.7329827980001,19.484429601,0
                99.7330375010001,19.484426225,0
                99.7330651510001,19.48442483,0
                99.7330839960001,19.484424271,0
                99.7330934140001,19.4844241330001,0
                99.733112233,19.484424265,0
                99.733128111,19.484424932,0
                99.733143952,19.484426075,0
                99.7331606640001,19.4844277830001,0
                99.733187043,19.484430866,0
                99.7331958510001,19.4844317020001,0
                99.7332042580001,19.484432296,0
                99.7332126730001,19.4844327010001,0
                99.7332211020001,19.484432919,0
                99.7332295300001,19.484432944,0
                99.7332379570001,19.4844327610001,0
                99.7332471220001,19.4844323040001,0
                99.733256285,19.4844316250001,0
                99.733265438,19.4844307700001,0
                99.7332837420001,19.4844286490001,0
                99.733292884,19.4844274060001,0
                99.7333104090001,19.4844246960001,0
                99.7333523550001,19.484417541,0
                99.733369172,19.4844152360001,0
                99.733377805,19.484414397,0
                99.733386431,19.484413838,0
                99.733395025,19.4844136,0
                99.7334035630001,19.48441375,0
                99.733411355,19.4844143060001,0
                99.7334190390001,19.4844152740001,0
                99.733426578,19.4844166940001,0
                99.733433919,19.484418625,0
                99.733440671,19.484421006,0
                99.733447154,19.4844238800001,0
                99.733453334,19.4844272350001,0
                99.7334591490001,19.484431079,0
                99.7334645240001,19.4844354360001,0
                99.7334692190001,19.4844401610001,0
                99.733473496,19.484445312,0
                99.7334774230001,19.4844508090001,0
                99.7334810460001,19.4844565820001,0
                99.7334849700001,19.4844636280001,0
                99.7334886570001,19.4844708700001,0
                99.7334994710001,19.484492957,0
                99.7335033530001,19.484500197,0
                99.733507204,19.4845067150001,0
                99.7335113490001,19.48451306,0
                99.733515438,19.4845187550001,0
                99.7335197560001,19.484524304,0
                99.7335242680001,19.4845297210001,0
                99.733528951,19.4845350200001,0
                99.7335342700001,19.484540705,0
                99.7335561720001,19.484563032,0
                99.7335664510001,19.4845742000001,0
                99.733571403,19.484579932,0
                99.733576198,19.484585773,0
                99.7335808080001,19.484591746,0
                99.7335850850001,19.484597697,0
                99.7335891480001,19.484603776,0
                99.7335930010001,19.4846099820001,0
                99.7335966220001,19.484616311,0
                99.7336002650001,19.4846232630001,0
                99.7336036740001,19.484630307,0
                99.7336111330001,19.484646705,0
                99.7336149560001,19.4846547240001,0
                99.7336190980001,19.484662438,0
                99.7336230130001,19.4846686340001,0
                99.733627341,19.4846744000001,0
                99.7336321390001,19.484679618,0
                99.7336374860001,19.4846841410001,0
                99.733643558,19.484687885,0
                99.73365017,19.4846908220001,0
                99.733657183,19.484693012,0
                99.7336645170001,19.484694469,0
                99.733670971,19.4846951210001,0
                99.7336775460001,19.48469527,0
                99.733686424,19.484694787,0
                99.733695395,19.4846936980001,0
                99.733704436,19.4846921750001,0
                99.7337135080001,19.4846903440001,0
                99.7337225940001,19.484688292,0
                99.7337316840001,19.4846860820001,0
                99.7337498190001,19.4846812960001,0
                99.7337767490001,19.484673501,0
                99.7338302940001,19.484657466,0
                99.7338481660001,19.4846523740001,0
                99.733857126,19.4846499560001,0
                99.7338661200001,19.484647683,0
                99.7338830400001,19.4846439140001,0
                99.733891542,19.4846422850001,0
                99.7339000730001,19.4846408400001,0
                99.733908629,19.4846396310001,0
                99.7339163190001,19.484638782,0
                99.7339240250001,19.484638159,0
                99.733931741,19.4846377750001,0
                99.7339394630001,19.484637649,0
                99.7339473390001,19.484637816,0
                99.7339552020001,19.484638245,0
                99.733963062,19.4846389040001,0
                99.7339708980001,19.4846397760001,0
                99.7339787120001,19.4846408650001,0
                99.7339866360001,19.4846421930001,0
                99.733994518,19.484643724,0
                99.7340023630001,19.4846454410001,0
                99.7340101560001,19.4846473480001,0
                99.7340178890001,19.484649458,0
                99.7340255410001,19.484651795,0
                99.7340333430001,19.484654479,0
                99.73404106,19.4846573890001,0
                99.7340487060001,19.4846604890001,0
                99.7340638190001,19.4846671240001,0
                99.7340796000001,19.484674737,0
                99.7340960650001,19.484683241,0
                99.734169427,19.4847228130001,0
                99.734185789,19.4847314720001,0
                99.734202268,19.4847399180001,0
                99.734218598,19.484747908,0
                99.7342432770001,19.4847595420001,0
                99.7342846020001,19.484778595,0
                99.734317758,19.484793633,0
                99.7343429530001,19.4848047,0
                99.734368691,19.48481558,0
                99.7344978290001,19.484869045,0
                99.7345407700001,19.484887089,0
                99.7345663670001,19.484898308,0
                99.7345918410001,19.4849098030001,0
                99.7347188950001,19.4849680940001,0
                99.7347444120001,19.4849795800001,0
                99.7347606270001,19.4849865350001,0
                99.73477603,19.484992785,0
                99.7347915500001,19.4849986680001,0
                99.7347993710001,19.485001411,0
                99.7348072390001,19.4850039720001,0
                99.7348151670001,19.4850062900001,0
                99.734821535,19.485007922,0
                99.7348279490001,19.4850093420001,0
                99.7348344100001,19.4850105400001,0
                99.7348435110001,19.4850118140001,0
                99.734852672,19.485012666,0
                99.7348618830001,19.4850131170001,0
                99.7348706590001,19.4850131810001,0
                99.7348794580001,19.485012978,0
                99.7348882700001,19.485012576,0
                99.7349412600001,19.485008846,0
                99.7349589080001,19.485008065,0
                99.7349677120001,19.4850079890001,0
                99.7349750980001,19.485008153,0
                99.7349824650001,19.485008534,0
                99.7349898050001,19.4850091320001,0
                99.7349971120001,19.4850099660001,0
                99.7350043920001,19.4850110520001,0
                99.7350116210001,19.4850124010001,0
                99.735018784,19.4850140080001,0
                99.735026373,19.485016033,0
                99.735033887,19.4850183340001,0
                99.7350413170001,19.4850208880001,0
                99.7350486710001,19.4850236770001,0
                99.735056232,19.485026819,0
                99.7350637270001,19.4850301500001,0
                99.7351093280001,19.485051793,0
                99.735126452,19.485059404,0
                99.735143764,19.4850665860001,0
                99.7351609730001,19.485073099,0
                99.7351783660001,19.4850791060001,0
                99.735187131,19.485081899,0
                99.7351959420001,19.4850845020001,0
                99.735204819,19.485086869,0
                99.7352180390001,19.485089816,0
                99.7352247050001,19.485091031,0
                99.7352337300001,19.485092373,0
                99.735242805,19.485093407,0
                99.7352519280001,19.4850941600001,0
                99.7352606200001,19.485094627,0
                99.7352693300001,19.485094917,0
                99.735295503,19.485095416,0
                99.73531289,19.4850961000001,0
                99.7353215260001,19.48509677,0
                99.7353294150001,19.4850976820001,0
                99.735337244,19.485098884,0
                99.7353449970001,19.485100393,0
                99.7353526520001,19.485102232,0
                99.7353604520001,19.485104528,0
                99.7353681110001,19.4851072120001,0
                99.7353759200001,19.485110402,0
                99.7353835540001,19.4851139580001,0
                99.7353910080001,19.4851178770001,0
                99.7353983410001,19.485122185,0
                99.7354054990001,19.4851267830001,0
                99.7354125100001,19.485131616,0
                99.7354193930001,19.485136644,0
                99.7354261390001,19.4851418490001,0
                99.7354327470001,19.4851472300001,0
                99.7354394100001,19.4851529600001,0
                99.735445944,19.4851588340001,0
                99.7354587720001,19.48517085,0
                99.735496675,19.485207507,0
                99.7355094260001,19.4852195730001,0
                99.7355288350001,19.4852373420001,0
                99.7355419890001,19.485248959,0
                99.735555801,19.485260601,0
                99.7355630260001,19.485266441,0
                99.7355777280001,19.4852778310001,0
                99.735584755,19.4852830250001,0
                99.7355990170001,19.485293147,0
                99.735613545,19.4853029060001,0
                99.7356274140001,19.485311579,0
                99.7356405930001,19.4853191940001,0
                99.735647289,19.4853228310001,0
                99.7356615290001,19.4853300560001,0
                99.735676029,19.4853368070001,0
                99.7356919430001,19.485343533,0
                99.735709253,19.485350222,0
                99.735761718,19.485369307,0
                99.735779123,19.485375855,0
                99.7357963010001,19.485382857,0
                99.7358107760001,19.485389503,0
                99.735817877,19.4853930620001,0
                99.7358248730001,19.4853967830001,0
                99.7358317470001,19.4854007000001,0
                99.735839195,19.4854052960001,0
                99.735846478,19.4854101330001,0
                99.7358535850001,19.485415174,0
                99.735860517,19.485420414,0
                99.7358672400001,19.485425863,0
                99.7358737120001,19.485431557,0
                99.735879847,19.48543755,0
                99.7358855880001,19.485443871,0
                99.7358909770001,19.485450482,0
                99.7358960820001,19.485457329,0
                99.7359009310001,19.4854643670001,0
                99.735905518,19.4854715770001,0
                99.735909834,19.4854789560001,0
                99.735914097,19.4854869860001,0
                99.735918036,19.4854951890001,0
                99.7359212950001,19.4855026490001,0
                99.7359243400001,19.485510205,0
                99.735927195,19.485517852,0
                99.7359298690001,19.485525571,0
                99.735932527,19.485533865,0
                99.7359424970001,19.485567233,0
                99.7359451500001,19.4855754500001,0
                99.7359480210001,19.4855835130001,0
                99.7359512200001,19.4855913440001,0
                99.7359545190001,19.4855982070001,0
                99.7359582120001,19.4856047260001,0
                99.735962332,19.485610799,0
                99.7359669450001,19.4856162930001,0
                99.7359721590001,19.4856210340001,0
                99.73597872,19.4856252230001,0
                99.7359859380001,19.485628352,0
                99.7359936180001,19.4856304670001,0
                99.7360016120001,19.4856315280001,0
                99.7360073440001,19.4856316,0
                99.736013121,19.485631111,0
                99.7360189950001,19.4856300660001,0
                99.736024834,19.48562851,0
                99.736033105,19.485625499,0
                99.7360412640001,19.485621797,0
                99.7360493400001,19.485617603,0
                99.736057337,19.4856130700001,0
                99.7360652870001,19.4856083120001,0
                99.7360810590001,19.4855984020001,0
                99.736166789,19.485542867,0
                99.7362755300001,19.485473444,0
                99.736298956,19.485458818,0
                99.7363147360001,19.4854493240001,0
                99.736322714,19.485444714,0
                99.73633075,19.4854402400001,0
                99.73634701,19.4854315760001,0
                99.736371632,19.485418956,0
                99.7365283720001,19.485340138,0
                99.7365531390001,19.485327892,0
                99.736561592,19.4853239220001,0
                99.7365712690001,19.485320001,0
                99.736581963,19.4853163700001,0
                99.7365932070001,19.485313325,0
                99.7366045220001,19.485311132,0
                99.7366154370001,19.485310026,0
                99.736624965,19.4853100190001,0
                99.736633215,19.4853107220001,0
                99.7366397090001,19.485311757,0
                99.7366439680001,19.485312766,0
                99.736645524,19.485313428,0
                99.7366610930001,19.4853312170001,0
                99.7366684390001,19.4853394190001,0
                99.7366765390001,19.485348156,0
                99.7366850930001,19.485356946,0
                99.736693797,19.485365292,0
                99.736702344,19.485372694,0
                99.7367086790001,19.485377494,0
                99.7367146760001,19.48538145,0
                99.7367208090001,19.4853850710001,0
                99.736727123,19.485388394,0
                99.7367337300001,19.485391457,0
                99.7367405030001,19.485394204,0
                99.736747408,19.485396661,0
                99.7367548990001,19.4853989530001,0
                99.736762502,19.485400951,0
                99.7367701940001,19.485402682,0
                99.7367779670001,19.48540415,0
                99.736786324,19.4854054260001,0
                99.7367947430001,19.4854064680001,0
                99.7368116820001,19.4854080210001,0
                99.7368287050001,19.4854090490001,0
                99.7368466400001,19.485409614,0
                99.7369031170001,19.485409863,0
                99.736921909,19.4854103060001,0
                99.736931283,19.485410787,0
                99.7369405000001,19.4854115040001,0
                99.7369496800001,19.4854124610001,0
                99.7369588240001,19.4854136390001,0
                99.7369679110001,19.4854150620001,0
                99.736976923,19.4854167600001,0
                99.7369858270001,19.485418811,0
                99.736993865,19.4854210560001,0
                99.7370017710001,19.4854236620001,0
                99.7370095270001,19.485426626,0
                99.7370177000001,19.4854302570001,0
                99.7370256600001,19.485434292,0
                99.737033393,19.485438715,0
                99.7370403360001,19.485443151,0
                99.7370470750001,19.4854478720001,0
                99.7370536290001,19.4854528380001,0
                99.737059984,19.4854580310001,0
                99.7370661260001,19.485463451,0
                99.7370720170001,19.4854691200001,0
                99.737078039,19.485475529,0
                99.737083791,19.485482189,0
                99.7370893340001,19.4854890290001,0
                99.7370999560001,19.4855031010001,0
                99.737110074,19.4855175370001,0
                99.737114933,19.485524882,0
                99.737119669,19.485532354,0
                99.737128823,19.4855474890001,0
                99.7371465510001,19.485578065,0
                99.737190377,19.4856546980001,0
                99.7372030600001,19.4856778970001,0
                99.7372133810001,19.485698413,0
                99.737219866,19.485712258,0
                99.737225923,19.485726222,0
                99.7372314940001,19.4857403190001,0
                99.7372340900001,19.4857474250001,0
                99.737236523,19.485754577,0
                99.7372387710001,19.485761774,0
                99.7372411300001,19.485770304,0
                99.7372432130001,19.485778899,0
                99.7372450430001,19.4857875440001,0
                99.7372466210001,19.4857962350001,0
                99.7372479240001,19.485804968,0
                99.7372488510001,19.4858130210001,0
                99.73725011,19.4858292000001,0
                99.737250514,19.485837313,0
                99.7372509730001,19.485853564,0
                99.7372510340001,19.4858616970001,0
                99.737250798,19.4858791020001,0
                99.7372487590001,19.4859400130001,0
                99.737248272,19.485966252,0
                99.7372481020001,19.4860013380001,0
                99.7372481410001,19.4860539850001,0
                99.7372484030001,19.4860803120001,0
                99.7372489250001,19.4860978410001,0
                99.737249863,19.486113565,0
                99.7372505330001,19.486121402,0
                99.7372513590001,19.4861292200001,0
                99.7372523800001,19.486137005,0
                99.7372536250001,19.4861446950001,0
                99.737255094,19.4861523430001,0
                99.7372567960001,19.486159936,0
                99.7372587450001,19.4861674690001,0
                99.7372609800001,19.4861749240001,0
                99.7372635620001,19.4861823370001,0
                99.7372664210001,19.4861896680001,0
                99.7372695120001,19.486196921,0
                99.737272804,19.4862041050001,0
                99.7372762850001,19.4862112120001,0
                99.737279947,19.486218245,0
                99.7372838090001,19.486225183,0
                99.7372882350001,19.4862325890001,0
                99.7372928520001,19.4862398990001,0
                99.7373024550001,19.4862543360001,0
                99.737326963,19.4862901710001,0
                99.7373363240001,19.486304718,0
                99.7373407460001,19.486312114,0
                99.7373476640001,19.4863248550001,0
                99.7373539020001,19.4863378960001,0
                99.7373573400001,19.486345929,0
                99.7373605590001,19.486354045,0
                99.7373665220001,19.486370462,0
                99.7373692990001,19.4863787420001,0
                99.737374361,19.4863950280001,0
                99.737378941,19.486411027,0
                99.7373900470001,19.486451131,0
                99.7373949050001,19.486467712,0
                99.7374001850001,19.4864848240001,0
                99.7374166590001,19.4865359940001,0
                99.7374584720001,19.486663724,0
                99.7374664440001,19.4866893560001,0
                99.7374712870001,19.486706542,0
                99.7374734460001,19.48671519,0
                99.737475299,19.4867235770001,0
                99.7374785060001,19.486740454,0
                99.7374826370001,19.486765916,0
                99.7374915920001,19.4868254850001,0
                99.7374959380001,19.486850928,0
                99.7374993350001,19.4868677580001,0
                99.7375031180001,19.486884515,0
                99.7375073000001,19.486901179,0
                99.737511967,19.4869175480001,0
                99.7375170760001,19.4869336310001,0
                99.7375224510001,19.486949644,0
                99.737539186,19.4869975290001,0
                99.7375507020001,19.4870292640001,0
                99.7375656250001,19.4870684580001,0
                99.7375749160001,19.487091852,0
                99.737581413,19.487107333,0
                99.7375850000001,19.487115424,0
                99.7375962620001,19.4871395010001,0
                99.737608085,19.487163341,0
                99.737616356,19.487179036,0
                99.737620684,19.4871867900001,0
                99.737629229,19.487201091,0
                99.7376381590001,19.4872151970001,0
                99.737651994,19.487236115,0
                99.737661485,19.4872498980001,0
                99.737671285,19.4872634720001,0
                99.7376821590001,19.4872775150001,0
                99.7376934790001,19.487291237,0
                99.7376993030001,19.487297972,0
                99.7377107090001,19.487310527,0
                99.7377224130001,19.487322837,0
                99.737734345,19.487334925,0
                99.7377465530001,19.487346727,0
                99.7377528010001,19.487352462,0
                99.7377591910001,19.4873580300001,0
                99.7377657710001,19.4873633890001,0
                99.7377728420001,19.487368669,0
                99.7377801110001,19.4873737180001,0
                99.7377875370001,19.487378581,0
                99.7377950810001,19.487383294,0
                99.737810444,19.4873923500001,0
                99.737818249,19.4873966920001,0
                99.7378261380001,19.487400893,0
                99.737834127,19.487404923,0
                99.737842249,19.487408757,0
                99.7378504650001,19.487412433,0
                99.7378670670001,19.487419459,0
                99.7378921970001,19.4874295860001,0
                99.737959419,19.4874561780001,0
                99.73797613,19.4874630140001,0
                99.737992713,19.487470122,0
                99.7380089260001,19.487477574,0
                99.7380249560001,19.487485384,0
                99.738032902,19.487489414,0
                99.7380485910001,19.4874977900001,0
                99.7380563,19.487502191,0
                99.738063873,19.4875067780001,0
                99.7380713310001,19.487511528,0
                99.7380859460001,19.4875214630001,0
                99.738093092,19.487526648,0
                99.7381001910001,19.4875320410001,0
                99.738114092,19.487543181,0
                99.7381276840001,19.4875546690001,0
                99.738140892,19.4875664940001,0
                99.7381472800001,19.487572582,0
                99.738153449,19.487578823,0
                99.7381593150001,19.487585288,0
                99.738163967,19.487590948,0
                99.738168343,19.487596791,0
                99.738172439,19.487602797,0
                99.738176245,19.487608962,0
                99.7381797180001,19.4876152960001,0
                99.738183307,19.487622882,0
                99.7381864340001,19.487630654,0
                99.7381891430001,19.4876385860001,0
                99.7381914280001,19.487646651,0
                99.7381932760001,19.487654822,0
                99.7381947470001,19.4876630800001,0
                99.7381959050001,19.487671402,0
                99.7381967620001,19.487679776,0
                99.7381973590001,19.4876884980001,0
                99.7381976940001,19.4876972440001,0
                99.7381978100001,19.4877060090001,0
                99.738197712,19.487714775,0
                99.7381969210001,19.4877327880001,0
                99.738195669,19.4877507900001,0
                99.738179179,19.4879482800001,0
                99.7381763120001,19.487984162,0
                99.7381743990001,19.48801109,0
                99.7381730820001,19.4880378980001,0
                99.7381723550001,19.4880646500001,0
                99.7381722520001,19.4880914030001,0
                99.7381729270001,19.4881141000001,0
                99.7381741880001,19.488136782,0
                99.7381755590001,19.488154551,0
                99.738177131,19.488172311,0
                99.7381896840001,19.48830559,0
                99.738191547,19.488323376,0
                99.7381937660001,19.488341124,0
                99.738195116,19.4883499650001,0
                99.7381966410001,19.4883584670001,0
                99.738198352,19.488366941,0
                99.738202259,19.488383787,0
                99.7382044550001,19.488392146,0
                99.7382068420001,19.4884004360001,0
                99.7382094660001,19.48840864,0
                99.7382124090001,19.4884167110001,0
                99.738214971,19.4884228820001,0
                99.7382177910001,19.4884289290001,0
                99.7382208710001,19.4884348360001,0
                99.7382250430001,19.4884418720001,0
                99.738229619,19.4884486440001,0
                99.73823458,19.488455108,0
                99.7382399580001,19.4884612130001,0
                99.7382458150001,19.488466864,0
                99.738251807,19.488471696,0
                99.7382582110001,19.4884760940001,0
                99.7382649370001,19.4884801010001,0
                99.738271948,19.488483746,0
                99.73827857,19.4884867690001,0
                99.7382853570001,19.488489529,0
                99.738292282,19.4884920490001,0
                99.738300989,19.488494874,0
                99.738309825,19.488497458,0
                99.7383187450001,19.488499871,0
                99.738336727,19.488504375,0
                99.7383909320001,19.488517207,0
                99.7384088910001,19.4885217290001,0
                99.7384266560001,19.4885267080001,0
                99.7384354060001,19.4885295010001,0
                99.7384431850001,19.488532261,0
                99.73845085,19.4885352530001,0
                99.738458392,19.488538475,0
                99.738465788,19.4885419560001,0
                99.73847319,19.488545807,0
                99.738480403,19.48854993,0
                99.738487417,19.488554315,0
                99.7384941990001,19.4885589730001,0
                99.7385006960001,19.4885639300001,0
                99.738506842,19.4885692510001,0
                99.7385129730001,19.488575402,0
                99.738518716,19.4885819300001,0
                99.7385241680001,19.4885887350001,0
                99.7385293930001,19.488595753,0
                99.738534438,19.4886029260001,0
                99.7385440900001,19.4886176210001,0
                99.7385487080001,19.488625116,0
                99.738557788,19.488640812,0
                99.738566522,19.4886567030001,0
                99.7385880470001,19.488696571,0
                99.7385968950001,19.4887123440001,0
                99.7386014750001,19.4887201280001,0
                99.738606212,19.4887278080001,0
                99.738611178,19.488735338,0
                99.738615527,19.488741465,0
                99.7386200710001,19.4887474560001,0
                99.738624814,19.4887533020001,0
                99.7386297610001,19.488758993,0
                99.7386359800001,19.488765614,0
                99.7386424370001,19.488772044,0
                99.7386490680001,19.488778333,0
                99.738655829,19.4887845320001,0
                99.738669572,19.4887967340001,0
                99.738711401,19.488832904,0
                99.738725215,19.488845075,0
                99.7387387310001,19.4888574940001,0
                99.7387452820001,19.488863875,0
                99.7387516200001,19.488870428,0
                99.7387571130001,19.4888765360001,0
                99.7387623910001,19.4888828090001,0
                99.7387674610001,19.488889236,0
                99.7387723130001,19.488895804,0
                99.738777176,19.488902882,0
                99.7387817870001,19.488910106,0
                99.7387861510001,19.488917467,0
                99.7387902450001,19.488924969,0
                99.7387937020001,19.488931908,0
                99.738796935,19.4889389480001,0
                99.73879995,19.4889460840001,0
                99.7388031560001,19.488954371,0
                99.738806148,19.488962735,0
                99.738808959,19.4889711640001,0
                99.7388141100001,19.4889881730001,0
                99.7388185950001,19.4890053510001,0
                99.738824359,19.489031335,0
                99.738836598,19.48909221,0
                99.7388433070001,19.489127019,0
                99.738846374,19.48914446,0
                99.7388477520001,19.4891531980001,0
                99.7388489780001,19.4891618450001,0
                99.7388511290001,19.489179173,0
                99.7388539250001,19.4892052280001,0
                99.738857184,19.4892400100001,0
                99.7388590460001,19.4892661320001,0
                99.7388597340001,19.489283217,0
                99.7388602360001,19.4893088700001,0
                99.7388603480001,19.4893345290001,0
                99.738859926,19.4893601590001,0
                99.7388590070001,19.489377201,0
                99.738858249,19.4893855180001,0
                99.738856228,19.489402108,0
                99.7388537450001,19.4894186600001,0
                99.7388509130001,19.489435154,0
                99.7388476720001,19.4894515730001,0
                99.7388458410001,19.4894597320001,0
                99.7388438150001,19.489467851,0
                99.7388414000001,19.489476418,0
                99.7388359930001,19.489493415,0
                99.738827094,19.4895187270001,0
                99.738814716,19.489552358,0
                99.7387896370001,19.489619598,0
                99.7387804080001,19.4896448970001,0
                99.7387745920001,19.4896618600001,0
                99.7387719010001,19.4896703920001,0
                99.7387694290001,19.4896789740001,0
                99.738767313,19.4896873550001,0
                99.7387654600001,19.489695785,0
                99.7387638590001,19.4897042490001,0
                99.7387625300001,19.4897127450001,0
                99.7387615160001,19.489721252,0
                99.7387608880001,19.489729772,0
                99.7387607260001,19.4897372730001,0
                99.7387609180001,19.489744763,0
                99.7387614570001,19.4897522250001,0
                99.738762357,19.489759645,0
                99.738763668,19.489767,0
                99.738765033,19.48977281,0
                99.738766679,19.489778555,0
                99.7387692230001,19.4897859820001,0
                99.7387721440001,19.4897933030001,0
                99.7387753780001,19.4898005150001,0
                99.7387789030001,19.4898076210001,0
                99.738782712,19.489814595,0
                99.7387868220001,19.4898214190001,0
                99.7387907940001,19.489827394,0
                99.7387950080001,19.4898332240001,0
                99.7387994460001,19.489838912,0
                99.7388053280001,19.4898458870001,0
                99.7388114570001,19.489852698,0
                99.7388177620001,19.489859387,0
                99.7388372240001,19.489879043,0
                99.7388832870001,19.4899243410001,0
                99.7389026430001,19.489944016,0
                99.7389150870001,19.489957475,0
                99.738924346,19.489968327,0
                99.7389288110001,19.48997387,0
                99.7389331580001,19.489979496,0
                99.738938547,19.4899868210001,0
                99.7389437780001,19.4899942500001,0
                99.7389539420001,19.490009318,0
                99.738963879,19.49002454,0
                99.738983471,19.490055167,0
                99.7389979540001,19.4900782460001,0
                99.7390073540001,19.490093759,0
                99.7390163060001,19.490109483,0
                99.739020463,19.4901173590001,0
                99.7390283770001,19.490133304,0
                99.7390359730001,19.490149403,0
                99.7390471180001,19.4901736800001,0
                99.7390874770001,19.4902629050001,0
                99.739098094,19.4902873780001,0
                99.7391048060001,19.490303974,0
                99.7391112050001,19.4903208280001,0
                99.7391204630001,19.490346237,0
                99.7391841340001,19.4905245050001,0
                99.7391960950001,19.49055851,0
                99.7392045870001,19.490584144,0
                99.739209777,19.4906013510001,0
                99.739214701,19.4906186320001,0
                99.7392383690001,19.490705318,0
                99.739249891,19.490748728,0
                99.7392541870001,19.4907661510001,0
                99.73925618,19.4907748950001,0
                99.7392597360001,19.490792222,0
                99.7392629650001,19.4908096180001,0
                99.7392749260001,19.4908793810001,0
                99.7392819890001,19.49092304,0
                99.739284442,19.4909405380001,0
                99.7392854870001,19.490949304,0
                99.7392870890001,19.4909664630001,0
                99.739288306,19.4909836590001,0
                99.7392897860001,19.491009488,0
                99.739291037,19.4910353280001,0
                99.73929172,19.491052558,0
                99.739292161,19.49106978,0
                99.739292134,19.491086995,0
                99.739291854,19.4910957160001,0
                99.7392908570001,19.491113157,0
                99.7392887840001,19.4911393030001,0
                99.7392766040001,19.491270023,0
                99.739274331,19.4912961750001,0
                99.739273095,19.4913136110001,0
                99.739272649,19.4913223250001,0
                99.7392723740001,19.4913310420001,0
                99.739272337,19.491339757,0
                99.7392725810001,19.4913482960001,0
                99.739273058,19.4913568380001,0
                99.7392737060001,19.491365375,0
                99.739275347,19.491382452,0
                99.739278326,19.491408054,0
                99.7392806240001,19.491425088,0
                99.739281915,19.4914335730001,0
                99.7392833500001,19.49144203,0
                99.7392849840001,19.4914504400001,0
                99.7392868900001,19.491458783,0
                99.739288925,19.4914663380001,0
                99.7392912270001,19.491473824,0
                99.739293757,19.4914812380001,0
                99.7392965060001,19.491488573,0
                99.7392994790001,19.491495822,0
                99.7393026990001,19.491502961,0
                99.7393062130001,19.491509959,0
                99.7393094070001,19.491515662,0
                99.7393128350001,19.491521246,0
                99.7393164850001,19.491526698,0
                99.739320809,19.4915326,0
                99.7393253710001,19.491538346,0
                99.739330152,19.4915439430001,0
                99.7393351360001,19.49154939,0
                99.7393403200001,19.4915546780001,0
                99.7393467080001,19.491560711,0
                99.7393533140001,19.4915665620001,0
                99.7393600720001,19.491572277,0
                99.739373888,19.491583453,0
                99.7394019120001,19.4916054510001,0
                99.7394158130001,19.4916165500001,0
                99.7394293950001,19.4916279400001,0
                99.7394359780001,19.491633827,0
                99.73944183,19.49163937,0
                99.739447526,19.4916450530001,0
                99.7394530600001,19.491650868,0
                99.739458428,19.4916568150001,0
                99.7394636060001,19.4916629030001,0
                99.7394688150001,19.491669469,0
                99.7394737860001,19.491676204,0
                99.7394785100001,19.4916830930001,0
                99.7394826230001,19.4916895740001,0
                99.7394865360001,19.491696168,0
                99.7394902780001,19.4917028620001,0
                99.739497262,19.491716502,0
                99.739501078,19.491724705,0
                99.7395047080001,19.491732986,0
                99.73951163,19.4917497110001,0
                99.739538065,19.4918171520001,0
                99.739548304,19.491842309,0
                99.7395518810001,19.491850626,0
                99.7395592010001,19.4918666450001,0
                99.7395669910001,19.491882463,0
                99.7395710860001,19.491890277,0
                99.739579194,19.491904775,0
                99.7395876880001,19.4919190950001,0
                99.7396009290001,19.4919403170001,0
                99.7396101590001,19.491954236,0
                99.73962019,19.4919682840001,0
                99.739630768,19.491981944,0
                99.739636305,19.491988582,0
                99.7396414250001,19.4919943580001,0
                99.7396467060001,19.491999993,0
                99.7396521380001,19.4920054880001,0
                99.7396577270001,19.4920108150001,0
                99.739663497,19.492015956,0
                99.7396694700001,19.4920208610001,0
                99.7396761580001,19.492025831,0
                99.739683073,19.4920305100001,0
                99.7396901830001,19.492034936,0
                99.7396974530001,19.4920391090001,0
                99.739704885,19.4920430180001,0
                99.7397124770001,19.4920466200001,0
                99.7397197610001,19.492049676,0
                99.7397271870001,19.4920524070001,0
                99.7397360520001,19.4920551810001,0
                99.739745058,19.4920575300001,0
                99.7397541760001,19.492059462,0
                99.7397633880001,19.492060961,0
                99.739771821,19.492061902,0
                99.7397803040001,19.4920624820001,0
                99.7397888240001,19.492062709,0
                99.7397981190001,19.492062586,0
                99.7398074270001,19.4920621590001,0
                99.7398260730001,19.492060732,0
                99.7398727060001,19.492056077,0
                99.7398913370001,19.4920545100001,0
                99.7399006350001,19.4920539570001,0
                99.7399099100001,19.492053657,0
                99.7399191630001,19.492053705,0
                99.7399272550001,19.49205411,0
                99.7399353050001,19.492054845,0
                99.7399433050001,19.492055893,0
                99.739951234,19.4920572520001,0
                99.7399590750001,19.4920589550001,0
                99.7399667880001,19.4920610510001,0
                99.7399747810001,19.4920637480001,0
                99.739982609,19.4920668830001,0
                99.7399902860001,19.4920703990001,0
                99.739997794,19.492074272,0
                99.74000527,19.492078565,0
                99.74001258,19.4920831530001,0
                99.7400197490001,19.4920879850001,0
                99.7400267180001,19.4920929630001,0
                99.7400335930001,19.492098082,0
                99.7400676010001,19.492124158,0
                99.7400745130001,19.492129172,0
                99.7400815340001,19.4921339960001,0
                99.7400880610001,19.492138171,0
                99.7400947250001,19.4921421020001,0
                99.7401015310001,19.4921457340001,0
                99.7401085070001,19.4921490040001,0
                99.7401164490001,19.492152134,0
                99.7401246040001,19.492154753,0
                99.7401329320001,19.492156874,0
                99.740141168,19.4921584580001,0
                99.7401495160001,19.49215968,0
                99.7401579390001,19.4921606670001,0
                99.740183345,19.49216317,0
                99.7401917540001,19.492164175,0
                99.740200079,19.492165433,0
                99.740207275,19.492166836,0
                99.7402143340001,19.4921685740001,0
                99.7402212140001,19.4921707010001,0
                99.7402294760001,19.4921739700001,0
                99.740237332,19.492177923,0
                99.7402447090001,19.4921825920001,0
                99.740251614,19.492188076,0
                99.7402580360001,19.492194177,0
                99.740264069,19.492200735,0
                99.7402697750001,19.492207652,0
                99.740275167,19.4922148590001,0
                99.740280242,19.492222321,0
                99.7402843120001,19.492228905,0
                99.7402881450001,19.492235635,0
                99.7402917690001,19.492242488,0
                99.7402951780001,19.4922494510001,0
                99.7402983650001,19.492256513,0
                99.7403014430001,19.4922640190001,0
                99.7403043130001,19.492271612,0
                99.740307015,19.4922792680001,0
                99.7403120550001,19.4922947050001,0
                99.740316728,19.4923102560001,0
                99.7403191930001,19.492318971,0
                99.7403262060001,19.492345207,0
                99.7403465560001,19.49242395,0
                99.7403512330001,19.4924413850001,0
                99.7403561670001,19.492458738,0
                99.7403588120001,19.4924673570001,0
                99.7403616390001,19.492475912,0
                99.740366964,19.492490295,0
                99.740372903,19.4925044440001,0
                99.7403761080001,19.492511425,0
                99.740379493,19.492518325,0
                99.7403837420001,19.492526336,0
                99.7403928320001,19.4925420910001,0
                99.7404072410001,19.492565373,0
                99.7404860060001,19.49268864,0
                99.740603692,19.4928737440001,0
                99.7406185190001,19.492896812,0
                99.7406336930001,19.492919667,0
                99.7406491300001,19.4929416040001,0
                99.7406755520001,19.492977728,0
                99.7406916720001,19.4929992190001,0
                99.740702657,19.49301337,0
                99.7407082770001,19.4930203550001,0
                99.740714074,19.4930273260001,0
                99.7407259240001,19.4930410760001,0
                99.7407379780001,19.493054677,0
                99.740756247,19.493074934,0
                99.7407808870001,19.493101704,0
                99.740793468,19.493114855,0
                99.740799882,19.493121317,0
                99.7408064190001,19.4931276790001,0
                99.7408197540001,19.493140167,0
                99.7408469090001,19.493164699,0
                99.7408880310001,19.493201142,0
                99.7409018690001,19.493213145,0
                99.740915902,19.4932249440001,0
                99.7409375870001,19.4932421510001,0
                99.740952265,19.4932533690001,0
                99.7409670760001,19.493264432,0
                99.7409820430001,19.4932752780001,0
                99.7409896280001,19.4932805650001,0
                99.7409973040001,19.4932857210001,0
                99.741004251,19.493290174,0
                99.7410184410001,19.493298651,0
                99.74102615,19.4933029210001,0
                99.7410418100001,19.4933110810001,0
                99.741057659,19.493318941,0
                99.741081605,19.4933304410001,0
                99.7411056930001,19.4933416650001,0
                99.7411218730001,19.493348869,0
                99.741138246,19.493355625,0
                99.7411557560001,19.493362023,0
                99.7411823770001,19.493370806,0
                99.74121811,19.49338196,0
                99.741396992,19.493437165,0
                99.7414237260001,19.4934457030001,0
                99.7414414200001,19.4934517080001,0
                99.7414501920001,19.4934548890001,0
                99.741467738,19.493461784,0
                99.7414851180001,19.4934690870001,0
                99.741511018,19.493480435,0
                99.7415281720001,19.493488213,0
                99.7415451560001,19.4934962720001,0
                99.7415535420001,19.49350048,0
                99.7415618090001,19.493504869,0
                99.7415689030001,19.4935088840001,0
                99.7415758830001,19.4935130710001,0
                99.7415827490001,19.493517426,0
                99.7415901520001,19.493522388,0
                99.7415974410001,19.493527505,0
                99.7416118020001,19.49353805,0
                99.7416329590001,19.493554352,0
                99.7416468120001,19.493565496,0
                99.7416603390001,19.493576967,0
                99.7416669030001,19.493582895,0
                99.7416735780001,19.493589274,0
                99.7416800970001,19.4935958040001,0
                99.7416865020001,19.4936024470001,0
                99.7416991040001,19.4936159320001,0
                99.7417177460001,19.4936364230001,0
                99.741742441,19.493663897,0
                99.741816397,19.493746753,0
                99.7418288950001,19.49376041,0
                99.7418352480001,19.493767103,0
                99.741841719,19.4937736420001,0
                99.741848356,19.493779954,0
                99.7418552250001,19.4937859300001,0
                99.7418624260001,19.493791436,0
                99.7418700330001,19.493796334,0
                99.741878,19.493800621,0
                99.741886288,19.493804283,0
                99.7418948590001,19.4938072520001,0
                99.741901537,19.4938089830001,0
                99.741908342,19.4938103010001,0
                99.74191525,19.4938112580001,0
                99.7419222330001,19.4938118750001,0
                99.7419297760001,19.493812183,0
                99.7419373710001,19.4938121750001,0
                99.7419449880001,19.4938118910001,0
                99.741952623,19.4938113580001,0
                99.7419612530001,19.4938104780001,0
                99.741969881,19.4938093760001,0
                99.7419871310001,19.4938067520001,0
                99.7420302030001,19.493799586,0
                99.7420476060001,19.493797097,0
                99.7420564010001,19.4937960450001,0
                99.742065192,19.4937951590001,0
                99.7420739940001,19.4937944860001,0
                99.7420827970001,19.493794075,0
                99.742091982,19.493793983,0
                99.7421011690001,19.4937942120001,0
                99.7421103390001,19.493794726,0
                99.742119486,19.4937955290001,0
                99.742128596,19.493796634,0
                99.7421375120001,19.4937980390001,0
                99.7421463910001,19.493799697,0
                99.7421640890001,19.493803497,0
                99.7421993840001,19.4938118150001,0
                99.74221707,19.493815845,0
                99.7422338850001,19.493819305,0
                99.742242321,19.4938208830001,0
                99.742259247,19.4938236420001,0
                99.7422677480001,19.4938247600001,0
                99.7422769710001,19.493825725,0
                99.7422862230001,19.493826487,0
                99.7423047810001,19.4938276030001,0
                99.742332682,19.493828745,0
                99.7426026800001,19.4938374430001,0
                99.7426585150001,19.4938395400001,0
                99.742677111,19.493840521,0
                99.7426958840001,19.4938418040001,0
                99.7427896520001,19.493849584,0
                99.7428084210001,19.493850944,0
                99.742827246,19.493852073,0
                99.742864932,19.493853916,0
                99.7429120770001,19.493855959,0
                99.742968723,19.4938582520001,0
                99.743035047,19.4938607,0
                99.743063497,19.4938620470001,0
                99.7430729380001,19.4938626860001,0
                99.7430823280001,19.49386351,0
                99.7430900270001,19.4938643780001,0
                99.74309765,19.49386544,0
                99.7431051790001,19.493866742,0
                99.7431125670001,19.4938683340001,0
                99.743120176,19.49387039,0
                99.7431275340001,19.493872863,0
                99.7431345750001,19.4938757890001,0
                99.743141209,19.4938792500001,0
                99.743147316,19.4938833590001,0
                99.7431535740001,19.4938889950001,0
                99.7431591110001,19.4938954290001,0
                99.7431640560001,19.493902475,0
                99.7431684680001,19.493909994,0
                99.7431712950001,19.4939155490001,0
                99.7431739090001,19.4939212530001,0
                99.743176341,19.493927081,0
                99.743178921,19.4939338070001,0
                99.743186252,19.4939542990001,0
                99.743189353,19.493962573,0
                99.7431926450001,19.493970765,0
                99.743196169,19.4939788470001,0
                99.7432000080001,19.4939867750001,0
                99.743203554,19.4939933430001,0
                99.743207376,19.493999762,0
                99.7432114640001,19.4940060160001,0
                99.7432165700001,19.4940130800001,0
                99.743222028,19.4940198940001,0
                99.7432278320001,19.494026449,0
                99.7432340700001,19.4940328120001,0
                99.7432405870001,19.494038948,0
                99.743247308,19.4940449160001,0
                99.7432611400001,19.4940565260001,0
                99.7432752760001,19.4940678630001,0
                99.7432968300001,19.4940844920001,0
                99.7433114830001,19.4940952310001,0
                99.7433186280001,19.4941002260001,0
                99.7433258550001,19.4941051160001,0
                99.7433404920001,19.4941146400001,0
                99.7433479030001,19.4941192680001,0
                99.743362173,19.494127758,0
                99.7433759250001,19.4941354000001,0
                99.7433836770001,19.494139494,0
                99.7434071910001,19.494151344,0
                99.7434545140001,19.4941745680001,0
                99.74347013,19.4941825550001,0
                99.7434848130001,19.494190501,0
                99.7434992490001,19.4941987870001,0
                99.7435133490001,19.494207504,0
                99.7435202120001,19.494212093,0
                99.7435268990001,19.4942168960001,0
                99.7435340960001,19.494222528,0
                99.7435410880001,19.4942284050001,0
                99.743547924,19.4942344630001,0
                99.7435546610001,19.4942406480001,0
                99.7435679260001,19.494253267,0
                99.7436659530001,19.4943496280001,0
                99.7436857660001,19.494368691,0
                99.7436991870001,19.494381188,0
                99.7437195620001,19.4943992400001,0
                99.743740249,19.4944169890001,0
                99.7437888160001,19.494458105,0
                99.7438653670001,19.4945225920001,0
                99.7438930000001,19.4945463120001,0
                99.743906478,19.494558511,0
                99.7439129430001,19.4945646830001,0
                99.743925532,19.494577346,0
                99.743937622,19.494590408,0
                99.7439434130001,19.494597126,0
                99.7439491150001,19.4946041740001,0
                99.7439545600001,19.49461139,0
                99.743959702,19.4946187780001,0
                99.7439634010001,19.4946245560001,0
                99.7439668870001,19.4946304420001,0
                99.743970145,19.494636429,0
                99.743973151,19.4946425210001,0
                99.7439763820001,19.4946499860001,0
                99.743979175,19.494657596,0
                99.7439814690001,19.494665227,0
                99.7439833380001,19.4946729600001,0
                99.7439847890001,19.4946807750001,0
                99.7439858070001,19.494688651,0
                99.7439863340001,19.494696574,0
                99.7439863150001,19.4947050320001,0
                99.7439858150001,19.4947135240001,0
                99.7439849630001,19.4947220400001,0
                99.743982578,19.4947391200001,0
                99.7439768310001,19.4947733330001,0
                99.7439742510001,19.4947903780001,0
                99.7439732460001,19.494798845,0
                99.7439725550001,19.494807247,0
                99.743972312,19.4948155480001,0
                99.743972537,19.4948220090001,0
                99.7439732000001,19.49482835,0
                99.743974371,19.494834526,0
                99.7439765770001,19.494841701,0
                99.7439796570001,19.4948484880001,0
                99.7439836500001,19.494854779,0
                99.7439891240001,19.494861019,0
                99.7439954920001,19.494866695,0
                99.7440025100001,19.4948719660001,0
                99.744009985,19.494876946,0
                99.7440177780001,19.4948817260001,0
                99.7440339190001,19.4948909130001,0
                99.744141556,19.4949485490001,0
                99.744158101,19.4949573100001,0
                99.7441747350001,19.494965881,0
                99.74419958,19.4949780370001,0
                99.744224591,19.49498988,0
                99.7444585970001,19.495099214,0
                99.7444919640001,19.4951149410001,0
                99.7445085570001,19.4951229600001,0
                99.7445250090001,19.495131224,0
                99.744549373,19.495144295,0
                99.7445895310001,19.4951668520001,0
                99.744813848,19.495294191,0
                99.7448457780001,19.495312562,0
                99.744885303,19.495335976,0
                99.744972079,19.495387931,0
                99.7449878080001,19.4953975,0
                99.745003409,19.495407272,0
                99.7450250580001,19.495421564,0
                99.7450463320001,19.495436338,0
                99.7450601630001,19.495446515,0
                99.7450668810001,19.4954517690001,0
                99.7450733900001,19.4954571910001,0
                99.7450796150001,19.4954628360001,0
                99.745085455,19.4954687810001,0
                99.7450904940001,19.495474701,0
                99.745095125,19.4954809180001,0
                99.7450993620001,19.4954873790001,0
                99.7451031990001,19.4954940640001,0
                99.7451066040001,19.495500963,0
                99.7451092730001,19.4955074000001,0
                99.7451115810001,19.4955139780001,0
                99.7451135460001,19.49552068,0
                99.7451151690001,19.495527478,0
                99.745116448,19.495534322,0
                99.7451174280001,19.4955412310001,0
                99.7451181360001,19.495548195,0
                99.7451186760001,19.4955568410001,0
                99.7451189350001,19.495565533,0
                99.745118925,19.4955829780001,0
                99.7451184990001,19.4956004520001,0
                99.745117808,19.495617914,0
                99.745116796,19.495635314,0
                99.7451160970001,19.4956439690001,0
                99.7451151980001,19.4956525850001,0
                99.7451141060001,19.495660618,0
                99.745112722,19.495668585,0
                99.745110981,19.495676459,0
                99.7451089370001,19.495683764,0
                99.745106492,19.4956909580001,0
                99.7451039490001,19.495697335,0
                99.7451011190001,19.4957036180001,0
                99.7450980450001,19.495709807,0
                99.7450941100001,19.495717084,0
                99.745081573,19.4957386020001,0
                99.7450774790001,19.4957457990001,0
                99.7450735960001,19.4957530620001,0
                99.7450700420001,19.4957604420001,0
                99.7450667020001,19.495768624,0
                99.7450639290001,19.495776977,0
                99.745062121,19.4957838340001,0
                99.745060676,19.495790775,0
                99.7450595640001,19.4957977830001,0
                99.7450586370001,19.4958064260001,0
                99.7450580760001,19.495815126,0
                99.745057773,19.495823875,0
                99.7450576560001,19.495832654,0
                99.7450577650001,19.495850266,0
                99.7450598920001,19.4959473920001,0
                99.7450610870001,19.496035824,0
                99.745061445,19.4960534890001,0
                99.7450621680001,19.4960710570001,0
                99.745062804,19.496079761,0
                99.745063729,19.496088383,0
                99.7450650740001,19.496096885,0
                99.7450669890001,19.4961052090001,0
                99.7450687880001,19.496110963,0
                99.7450709770001,19.496116584,0
                99.7450744450001,19.496123749,0
                99.745078488,19.496130672,0
                99.7450830120001,19.496137359,0
                99.7450879680001,19.496143809,0
                99.7450933470001,19.4961499950001,0
                99.745099139,19.496155903,0
                99.7451052540001,19.496161585,0
                99.7451180780001,19.4961725210001,0
                99.745137829,19.4961885970001,0
                99.7451507540001,19.496199582,0
                99.7451569730001,19.4962052490001,0
                99.7451630460001,19.4962110480001,0
                99.7451747840001,19.496223001,0
                99.7451804340001,19.496229145,0
                99.7451859180001,19.496235412,0
                99.745191198,19.496241824,0
                99.7451965810001,19.4962488730001,0
                99.745201674,19.4962561130001,0
                99.745206463,19.4962635300001,0
                99.7452108190001,19.49627094,0
                99.7452149360001,19.496278487,0
                99.7452226780001,19.4962938580001,0
                99.7452336530001,19.4963172720001,0
                99.7452478330001,19.4963487150001,0
                99.745261998,19.4963809810001,0
                99.7454184590001,19.4967444120001,0
                99.7454431630001,19.4968024610001,0
                99.7454711130001,19.4968692160001,0
                99.7454783210001,19.4968857150001,0
                99.7454820790001,19.4968938100001,0
                99.7454860130001,19.4969017280001,0
                99.7454901980001,19.4969093820001,0
                99.7454947530001,19.4969166560001,0
                99.7454998100001,19.496923386,0
                99.745505574,19.4969293670001,0
                99.7455120720001,19.496934319,0
                99.7455192900001,19.496938401,0
                99.745527081,19.496941672,0
                99.7455342000001,19.496943861,0
                99.745541583,19.4969455610001,0
                99.7455491740001,19.4969468670001,0
                99.745556907,19.4969478520001,0
                99.7455647530001,19.4969485610001,0
                99.7455740990001,19.496949096,0
                99.745592978,19.496949511,0
                99.7456119550001,19.496949478,0
                99.7457066950001,19.496948423,0
                99.7457727400001,19.4969480250001,0
                99.7462533610001,19.4969461800001,0
                99.746319322,19.4969460610001,0
                99.746385966,19.496946469,0
                99.7475664830001,19.496955943,0
                99.7476232910001,19.496955875,0
                99.7479701130001,19.4969696470001,0
                99.7482309700001,19.496980004,0
                99.7484254460001,19.495984859,0
                99.7485418100001,19.495249825,0
                99.748580781,19.4950036700001,0
                99.74877437,19.4936528380001,0
                99.7488863130001,19.493012891,0
                99.7490174640001,19.492204698,0
                99.7491534860001,19.491370433,0
                99.7492626790001,19.49067602,0
                99.7493793720001,19.4899839440001,0
                99.749517267,19.489014668,0
                99.7496482700001,19.488175687,0
                99.7498036850001,19.487215813,0
                99.7499299720001,19.4864384320001,0
                99.7500758450001,19.485575705,0
                99.7502106160001,19.4850138150001,0
                99.7503646640001,19.484300266,0
                99.750512029,19.483762014,0
                99.7506639710001,19.483133738,0
                99.750859684,19.482347185,0
                99.7508993590001,19.4821877420001,0
                99.751034125,19.4816258560001,0
                99.7512205300001,19.480890855,0
                99.7514461960001,19.48000411,0
                99.7516154950001,19.4793497090001,0
                99.7517772,19.4786740260001,0
                99.752000233,19.477758867,0
                99.752321705,19.4765306640001,0
                99.752540143,19.4757031610001,0
                99.752802724,19.474702571,0
                99.7529449930001,19.4741453930001,0
                99.7531952620001,19.473182749,0
                99.753322509,19.4726185260001,0
                99.7537325170001,19.4710986260001,0
                99.7539840480001,19.4698707100001,0
                99.7543204730001,19.468642442,0
                99.754545438,19.467611219,0
                99.7546355430001,19.4671158310001,0
                99.7547747180001,19.4664331320001,0
                99.754896579,19.465786033,0
                99.755018281,19.465105769,0
                99.7551227070001,19.464468217,0
                99.755293393,19.4635816960001,0
                99.7553787480001,19.4630110040001,0
                99.7561539340001,19.462585378,0
                99.7572835920001,19.4620130960001,0
                99.7582295760001,19.4615376250001,0
                99.7589004440001,19.4612903280001,0
                99.7597368900001,19.4610161420001,0
                99.7601688980001,19.4608746210001,0
                99.76072974,19.460723828,0
                99.761115723,19.460582502,0
                99.761464715,19.4604064000001,0
                99.7619048220001,19.460029085,0
                99.7623905520001,19.45956426,0
                99.7627931800001,19.45904739,0
                99.7633145820001,19.458337923,0
                99.763872673,19.4576021030001,0
                99.764175101,19.4573126830001,0
                99.764816851,19.4567511400001,0
                99.7654402320001,19.4561984110001,0
                99.7659811670001,19.4557333400001,0
                99.7667333690001,19.4551713280001,0
                99.7678434960001,19.454380772,0
                99.7687611330001,19.453765662,0
                99.769899104,19.4530273660001,0
                99.7707051900001,19.452185693,0
                99.7719234670001,19.4509144040001,0
                99.772455328,19.450484283,0
                99.77319836,19.4499397480001,0
                99.774499942,19.4487728710001,0
                99.7754081910001,19.448131572,0
                99.7764541660001,19.447419826,0
                99.777958916,19.446400494,0
                99.779940454,19.4450313830001,0
                99.780071767,19.444930707,0
              </coordinates>
                
            </LinearRing>
            
          </outerBoundaryIs>
        
        </Polygon>
        
      <styleUrl>
        #tambonStyle</styleUrl>
    </Placemark>

  </Document>
</kml>